longitude,latitude,Aspect,Slope,LULC,NDVI,Rainfall,TWI
85.86963495896583,27.7565803612722,336.70874,36.509155,10,0.615942,5.719096,14.079446170248733
85.74194461412213,27.86381603246813,152.73079,55.198463,30,0.662063,4.696327,13.656511977832
85.88764172041945,27.86256773330516,315.88605,38.27856,10,0.64531434,4.586505,14.396695358888715
85.73704296190492,27.86301697669006,138.70737,61.363068,60,0.43183094,4.696327,13.776602978642284
85.73667548204722,27.89870797787304,155.45984,45.407505,10,0.70581937,4.4527707,14.40572178276577
85.74008102667753,27.89227066206497,169.32094,30.66924,10,0.6223297,4.696327,14.71317989545308
85.73905613773522,27.88988402609659,24.023,30.32146,10,0.30490994,4.696327,14.36327531228753
85.82579963899676,27.81707900635043,199.89061,40.719788,10,0.55730885,6.7913833,15.232722737342554
85.8878924444891,27.813064820876765,224.31703,44.87066,30,0.26266852,4.9416623,14.293348512791944
85.58133491666376,28.03222396008928,141.0195,23.619984,30,0.41203704,4.835017,15.701460029340591
85.72544838528468,27.889435394823177,36.207474,34.29834,10,0.8132523,4.696327,14.807072980342427
85.87597443814387,27.826620852635305,227.18562,27.655018,30,0.20829155,5.761692,14.324327371844417
85.73416217450067,27.891364525664123,1.296304,38.993484,10,0.71778685,4.696327,14.428911580238639
85.78113999960479,27.89351659823767,204.8379,38.127014,60,0.49759257,4.77441,14.605301390342758
85.61359881651256,28.00921429180124,180.0,51.260864,30,0.6150126,4.772528,14.409385566456674
85.90413352306754,27.901740205067235,124.50311,38.665775,30,0.3519225,4.4041653,14.738958550873862
85.62449466055268,27.999248526087847,240.85355,21.744164,10,0.8467618,4.772528,15.366255792388381
85.58015971832111,28.034043419625466,128.80652,46.64269,30,0.3540321,4.835017,14.898659052673848
85.64123661467679,28.022615030954444,278.78183,36.58301,10,0.097814776,4.772528,14.932017871047657
85.972782850038,27.803355186919585,133.63576,62.814762,30,0.38868323,4.383127,14.001926026073793
85.68340716776686,27.994752481171734,333.37643,47.844563,10,0.7416717,4.758372,14.825803092513475
85.9729208502281,27.804735385027733,124.60347,48.02769,30,0.83489096,4.383127,14.630927400892922
85.97382645749934,27.805739678467443,113.85827,40.045513,10,0.5462857,4.383127,14.522993134493307
85.9780776718157,27.80592321057497,227.08043,44.26407,30,0.4045847,4.383127,14.629368609289447
85.93771904251265,27.785728243465154,139.20049,49.62716,30,0.36764705,5.2163897,13.844866607213996
85.92416213677018,27.78429225921749,144.3475,46.0111,30,0.5238923,5.2163897,13.66580463548293
85.92300160498088,27.797025370153644,177.91158,26.663717,30,0.26658696,5.2163897,14.923754110794878
85.92340168459582,27.79775362723108,181.2698,39.549183,10,0.33682588,5.2163897,14.483614829536911
85.92859936640484,27.79817090943033,157.65363,37.599663,10,0.5569834,5.2163897,14.860761559318876
85.92575994238156,27.79949861121675,177.46161,39.56989,30,0.31655315,5.2163897,14.527457829717052
85.92636134985838,27.79890723669247,174.46548,29.649637,30,0.38674992,5.2163897,14.443335425982449
85.92615674811056,27.798149348910098,162.9772,39.097828,10,0.3125386,5.2163897,14.733217338748265
85.93579392933783,27.81339709157548,256.52893,42.09333,10,0.68897957,4.9416623,14.52745590334147
85.93056739743459,27.808000478417725,-0.0,45.56248,10,0.5804878,4.9416623,14.40447530470612
85.92715601117563,27.80831075858564,339.6214,50.40018,10,0.579288,4.9416623,14.204625960830525
85.92657548008795,27.80756404328956,336.404,57.24698,10,0.48158255,4.9416623,14.088468383916592
85.92818008125212,27.80776028484553,0.8752873,50.14824,10,0.4949644,4.9416623,14.236726072970809
85.92928327639954,27.808474364682205,3.6963944,29.585878,10,0.6956688,4.9416623,14.956436829959058
85.92569347830828,27.80176923123647,290.7617,39.419807,10,0.7042017,5.2163897,14.849192164943666
85.92242972155572,27.797965652229323,250.1058,40.572895,10,0.5022915,5.2163897,14.60390996100854
85.84942197922433,27.82314192853374,19.891644,23.28565,10,0.4656427,5.761692,15.024110909120688
85.93420073792365,27.8016858198202,128.46031,48.871387,30,0.3112155,5.2163897,14.406966656661341
85.83175875213708,27.757413640534413,183.08018,34.249775,10,0.44407457,5.6687784,13.94617299000624
85.5890194462875,27.93641065513173,203.83191,35.963287,10,0.7995929,5.441863,14.762608733042848
85.93417320020193,27.79983349104638,140.69554,50.506207,30,0.66180134,5.2163897,14.282241673028672
85.9329472041279,27.79831459417169,145.0153,39.687,10,0.58882684,5.2163897,14.607861963028519
85.94003982035915,27.80034880712598,199.83904,38.966953,10,0.61162645,5.2163897,14.678652073679896
85.9596913398223,27.81702396836746,153.68016,30.024471,30,0.39957264,4.9416623,15.124146268922068
85.96479580976082,27.79037787228536,160.39682,51.438686,30,0.242223,5.2163897,14.34266380232403
85.98138946496933,27.82163488739081,115.8732,32.236492,30,0.38034606,4.383127,15.346314701365603
85.95635387573834,27.813088035429217,167.57895,51.921494,10,0.43649948,4.9416623,14.220027697101303
85.96835536995651,27.81001802947463,210.63445,38.31456,10,0.6010767,4.9416623,14.860747051855904
85.98332763676522,27.818551817665668,132.91621,44.265873,30,0.6213518,4.383127,15.102175687300752
85.98240206496537,27.822325467093787,97.55673,20.268213,30,0.40125173,4.383127,15.86297994591144
85.9827689232729,27.820792986544514,110.22908,49.48912,30,0.48999014,4.383127,14.68165825294056
85.87433748294748,27.82798322281872,198.31233,34.9575,30,0.35487628,5.761692,14.034141414166436
85.4953221205932,27.946364876389136,149.9701,41.30869,30,0.1212954,4.5461755,14.672465414070532
85.52679247019996,27.93450578161548,141.115,58.9909,10,0.670936,5.2217073,14.700309292496964
85.52575522358639,27.93231846187513,154.12279,37.07669,60,0.38504907,5.2217073,14.581070826493125
85.49275708552011,27.9288483156568,56.695744,40.529102,10,0.8159649,4.496347,14.751115243674395
85.49642154958806,27.949571988495144,139.78148,60.389526,10,0.73587126,4.5461755,13.55533567897455
85.65423982257364,27.89589661141625,221.16399,43.41394,50,0.25329223,4.625964,14.438012291831436
85.654337526867,27.89490543518357,211.4501,35.072224,30,0.3997492,4.625964,14.859187824342381
85.65435942769201,27.895515957902592,229.78957,28.882471,60,0.46953404,4.625964,14.47382379208665
85.65486794408734,27.89517058691532,222.15062,33.226265,60,0.14830177,4.548963,14.633031452336906
85.6540333259118,27.89721331604304,206.07224,33.695385,60,0.4536817,4.625964,14.735183535818319
85.59196937552156,27.798237792823688,156.13759,22.152197,10,0.50554067,4.549546,14.702561471198994
85.47845186720527,27.86987378640437,276.8737,22.086023,10,0.4676282,4.607892,15.108600994592175
85.51882501382117,27.908733139451268,59.802982,40.98964,10,0.77272725,4.496347,14.153043376308137
85.51832222615202,27.905404850332328,78.40663,46.319546,10,0.6429624,4.496347,14.227303792643204
85.49176179383343,27.83785205972959,117.852234,59.50204,10,0.60140824,4.804811,13.765828359640093
85.47786590787275,27.837040475776536,220.89896,45.18737,60,0.3794991,4.804811,14.392601791906094
85.47612192651859,27.868586870976166,143.97551,40.051987,10,0.66550255,4.607892,14.569689345339839
85.51018113529346,27.89855712452836,169.83014,53.442406,10,0.5423411,4.496347,14.274720049355242
85.4967061568623,27.90456582783285,150.49951,44.043415,10,0.44874564,4.496347,14.657032756608963
85.49107371555549,27.90409504606614,207.49782,42.379574,10,0.48710683,4.496347,14.811795946434906
85.49195128474781,27.903200201104795,175.37909,34.298035,30,0.37448558,4.496347,14.920235493421464
85.65203403365645,27.75869297394389,189.8625,32.651463,10,0.5709545,4.3611135,14.58985148553772
85.65245447001298,27.75765641335188,219.29362,31.240522,10,0.48783407,3.9692416,14.420849268834798
85.56802322654283,27.778729201488275,24.61782,33.378128,10,0.6037028,4.549546,14.055150201790727
85.5630746441098,27.77791738760816,335.2753,25.695961,30,0.25410733,4.463525,14.497214309943368
85.87140872271326,27.75760878465404,308.089,39.12752,10,0.6147129,5.719096,13.659179031315947
85.59579450459191,27.744547769141345,,,0,,4.5083346,
85.93773942082139,27.72241170334207,355.46735,42.787277,10,0.7489481,4.780184,14.635793007729427
85.95680462431424,27.98813323296377,143.26294,41.630196,30,0.34259903,4.106739,15.315973873323081
85.9271389952118,27.75254675981621,244.11249,32.223183,10,0.8453691,4.780184,14.743881390699624
85.9488854300373,27.747618289675927,11.871889,35.42381,10,0.78927565,4.780184,14.75245841358525
85.6765286212418,27.751641853074112,242.0324,42.983402,10,0.5033122,4.021889,14.213611352341372
85.73843780302849,27.755169687014625,342.68628,26.184528,30,0.6819299,4.136266,15.195537349225935
85.70985614641671,27.657254709181228,122.78862,25.560513,30,0.2514235,3.552036,14.077065050164004
85.94222867468315,27.74230435384973,228.48953,33.403748,30,0.36915886,4.780184,15.171569927685512
85.92089945072215,27.747760664584195,324.84006,56.73927,10,0.74913293,4.780184,14.020918354738166
85.92027020877677,27.74707094407147,310.87106,47.42614,10,0.76985943,4.780184,14.505322020737248
85.91958629123444,27.748700472507217,294.97552,20.97615,10,0.7174178,4.780184,14.84985759263358
85.91799957722547,27.74162955014142,225.76746,45.59697,10,0.5786133,4.780184,14.440242000563872
85.9335947318998,27.74827451475804,267.54794,48.620514,10,0.70505923,4.780184,14.569866759917845
85.9415862315965,27.742700182085677,220.0081,36.490147,30,0.46329114,4.780184,14.922001582086377
85.9209668890966,27.735979709780644,242.2768,33.47071,30,0.45232558,4.780184,14.730008835428618
85.49385314865592,27.85623802757023,333.93628,33.69346,10,0.66684824,4.607892,14.39241236581892
85.62705095491403,27.99221842514057,206.83966,40.453617,30,0.6015276,4.772528,14.443658018918962
85.49001833048419,27.854662656004724,351.3099,31.21181,10,0.59922296,4.607892,14.909240132310549
86.0056288941357,27.765282359364324,239.46326,45.553787,10,0.7449284,4.674496,14.721058625852912
85.4416497904068,27.94244289990381,0.0,0.0,0,,,
85.54053570648878,27.987197931547644,178.67607,38.428925,10,0.72452444,4.726099,14.653859274869486
85.57565468392582,27.969406466334743,169.31349,41.655262,60,0.45351008,4.8086514,14.922236940646174
85.90145383248989,27.63893790295222,170.50621,41.54988,30,0.56142586,4.343434,14.85008647144395
85.90170339702384,27.63960707419466,149.9007,34.69481,10,0.62139916,4.343434,14.089627280377904
85.90765278774867,27.64447208632372,78.769905,47.217735,30,0.40202966,4.343434,14.618068232376011
85.89761467545966,27.639700878255464,200.61995,43.04464,10,0.5345364,4.343434,14.476581496188059
85.89816489199136,27.640368957128167,186.28462,33.731483,30,0.45217144,4.343434,14.685372680283532
85.89081297498255,27.658027762825725,275.3829,40.787045,10,0.65495527,4.343434,14.641499456979872
85.87949919292112,27.634412007574408,34.5492,63.032845,10,0.8174827,4.343434,13.559051177168923
85.98090730227015,27.7563662432733,333.77628,35.13623,10,0.8757764,4.1832337,14.73435814643782
85.83607680786129,27.71479479765839,41.11666,25.300842,10,0.66466033,5.719096,14.764792566320542
85.81505513082448,27.74083251658202,268.69995,35.50759,10,0.75262207,5.6687784,14.496977272990478
85.78192469682324,27.75000221202761,322.6664,39.157925,10,0.6582998,4.7094727,13.923590381132868
85.94071103287907,27.84995325164445,341.6597,63.183746,30,0.7197197,4.586505,14.887092413161827
85.95058490085708,27.85105210380948,353.7537,45.274715,30,0.6587473,4.586505,14.775508765486817
85.99351272968036,27.78188861758532,356.84412,33.61225,10,0.88235295,4.674496,14.611625532323519
85.99446485697034,27.781124864093396,8.041824,55.197388,10,0.94565743,4.674496,15.962959467667268
85.99818880535956,27.781877901385467,306.16165,27.530474,10,0.84,4.674496,14.561741223247687
85.99697833508355,27.780560854164285,23.343103,44.118645,10,0.82044446,4.674496,14.717300596723796
85.98547046429005,27.788701726085517,342.51462,45.993385,10,0.26435572,4.674496,14.548020065258797
86.01842175892799,27.753032017917207,128.53615,13.1620455,10,0.81434184,4.018328,15.755095798506614
86.02043579387657,27.75293314351415,283.81082,18.72965,10,0.8272907,4.018328,15.66203777711957
86.00233723221726,27.760167043198415,156.70811,55.96167,10,0.5189068,4.674496,14.129582241343265
85.97668442646207,27.788769424341123,321.8207,25.344088,10,0.8143041,4.674496,14.94273490464005
85.98441506579829,27.76130874527655,8.990274,39.3331,10,0.87663215,4.674496,14.364426292253668
85.98227664296284,27.76078770212581,22.769787,50.863895,10,0.7979452,4.674496,14.411726144408208
85.9804539219601,27.76209249831304,77.63669,63.900887,10,0.82122904,4.674496,14.947485806506315
85.98028305232774,27.763440536350288,21.890879,38.133884,10,0.85827667,4.674496,14.582215678997132
85.96868367288262,27.77755095580169,36.464634,27.624834,10,0.7637199,5.2163897,14.716241443615049
85.96426439256877,27.78020741575961,1.6185671,32.933926,10,0.8428638,5.2163897,14.683925003238766
85.9544094560524,27.78291520866082,22.970314,22.878057,10,0.7270241,5.2163897,14.028098733662425
85.95372853982431,27.782807216885608,16.42872,49.346073,10,0.71161306,5.2163897,14.009129979993542
85.92246604223978,27.781100377428917,0.99621356,46.461533,10,0.6825667,5.2163897,13.82121806555183
85.92438012852486,27.78116043268913,341.9418,41.5209,10,0.77074546,5.2163897,13.878762736203186
85.92406739053212,27.781206121357503,325.50958,45.047066,10,0.70566595,5.2163897,13.757951875632576
85.93634844262179,27.781868883980263,312.8578,45.66163,10,0.75972223,5.2163897,13.764925518161139
85.54033447385773,27.96373426535684,191.87427,49.185577,30,0.4994614,4.987441,14.254642076349755
85.54399424820105,27.965716536139677,171.47755,48.062683,30,0.56497693,4.987441,14.262484628649458
85.93174371550687,27.77905875347696,21.747799,30.649303,10,0.33676755,5.2163897,14.94371064179992
85.93896169729734,27.782682321032137,25.5573,25.010464,10,0.79735905,5.2163897,14.39491420127025
85.9393398343627,27.782373515213365,19.053299,31.655348,10,0.8296296,5.2163897,14.39528056352951
85.94194167399763,27.781945435520974,23.801756,35.95696,10,0.70611656,5.2163897,14.255419823191588
86.027256820397,27.75341633214782,314.95462,45.230804,30,0.67991847,4.018328,14.982568019282535
86.01533440380645,27.75001132338484,78.33258,29.262917,30,0.7541448,4.018328,15.403142104733739
86.01579994279025,27.752370185241737,183.46416,42.24493,10,0.7862505,4.018328,15.049460267428156
86.01660641631814,27.751833970598582,212.95724,49.644196,30,0.8711095,4.018328,14.73992765933681
85.8710403760774,27.76733041600652,129.40796,18.339727,10,0.48093647,6.0451574,14.742329598507547
85.91815528476062,27.71165633843002,181.13527,42.703423,10,0.5799868,4.370652,14.687017460217877
85.92285470834955,27.71036641751735,246.12318,34.210606,30,0.16989419,4.370652,14.83472677236529
85.92323607511017,27.709967873638515,256.018,31.089102,30,0.43267503,4.370652,15.066837262362453
85.77897469674416,27.75038742244283,343.4397,32.690525,10,0.38373643,4.7094727,13.992253302243816
85.88108878769984,27.84838466096994,261.1315,32.211266,10,0.6291313,4.586505,14.515459131445747
85.88100148791175,27.84970360734243,312.03513,51.4993,10,0.6146264,4.586505,13.006683320436904
85.93282355230203,27.7474577144302,279.8762,48.556446,30,0.36433837,4.780184,14.604459047890815
85.94748488129736,27.72154731455571,,,10,,4.780184,
85.90096909943209,27.712579962399392,251.00247,19.19274,10,0.7933475,4.370652,15.148137486829055
85.91119850630805,27.70751964886971,205.83067,14.1325035,30,0.6019271,4.370652,15.69239023685778
85.93190410653821,27.71077636055063,241.58572,48.30647,10,0.70286214,4.370652,14.827926204322031
85.93273996041604,27.70717635567064,252.59087,42.60727,10,0.7569328,4.370652,14.800501726373264
85.93265352222588,27.706108673774327,262.58194,51.42537,10,0.65475637,4.370652,14.440924999593008
85.93061569890912,27.696876396974787,190.11111,31.998774,10,0.7441777,4.370652,14.67542252300408
85.91622602433199,27.75998392358841,215.62634,39.232502,30,0.25670296,5.2163897,14.284499255544684
85.91717694587294,27.759996033134037,189.43552,48.1344,30,0.25147527,5.2163897,14.349965983681484
85.9179549019951,27.759611334005303,242.18643,47.083126,30,0.36307564,5.2163897,14.312084894107
85.91881670338448,27.757483151340622,241.05394,68.265625,10,0.68195236,4.780184,13.515861436531557
85.94722755345657,27.75131622072218,1.5411178,53.678497,30,0.8063063,4.780184,14.670211829687112
85.94403213291905,27.75136378509641,20.227312,38.43477,10,0.77559054,4.780184,14.839663285115147
85.92774377357715,27.76137788454159,3.0322597,46.053574,10,0.82510823,5.2163897,14.576168451942761
85.92485586213385,27.762856596109252,357.91223,45.12316,10,0.79620034,5.2163897,14.538689077053258
85.91901787416306,27.76190174277726,327.07388,59.774517,10,0.68701553,5.2163897,14.064541377174143
85.91969532693946,27.770431450614332,311.50314,27.157692,10,0.4519573,5.2163897,14.805248152901953
85.91917746004373,27.765945071109925,24.074816,37.3216,10,0.587793,5.2163897,14.770445827053909
85.93162788797163,27.723885521306592,348.91245,58.25942,10,0.8010949,4.780184,14.023181142752538
85.93456642557922,27.718461668431885,37.76158,35.6279,10,0.85515547,4.780184,14.99713198856943
85.76717860570484,27.77433037705996,322.63257,37.00244,10,0.6754855,5.3619227,13.971711230284962
85.68039718815184,27.71637257710023,261.4509,44.422478,10,0.511687,4.021889,13.770638552121435
85.62198039893185,27.77794183623643,186.44847,33.089615,30,0.31438348,4.3611135,14.366576465086316
85.6791950193381,27.76328237207557,259.96396,39.89602,10,0.7064897,4.263062,14.088466618108237
85.71430852369708,27.78767718210888,104.68837,56.869225,10,0.5767801,4.5418735,13.888295132791733
85.63360729469596,27.76230701925869,147.27528,44.460304,30,0.46787903,4.3611135,13.798325109663041
85.67213338519676,27.77102882041749,106.43282,53.939762,10,0.7463515,4.263062,14.078901549896933
85.65264016419465,27.81054117397425,114.53734,31.950829,10,0.7301868,4.4971914,13.980012516693384
85.85358397487711,27.77535685146232,186.83556,47.097702,10,0.70125496,6.0451574,14.487785904894622
85.84039313006416,27.814942076664764,356.26794,40.149403,10,0.698044,5.761692,14.830790571717538
85.87303789234429,27.828877915918085,217.01093,33.78183,30,0.46509275,5.761692,14.34871520451277
85.83898110022498,27.81476460967863,3.529009,60.728226,10,0.6312757,5.761692,13.992120745687176
85.83724352434076,27.81495372830711,41.387474,55.722656,10,0.68375134,5.761692,14.212458807730759
85.83660649817153,27.815493670153536,46.66768,56.480625,10,0.6793226,5.761692,14.17924975637473
85.83181257978977,27.819176325017864,33.55756,55.534794,10,0.7147484,6.7913833,14.514282961662143
85.82998042192558,27.81966629563388,106.979294,58.11565,10,0.64745146,6.7913833,14.511172271710022
85.83037305648102,27.820662440772303,83.897865,59.16374,30,0.47709593,6.7913833,13.55504822625195
85.82903032098974,27.82378096871553,96.11866,67.631386,30,0.60599643,6.7913833,13.903821709805186
85.8290137362237,27.82705347762771,79.5133,38.675953,10,0.7501839,6.7913833,14.624271355604266
85.82833043087264,27.820659495939317,98.385124,23.942616,10,0.40355584,6.7913833,15.46891936336392
85.48493878438704,27.893129874628407,132.47052,34.809246,10,0.60411114,4.496347,14.707124554989965
85.48660549655824,27.89895990716892,104.57066,17.834545,10,0.819016,4.496347,15.09723980659695
85.48758470207204,27.894428221088912,118.91547,26.665186,10,0.7075438,4.496347,15.073819949651304
85.48580976973697,27.90757297936178,175.86871,37.336655,10,0.69491524,4.496347,14.998296277575964
85.48859168365857,27.907817899016734,186.09354,40.78851,10,0.7178757,4.496347,14.807842053950045
85.48844625445815,27.903830510688397,172.14308,33.821613,30,0.5731629,4.496347,14.793873797467313
85.48942351488418,27.90271387708868,151.00351,42.20421,10,0.7007313,4.496347,14.592822948755778
85.48938503700171,27.902317132510404,164.20448,31.2003,10,0.69736093,4.496347,15.102296987374475
85.53301362585832,27.887450548152746,142.97418,38.335915,10,0.48507172,5.103636,14.137689150261561
85.5307935974324,27.8870951758079,163.82262,33.31899,30,0.4834244,5.103636,14.206649256085852
85.52460241526919,27.88697114227621,154.1322,32.197067,30,0.4798651,5.103636,14.266166376563955
85.52140884588317,27.886020177810327,165.74924,39.29636,30,0.5966574,5.103636,14.246583549833474
85.52050284669085,27.88589609060036,176.84111,33.612328,30,0.38400432,5.103636,14.410125655907565
85.52097263213366,27.88589747642753,171.02898,35.17214,30,0.46890044,5.103636,14.164260737971809
85.51624928897157,27.89211849256269,166.73654,38.60063,10,0.5891892,4.607892,14.36042974726038
85.51647316172806,27.89246323284021,168.37546,36.023785,30,0.5251054,4.607892,14.505023200231292
85.51720311718918,27.893389343479747,181.70549,31.608469,30,0.36541063,4.496347,14.561947230160836
85.52005508121363,27.892750300582197,195.00133,32.49057,10,0.55368716,5.2217073,14.701363453385786
85.51889251125421,27.891112587919007,201.31314,26.743933,30,0.54208755,4.607892,14.872321680907296
85.51868844297223,27.8914345027648,229.73509,29.944399,10,0.5795574,4.607892,14.743648665073486
85.51872628313977,27.891743702943742,229.64078,32.002724,30,0.5366902,4.607892,14.807442653297583
85.51878533321653,27.891967553473908,225.0254,30.773,30,0.56526446,4.607892,14.865825448606708
85.51663888227112,27.89131254539897,157.43086,40.66206,30,0.4683672,4.607892,14.337990825969433
85.51700543549823,27.89100352096508,200.66362,29.723125,30,0.6065999,4.607892,14.775547902552416
85.51018617294528,27.890999140574237,181.11755,43.200207,10,0.3503673,4.607892,14.781434083579047
85.50910307409681,27.89252979970187,146.35405,33.470295,10,0.8321385,4.607892,14.43086942681408
85.50960795785059,27.8936012638976,152.09354,40.726532,10,0.7020535,4.496347,14.503579428219876
85.51096512894931,27.89440009111713,73.58483,15.982375,10,0.79868853,4.496347,14.701442457577834
85.51154522489664,27.895807322855187,161.07458,48.478725,30,0.59179103,4.496347,14.0976703656581
85.49946860673622,27.89358436374912,167.5923,30.82438,30,0.49340084,4.496347,14.536750822293772
85.50018394578669,27.89390609492948,168.48842,39.556847,30,0.49550542,4.496347,14.331534554242886
85.50106779467288,27.8929828637065,148.5503,35.072113,60,0.37927106,4.496347,14.619784362277732
85.50256438539242,27.893020730216268,162.26794,38.017544,30,0.56017107,4.496347,14.577528044102463
85.57642720491006,27.83680086797774,111.07943,37.421097,30,0.25786376,4.647837,13.854492169131047
85.49317173455192,27.89499973385234,196.50652,35.34086,60,0.44099188,4.496347,14.654264770676994
85.57707732820586,27.83904990932185,127.62845,42.033817,10,0.71804875,4.647837,13.729272888788756
85.48900282259589,27.887524428408177,130.08997,26.690228,10,0.64768755,4.607892,14.942965763627026
85.49632896408595,27.860698430439463,173.85153,34.365097,10,0.49479368,4.607892,14.40341713167419
85.49629664344938,27.859526683615368,173.21016,31.777388,60,0.15751667,4.607892,14.712444698934846
85.49705766478658,27.8595437487134,176.40433,30.281048,60,0.4022637,4.607892,14.33650660245384
85.50492633119929,27.861645147803763,163.36455,41.8422,10,0.79318637,4.607892,14.048493717639069
85.50408356513637,27.86126600726736,142.9809,40.41519,10,0.37675005,4.607892,13.875591301158853
85.50313539176494,27.86077694509608,148.06612,43.06542,30,0.30112866,4.607892,14.177498772577062
85.50364640704828,27.860934238572604,151.63765,38.987556,60,0.13637629,4.607892,13.946687407269978
85.56659195687534,27.841065482044343,196.17085,33.31812,10,0.56225425,4.647837,14.476111481720759
85.50386358181946,27.86112688515545,146.31456,47.451015,60,0.13637629,4.607892,13.946687407269978
85.49123027303793,27.857918612753405,175.02742,32.362766,30,0.15493791,4.607892,14.657363279128202
85.49005456464833,27.85722496503544,98.382355,12.52145,60,0.54577935,4.607892,14.914144344102485
85.48897847964238,27.857111527491835,162.62769,38.561478,30,0.18931834,4.607892,14.737105496178462
85.48314029654009,27.872646111418067,235.21764,51.308258,10,0.6068117,4.607892,14.32696121194612
85.48551961279519,27.87152446299307,180.0,40.089466,10,0.79389435,4.607892,14.270777523654042
85.48870281248466,27.87285210188904,195.30626,46.13848,10,0.39816773,4.607892,14.337539055650772
85.5091346830284,27.86326020892626,171.42337,44.486973,10,0.40916222,4.607892,14.252349125675458
85.5392737115638,27.868994226649804,161.11984,36.340214,30,0.3472741,5.103636,14.182149723880102
85.53759689513099,27.86834894493793,188.0482,27.61683,30,0.26351467,5.103636,14.357759117597745
85.53783852168262,27.868380627990703,181.85114,29.547504,30,0.26351467,5.103636,14.357759117597745
85.5201773401451,27.871470629424973,132.51273,33.851475,10,0.5024461,5.103636,14.366030068745033
85.5203492812658,27.87206800305316,165.5332,43.618935,10,0.6536529,5.103636,14.224606945900646
85.52120417535663,27.871689835973797,149.2942,36.983192,30,0.46209264,5.103636,14.541225914350555
85.51959020939633,27.870359251752628,138.74063,46.53755,10,0.5000771,4.607892,14.237752013618916
85.51911209718624,27.86795117966519,133.85771,49.43512,10,0.5621735,4.607892,13.811478651431147
85.51650612851815,27.866034761178028,159.34076,39.706665,10,0.465371,4.607892,14.055124688608625
85.48924704039989,27.86322522391244,194.10979,42.02936,60,0.3226014,4.607892,14.611309427635547
85.47985484419934,27.871488829388248,149.08334,43.899506,10,0.6579085,4.607892,14.634234740980773
85.49632767564091,27.89200467994047,85.698326,40.802666,10,0.80581325,4.607892,14.965925283973357
85.49599651790346,27.89266345167248,67.80852,14.421194,30,0.71860665,4.607892,14.8317362076925
85.48986012147054,27.89307243214943,10.39689,31.339142,10,0.7604752,4.496347,14.817020247329168
85.51063503662152,27.89960116609207,161.09709,52.439983,30,0.4712684,4.496347,14.478289637989485
85.48653932209903,27.8867226245812,100.98017,37.412365,10,0.7908041,4.607892,14.866645863484328
85.488048887164,27.88739299693835,128.42204,42.35527,10,0.48750666,4.607892,14.743886501744413
85.50552691354443,27.89950905010708,187.39824,44.8778,10,0.53636366,4.496347,14.470377919041368
85.56507690818493,27.807503186216763,208.68059,29.769567,10,0.5618196,4.647837,14.527833214325316
85.56902900447724,27.798059343785017,118.239204,30.182817,30,0.28119293,4.549546,14.261103255435785
85.566714454023,27.79676185140085,117.957794,31.861624,30,0.52030677,4.549546,14.140627497044385
85.5750791168121,27.809524007256016,79.96812,33.043953,30,0.3195418,4.647837,14.224565909708744
85.76260888005757,28.039483134763373,55.825783,40.84539,10,0.7128954,4.90307,14.9655034145967
85.57408429110004,27.806752508115743,136.90482,32.73625,30,0.65657073,4.647837,14.192089397107818
85.57450201859298,27.80829278399209,114.77262,24.872032,30,0.62401867,4.647837,14.426796642861216
85.5449782756327,27.882096492629284,290.8913,59.898983,60,0.076358825,5.103636,14.28478284118736
85.51338552031973,27.81838849728549,185.5355,29.64968,30,0.16035055,4.804811,14.602751165161306
85.57377286274462,27.84089247174462,133.52362,34.2817,30,0.33258027,4.647837,14.316906943367117
85.58083436850276,27.81899460075365,134.21207,37.454823,30,0.20847842,4.647837,14.412333384634932
85.58107576534546,27.819355801163404,153.1683,34.58058,30,0.20717782,4.647837,14.279678864556406
85.58156372702325,27.81947566291522,166.26227,31.657413,30,0.49355894,4.647837,14.406799772073267
85.56316738682418,27.81402927562734,109.76413,31.895351,30,0.47515678,4.967406,14.224731419405755
85.54813569883477,27.804456245344557,35.732185,12.3723545,10,0.5491717,4.967406,15.731036664494868
85.6202482781522,27.7775944322304,149.18315,34.159523,30,0.17942558,4.3611135,14.503538285132816
85.61990074893444,27.77727220944195,174.8334,22.114132,30,0.19279785,4.3611135,14.634064098899021
85.59615748966326,27.76555281973307,228.49564,49.540726,10,0.5774316,4.549546,13.453100580465879
85.55607503121853,27.85446759516138,195.18704,39.985844,60,0.2608255,5.103636,14.146923248197107
85.59121961068924,27.86527553785209,137.1028,31.745798,30,0.5164491,5.267828,14.17651558640908
85.58540593747404,27.850627929091065,150.51172,32.304913,30,0.43572462,5.267828,14.131548442165393
85.58578498642115,27.850761354494757,145.455,24.323828,30,0.28174093,5.267828,14.11629743911622
85.57888302911299,27.842837976862015,129.28026,43.411526,10,0.78073645,4.647837,13.67105985099854
85.57912011228038,27.843111337365524,131.48409,44.34825,10,0.58293104,4.647837,13.800610457448656
85.58356169942304,27.860123752189622,101.97947,25.076872,10,0.47894052,5.267828,14.742774866924929
85.57967204939467,27.847012844838066,127.88622,30.110632,60,0.35647044,4.647837,14.31971191668882
85.57531646397207,27.86961076628737,104.677765,27.071276,10,0.5713023,5.267828,15.085035563835469
85.58078780916063,27.850878251940287,158.61952,24.32239,30,0.17536116,5.267828,14.646257332401515
85.59004084064186,27.844749863305104,231.4874,25.076763,30,0.18351594,4.647837,13.986879073802013
85.59620653571922,27.827288109769466,199.28993,35.766193,30,0.32124433,4.647837,14.465689568612948
85.63905880727872,27.80980206196188,165.5896,20.188452,30,0.26354843,4.4971914,15.290800483506986
85.63896515883685,27.806868078702912,180.0,12.769178,60,0.1637158,4.4971914,15.875012979119019
85.62221046636637,27.803763472810523,122.753525,25.581738,10,0.6674795,4.4971914,14.910378656767415
85.62250173447542,27.80399206096795,115.35467,29.554821,30,0.72558594,4.4971914,14.733628296734189
85.9827686099943,27.75681666380319,34.370815,36.695545,10,0.8082759,4.1832337,14.80206158791334
85.60886378262535,27.824604441416497,163.8671,35.92744,60,0.2611593,4.647837,14.423805211192274
85.66663938325338,27.783266998702093,113.8626,35.763927,10,0.7834269,4.263062,14.458448184171312
85.65048572461482,27.794388592627683,184.2164,36.74716,10,0.53305703,4.3611135,14.317053570380207
85.66419874279768,27.780063520110183,120.93605,33.475224,10,0.6257521,4.263062,14.862886325331258
85.66899819606184,27.78903811064572,62.040512,31.86019,30,0.26828578,4.263062,14.30033350421159
85.66258449829442,27.798816990151597,118.70526,41.22752,30,0.38130537,4.263062,14.183391157533904
85.66281938474955,27.797208210398427,90.0,21.021204,30,0.57464737,4.263062,14.99388811213327
85.6630296689784,27.797497782664426,68.96279,24.272774,10,0.65021676,4.263062,14.422231170632594
85.66148029076916,27.79491868379045,95.94156,32.027187,30,0.39178082,4.263062,14.426399353952348
85.6619860852901,27.79501122344002,98.16351,34.372025,30,0.2590644,4.263062,14.51011099111763
85.67430659504268,27.86037036921216,166.89088,29.471272,10,0.5902644,4.6264033,15.19084363183669
85.67308682860227,27.85604391358376,197.37215,38.56145,10,0.6742438,4.6264033,14.799971929021826
85.67233326220116,27.85708051104268,195.78925,36.508472,10,0.5027283,4.6264033,14.745803673551636
85.6735129023104,27.856963161641627,153.0247,36.00061,10,0.56825536,4.6264033,14.91331322701814
85.67365557210435,27.850718292968,146.01006,45.43302,10,0.678501,4.6264033,14.24971165741236
85.67156317304766,27.842937030353863,108.92508,43.480335,10,0.56432194,4.6042256,14.454982743275314
85.66757702464679,27.838217497483797,153.94006,33.692608,30,0.4803667,4.6042256,14.53632784462554
85.67581239150985,27.8359203132508,144.13293,50.625137,30,0.3603826,4.6042256,13.946407474132052
85.66904933382294,27.83063417015484,109.480316,21.222794,10,0.68999046,4.6042256,14.511964263855491
85.66880930763996,27.829939986057862,87.798096,40.119217,10,0.65801525,4.6042256,14.646689819000402
85.66794677634589,27.82921700835482,87.18731,33.415604,10,0.57592434,4.6042256,14.85484252812353
85.6683060844479,27.82945156378386,91.20623,37.559418,10,0.58608526,4.6042256,14.507746473144042
85.66840192179494,27.827978641648063,70.519226,41.144608,10,0.7598049,4.6042256,14.34612054135906
85.9487681034803,27.981524836622977,216.05301,29.276484,30,0.4211158,3.810093,14.6204389208866
85.66678619809242,27.82787837297025,57.9363,27.401657,10,0.65204,4.6042256,14.933787556482207
85.66731886740764,27.82815905659112,63.729477,41.275455,10,0.7257443,4.6042256,14.4264022441486
85.65797765712668,27.812350397765105,134.50168,34.715805,10,0.65511376,4.6042256,14.57416666419644
85.641150365102,27.825901577396213,230.4633,35.45195,10,0.78957,4.4971914,14.371424068141955
85.65052967403842,27.868473677251856,64.412735,25.978188,10,0.73167896,4.559856,14.872861461534638
85.66226952384446,27.85102444841242,102.46433,34.019974,10,0.62588567,4.6264033,14.883801134470842
85.64877549639321,27.86001091674804,87.335884,34.85855,30,0.7844151,4.559856,14.244146158373468
85.64970450320881,27.861218839765417,111.33767,40.207253,10,0.6328424,4.559856,14.782883204445854
85.65094649640639,27.862185778907776,107.329285,33.110653,10,0.78084385,4.559856,14.83236488364862
85.6510031743257,27.86456233638458,39.676125,32.250546,10,0.5925926,4.559856,14.300965254696013
85.6506238688695,27.866719326703585,61.84992,38.279587,10,0.74711525,4.559856,14.447446466238016
85.65050722536061,27.86728629205243,40.06831,39.52125,10,0.74304694,4.559856,14.503050749955005
85.64987643424686,27.86858084029169,52.847588,38.803173,10,0.7346895,4.559856,14.65533131472155
85.65011464580294,27.869400869931862,54.12235,13.960384,10,0.70950425,4.559856,15.399727542415429
85.64961248470661,27.87128651467477,90.0,29.58233,30,0.27083334,4.559856,14.459234739670496
85.64992980642258,27.8719080616953,86.1099,25.511095,10,0.73230714,4.559856,14.613991318808086
85.64951618618935,27.869739074390484,61.62075,56.28408,10,0.7151982,4.559856,13.894015752559943
85.64789670574615,27.872299365450893,43.213234,52.653122,10,0.6579949,4.559856,14.604818107143512
85.65920563558142,27.861143898585954,249.77782,35.08686,30,0.6882077,4.6264033,14.87034632334738
85.65547497962804,27.865912147265107,238.62999,31.878866,10,0.7890068,4.6264033,14.663871015332333
85.65686237563966,27.86511918282058,254.00142,35.176292,60,0.7495679,4.6264033,14.693916228252979
85.65361924663343,27.86839880852052,261.1331,32.215855,10,0.81104255,4.559856,14.828327482322937
85.65171832602509,27.86785491378006,277.40714,32.12165,10,0.82607436,4.559856,14.77198458965322
85.65281198082334,27.87180974107439,294.5251,31.96288,10,0.7844703,4.559856,14.753159529162499
85.6522129870482,27.873697995618414,10.873988,41.141712,10,0.83321106,4.559856,14.406117659154267
85.65208067362511,27.874153741145143,5.171189,22.114275,10,0.64100885,4.559856,14.599360691944828
85.65365225891372,27.873546991795276,355.0267,32.362797,10,0.79573077,4.559856,14.532410698729398
85.65449600260146,27.87341175600508,330.50656,40.546986,10,0.79830587,4.6264033,14.44870092816028
85.65737025643459,27.87403907866226,309.12003,30.544647,60,0.63529414,4.6264033,14.122476780972411
85.65788523801139,27.87292416877629,290.74924,34.426075,60,0.37808293,4.6264033,14.799358164001728
85.63283156347947,27.877828049150374,356.76254,32.96526,10,0.61096257,4.559856,14.455945374716585
85.63162941843433,27.877641122246768,21.676785,32.80287,30,0.35737827,4.559856,14.741974157667284
85.6295696268722,27.881309465754487,217.57117,45.60055,10,0.71411324,4.559856,13.837466488498528
85.64148777236875,27.87948350334012,194.46776,43.61906,10,0.71607447,4.559856,14.349238293604259
85.65830814180093,27.875859358624005,196.93933,41.345886,60,0.45021185,4.6264033,14.345652741211637
85.61977013601754,27.8871326627151,214.94572,33.879387,30,0.43409917,4.559856,14.241640416667584
85.62010442688553,27.88686297889833,213.30219,30.981346,60,0.5038435,4.559856,13.96303567616645
85.6586863125089,27.893969130553213,230.98692,29.498499,30,0.6289655,4.548963,14.88323108148604
85.6585397783051,27.89358234755473,221.47505,34.659008,10,0.5763878,4.548963,14.753332998833988
85.66231364379692,27.891025933190043,241.85524,38.28442,30,0.6063794,4.6264033,14.921631244638725
85.6802473536585,27.858533152064,220.03818,36.50222,10,0.66441005,4.6264033,14.695634613895713
85.65389777409226,27.837173771048167,160.10596,40.7204,10,0.45146236,4.4971914,14.595336778969179
85.51072648469409,27.93077926273894,175.11754,40.730965,10,0.6702017,4.496347,14.260087937495122
85.52753694049682,27.938110729870623,175.82326,26.709585,60,0.36715645,4.987441,15.179497700308012
85.52832115914008,27.93780107567277,174.12485,35.603535,60,0.5628526,4.987441,14.948897628722426
85.52402514622008,27.92986520480491,151.2434,31.355886,30,0.69747686,5.2217073,14.850647997039678
85.52076173484771,27.949119514944,206.57426,37.893517,10,0.76647764,4.987441,14.99398423069794
85.5297284777302,27.938179067247376,212.16357,27.307598,10,0.5694262,4.987441,15.140550131959492
85.58694504736818,27.94874496515648,200.67368,37.903812,10,0.7287505,4.8086514,14.911957079557007
85.56442962889017,27.941525849684076,168.48352,39.557335,10,0.70259917,4.987441,14.593784471461943
85.57698069295331,27.9057606710705,164.20403,45.26756,10,0.7973357,5.441863,14.551503783128858
85.68599435088255,27.84056018215157,322.0482,30.767183,10,0.73464656,4.6042256,14.99494677950637
85.69495872281223,27.825023799599656,226.28613,43.136703,10,0.5246701,4.6042256,14.652859413606702
85.69212446661322,27.82524868515677,193.89323,28.085264,30,0.46593696,4.6042256,14.917416244644853
85.68814438863224,27.85671603871751,195.30412,46.13819,30,0.44143206,4.6264033,14.652108180326607
85.69214128245093,27.85464382594198,173.79321,40.255505,60,0.45042193,4.6264033,15.169492327976384
85.68873765387595,27.83103175014068,240.6312,24.801792,30,0.3693189,4.6042256,15.170993128479266
85.68045000022249,27.810787806831,315.39633,46.899467,10,0.65924144,4.6042256,14.03585489423975
85.68342920744921,27.80665046769533,153.24443,53.29841,30,0.4892945,4.6042256,14.069922439879813
85.71949327811006,27.83032783399567,158.30373,43.2525,10,0.4817506,4.790456,14.466111465746224
85.68499458715003,27.801052894822902,327.13776,33.999992,10,0.4826549,4.263062,14.134158447151046
85.68562026276564,27.80769938697481,152.18411,39.47546,10,0.79399467,4.6042256,14.394613999025813
85.61591141094094,28.060005423977724,106.39134,24.650757,100,0.3019608,4.772528,16.065292171876482
85.68679087294612,27.80736506095112,142.99457,44.215828,10,0.7097004,4.6042256,14.058682019174512
85.69998747692769,27.830120046922417,165.89435,42.028847,30,0.41105527,4.790456,14.511776789788282
85.76685158752308,27.836372480731523,132.69872,48.88696,30,0.44633508,5.827962,13.992376637050663
85.75536061862623,27.857484641752965,63.541424,72.057495,10,0.6248609,5.3439345,13.502193908716265
85.75524442331856,27.85868317185659,116.06226,62.43829,10,0.67881477,5.3439345,13.258420207580476
85.73813938856053,27.851840932501524,3.157896,33.6123,60,0.7241665,4.696327,14.491965072972164
85.73630758408413,27.850436485593228,14.363424,41.529236,10,0.74158716,4.696327,14.654613590193371
85.73567771266164,27.85044509671836,31.837904,44.180267,10,0.75725025,4.696327,14.545582517197879
85.71865069105363,27.852918390440827,83.69333,30.517216,60,0.67550564,4.696327,14.974547011340231
85.76762751787453,27.83256541433336,75.27,35.004177,10,0.4748506,5.827962,13.744754118409372
85.72353516347877,27.86375545811913,87.84557,40.735424,30,0.6536986,4.696327,14.493606042299314
85.58199795115016,27.93673849910318,175.37767,34.298088,10,0.6011952,5.441863,14.868002777231235
85.58157888026888,27.936650843565165,166.17607,37.48278,10,0.62097573,5.441863,14.774276753212243
85.57906727594715,27.93572571936672,177.59944,41.182922,60,0.5056909,5.441863,14.516172487255186
85.68133138822967,27.935756828163225,19.07832,31.65921,10,0.836977,4.548963,14.816710539399711
85.57859553428874,27.935606442465243,199.2828,43.327023,60,0.6090812,5.441863,14.475353943056318
85.56845957655254,27.914506629632992,263.2804,28.959227,10,0.74562377,5.441863,14.795413887677842
85.60323161265487,27.924446528628312,133.19167,38.80404,10,0.85684645,5.441863,14.794769549842856
85.6013946592492,27.928208877947743,161.80988,27.843826,10,0.75464684,5.441863,15.376899330720624
85.6465021575352,27.931655806120148,217.40752,37.017166,10,0.64292055,4.625964,14.369914245243745
85.63629356863878,27.897207599698053,192.75117,42.39108,10,0.63976836,4.625964,14.09104222681564
85.63604642699306,27.897020626966427,185.27724,38.540028,10,0.75343937,4.625964,14.213619532239523
85.64688402743053,27.895240188045136,202.62917,33.68114,60,0.47475106,4.625964,14.735035561112818
85.64650218823738,27.894292553847432,189.36967,38.22113,10,0.73703384,4.625964,14.59372878425292
85.64634398475333,27.911620879572595,244.99652,36.042343,60,0.21710794,4.625964,14.513694928754509
85.6459935473764,27.91243220963961,211.979,28.961596,60,0.5449013,4.625964,14.877021175513624
85.64697983684106,27.91260531194937,240.76628,32.2019,10,0.67122364,4.625964,14.695100834736984
85.64769296120048,27.912527413525837,248.24435,31.443188,30,0.5944032,4.625964,14.75428176656029
85.64893048457074,27.911293474422177,240.12749,40.198578,60,0.23567691,4.625964,14.45969244614667
85.63360744080917,27.9086778309538,191.04002,25.561646,30,0.45199227,4.625964,14.65755962904244
85.63321961105578,27.90886369062775,215.0835,29.841726,10,0.55409026,4.625964,14.5918113634154
85.6480463008228,27.917761108554227,22.281672,45.41674,60,0.46262732,4.625964,14.126604257413835
85.64892183403127,27.916504111001927,15.463366,37.08232,10,0.76635253,4.625964,14.384786678955491
85.69691445544329,27.948477165024403,203.81187,46.23162,10,0.5821014,4.5957475,14.727695204771704
85.68912867134298,27.94851058887024,179.03203,47.32754,10,0.7489936,4.5957475,14.715641310221615
85.68443331312382,27.94653174170397,180.0,29.534676,30,0.78913957,4.5957475,14.946883031305275
85.68283546055602,28.01634526914785,243.97075,43.804028,30,0.65931684,4.758372,14.842995414005262
85.68461707698953,27.948436365861618,156.1657,35.96379,60,0.51635784,4.5957475,15.095270984381859
85.68326928597494,27.944643624476324,178.77644,40.63446,10,0.4147964,4.5957475,14.762768700044258
85.68009690184145,27.946163282283447,255.04695,39.19987,10,0.6206972,4.5957475,14.707483079266584
85.73064480418076,27.9175832700714,38.493546,37.42516,10,0.7485471,4.4527707,15.017269176230428
85.62682053593812,28.056744426738515,134.35936,43.509655,30,0.46585628,4.772528,14.923701815628975
85.77350814041114,27.953178983869904,120.16256,58.16867,30,0.36940068,4.5403075,14.165989064258666
85.7743002085615,27.99692002556288,79.16957,48.238297,60,0.49126282,4.90307,15.000625827641898
85.95856334729551,27.753626228146928,7.799232,47.159405,30,0.88990825,4.780184,14.701544224460845
85.89582712037117,27.810256755680808,208.93079,39.77126,30,0.30043384,4.9416623,14.30431125932643
85.88797436713605,27.82491412241902,233.11613,37.059517,10,0.48497853,4.9416623,14.50827896430475
85.88903474084036,27.824934140955914,220.29976,40.33139,30,0.34346175,4.9416623,14.592060551966508
85.8832287583466,27.829335506347967,142.27106,37.87406,30,0.43648794,4.9416623,14.435984672977204
85.90338964943668,27.83921076712796,281.9817,25.072882,60,0.6805094,4.9416623,15.053111680738112
85.82126273702326,27.74812612669185,-0.0,37.84767,10,0.67916566,5.6687784,13.982720913306816
85.57017066636662,27.968613986350125,150.8892,48.498207,10,0.4561124,4.8086514,14.53070039420817
85.57360752173166,27.965712067494103,223.85066,36.529507,60,0.68328935,4.8086514,15.046532634024118
85.57585505455516,27.965254752584503,240.74689,40.737762,10,0.80210525,4.8086514,14.526409703862113
85.58189297284117,27.97268752335925,224.40001,39.973347,60,0.33182228,4.8086514,15.153074573468883
85.5831657663845,27.970445804616357,200.67752,46.072075,30,0.3489301,4.8086514,15.274032712018226
85.58212025399261,27.96765701306851,233.96964,37.616623,10,0.5838918,4.8086514,15.246650065885413
85.58417456711275,27.967307215075525,240.66199,42.77158,30,0.54985344,4.8086514,14.91761620796042
85.58585138741711,27.965461644375612,241.33188,41.261158,30,0.41320634,4.8086514,14.98185521704246
85.55374877814793,27.940528433608367,192.92276,50.866325,10,0.47074762,4.987441,13.676693404599574
85.55933117714324,27.939130987044845,217.03897,33.79161,10,0.5458158,4.987441,14.363413960711624
85.5578247552398,27.939888723412395,216.7449,43.515545,10,0.5474199,4.987441,14.380941959745636
85.55818288987246,27.939920310014998,217.8903,44.554615,10,0.47660998,4.987441,14.498662456266064
85.55714517970074,27.939964709890827,217.55536,47.261444,10,0.37487122,4.987441,14.238369685974458
85.55172669971057,27.941011882485284,214.67342,35.32145,10,0.43126684,4.987441,13.912893139850441
85.50455716488398,27.995584839872645,120.73837,46.264732,60,0.27083224,4.541609,14.86465443936641
85.50431304385681,27.99339430496761,117.25224,51.05454,10,0.34479487,4.541609,14.877586331707857
85.50587543959018,27.98950771433623,174.92429,39.652836,30,0.40064266,4.541609,14.941275387819804
85.50723531453913,27.98898665253984,152.62971,32.53758,30,0.5890467,4.541609,14.915709927538073
85.51551012822465,27.99716565779933,160.98163,38.225063,60,0.5524849,4.541609,15.076378728143856
85.51672870691831,27.99733894800725,166.81244,25.741537,30,0.6278251,4.541609,15.454227453515106
85.51748166656621,27.997382928598785,151.94415,31.950644,10,0.7019433,4.541609,15.545743860435211
85.5183341838261,27.997476005043595,143.943,29.277727,10,0.80550957,4.541609,15.3895347739192
85.52161726911724,27.992729822131437,166.5899,43.48797,10,0.7197657,4.726099,14.712842200007405
85.52321752289903,27.986888882057155,185.8778,35.60366,10,0.56478584,4.726099,14.70819482774222
85.52809852890493,27.986098252301748,155.9149,33.97192,10,0.7812737,4.726099,14.79848830926776
85.52971227566172,27.9891065381966,112.65738,47.53314,10,0.59153485,4.726099,14.364023727311002
85.52919278883707,27.990409162311025,97.91311,63.42244,10,0.70481,4.726099,13.863661287547481
85.52229810682113,28.00181201273138,149.32097,49.858513,30,0.3613475,4.726099,15.743928845829476
85.52243042044891,28.00495546769012,78.381424,53.80199,10,0.4557106,4.726099,15.321869289816412
85.9068122874934,27.853381526185785,49.77862,47.804283,10,0.5675984,4.586505,14.45399849995131
85.52474561987712,28.00510338475215,71.48453,29.28061,10,0.658831,4.726099,15.159353755866242
85.5248932481496,28.00674152134686,81.14425,32.248165,10,0.8309775,4.726099,14.938867119505819
85.52894813690615,28.009867946305164,-0.0,4.6273675,30,0.6226934,4.726099,15.446104044059643
85.531554970385,28.01932459097495,106.08002,43.0792,10,0.48510313,4.726099,14.829363502000316
85.53331916052332,28.01954823078005,109.72945,31.938707,60,0.2932377,4.726099,14.873698197498403
85.53298870522394,28.01616760135244,79.04895,53.741306,10,0.8102345,4.726099,14.548658841526567
85.53361810850384,28.01735163523361,102.78978,33.349525,10,0.57120615,4.726099,14.490530081248533
85.53647300470347,28.028757000998205,235.98009,20.613098,10,0.7751792,4.726099,15.120821447541694
85.68292177039872,28.024129328236366,296.76767,40.78208,10,0.7819966,4.758372,15.006877751926563
85.55887699395637,28.007734484301757,189.03265,43.054317,30,0.69500935,4.726099,15.066490496017614
85.90289111104734,27.781243989861405,141.64903,39.545464,30,0.2865681,5.2163897,14.571592919620388
85.93199672831895,27.812148300221708,305.15738,50.400883,10,0.6743764,4.9416623,14.179144149721479
85.93159063575398,27.811489150486903,312.6799,49.481453,10,0.69662493,4.9416623,14.06561661319745
85.58208544955649,28.121796667464952,79.0803,30.886868,30,0.2433969,3.858997,15.890802417336744
85.58304328701867,28.09498357470134,153.83908,28.416033,10,0.19640765,4.2639217,15.805665874740253
85.58197607738425,28.04258727214567,82.6047,32.16273,60,0.27107167,4.835017,15.164745575756202
85.88880311102363,27.868175028208075,283.96246,31.123798,10,0.46753246,4.586505,14.633821744917435
85.79026108667699,27.83102423041015,349.56952,35.289707,10,0.75987136,6.7913833,14.525875082737425
85.56616592915344,27.83971563128315,199.5664,31.018253,60,0.37147436,4.647837,14.33189586561086
85.79358271177972,27.828997824563835,343.56464,37.82433,10,0.6354259,6.7913833,14.55900615975257
85.79331946753057,27.828849043757614,343.56467,37.824326,10,0.60050356,6.7913833,14.555274765417748
85.79281387050753,27.829359215212456,353.0569,46.66775,10,0.48973528,6.7913833,14.403396534110087
85.79100394717436,27.83065145750102,330.9998,43.347775,10,0.7515036,6.7913833,14.549167164353154
85.55332719783426,27.843576843219875,136.4693,29.17003,30,0.4728261,4.967406,14.419839835984126
85.55118576427876,27.844793973961757,67.16621,22.643303,10,0.52576566,4.967406,14.80045579866002
85.55142322694549,27.82229171521181,92.1104,23.729635,30,0.7907654,4.967406,15.086750901336954
85.50571564527782,27.897643015860115,180.0,36.071453,30,0.4240485,4.496347,14.564010308269097
85.50558833561364,27.894918029325364,154.86662,36.245445,30,0.6370831,4.496347,14.681440976900195
85.502990715111,27.89580543744671,172.19067,47.160095,30,0.53886694,4.496347,14.234746146784259
85.50248590462607,27.89578023880447,157.89445,34.270992,30,0.5325712,4.496347,14.182814065359961
85.5021383901269,27.89555157597744,149.0777,43.90119,30,0.5772549,4.496347,14.344054545074401
85.50575946250426,27.89195168075316,184.41125,35.541183,10,0.56789464,4.607892,14.424517348887544
85.48865813660782,27.901584281734262,154.12915,32.197735,10,0.8112056,4.496347,14.92618509530572
85.48837707110226,27.90232674376726,153.1506,34.584766,10,0.6793407,4.496347,14.718054019478705
85.7377404376863,27.87255553544342,116.394066,49.364613,60,0.543907,4.696327,14.337204241427147
85.73764530983247,27.87371655637829,94.3578,46.808235,10,0.7358082,4.696327,14.21815262668687
85.73987403609085,27.877245139786197,81.38326,32.954166,10,0.7268293,4.696327,14.579072316177546
85.73968853596874,27.877451972053414,82.10576,43.316513,10,0.7586935,4.696327,14.914021198705335
85.73958935332594,27.877597109440057,90.97388,43.60381,10,0.7586935,4.696327,14.914021198705335
85.73973888315827,27.877809772676724,91.1509,38.866627,10,0.77563435,4.696327,14.732416080116954
85.74048298244985,27.878444212441828,68.23812,31.436245,10,0.7754789,4.696327,14.99046673198187
85.73358524253048,27.88600950819496,105.67397,50.156128,30,0.63127226,4.696327,14.337904871655985
85.73411763574622,27.88705522888764,70.738655,39.8357,10,0.8219118,4.696327,14.337299123188362
85.73429875046479,27.88728796154032,63.499462,38.594448,10,0.8219118,4.696327,14.337299123188362
85.7319835012877,27.88861454871691,353.54498,39.164623,10,0.77713,4.696327,14.557430610491027
85.7277398829154,27.888393029866855,37.026028,36.127357,10,0.8188628,4.696327,14.893218896886694
85.72666355806642,27.88843047420489,35.41913,34.80843,10,0.77986205,4.696327,14.591814951984082
85.73378858599219,27.86006745178117,134.99335,70.15231,30,0.5763426,4.696327,13.11019269642873
85.73451365630245,27.859342764054688,170.27524,47.307358,30,0.5935238,4.696327,14.220003069164921
85.73822631482895,27.86260981285621,161.0355,53.516422,60,0.43506116,4.696327,13.85317426563059
85.75732726030044,27.90929391660572,204.1504,43.236053,60,0.30484417,4.77441,14.489801571372153
85.75806598339335,27.90885936561637,222.98169,36.95529,30,0.4735843,4.77441,14.575460805226754
85.75436088687327,27.909635040494628,222.45631,45.88054,30,0.5926834,4.77441,14.20452164129673
85.75287037711895,27.913565403327237,197.58159,40.332905,30,0.4049125,4.77441,14.619952507229394
85.75387209811062,27.91261103722823,189.634,44.571697,60,0.32,4.77441,14.382950109421243
85.7604644132059,27.91053667688668,92.57273,47.252483,30,0.6260135,4.77441,14.23469216440487
85.76020112571541,27.910630219286123,37.329998,43.120872,30,0.62710136,4.77441,14.246799257760033
85.75948720538207,27.91057683845581,97.194954,14.4934635,30,0.46954876,4.77441,15.702776774377114
85.75899988354419,27.91113877133138,114.40755,36.660732,30,0.6551471,4.77441,15.438382260727582
85.7592798828699,27.91155573901069,91.80763,45.745377,30,0.5391989,4.77441,14.38546032199228
85.75999961408736,27.912620878932543,100.94042,30.83962,10,0.69745606,4.77441,14.848855405277737
85.7616001576244,27.91282677257756,43.88767,41.938004,10,0.72364926,4.77441,14.384675377858658
85.76069122292067,27.912689318918137,50.360474,20.837667,10,0.73469824,4.77441,14.47169612170655
85.76107925538575,27.912841382184688,24.903975,34.83965,10,0.72655076,4.77441,14.658966827128763
85.74264801365122,27.915503661322152,72.186584,32.414906,10,0.5044501,4.4527707,13.829670988851571
85.71930741006321,27.87953047246048,72.18102,46.613976,10,0.768648,4.696327,14.716292478071514
85.75198944476077,27.870150583707645,109.7701,60.54504,10,0.7749734,5.3439345,13.844060205628917
85.75145231079442,27.870656329409336,70.52628,34.20797,10,0.7998743,5.3439345,14.199238419065864
85.75183509478649,27.87133645432311,86.70043,40.155987,10,0.7821656,5.3439345,14.047867324624653
85.74947886087858,27.8733743482652,136.68938,38.69068,10,0.55358154,5.3439345,14.273734298516482
85.75162388576197,27.877420021961623,113.84427,40.06111,30,0.48355374,5.3439345,14.380473521075242
85.75565302360357,27.88161083264109,101.52905,36.08989,30,0.49084994,5.3439345,14.199397277547943
85.75744893170999,27.89128968032427,91.946945,43.61987,30,0.37091184,5.3439345,14.42323935707017
85.7574308300831,27.893108785533208,99.075,56.993317,30,0.37170616,4.77441,13.032288001100204
85.75571160389225,27.904498082886388,58.34387,42.779095,10,0.72587574,4.77441,14.218345899057388
85.75391744795829,27.905845915797563,73.023384,46.489166,10,0.5226863,4.77441,14.090310088129126
85.75234152970114,27.90604412967581,76.10187,43.335247,30,0.43794578,4.77441,14.05552628525935
85.75222823166453,27.907202489181586,78.88968,45.23018,30,0.49635363,4.77441,14.21709544550779
85.75028204689295,27.90742536243644,77.54198,42.002094,10,0.78594804,4.77441,14.410992470978378
85.74937623644121,27.90799398033301,76.834076,32.604244,30,0.75458837,4.77441,14.782050965076946
85.7511857160385,27.90944527912685,82.90527,52.65693,30,0.53180957,4.77441,14.450124598477364
85.74602085385621,27.906975474124824,115.81372,62.64736,30,0.40201417,4.77441,14.054592978633297
85.73284787114433,27.89418476234232,137.20824,50.503895,10,0.4460745,4.4527707,14.041207950234112
85.73343765947497,27.8948031358232,143.4052,52.225765,30,0.5315491,4.4527707,14.186576780414828
85.73370382626435,27.895078493561943,136.29175,52.406727,30,0.48527184,4.4527707,14.350975020860357
85.73431143646494,27.895010194322097,146.23349,40.58981,30,0.41430947,4.4527707,14.204092267539766
85.76078122282128,27.942583832096684,176.70583,43.731083,10,0.7599412,4.5403075,14.73892349458285
85.76086768130251,27.935841660697367,89.12732,46.74514,30,0.55345315,4.77441,14.413650282319312
85.76120809899317,27.9391060980781,112.18289,37.658657,10,0.72849476,4.5403075,14.779072917869122
85.76720345898084,27.956702631156237,161.45636,42.676327,30,0.65622646,4.5403075,15.06551837055982
85.78056893007135,27.968175266248917,116.26901,34.796696,30,0.42457232,4.5403075,14.24151780509672
85.77988962002985,28.02333575099465,133.72092,16.934505,60,0.09246488,4.90307,15.752146982986732
85.77367538986896,28.01646392044016,68.77195,44.52534,10,0.7348943,4.90307,14.42861366114555
85.7737809966622,28.026853989289528,151.14006,34.36762,30,0.42872766,4.90307,14.677289346461908
85.7797661038932,28.02573266697924,119.38493,50.674706,30,0.51566416,4.90307,14.26598176669239
85.7745451324064,28.03195511891938,52.889297,32.777817,60,0.35215053,4.90307,15.511064634928173
85.76034025070406,28.03283670282528,32.186195,34.550507,60,0.40345922,4.90307,14.673572451132971
85.76435427892787,28.03768707361241,337.44095,27.738546,10,0.7378965,4.90307,15.308917079308618
85.76338242277278,28.037462659294004,13.764425,31.66033,30,0.7018837,4.90307,15.295608559975022
85.76328558524929,28.039318250527824,75.95958,48.60095,10,0.61420465,4.90307,15.532412599386364
85.76893448762557,28.04322296176528,40.849243,39.118183,10,0.7569388,4.90307,14.874524440454007
85.75943012677925,28.05106892337505,53.029583,37.975037,10,0.7815293,4.90307,14.937696539453134
85.7568532000794,28.04316950500178,45.97148,28.177856,30,0.5591588,4.90307,15.251711080921334
85.75930500155522,28.04486468617949,44.752945,36.10837,10,0.75643677,4.90307,15.104503144578134
85.73256879237083,27.884191204125564,36.547077,30.299738,10,0.74662715,4.696327,14.979974986017169
85.73182840913925,27.883357537848227,32.47198,42.64535,10,0.45146826,4.696327,14.58943011659355
85.7498772453077,27.900764718301208,165.09128,40.508453,30,0.5211841,4.77441,14.533123923949962
85.75016826214296,27.899999006368507,174.89528,31.698847,10,0.5329275,4.77441,14.964578900032464
85.75134983249276,27.901508509425778,118.41661,45.58121,30,0.51943463,4.77441,14.33495937561838
85.7508293441721,27.90109109085264,132.34523,38.41623,30,0.4531683,4.77441,14.546060445051642
85.75828433185232,27.90618794807334,189.32825,45.485485,10,0.53803545,4.77441,14.030323415943226
85.75646105795502,27.906047310408027,174.12656,41.82937,30,0.5019185,4.77441,14.335392991817026
85.76011248034196,27.90509413362334,197.54565,49.101143,10,0.6843399,4.77441,13.758698333928455
85.76163410837488,27.908248201525197,111.04852,50.58863,30,0.19301285,4.77441,14.233717067234798
85.76238553739671,27.908746549182148,110.74296,43.825314,30,0.37688443,4.77441,14.337454439232902
85.76522178233623,27.912781150380123,107.618065,50.89118,10,0.5219753,4.77441,13.924183312487152
85.76725385973802,27.913046637826778,127.60956,42.046013,60,0.47255468,4.77441,14.120631391270107
85.76710229503277,27.914280389652323,133.17361,63.826862,30,0.4254847,4.77441,13.932257754813063
85.76822999374254,27.913929210283865,121.739136,47.123806,10,0.61706483,4.77441,13.731057732368852
85.74692028344846,27.89590237294417,144.08997,56.29195,30,0.33002058,4.77441,13.830361697300534
85.68179004646933,28.040324677150608,191.78894,32.144844,30,0.32826683,4.758372,15.269598676101658
85.75068367173508,27.89594741135964,125.44895,38.987404,10,0.6836624,4.77441,14.460471757797873
85.75115674997299,27.894142977838523,153.30348,39.192738,30,0.49517187,4.77441,14.20686640527665
85.74565134748904,27.892884759243028,165.8865,36.91104,30,0.43616852,4.77441,14.019936231818328
85.7422317388701,27.895410763622262,176.9875,34.877937,30,0.37297654,4.4527707,14.598953069299426
85.74199355744767,27.894833751350724,198.59201,32.289852,30,0.5533269,4.4527707,14.76952588631029
85.74250177182144,27.894880273337872,155.35895,33.38302,30,0.55410784,4.4527707,14.721287036813777
85.74282416648518,27.894873919796314,178.79965,41.164223,30,0.47884345,4.4527707,14.508331071589353
85.74174415468445,27.8942260465512,192.35237,27.19016,30,0.47713062,4.4527707,15.637508256641999
85.74219209061269,27.89420518323116,171.02827,35.17219,30,0.5016193,4.4527707,14.676169521388186
85.74370550003584,27.894787735818035,166.22554,45.00076,30,0.45208487,4.4527707,14.39503020328419
85.74387019755791,27.89266039524739,191.22723,43.24998,30,0.5653906,4.696327,14.125619156790316
85.74146066710064,27.899341528959766,141.92638,28.13093,10,0.77312005,4.4527707,14.843122648542156
85.73937486820027,27.898815299410497,194.50072,30.336779,10,0.65351456,4.4527707,14.981873710002024
85.73991646669975,27.898594221365453,181.85165,29.547512,30,0.5491417,4.4527707,14.938663532349912
85.74086157564327,27.898577473950752,188.25404,32.535076,30,0.533132,4.4527707,14.89488401663824
85.74115530762293,27.894792449121628,202.53215,27.733948,30,0.69684356,4.4527707,14.949824291689005
85.74040397213732,27.89578079957903,197.75656,42.01469,10,0.6694397,4.4527707,14.642569057817568
85.74075792955287,27.895563984231597,190.67938,41.654594,10,0.6220998,4.4527707,14.44134512910428
85.752218246311,27.90162117439162,138.14597,27.5462,30,0.5050281,4.77441,14.93531115848222
85.74556676654119,27.89944614525553,108.035225,36.204174,30,0.34894022,4.77441,14.674637243760358
85.7463696488049,27.897478239199422,112.190605,27.217691,30,0.4581687,4.77441,14.973246963549991
85.73780702928039,27.899576755849036,145.28708,43.977974,30,0.49199745,4.4527707,14.747350535208906
85.75125298409388,27.912061431076484,188.87169,43.53901,30,0.36646587,4.77441,14.170330504029698
85.75505880472987,27.914816518228974,182.49228,40.116184,30,0.41106656,4.77441,14.819517507163999
85.75507119927457,27.9126182582766,198.13795,32.914974,30,0.2693418,4.77441,14.883324381057164
85.75747390786728,27.9142879706915,138.8312,43.416042,60,0.41117734,4.77441,14.394635162781405
85.75716792159287,27.913426245615916,137.99033,46.870453,10,0.6287635,4.77441,14.377496477519761
85.75611769526844,27.91059481368413,195.19455,39.986847,30,0.39228567,4.77441,14.511107075633456
85.75463642188096,27.92587802012993,106.74047,41.962032,10,0.8506603,4.77441,14.816761047075254
85.75646102883772,27.92368793451423,124.590836,42.378876,10,0.69356596,4.77441,14.934302791728198
85.75668966729336,27.923869908718427,125.05576,37.269344,10,0.6645985,4.77441,14.779272067892162
85.75769343095656,27.92480607255144,79.64036,28.374092,10,0.7066625,4.77441,15.029666415457118
85.77091613897652,27.923436889441604,117.46316,35.069553,10,0.57078105,4.77441,14.401768958818128
85.7716965689163,27.923132247434364,81.846,34.402935,10,0.6027237,4.77441,14.447751827909133
85.77163210863061,27.92422459437522,131.46278,43.635456,30,0.4589993,4.77441,14.011464941036145
85.7717951127577,27.925105597695744,129.93129,42.236668,30,0.42999446,4.77441,14.021719191186266
85.77243113551249,27.925826552674323,134.6756,47.25844,30,0.41359428,4.77441,13.979309595758115
85.77655058496822,27.935336333406187,92.89009,62.565346,30,0.37369183,4.77441,13.860671468594258
85.78185915897257,27.941895521828027,103.99151,65.64843,30,0.41454422,4.5403075,13.66725321345305
85.78297193514578,27.944058828685748,117.711494,56.860394,30,0.274488,4.5403075,13.74120877051825
85.7739233748034,27.957444941457297,112.57112,45.34693,60,0.46788394,4.5403075,14.77566983523315
85.7599013964793,27.958073692424,155.86119,40.413315,30,0.35555366,4.5403075,14.837528249743002
85.7581036389388,27.95892592557806,187.67598,34.451435,10,0.5312947,4.5403075,15.328450315371978
85.73746402364516,28.111588773161436,60.17342,22.933323,100,0.18689582,4.1764784,15.922009503690122
85.73565114787766,28.11178405479194,92.06183,41.98315,100,0.26836225,4.1764784,15.362940605061288
85.74020709011194,28.110542309158934,50.974426,41.1563,30,0.3519646,4.1764784,15.275525213920702
85.73791782129983,28.105921699278145,150.45358,10.540796,60,0.34647393,4.1764784,16.332006975010007
85.73860838535104,28.103023420780765,124.92784,28.244444,60,0.09054264,4.1764784,15.299687787389146
85.74074427895489,28.09549094480053,119.30884,13.033387,10,0.67158556,4.1764784,16.13139520577475
85.73743854093591,28.09603193316193,101.184555,47.332283,30,0.4079762,4.1764784,15.035328310324987
85.74174266645349,28.092303452695923,114.27044,42.1699,30,0.55233383,4.1764784,15.104746272460126
85.7381355572325,28.09079384440629,101.29582,44.761875,30,0.4068107,4.1764784,15.703793746959155
85.73761785524785,28.09244385431472,112.73561,38.513443,30,0.40440008,4.1764784,15.198555696357698
85.73991199705723,28.07966464263916,84.69399,54.47009,30,0.36906376,4.1764784,15.139656847543987
85.73708392539623,28.06825119345693,17.175238,29.210876,60,0.38352638,4.635934,15.356037230014913
85.74751843564927,28.064345447987,77.701416,57.929,10,0.6373006,4.90307,14.919756587545653
85.74553614647687,28.06303908960824,87.47366,47.77145,30,0.5862628,4.90307,14.8057766429529
85.74617712181447,28.061684211608355,108.09896,27.523035,10,0.5796643,4.90307,15.303761288239201
85.74725299378082,28.05965288131207,93.606735,27.232626,30,0.58853817,4.90307,15.810959827895108
85.750082865445,28.05719246710611,65.16699,58.895397,30,0.5295152,4.90307,13.94280776486079
85.74942872255178,28.05437756711527,70.22459,27.757862,10,0.69282514,4.90307,14.818184850335156
85.75042664604251,28.055835486339006,90.0,36.94592,10,0.5943233,4.90307,15.140544470091156
85.74963524133462,28.0493572904621,58.29301,32.894867,10,0.66572636,4.90307,15.285167275879914
85.75407271312133,28.046602024389088,122.22748,31.26193,30,0.38581192,4.90307,14.563314799298986
85.7544580369249,28.04714991913884,121.12598,39.152786,10,0.5335478,4.90307,15.066030776393744
85.75701532393872,28.04798852334588,73.22931,38.147057,10,0.7853014,4.90307,15.162632032234258
85.75669880331282,28.048694326492768,47.144596,44.2986,10,0.6897412,4.90307,14.7397595858072
85.74350473842154,28.047318280681832,48.569725,40.57101,30,0.50164896,4.635934,15.491408251311388
85.74422422672889,28.0392958039457,11.526653,39.558353,10,0.5222717,4.90307,15.296082626164033
85.74334576674258,28.090922367614105,134.687,40.42121,30,0.40558365,4.1764784,14.70731108387022
85.73625957156241,28.0822670588275,50.404797,37.30542,10,0.7536814,4.1764784,15.461439939696477
85.74090035948828,28.076381298404723,106.92231,48.042637,30,0.29577014,4.1764784,14.838382302304545
85.746026174618,28.06821085503682,106.39018,34.54388,10,0.6372698,4.90307,14.61707755289462
85.76753546856527,28.04034146135094,29.53142,30.76761,10,0.7681564,4.90307,15.251697985637561
85.75191742862191,28.03666173481174,56.07945,24.897423,10,0.5667908,4.90307,15.758139210555873
85.7381126123145,28.033540111813867,340.62848,26.4557,10,0.36839542,4.635934,15.668548628284228
85.73801072269912,28.100160069197265,123.48836,44.073025,100,0.2716583,4.1764784,15.334806413073094
85.74087473611583,28.015339789897045,67.267944,49.550945,30,0.44529015,4.635934,15.1238670771352
85.74171353334485,28.01465432403184,50.6562,33.579422,30,0.47708368,4.635934,15.38056720338119
85.73815553100299,28.008454183863257,30.680588,38.327866,30,0.4874857,4.635934,15.499295748312433
85.73430612247124,28.01284480794479,138.80527,43.427372,60,0.24380925,4.635934,15.52602485250329
85.74519440245011,28.00850509563439,28.140879,33.460007,30,0.6212226,4.90307,15.371233666120798
85.7474627721323,28.00230805941343,329.6909,30.168228,10,0.6563397,4.90307,15.527531306422881
85.75513521017838,28.01341678311792,41.935143,32.25431,30,0.5656331,4.90307,14.902731899795416
85.7640870940013,28.008749303763604,345.07703,40.51033,10,0.7217935,4.90307,15.441056236415173
85.76196603185409,28.00926362795191,54.50781,30.349455,10,0.6426482,4.90307,14.682407711637271
85.7591427893679,28.00866098010397,338.75275,49.326164,10,0.70885044,4.90307,14.682289999714051
86.00465330624203,27.75995246704555,270.0,43.56864,10,0.64407563,4.674496,14.811712147656293
85.74059162974274,27.994991687609893,130.44894,34.939735,30,0.40134424,4.635934,15.431487364522463
85.74122115461796,27.99897956515964,108.0197,47.698208,30,0.43289176,4.635934,14.945244267047608
85.74378538688593,27.99884869023668,71.525955,35.57232,10,0.6438106,4.635934,15.23403289826303
85.74238531931341,27.999524808680167,93.44512,38.94316,30,0.47486034,4.635934,14.892663158713287
85.7615293426023,27.997106220571887,6.7984033,31.777843,10,0.6763551,4.90307,15.375193950660462
85.73831165881731,28.08922084699379,126.83509,50.545628,30,0.46214,4.1764784,14.835484645734148
85.65354451803843,27.75259682201891,39.41362,34.661625,30,0.35519496,3.9692416,14.562519933884975
85.65424477769572,27.760041605389063,86.69705,40.127117,10,0.6330567,4.3611135,14.172488528746014
86.01157712654287,27.76340305828591,216.39096,54.219807,30,0.26817256,4.674496,14.640437456195459
86.01407160704636,27.75772347821192,285.72546,22.689356,30,0.32301342,4.018328,15.701991594158837
86.00180137709961,27.762614958074984,220.72911,53.385136,10,0.78489846,4.674496,14.860287935900686
85.9999444394835,27.761518753871737,221.31383,44.12275,10,0.617034,4.674496,14.496431301438461
86.00775052399631,27.76295791743184,152.12202,40.719074,30,0.7461664,4.674496,14.882584576679015
86.00705806933341,27.770166955574048,211.49751,57.600063,30,0.307783,4.674496,14.868235812455907
85.99996213872546,27.76922877364854,199.69145,45.890923,30,0.5923913,4.674496,14.70594870494192
85.99302680741278,27.789590989292734,214.35178,40.135063,10,0.786468,4.674496,14.758454808650873
86.00006622137583,27.78996378604455,207.97456,56.682556,30,0.31606218,4.674496,14.439591571015063
86.0101322078092,27.78794802151492,206.23027,35.13775,10,0.6986259,4.674496,14.820336249900965
86.01171390160913,27.78816204898053,224.2051,44.15763,30,0.4847535,4.674496,14.814413731527202
86.00453299087359,27.791325265333533,217.32028,41.195007,10,0.54405373,4.674496,14.359542036060988
86.01070913472306,27.79311477136237,187.15892,41.3803,30,0.7536378,4.674496,15.003880604409312
86.01412928906919,27.783629275021067,308.44867,42.338554,10,0.73613924,4.605922,14.961392579910294
85.99848955766383,27.80877753529882,264.77194,57.976513,10,0.8291908,4.383127,14.565269701218533
85.9767200503514,27.81282801542947,203.8653,39.154446,10,0.63181955,4.383127,15.055654964579247
85.97870235465051,27.81241749524862,224.10077,38.272343,30,0.483372,4.383127,15.107193405049193
85.96421947924958,27.81877427281499,218.28542,47.544827,10,0.70076257,4.9416623,14.70599756937671
85.96474894346338,27.81668543512215,206.54628,37.886738,10,0.6933622,4.9416623,15.050839110580684
85.96912557985821,27.820842095256985,203.82999,48.557205,30,0.33851707,4.383127,14.771773436000698
85.96952633569609,27.81984436030277,213.67543,47.44769,30,0.35521996,4.383127,15.176815187316
85.95365842012133,27.814069143638843,166.0112,44.545776,30,0.42944786,4.9416623,14.702795099998635
85.93705828260268,27.831755116526107,204.59396,36.786182,30,0.38378742,4.9416623,15.177353273856633
85.92816730645626,27.818529791526043,155.82262,50.34914,30,0.50817525,4.9416623,14.346381608417342
85.92060746451698,27.831458833304527,154.89801,51.369835,30,0.26941618,4.9416623,14.556394943721868
85.91691202344947,27.82946281769561,145.43825,59.683323,30,0.44117647,4.9416623,14.215741694422077
85.9190826145808,27.83058431210385,166.472,57.42353,30,0.40834743,4.9416623,14.767402793739159
85.92098016159612,27.832605978882462,194.0063,48.60553,30,0.4120439,4.9416623,14.853392079392117
85.91485894362125,27.824708580204184,196.96796,46.83631,30,0.22010495,4.9416623,14.706751677367413
85.91392976335419,27.823387431094872,150.51788,27.50513,30,0.41888,4.9416623,15.251974143101497
85.91305728002958,27.82675743967716,166.86612,46.3214,30,0.37002027,4.9416623,14.678277090494669
85.91384700087954,27.825070182728236,159.34792,41.421047,30,0.34965292,4.9416623,14.50094348720342
85.92416359916879,27.816131109178457,148.04388,28.955544,30,0.34428263,4.9416623,14.900775444415606
85.92321918017267,27.81825052080688,234.97452,49.8299,10,0.6738752,4.9416623,14.56223636518087
85.91778184193316,27.81755121683488,154.1466,14.135108,30,0.4851128,4.9416623,15.73900021498347
85.91951017591104,27.82340664001788,124.17987,51.09343,10,0.51996773,4.9416623,14.800215224398016
85.91971269977773,27.820389141297063,122.52161,43.0276,30,0.58336323,4.9416623,14.71345734841406
85.91102778680441,27.816261592670223,163.12514,34.743732,30,0.3530718,4.9416623,14.782102971172664
85.90963152051435,27.814209108579885,136.10257,46.55608,30,0.26528117,4.9416623,14.212086015814393
85.90721348274425,27.816386354236545,177.64563,41.70358,30,0.25749367,4.9416623,14.501961550425516
85.90190899679304,27.817980882303917,228.98672,55.50707,10,0.50998855,4.9416623,14.478021418435928
85.90636771271376,27.81587903459828,164.21648,54.713375,30,0.4432011,4.9416623,14.011015943613659
85.99653091095998,27.791552829665072,215.42264,60.506527,30,0.43513805,4.674496,14.410054887478541
85.99437113693946,27.791563972936007,200.30177,43.510098,30,0.61827683,4.674496,14.728733360368953
85.69885775485012,27.95740738023492,128.6768,36.913902,10,0.62940174,4.5957475,15.162097764286711
85.76423082775784,27.719656933033832,55.836082,33.54458,10,0.6451674,4.7094727,13.910906281371268
85.76488368611855,27.71864215328992,26.378506,36.53236,10,0.63416815,4.7094727,14.206089642502183
85.76649211718912,27.719395297710577,54.476963,34.85766,10,0.6372682,4.7094727,14.28009480324528
85.77876014479682,27.73010213618375,86.10484,49.993664,10,0.30003047,4.7094727,13.484921997473627
85.77370773846549,27.741576031106447,53.193375,68.29935,10,0.6988932,4.7094727,13.914734736695802
85.77498188989227,27.741588212582457,38.16722,43.444405,10,0.7616564,4.7094727,14.025937865458843
85.88806575407307,27.867169041316487,308.06097,39.14504,10,0.55825627,4.586505,14.431107409205845
85.88692408031476,27.867001845737462,313.24255,49.754528,10,0.46491414,4.586505,14.665788225169043
85.88357262437233,27.871410957655566,272.35446,38.240944,10,0.59915906,4.586505,14.375214919706865
85.88339696499546,27.871110522707777,278.97055,46.07278,10,0.59906155,4.586505,13.858976504343202
85.88154428405757,27.868788457139388,269.5437,63.80417,10,0.51991445,4.586505,13.195632907116451
85.88131149504288,27.86839493735476,262.1051,43.31421,10,0.55852,4.586505,13.475782199256601
85.88167764816606,27.867257119080648,258.69733,65.03003,60,0.21166095,4.586505,13.207223499204794
85.88282030423164,27.865005334839086,287.8212,46.61052,10,0.4333954,4.586505,13.579331079948643
85.88258961608234,27.86155359552517,288.4686,40.980953,30,0.6110444,4.586505,14.546579285415852
85.88403862319836,27.859005504724383,242.71867,26.309368,60,0.46861508,4.586505,14.823743520109531
85.88261315750846,27.85837387493977,281.53146,25.913313,60,0.41291904,4.586505,14.783666761998795
85.88574563986379,27.85875306800655,266.83725,41.354618,30,0.44491526,4.586505,14.26897705436687
85.88504574391874,27.858128727643216,266.9329,31.177612,60,0.35107654,4.586505,14.70617694272667
85.88826966452513,27.857677248739147,257.25595,38.91051,60,0.35051244,4.586505,14.525607868770033
85.88657271482431,27.84691521102225,247.80003,37.638416,30,0.50152254,4.9416623,14.580186144209753
85.88654890395581,27.84641740270339,291.02856,24.281197,30,0.43985954,4.9416623,14.768094973884997
85.88833955875182,27.84581267982261,273.0987,41.93617,30,0.54746497,4.9416623,14.042448373075441
85.88834343948248,27.844820009727936,268.38358,59.84944,10,0.38035187,4.9416623,14.040575724714719
85.88663199081076,27.843312427776663,270.81708,48.622208,10,0.59145266,4.9416623,14.091787454573184
85.88678515740642,27.8412671969952,274.10083,53.63665,10,0.67256236,4.9416623,13.792776990387685
85.88421256276526,27.8325662320875,303.32767,40.511517,10,0.7045858,4.9416623,14.520199305193467
85.89039232601289,27.84177039739186,214.83585,37.566162,30,0.38213998,4.9416623,14.363949790613088
85.89106712951798,27.841355288993327,226.03142,40.009842,10,0.673138,4.9416623,14.528702710701072
85.89272335112993,27.84005998674588,215.63162,54.73298,10,0.60939837,4.9416623,14.028055253504807
85.87998802903236,27.852739563464954,236.97166,36.593334,10,0.5949241,4.586505,14.19921609612297
85.88082824085535,27.85117744356181,245.20888,69.69338,30,0.4741602,4.586505,12.912015792608427
85.88115905154213,27.84785159090737,266.5105,28.009367,10,0.71130836,4.586505,13.81835970059221
85.88153004832108,27.84151940486714,315.30106,28.659554,10,0.55359393,4.9416623,14.206590980711173
85.87363430457064,27.832014095705368,324.54944,28.215101,10,0.7375628,5.761692,14.65851517757307
85.87606867473066,27.82977002555629,224.10538,38.274517,30,0.31413358,5.761692,14.11884461628518
85.87843426569844,27.82936128024392,217.86203,52.690994,30,0.4056132,5.761692,14.144005875807647
85.87983624241764,27.82818687507713,184.04256,37.916847,30,0.25581396,4.9416623,14.858825645756673
85.87601452426058,27.82796954031711,213.65958,60.260117,30,0.42022324,5.761692,14.415017860357452
85.87796240483975,27.827255879394283,209.19337,57.606907,10,0.2826339,5.761692,13.597842282534272
85.8834141601063,27.82751750345124,173.67406,39.714172,30,0.40843257,4.9416623,14.741454206363752
85.88427509400489,27.824467945708868,237.71935,37.15337,10,0.4619829,4.9416623,14.331820445187097
85.88422540435975,27.821693934912226,245.14368,22.958399,30,0.3122388,4.9416623,14.73507762678405
85.88392164075111,27.82273573594954,250.23732,31.897156,10,0.43196127,4.9416623,14.449290252667328
85.89359287734588,27.803586498185904,249.52048,41.31821,30,0.63247865,4.9416623,13.87163825002018
85.89358509512994,27.80428842915728,246.71681,36.39599,10,0.6087836,4.9416623,14.064155716704684
85.89610025234106,27.804434237947184,149.92703,37.485954,30,0.5316642,4.9416623,14.05180985846336
85.90034007509446,27.8067256496828,175.95824,27.442862,30,0.46257585,4.9416623,14.236660540603415
85.90058493479692,27.80677260713132,165.5111,30.33545,30,0.46257585,4.9416623,14.236660540603415
85.90076555792825,27.807005151380167,148.00375,35.954296,30,0.50177705,4.9416623,14.03486663553976
85.90094264348686,27.807334677132893,149.97902,40.074547,30,0.54215217,4.9416623,13.948027382678859
85.9008387765949,27.8221065691278,312.12943,47.35896,10,0.574141,4.9416623,14.71501763350818
85.90004092038254,27.821525984657463,320.33505,32.246365,30,0.5726808,4.9416623,14.724825025135502
85.89930489481729,27.819987694995607,294.85672,22.958096,10,0.5399188,4.9416623,14.709673085010168
85.89617982920909,27.82222853772257,286.77805,40.06955,10,0.60784316,4.9416623,14.426260175918793
85.89580268599755,27.821557943577314,267.02194,31.929647,10,0.40349838,4.9416623,14.837769336501479
85.8945997253233,27.82569487748777,206.68196,26.065985,10,0.33429188,4.9416623,14.713733643665497
85.89432613974091,27.826037129141703,206.00195,42.569122,10,0.3747573,4.9416623,14.6125416661753
85.89503736848445,27.826567536495432,198.31212,34.957466,10,0.45428672,4.9416623,14.788588936430283
85.89546126004515,27.82627675959821,205.62767,30.646006,10,0.3112245,4.9416623,14.798383403101209
85.89538272964545,27.825503875728423,219.8004,38.683083,10,0.4307229,4.9416623,14.698717146425432
85.89735954018357,27.825721482919647,210.38368,26.869276,30,0.6307449,4.9416623,15.145153383215979
85.89758475795558,27.821743657378864,163.733,46.274174,30,0.4214156,4.9416623,14.569301049799849
85.89850760834985,27.82127870269876,182.53891,39.5699,60,0.06248868,4.9416623,14.788880983981361
85.8985457503784,27.822601177549902,167.00601,39.147156,30,0.374275,4.9416623,14.658685867553071
85.89614567826196,27.82929334225267,201.75697,41.633812,30,0.61275476,4.9416623,14.463006331074205
85.89723630830741,27.829845485595133,212.98993,46.183052,10,0.59754395,4.9416623,14.98660415145549
85.89775237340714,27.82964364765947,224.36215,39.955105,30,0.29542646,4.9416623,14.600513684446959
85.89830284406483,27.828453963145027,219.12372,49.94373,30,0.5014111,4.9416623,14.213163390857986
85.68400739803931,28.01976722471531,277.81906,39.791504,10,0.73637044,4.758372,15.201613229352755
85.88428426037134,27.83008554910219,185.10146,31.698717,60,0.20225385,4.9416623,14.609651254084664
85.88361815484204,27.84908218141845,257.11978,47.447037,10,0.4912151,4.586505,14.007759674891044
85.88448755930031,27.84738824210315,261.20416,65.7807,30,0.32071558,4.9416623,13.44483521088013
85.8835469289587,27.85078071892562,280.22855,42.352367,10,0.549386,4.586505,13.95969874146722
85.88371474505462,27.850527534549613,280.22855,42.352367,30,0.32003272,4.586505,14.22190421841326
85.88479524711425,27.863190668677305,270.0,29.580502,30,0.48171845,4.586505,14.824355158261604
85.88877581231222,27.85958078169088,237.72769,37.159733,60,0.26361868,4.586505,15.192580217690073
85.88815368153297,27.85856208752948,224.5711,35.161964,30,0.40731925,4.586505,14.748785835134237
85.8853753247686,27.85901806774333,254.49785,44.09969,30,0.37875515,4.586505,14.286333564811176
85.8930563612039,27.80958432490992,192.32973,68.083374,10,0.28811803,4.9416623,12.801414039689291
85.89562248966483,27.809158140524485,210.21725,31.724134,30,0.37821782,4.9416623,14.401138759942867
85.88981519444927,27.80991734314273,211.3897,50.06911,30,0.34159482,4.9416623,13.828651272339009
85.88785542180737,27.809284711552102,221.61502,42.283264,80,0.18371153,4.9416623,14.344636566739075
85.91711757473455,27.85298073729744,232.08522,44.266224,10,0.5941945,4.586505,14.728238488628074
85.87300995680928,27.827453369637208,202.75694,47.422955,30,0.26634252,5.761692,13.577642959956462
85.87718039851354,27.82457848620259,228.51103,37.14368,30,0.38127467,5.761692,14.315640163666787
85.8746717554089,27.82983465931788,239.99245,46.006927,10,0.5681354,5.761692,13.914014381863417
85.88651243425667,27.864105737577955,292.5368,44.169136,10,0.59527826,4.586505,14.526631508563069
85.88860212949308,27.86532209899133,18.180231,27.842484,10,0.4709518,4.586505,14.974233527774171
85.89657876298597,27.82307266982848,253.93668,39.31893,30,0.6992978,4.9416623,14.607091546430734
85.88124424936913,27.82811797744999,210.63863,49.846706,30,0.37502852,4.9416623,13.869283488166
85.55687255963632,27.89758745422579,164.7625,42.17626,30,0.4299517,5.2217073,13.853915335342153
85.56000239076441,27.898735487374857,172.36815,51.144066,30,0.55388564,5.2217073,14.08830564309464
85.52683751827827,27.83960547064314,90.0,32.648983,60,0.6020352,4.967406,14.795368237383752
85.53227122352239,27.84362312097316,152.66113,32.530212,10,0.8003151,4.967406,14.619308419285204
85.53015776185413,27.813413614992477,164.50017,41.6797,30,0.41520655,4.967406,14.150072152687663
85.54459337823288,27.84466918820883,111.454094,19.497398,10,0.530137,4.967406,14.98891558729215
85.54406741511723,27.843244052985035,92.97746,31.934769,10,0.6922792,4.967406,14.438453399586194
85.53498527995303,27.83966584232792,60.29573,33.159016,10,0.74799615,4.967406,14.573255509277931
85.5293902940251,27.838264621647102,68.54476,35.302265,60,0.623483,4.967406,14.655788982218592
85.5053843703777,27.830752051590007,143.8073,34.293312,30,0.3990178,4.804811,14.776009298150054
85.5319827358197,27.817387120830794,197.68771,33.53039,30,0.4204244,4.967406,14.59508788683802
85.48727703882714,27.84563792699774,306.19516,33.340363,60,0.4635099,4.804811,14.794292837571591
85.48714646158366,27.84883913309666,308.3479,23.91954,10,0.6997302,4.607892,15.016179549922882
85.48555607222502,27.8494768470497,322.36304,24.214378,10,0.69448125,4.607892,15.059484600643119
85.48475495025586,27.846743906972797,41.3362,30.203787,10,0.7772222,4.804811,14.906327553306966
85.48414959579009,27.84752877101096,63.995438,30.571917,10,0.6210599,4.804811,14.822770425748466
85.4760312258625,27.870039629202644,97.946045,19.356169,10,0.67543095,4.607892,15.465461959879171
85.47878427620259,27.8713217932034,202.15813,23.60368,10,0.42744106,4.607892,15.113759351451185
85.48028750774594,27.872912471177067,129.38065,33.558727,10,0.76095027,4.607892,14.562154758423924
85.47923579734999,27.87216682600122,217.02193,16.915934,10,0.57997376,4.607892,15.283909943832965
85.47746205138628,27.877776169582845,174.75914,31.025307,10,0.4672619,4.607892,15.082080701834961
85.47381105928308,27.87668958883472,129.45416,34.520187,60,0.37451738,4.607892,14.705731519635345
85.47405125933342,27.876898645375658,124.90965,40.317524,10,0.14669926,4.607892,14.876572138242196
85.7121319130817,28.0239858245729,262.54926,26.5347,30,0.5063723,4.635934,15.210187286675339
85.47324998215844,27.87622692411593,162.42409,23.00178,10,0.38650703,4.607892,14.988784384439109
85.47445069022818,27.866116492769457,154.66188,37.602226,10,0.54278207,4.607892,14.625642506529253
85.6845323360672,28.02232106542943,256.31363,28.69324,30,0.5744893,4.758372,14.456369121215214
85.47247897361363,27.866095527067564,200.65924,25.03761,10,0.81842697,4.607892,15.140779722353951
85.4659860041353,27.862643083111397,186.71997,38.0392,10,0.5926654,4.607892,14.825517531900275
85.46531236145312,27.863480728257265,205.86295,32.196007,10,0.54744285,4.607892,14.71731702290251
85.46230623822116,27.859855939237555,219.35341,39.942444,60,0.40085158,4.607892,14.617295013973871
85.46303640527296,27.859120152670197,171.95248,33.18271,10,0.6700935,4.607892,14.835318062908446
85.4619421629737,27.86082061710463,,,0,,4.607892,
85.46172042557187,27.861378300122865,,,0,,4.607892,
85.4596363823208,27.844005991687,198.74109,27.149792,10,0.45477998,4.804811,15.02709538537535
85.46370656556974,27.84272329146615,213.8291,27.750887,10,0.5034289,4.804811,14.970385669010719
85.46463476435689,27.84302019710315,185.87004,28.236345,30,0.51739895,4.804811,14.708843787461593
85.51438690272226,27.83083959955474,217.72931,37.874195,10,0.592035,4.804811,14.844959052802825
85.46768493008226,27.84127980333872,225.39592,33.763973,10,0.77506596,4.804811,14.80933505588837
85.46753045476738,27.840336739978703,228.51518,20.130865,10,0.6110206,4.804811,14.84300764198876
85.4973379716411,27.836051828262203,253.57648,32.20254,10,0.6231343,4.804811,14.771954722096979
85.49783095343656,27.83558834550521,267.69824,38.872673,10,0.3387437,4.804811,14.619374991152522
85.49814090318638,27.835503406813967,253.04207,29.030443,10,0.13113849,4.804811,14.821773718529066
85.4882897427254,27.85250595080821,306.19342,52.765953,10,0.39748535,4.607892,14.001294778145223
85.48844823922181,27.850632815307613,301.5946,26.306509,30,0.50070775,4.607892,14.734675135257845
85.48721447586733,27.854166928397472,283.38937,26.074186,10,0.7410536,4.607892,14.902806107719272
85.48681159625498,27.853284257151223,290.5089,26.941763,60,0.733895,4.607892,15.404741865869049
85.48783702453791,27.850978060695084,260.50378,34.48231,10,0.6455484,4.607892,14.89901769777869
85.53424145970872,27.800828523466112,180.0,38.42148,30,0.48349005,4.463525,13.997238552242884
85.53466328827768,27.801362539130576,183.97958,46.52627,30,0.40754104,4.463525,13.804407404345495
85.53564925649437,27.80073512444796,208.52423,43.772892,10,0.4817323,4.463525,13.872529722143264
85.53689034849243,27.80020348257439,208.48564,42.641117,10,0.73481685,4.463525,13.95534904825212
85.54964341452819,27.79724535076342,136.27264,30.217594,10,0.24844407,4.463525,14.280699514857911
85.5506896372733,27.797389423895066,189.76077,37.073784,30,0.19384974,4.463525,14.217017951351737
85.5510313243079,27.79725852018613,181.2219,40.634445,30,0.19441141,4.463525,13.9999049676034
85.55153217837444,27.797178710263864,183.23506,32.9652,10,0.39147708,4.463525,13.99556015724052
85.55550111288292,27.796981346567204,193.31168,35.575863,30,0.14988399,4.463525,13.965016786438799
85.63077524994621,27.83290111478791,134.49632,34.718353,10,0.7544236,4.4971914,14.857944169493132
85.64837907629398,27.874801892772787,353.75232,26.785519,10,0.8026303,4.559856,15.59845545565866
85.67117681498851,27.892580663055103,180.0,55.534718,30,0.5945587,4.6264033,13.98654190977534
85.66576774118009,27.89064355031873,166.99812,39.14805,30,0.5132128,4.6264033,14.661760417338465
85.66494704954422,27.889215414082003,191.0381,25.561499,30,0.5961504,4.6264033,14.814296633062987
85.66512068742162,27.88920737952841,191.0381,25.561499,30,0.55125326,4.6264033,14.89348684297396
85.66567767515647,27.889377950798504,195.7937,31.200075,10,0.631678,4.6264033,14.880755347769776
85.66907271151054,27.890141197242983,212.73503,40.25596,60,0.73800737,4.6264033,15.040578709008368
85.66737203897198,27.889614794197207,172.83478,36.285492,30,0.4999236,4.6264033,14.710552330147966
85.6711874525627,27.89094864874976,149.15675,34.166843,30,0.4779101,4.6264033,14.692865833786831
85.66751890436214,27.85660453044967,203.60551,37.858044,10,0.6372427,4.6264033,14.861636619997139
85.6476880239978,27.895711108324445,176.84082,33.612335,30,0.4855884,4.625964,14.771342283272633
85.64800803438803,27.895925398608917,159.84859,32.53798,30,0.49273542,4.625964,13.982927162812738
85.64867602264638,27.896147461258,199.07182,50.9617,30,0.57420325,4.625964,14.078122730394233
85.64899519746089,27.896023534131043,214.17207,41.362514,30,0.5834631,4.625964,14.332937621715256
85.65084976594797,27.89679141197614,210.23737,31.729378,60,0.5767196,4.625964,14.62416733359358
85.6519233824232,27.896529145415407,195.19264,39.986595,60,0.48533905,4.625964,14.632493490284224
85.65245676171898,27.896444320235197,188.93102,30.53686,50,0.3870773,4.625964,14.906702995673525
85.66913615588294,27.85625231166798,181.11719,43.200203,60,0.2817552,4.6264033,14.80490962657098
85.66961332391594,27.8563466386001,180.0,37.84767,10,0.2895912,4.6264033,14.74987142937793
85.65846246484536,27.838729341440715,186.08969,40.788303,10,0.6995773,4.6042256,14.835759678281027
85.65154538346746,27.837183709866807,159.3458,46.06768,10,0.7076768,4.4971914,14.498132558758739
85.64965779504088,27.83708203655696,131.48561,37.145504,10,0.66284484,4.4971914,14.929929974967147
85.65324319328435,27.83006632670501,146.12224,31.96148,10,0.4720308,4.4971914,14.832842452413441
85.65412309136684,27.829192322642548,148.23264,38.648804,30,0.52067745,4.4971914,14.34276062015097
85.63970518424946,27.829679160848176,154.84,49.297344,10,0.70672417,4.4971914,14.084615768689506
85.64016090344775,27.83001061046509,158.40749,34.852566,10,0.60439104,4.4971914,14.280209605944497
85.67312725846725,27.815901189193937,129.28722,43.40727,10,0.5098292,4.6042256,14.515910236765285
85.67776465191969,27.830000203359173,84.94627,20.179817,10,0.74031186,4.6042256,15.043291607489772
85.52497033734049,27.919435689062013,182.44542,40.653805,10,0.70188427,5.2217073,14.217278190707747
85.52584993341392,27.91919052178846,177.90923,45.12322,10,0.5242957,5.2217073,14.0519121740703
85.51961111980606,27.9088544381919,76.68299,46.510635,10,0.80719423,4.496347,14.783867360980445
85.51928550666089,27.914588858950527,132.56128,51.749027,60,0.27511656,4.496347,14.422714161841924
85.53327130715817,27.93735098635275,102.12816,54.206566,10,0.68433297,5.2217073,14.522547079058036
85.53276209680324,27.937472791664472,109.46258,25.912355,10,0.5633988,5.2217073,15.309673991971252
85.53357652099265,27.937996398104783,137.19672,36.05816,10,0.68364,4.987441,14.884260632236828
85.53558208604335,27.93737281956732,70.92966,24.032328,10,0.84348345,5.2217073,15.498914506595298
85.53593446100156,27.93765142203192,69.881645,38.66221,10,0.8120711,4.987441,15.30476127088921
85.52418824041727,27.932946335812478,172.35156,43.939545,30,0.43281588,5.2217073,14.65127308355866
85.52317299991915,27.93491520447024,224.5914,35.17138,10,0.6440481,5.2217073,14.82409605769718
85.523717308758,27.93506766435937,226.50127,34.2939,10,0.6140813,5.2217073,15.014572444966824
85.52473141921857,27.93668844680285,197.15553,36.70187,30,0.57530046,5.2217073,14.86085840679274
85.52544184382816,27.936239806352404,220.87857,36.051872,10,0.7742769,5.2217073,14.680745762811519
85.54266233688774,27.92998357539704,121.275345,34.449604,10,0.62631357,5.2217073,14.342610224300781
85.49745115432542,27.917996093308936,94.73553,30.465912,10,0.76980895,4.496347,15.16272341607034
85.49878856434229,27.919024038683087,93.16098,30.418695,30,0.549785,4.496347,15.37903007291269
85.64544779805628,27.89825241330187,190.3427,27.026556,30,0.41178182,4.625964,15.019936388966125
85.64587853082205,27.898335868507264,222.1515,28.628864,30,0.3546798,4.625964,14.914856631391435
85.6511816370404,27.90123353121776,262.25742,35.789246,10,0.49331126,4.625964,14.68334324171388
85.65088766056809,27.900531388156367,271.15067,38.872513,30,0.56601816,4.625964,14.629022685476857
85.64283608205879,27.91192941756724,227.49797,33.856873,30,0.45698214,4.625964,14.76180978355746
85.64378695590904,27.91180875277872,221.12045,36.94651,30,0.49247015,4.625964,14.94318271389434
85.64456492901634,27.91142159729537,237.53374,28.493382,80,0.3825781,4.625964,15.118487632147815
85.64080157338091,27.91237371325528,216.49872,27.635193,30,0.35792446,4.625964,14.69155083245456
85.69864470398956,27.91849229834722,275.76642,32.80016,30,0.5010274,4.548963,14.982124708317214
85.69667081582004,27.910627690519792,213.05165,57.087772,30,0.32708126,4.548963,14.459956682559849
85.69364081736684,27.910905613634448,243.33932,42.04776,10,0.7291961,4.548963,14.985537905604946
85.68258825152746,27.920795516187265,242.98903,46.91802,10,0.6702921,4.548963,14.489011953507601
85.6854225225188,27.91774322584419,246.16367,40.069958,10,0.8071773,4.548963,14.452510982056944
85.68825083991696,27.916170653173484,247.31824,55.760563,10,0.8316572,4.548963,14.412753865529021
85.68016728209912,27.90394839745364,352.83386,23.77401,30,0.7068499,4.548963,15.522423955875485
85.68682784881065,27.90103398069803,344.92178,35.150463,10,0.64123374,4.548963,15.23403999516815
85.69041647971805,27.927383360051337,347.91397,31.488491,10,0.82560295,4.548963,15.220603994839202
85.69108902058794,27.91399336972189,263.42517,40.306625,10,0.78,4.548963,14.710440762131164
85.68440330315869,27.91830755926901,241.32133,41.2516,10,0.7146758,4.548963,14.744199832314045
85.67185120713623,27.9090475301488,9.18297,24.661846,10,0.73733383,4.548963,15.183821633659084
85.67123295485048,27.90864389409161,10.343657,27.026627,10,0.7638275,4.548963,15.28269589012615
85.67369601618955,27.90710098576828,5.2422614,31.025364,10,0.8236375,4.548963,15.249215925206705
85.67548734686238,27.90654944896588,341.40613,32.29014,10,0.8068235,4.548963,14.983234482792088
85.67249896452253,27.9070291559493,335.6467,28.060526,30,0.8096708,4.548963,15.392658358819702
85.91625719828501,27.908641885559327,182.6626,49.791504,30,0.22831978,4.4041653,13.951380609953109
85.91363221900039,27.91024357859958,211.68506,22.709835,30,0.5780822,4.4041653,15.197870361648294
85.91447035768165,27.91144816586125,288.6972,42.269337,10,0.81354725,4.4041653,14.692688319212277
85.91415762842546,27.91520137362251,234.26363,57.66682,10,0.38448846,4.4041653,14.000495509923228
85.91416079310962,27.91305819981678,258.89026,33.904247,30,0.46302465,4.4041653,14.767348533115795
85.91843960170576,27.909867528822847,143.86751,61.78718,30,0.59573436,4.4041653,14.514337722891279
85.91788193841523,27.915053561950888,219.22452,51.885227,30,0.25881168,4.4041653,15.171931593302237
85.91932012484496,27.914826493002497,151.57614,59.43719,30,0.23382114,4.4041653,14.125362236723394
85.92203989594377,27.914834422004407,157.17519,64.80021,30,0.2705135,4.4041653,14.21696552494526
85.923901485784,27.917289111403267,115.23294,31.281376,30,0.43282497,4.4041653,14.845491771527582
85.91900631858007,27.918043047890727,57.27393,13.470939,30,0.4678055,4.4041653,15.922515872607601
85.91938456524709,27.92008268065212,79.412704,44.10249,30,0.2896305,4.4041653,14.466196573369464
85.93375565125551,27.945311953165398,199.80803,48.632656,60,0.25298148,3.810093,14.537367537693152
85.93332077180852,27.94415406940496,214.95996,33.88399,60,0.12142704,3.810093,14.964144134960291
85.93723388372118,27.93942172056468,103.3792,26.091059,30,0.4019509,3.810093,15.14381680999034
85.93867808630964,27.94030452316464,158.89891,37.36007,30,0.255728,3.810093,14.68458579113631
85.95369376322907,27.976332108352917,152.82776,53.767334,30,0.4770092,3.810093,14.304394573836685
85.93822670550573,27.96703523460763,139.66318,27.007128,30,0.5929032,3.810093,15.48448048993103
85.94279917788221,27.96771986018816,147.50781,31.555912,10,0.71022725,3.810093,15.193897518501556
85.94457320890434,27.972956743489327,51.345413,51.204956,30,0.6612421,3.810093,14.590138779694518
85.9412847225472,27.974225675548997,26.211256,51.22756,10,0.7579747,3.810093,14.431018058661614
85.94193248529658,27.97236500708207,15.011903,32.49185,10,0.7207645,3.810093,15.588126777627101
85.94350627464202,27.974027439749705,6.460079,33.090214,10,0.7674695,3.810093,14.97820819061736
85.93794459954731,27.971812203109067,5.8769927,47.04445,10,0.6834276,3.810093,14.935659064856644
85.94246371883234,27.97775589140089,180.0,30.919395,30,0.5535783,3.810093,15.237222331728303
85.94538630054662,27.97744241058804,108.51992,48.27013,30,0.28503937,3.810093,14.616964744033627
85.93561740826428,27.978978057620044,139.0639,45.203465,30,0.52041966,3.810093,14.774575988698327
85.93125011578061,27.980239323098317,111.42966,35.332993,60,0.27775672,3.810093,15.309282878737168
85.93004220058359,27.974427305784733,99.4024,30.732727,30,0.4880348,3.810093,15.424311866884066
85.91279461261774,27.948542090933746,114.935165,37.521908,30,0.45180723,3.810093,14.98767983912911
85.9149995603416,27.950335234744784,93.29717,40.176514,30,0.37066883,3.810093,14.792988663246632
85.91367060615873,27.95219345670322,76.913574,47.001205,10,0.65946704,3.810093,14.581227893361348
85.91744752698581,27.930149094577363,155.89287,37.32857,30,0.24947146,4.4041653,14.65354394923152
85.90879061005829,27.927474410670857,118.36646,36.854385,30,0.5379085,4.4041653,15.038134590734474
85.91006043990579,27.929270518801207,136.10793,41.940113,30,0.4364361,4.4041653,14.994872378145631
85.91109892679846,27.929612773821454,141.91858,53.20052,30,0.28073266,4.4041653,14.73120622582337
85.93595425993612,27.94812463570615,148.80496,58.431248,60,0.056582633,3.810093,14.483149382591272
85.83777952054302,27.93281244777581,256.66495,37.66931,30,0.5689342,4.6328516,15.113195197668256
85.80830639743054,27.944569442287047,318.9519,15.59127,10,0.7630922,4.3121977,15.190254496035367
85.80257326353706,27.9455985972838,-0.0,37.84767,60,0.72556114,4.3121977,14.600703333484615
85.80063358903341,27.94024338082772,42.162487,28.633047,60,0.5909835,4.3121977,15.14889149950231
85.80180064436034,27.93806117598624,20.259323,38.440517,60,0.5870398,4.3121977,14.913524297692764
85.81115197100465,27.93859011334538,327.68472,33.074196,10,0.7739517,4.3121977,14.733274052802287
85.81052313386142,27.93928482264493,313.427,19.454428,60,0.7661664,4.3121977,15.631669411616329
85.81023286436893,27.942135393216716,326.4332,29.396748,10,0.7709689,4.3121977,15.035679635083707
85.82103340248291,27.948906942135896,191.2973,54.523167,10,0.47274363,4.3121977,14.183640933471972
85.79953018963207,27.954669175356955,214.63554,49.255657,30,0.3704137,4.3121977,14.546157216134118
85.99911778774172,27.75636328862198,316.87103,59.32288,10,0.7405772,4.1832337,14.050987765502063
86.00139097195779,27.756915169597686,36.026443,63.68041,10,0.98527867,4.1832337,13.827116066694204
86.01020925863773,27.755204719428548,265.46884,50.875698,10,1.0,4.1832337,14.34165862969299
85.85747445603948,27.818898317606106,330.5189,45.11894,10,0.6741573,5.761692,14.293520375035817
85.85582482668622,27.817691188219936,351.50662,40.940506,10,0.75469613,5.761692,14.21617089224568
85.8404315621926,27.82553984746233,96.63737,35.0018,10,0.686747,5.761692,14.792846642261145
85.84351166814676,27.82875574630951,74.19898,25.435343,10,0.31485945,5.761692,14.800818637122369
85.84716679621384,27.836661536615303,146.96628,37.68119,30,0.3564516,5.761692,14.730293646457566
85.68424505277858,28.019239899547724,278.5711,37.246174,10,0.7193693,4.758372,15.074937185924732
85.85642327862834,27.839386584627043,109.759834,31.900711,10,0.58132046,5.761692,14.9167516168805
85.85580527790499,27.83781841109404,141.21762,38.277317,10,0.5241906,5.761692,14.550993593201119
85.85225931116514,27.83894101423397,138.02644,43.77251,30,0.5090458,5.761692,14.558462925402862
85.85785404736188,27.81658193716185,103.84653,48.98801,10,0.7449968,5.761692,14.257815690932063
85.857836290111,27.816235464201217,90.0,40.70292,10,0.77518153,5.761692,14.445124412125029
85.85786882760543,27.81595138755784,95.87184,38.349735,10,0.7514754,5.761692,14.550201816202684
85.85721875183206,27.815599216520862,103.15011,44.889698,10,0.60362875,5.761692,14.420806619990877
85.8565694239692,27.81514716946375,93.301285,40.141354,10,0.6056537,5.761692,14.529815927746684
85.8560988603152,27.814585287916618,106.03733,37.297977,10,0.6613546,5.761692,14.651332528664057
85.98448226967813,27.804778590245185,131.49413,13.7299595,60,0.35728008,4.383127,15.891610826477
85.86580399597072,27.779276044139458,134.05945,39.170994,10,0.83038867,6.0451574,14.400854102752373
85.86387955442639,27.77825755590819,176.71082,43.730938,10,0.57028496,6.0451574,14.36624192186012
85.84957878054155,27.778765397365927,226.48407,64.20279,30,0.39507058,6.0451574,13.943829736410636
85.83828856321661,27.782952497655117,243.8254,42.534805,30,0.3776933,6.0451574,14.533011493061537
85.84173985394692,27.78340986619278,229.00905,76.282326,30,0.45931682,6.0451574,15.113151430107354
85.83541665013723,27.78908998449257,220.13039,51.321285,30,0.71098673,6.0451574,14.333789862275452
85.8359631143681,27.78830876356924,217.2257,51.11815,30,0.56363636,6.0451574,14.443189881247521
85.83854670913767,27.786144065548616,177.91179,45.12317,30,0.4468974,6.0451574,14.609104806957832
85.75983966060092,27.823270132929995,77.68176,56.61678,30,0.48197675,5.827962,13.414992110014099
85.76067414160018,27.82457470788593,95.18288,35.632523,10,0.47274986,5.827962,14.719098184300192
85.75326772586872,27.813657732152468,66.57726,44.34358,10,0.758332,5.827962,14.397618649960624
85.49556596492435,28.05473658090407,66.19056,38.72885,30,0.33167908,4.541609,15.288504188978932
85.50848020990499,28.052192474193664,181.44243,36.080097,30,0.4052748,4.541609,15.282415064179144
85.51118494732133,28.051045288518058,186.15924,18.876425,30,0.6044889,4.541609,15.79522652991274
85.52769276380671,28.00409228619636,75.55912,24.436226,10,0.74084276,4.726099,14.627784839520821
85.52154710129903,27.99905282616968,89.25608,51.268368,30,0.58043283,4.726099,14.851499845056455
85.57142781850835,28.03215502718404,191.3058,29.304447,30,0.4219196,4.835017,15.57416391090965
85.57514491707494,28.031157900985257,161.65553,34.962498,30,0.511121,4.835017,15.359984715420365
85.57984629678928,28.030443242744308,123.08489,42.591892,30,0.4130168,4.835017,14.855670966815053
85.58274720219899,28.11182314469274,66.20178,23.811092,100,0.31030092,4.2639217,15.879512062202748
85.58551856919526,28.111875716839013,74.00452,37.36827,60,0.22891073,4.2639217,15.463144105361996
85.58405578714734,28.11641190666676,81.90361,29.885605,100,0.28440368,4.2639217,15.38271364510467
85.58476948886603,28.11771220443321,124.61521,27.154943,30,0.34497055,3.858997,15.836261246795901
85.58466662207569,28.11849931502737,45.991623,28.186535,100,0.18449198,3.858997,15.812865309671817
85.58240362417686,28.11566949964104,156.20647,17.663874,100,0.30700415,4.2639217,16.4775497833195
85.58448289393073,28.115307672024077,104.42655,24.457207,100,0.41259983,4.2639217,15.629251617832551
85.58747585420423,28.08887425424537,110.85473,40.825523,30,0.28373322,4.2639217,15.259236432108985
85.60927599025929,27.929183024169777,226.49973,53.752583,10,0.74837875,5.441863,14.830762062050681
85.61146999323624,27.92842805417074,189.31538,48.539936,30,0.55427706,4.625964,14.395683079918784
85.61090615148221,27.926725756113555,190.68237,30.669516,10,0.69601125,4.625964,14.88959845157383
85.61256758191864,27.928047339488817,169.73552,39.439106,10,0.6463281,4.625964,14.735716343327573
85.61159929178741,27.91957937335427,149.75732,51.04108,30,0.25577652,4.625964,14.169182136436923
85.6121838673121,27.91991482452732,164.44841,45.706734,30,0.21676268,4.625964,14.266958484752434
85.62759901079028,27.918978264812765,122.89996,50.702953,10,0.52666134,4.625964,14.167220528822542
85.62761947470084,27.91946744188927,126.541756,54.726925,10,0.6071964,4.625964,13.72994691787823
85.62892056619907,27.918860137028823,119.87079,40.20005,10,0.8118741,4.625964,14.12987434895672
85.62448493934264,27.919516639924137,121.95265,36.282913,10,0.6871249,4.625964,14.277898242214794
85.62577021769351,27.92765702267174,124.27783,37.812836,10,0.6439791,4.625964,14.635285261864714
85.63067389444757,27.9303925251372,213.23589,36.33215,10,0.70004725,4.625964,14.08957449606039
85.62563966306446,27.93782794521324,186.8663,37.46372,10,0.85478246,4.5826526,14.520664775271804
85.6304051951941,27.93781885136953,106.09157,43.05922,30,0.49751964,4.5826526,14.169188444265327
85.62942153219842,27.93596197656933,105.33259,47.77686,30,0.47559592,4.625964,14.335919921129145
85.61807322096989,27.94149159333229,184.75787,47.844643,10,0.7646272,4.5826526,14.257116044285807
85.62080927264067,27.94253608717117,166.76384,52.011574,10,0.77998954,4.5826526,14.305258210455142
85.62188858744364,27.942216825008085,188.87411,43.5392,10,0.736295,4.5826526,14.70988038417931
85.62257907663927,27.943089530976422,186.45824,44.347214,10,0.80505323,4.5826526,14.70289481106565
85.62296660740842,27.943199016303897,177.29962,49.40231,10,0.74130213,4.5826526,14.769665139205246
85.62188985218094,27.94457522315841,163.4863,35.34186,10,0.8210156,4.5826526,14.686092859963226
85.62438243383302,27.94404862921273,123.27463,37.49251,10,0.5707121,4.5826526,14.85465440396893
85.62622651700786,27.946173040457133,86.185684,44.226604,10,0.8191866,4.5826526,14.997402116987528
85.62700976227403,27.950838175408087,118.67142,41.258175,10,0.39220095,4.5826526,14.641877249600975
85.62689188017201,27.951435469041208,61.097305,18.517046,30,0.54029256,4.5826526,15.559114683606307
85.63182023997358,27.94788323467812,107.572,45.53242,10,0.7668394,4.5826526,14.485302955527064
85.62943576422647,27.966047965091526,124.48723,38.67705,30,0.49500865,4.5826526,14.535802395298443
85.63141118438186,27.964386486679835,75.30716,50.489147,10,0.74210745,4.5826526,14.00557760666042
85.62746300850993,27.968644860723145,38.963963,36.079735,10,0.77694684,4.5826526,14.578005840018038
85.6249195432286,27.96893339101411,42.02433,46.877037,10,0.6899214,4.5826526,14.347309155961065
85.61559975666879,27.96955035889194,187.651,43.939716,10,0.8076403,4.5826526,14.589739223000208
85.61739527329419,27.970087887214056,126.091484,55.015224,30,0.43299744,4.5826526,14.2539515825639
85.61436951281311,27.973506521187744,177.68428,24.400375,10,0.8309403,4.5826526,15.441241663264583
85.61818698528995,27.972590469217035,172.82935,16.36629,10,0.7954994,4.5826526,14.657093729174674
85.63218416135865,27.97143844942444,180.0,54.93157,10,0.83737797,4.5826526,13.825791576101958
85.62449504670269,27.97413583311411,163.9945,51.63001,30,0.46712625,4.5826526,14.155900968604126
85.62638349901773,27.973464321306302,189.77638,37.075073,10,0.7689811,4.5826526,14.738573738987613
85.62709801468132,27.972091058484036,210.74951,48.018085,30,0.544735,4.5826526,13.976089690364125
85.62752104226382,27.97257142642032,127.305695,49.605362,30,0.51326567,4.5826526,14.133353230445724
85.62799021328287,27.975863597937145,94.04133,42.57581,30,0.36,4.5826526,14.441406429344328
85.63053934779535,27.976817397656102,80.75987,35.21024,30,0.5470427,4.5826526,14.79470078640122
85.61447098614416,28.0152327224708,133.92253,48.242844,30,0.5754292,4.772528,14.712967097393374
85.61157846280454,28.01246746624765,210.26405,31.73634,10,0.78999835,4.772528,14.91905862439984
85.62082444262842,28.01115901952346,142.94258,53.24225,60,0.32385215,4.772528,14.513630557964058
85.61968656142595,28.00889009048064,148.9819,56.831425,60,0.41116324,4.772528,14.193329606026113
85.60391490782438,28.011515699801752,269.4502,59.341415,10,0.76630604,4.835017,14.12876621311121
85.600837181074,28.030687997601024,205.66989,30.6549,60,0.12797375,4.835017,15.009221931012158
85.61702312395475,28.009396175038404,229.38211,40.21217,10,0.82976836,4.772528,14.805709270017404
85.62573461853815,28.00839357217884,235.08147,43.87612,10,0.76460916,4.772528,14.7047802063656
85.59949184606378,28.031173068589982,210.87596,34.17593,10,0.8422335,4.835017,15.160255636498533
85.59691680789409,28.02772661517284,227.06383,42.824467,10,0.71750283,4.835017,14.720557034456679
85.59781297281886,28.008256599779425,117.55111,42.30022,30,0.3047163,4.835017,14.082246029152072
85.60390154295506,28.00555237787577,54.76561,33.956787,10,0.81894034,4.835017,14.821239981164352
85.60825603427064,28.003522549048924,45.62637,43.502373,10,0.8018979,4.835017,14.201135486617305
85.6181378302985,27.999181121232933,48.556965,45.078815,10,0.8162626,4.772528,14.325424123796104
85.61551962590876,28.000236295501992,43.49843,39.546032,10,0.8678759,4.772528,14.533215039344697
85.6151869881589,27.981573800707658,205.15111,36.249413,30,0.7717971,4.5826526,14.59737557924193
85.61504404496674,27.982017877857324,193.33363,35.578323,30,0.51144606,4.5826526,14.886240250251364
85.61586991470779,27.98255307410728,128.87924,28.439346,10,0.7476768,4.772528,15.174784679666043
85.6180700886886,27.98276535331303,112.1748,27.233469,10,0.7155546,4.772528,15.186480241537586
85.63163469616532,27.985461179729707,265.07596,56.463276,30,0.64883536,4.772528,14.128750252520598
85.62299618350744,27.996595893189397,212.90944,53.46578,30,0.32870343,4.772528,14.03678421673472
85.62159284049572,27.99862659758862,229.07782,53.154076,10,0.5695546,4.772528,14.04197757931469
85.64083666191236,28.00118092681615,100.71375,46.258392,30,0.41186723,4.772528,14.515589341088221
85.65156599993827,27.98874459753286,195.3219,46.14062,10,0.6917348,4.772528,14.641150598925107
85.66382255790496,28.003703037258404,153.47551,46.86813,30,0.39978728,4.758372,14.359293290140632
85.62802436524669,28.022619164651765,171.11938,25.414322,30,0.73714477,4.772528,15.585131388482454
85.64006220707844,28.02652899119133,120.16984,41.01278,30,0.482398,4.772528,14.46870719943893
85.63688182234534,28.02602277849642,146.23474,49.906517,10,0.5825179,4.772528,14.745513665883319
85.63436313312812,28.031104798157735,130.1749,58.875347,30,0.5150966,4.772528,14.16877654574379
85.62306929780557,28.03304175952435,82.95541,42.736248,10,0.59165066,4.772528,14.969656986439672
85.6384844324278,28.01141023390771,124.39791,65.33554,10,0.5747711,4.772528,14.722028363624188
85.66317535173614,27.955510602285518,255.37329,39.806545,10,0.804673,4.5957475,14.901392630897746
85.66736594406593,27.9740110393404,272.2478,39.538235,10,0.8283762,4.5957475,14.87570077807069
85.6660566395297,27.97617101170397,313.829,30.301535,10,0.84596866,4.5957475,15.119921760538263
85.66892816547823,27.97222372177301,267.02606,43.10792,10,0.650325,4.5957475,14.7641654977226
85.67882584139856,28.018071230879848,248.33406,38.281624,30,0.80361277,4.758372,14.948327137143425
85.66205134696257,28.018908547926937,237.21036,38.905704,30,0.6135537,4.758372,15.163275834310001
85.6461390189855,28.01504407739207,196.32777,44.372963,10,0.68254375,4.772528,14.618313429669724
85.64479988788572,28.016198781756657,221.1663,50.790154,60,0.6023717,4.772528,14.377067601530982
85.673231618731,27.99088260909289,218.845,43.08505,10,0.4833728,4.758372,14.718995469787862
85.67428848280187,27.990839224630516,216.71468,39.622852,10,0.5525004,4.758372,14.721472898524887
85.65886794662305,27.99900449308142,177.66708,66.05608,60,0.12706737,4.758372,13.87461035524967
85.66046256618155,28.001493022232253,178.33656,51.63297,10,0.6963945,4.758372,14.345563770366997
85.65292460009033,27.997566972318644,227.52058,33.868298,30,0.2907872,4.772528,14.824964013779312
85.66622638321375,27.981700436096027,241.75789,76.086365,30,0.24855605,4.5957475,13.427151265190728
85.66689296786704,28.00228893297521,146.9683,46.196606,30,0.22797245,4.758372,14.535548162205652
85.66923246123768,28.00599614152331,192.31659,53.977337,30,0.5563632,4.758372,14.99624166175033
85.66632412127187,28.00481006587269,156.56464,55.01787,30,0.34250635,4.758372,14.75318960073549
85.67110329126501,28.011881243871184,72.368355,25.687063,30,0.4158869,4.758372,16.44822462747316
85.67409785686178,28.021761674365237,164.18791,25.224333,30,0.47470066,4.758372,15.523970349662774
85.67746734407002,28.027548509754197,134.88206,45.267185,30,0.4187962,4.758372,14.912507873096887
85.62280891802976,28.05321706896717,77.143295,47.498325,100,0.2888666,4.772528,14.910758962492821
85.65081800222048,28.088057556845563,62.768234,36.608562,60,0.36798957,4.2570543,15.368190141539147
85.70271724052868,28.018961703126774,167.82417,46.213947,30,0.29801044,4.635934,14.922802205887956
85.82649523460316,27.80841974795785,257.23666,56.9807,10,0.6290223,6.7913833,14.122008035564225
85.82969485233119,27.808566953445144,241.88031,44.88613,30,0.5491853,6.7913833,15.026267758179001
85.83069126658764,27.80833766545423,215.44469,47.016575,10,0.52622676,6.7913833,14.578551581588902
85.82881729749852,27.81073390873914,236.024,61.65681,10,0.82838815,6.7913833,13.925480023537604
85.87339552885832,27.869151840638377,133.76176,31.320879,30,0.49323785,5.202863,14.504223977634542
85.87066720038263,27.86921134554217,140.10088,25.887829,60,0.25813147,5.202863,14.916478058611057
85.8720608276748,27.867768371938336,159.34047,22.548569,30,0.4507993,5.202863,14.89101815285275
85.87377344420337,27.86620568953241,184.70296,41.775536,60,0.21990258,5.202863,14.105199488978146
85.87004816547224,27.85090799187247,350.52634,45.031715,10,0.70893294,5.202863,13.89263980890482
85.85998658710929,27.88242993281217,33.301167,30.981052,10,0.712984,5.202863,14.584907090247906
85.86600631827949,27.881922288871586,23.174408,33.084953,10,0.78517395,5.202863,15.034953833252393
85.86509397472035,27.88208456718289,11.037406,25.561445,10,0.73808277,5.202863,14.485337902351779
85.8694622794598,27.84302733611129,170.82254,42.56032,30,0.38671875,5.761692,14.245969530831351
85.86657898599901,27.843496599984302,161.93213,41.522465,30,0.44049248,5.761692,14.543140618389218
85.86418543668725,27.845364457766564,132.69637,29.809381,30,0.44624034,5.761692,14.88076972483233
85.8647109698321,27.84532579215717,143.51828,27.630024,30,0.3478411,5.761692,14.962142299706688
85.86304097041929,27.842425504742057,135.47931,46.243496,50,0.19808562,5.761692,14.234676614709427
85.84909909729355,27.839372239152254,149.19292,46.029404,30,0.3428332,5.761692,14.505646853897549
85.84839921408869,27.838141372403115,161.85133,49.610493,10,0.6538595,5.761692,14.735270669643239
85.83926779595288,27.832672908075537,127.63015,42.03272,10,0.6206089,5.761692,14.579355561412166
85.83648235967654,27.8297960080174,107.33412,33.103554,10,0.6251403,5.761692,14.71810790342217
85.83711766737508,27.82930711486213,58.44484,37.715572,10,0.7712487,5.761692,14.787288633201186
85.83781300223505,27.829015821515306,50.46417,35.452442,10,0.534912,5.761692,14.969661811435879
85.84266991351268,27.835296763960045,145.8428,34.398617,10,0.47444254,5.761692,14.81815627925735
85.84564413763086,27.88560181108046,147.33566,49.08283,30,0.63017446,5.202863,14.710929682223899
85.84635254514377,27.885880076770707,133.8202,41.618317,30,0.6051291,5.202863,14.650782059969155
85.84685180027373,27.886161306718325,141.33174,40.366173,10,0.6686207,5.202863,14.684538552618868
85.84623761115208,27.833535405275175,140.1101,44.14206,10,0.53038883,5.761692,14.863360596978774
85.84744341125291,27.833776561416958,145.45918,42.11329,10,0.39199448,5.761692,14.666918068845037
85.84838241547011,27.833935224992437,136.03429,37.404503,60,0.29685265,5.761692,14.622528079145686
85.84709144837838,27.83020777612284,148.45592,33.616158,30,0.48402002,5.761692,14.431621121436192
85.847805441636,27.830486031624297,126.72865,36.161358,30,0.54272515,5.761692,14.566345197776716
85.84806019982057,27.831919028465087,120.521355,32.51711,30,0.389899,5.761692,14.737323774326258
85.8488511173265,27.897176058236692,25.710175,40.17852,10,0.7884008,4.6328516,14.567363491645441
85.8876815880126,27.8743384260186,343.49646,35.340446,10,0.74422514,4.586505,13.836044481439068
85.90188096565362,27.877609173610704,298.3406,50.83398,10,0.48671025,4.586505,14.328161487284763
85.90301349104088,27.874269644309976,3.0835013,34.24986,10,0.6979257,4.586505,14.535971599706327
85.90237507844097,27.874582313303485,356.9165,34.24986,10,0.6857143,4.586505,14.336224545452339
85.90163520708303,27.87434301209208,281.3985,46.79791,60,0.55872613,4.586505,13.72330972596445
85.89600375847832,27.87438089022511,18.481398,36.9063,10,0.67602926,4.586505,14.45327373283105
85.89966760756563,27.875862050566028,341.25372,45.72624,10,0.48871675,4.586505,13.267443526344024
85.91007859136218,27.87547365274255,312.6884,29.81311,10,0.63731825,4.586505,14.373995337968102
85.90768576397538,27.87429659694292,13.86459,42.522247,60,0.5818354,4.586505,14.428854891340732
85.90765953620287,27.87209042033844,3.6985564,29.585938,10,0.5889764,4.586505,14.815904059362166
85.90745283707959,27.870887521168548,350.23273,37.07432,10,0.47319657,4.586505,14.644891427868814
85.90690236346236,27.870784096784345,340.34192,33.152813,10,0.6424581,4.586505,14.573131034031631
85.9107313113691,27.86867540135337,25.676262,35.695484,10,0.64021665,4.586505,14.785351535005073
85.91265066269447,27.869574330625305,331.10983,37.16353,10,0.6644697,4.586505,14.614382192488351
85.91052939799633,27.870836570184785,36.025055,29.267809,30,0.33739132,4.586505,14.948425440207926
85.91168303751613,27.871682621934124,2.1594589,25.918743,60,0.32019705,4.586505,15.054509991426713
85.9180139678818,27.878508822148564,38.94057,55.53401,30,0.48334244,4.586505,13.484166224315343
85.91623587493523,27.87966859614773,16.858353,43.447433,10,0.6971882,4.586505,14.12009076486115
85.92596082429428,27.873791187482038,22.625198,33.680378,60,0.57022,4.586505,14.451616249642974
85.93436420591388,27.87091230126007,353.27954,38.03923,10,0.71086675,4.586505,14.27264927400632
85.93486615894047,27.87117169828003,17.497873,45.99535,10,0.49659863,4.586505,14.4603950268821
85.94123910381347,27.869435629213893,357.60092,23.627129,60,0.09520654,4.586505,15.156100988611392
85.93832036755359,27.87110062671232,24.019285,30.320738,30,0.53495216,4.586505,14.795385510891565
85.94746903576079,27.867968281018687,30.725195,48.010895,60,0.3840739,4.586505,14.308135717864788
85.9514362281984,27.865010800438057,327.27106,40.254032,30,0.5718182,4.586505,14.32439886466884
85.94952474425756,27.86591986466731,19.190533,33.761517,10,0.50650346,4.586505,14.3962498632611
85.96157165224233,27.85187230843655,340.20773,37.12497,30,0.6706444,4.586505,14.939081981197955
85.94127859411176,27.863706510913183,353.2099,31.777401,10,0.7904915,4.586505,15.062521187252642
85.94055608055088,27.863055393048725,-0.0,40.089466,10,0.7196893,4.586505,14.655668752740098
85.90023980685919,27.86520436200604,31.496264,42.341846,60,0.19941205,4.586505,14.443981140883215
85.90174579441691,27.86761088009401,31.93547,43.06591,60,0.46145833,4.586505,14.308395456566892
85.90685479680162,27.87834365114036,353.79187,40.255577,10,0.6876694,4.586505,14.09022149170321
85.90363404251096,27.868694349224604,244.25693,33.856167,10,0.833607,4.586505,14.675466735139514
85.90198949196801,27.870013190161025,252.47815,38.886646,10,0.79063547,4.586505,14.44920177951442
85.90510172653362,27.858687600847663,87.02295,43.077972,30,0.51000327,4.586505,14.60690489185902
85.8725116470977,27.88379939778824,182.81607,48.19663,30,0.3979239,5.202863,14.220774393037157
85.8717853308399,27.880886470060453,209.1667,54.275158,30,0.5028587,5.202863,14.250702752125685
85.87326318381945,27.88020628125348,190.6779,49.86476,30,0.25984752,5.202863,14.012250936549199
85.87559472629314,27.88171539684272,188.21812,37.55017,30,0.52492213,5.202863,14.572987487164445
85.87604399661593,27.878867633960407,207.40733,69.151085,30,0.37757763,5.202863,13.911809462722992
85.87500387833919,27.89181630150584,200.66376,37.902,60,0.117232546,5.202863,14.95632788271073
85.87775886301843,27.8777741379738,195.79208,45.26701,30,0.48224044,5.202863,14.100457508802904
85.89703546822574,27.87908808830288,157.47076,46.438393,10,0.3706701,4.586505,14.145093438055843
85.90049253801283,27.8793508181366,162.38225,44.071705,60,0.27663305,4.586505,14.053888169657307
85.90533197567595,27.88390605622048,194.9065,40.50816,30,0.4942623,4.586505,13.975059081238678
85.90740843964723,27.88299688287353,129.80766,39.84179,30,0.4945935,4.586505,14.472526985101569
85.90889977507572,27.88514182249381,139.16513,57.010372,60,0.39789304,4.586505,13.65629751097413
85.90620933067459,27.900221140358926,160.99747,38.222412,30,0.18888618,4.4041653,14.554152005930211
85.91115694516294,27.89874385208569,157.37016,33.68127,60,0.30507764,4.4041653,14.416791442287805
85.90800055269666,27.91080174413181,120.503105,10.832626,30,0.010090984,4.4041653,15.601229178321399
85.89677119314618,27.89322099414437,196.94188,41.346268,10,0.5222729,4.4041653,14.682562777928654
85.86778034842439,27.891755231837173,178.70369,38.993484,30,0.2875564,5.202863,14.872558660017836
85.86032778391555,27.88902250863785,188.57861,36.378765,60,0.49459264,5.202863,14.855291352055387
85.87030336402343,27.884738379870992,228.52684,45.75203,30,0.30183727,5.202863,14.064064090063855
85.87044823213698,27.885455609227296,228.527,26.052124,10,0.63285667,5.202863,15.052804113038688
85.86867774163063,27.886224788259195,135.42154,35.16537,30,0.41881487,5.202863,14.035700356358914
85.86932490538335,27.885870438898007,157.26498,25.355808,30,0.3948052,5.202863,15.0516745859113
85.86949807269664,27.88663915469391,164.76395,42.176067,30,0.5944294,5.202863,14.780518846506842
85.86644543529295,27.88399417896977,161.59505,41.025948,10,0.46414158,5.202863,15.137815851637715
85.89329308042545,27.87945155784731,199.19272,41.710762,10,0.40435356,4.586505,14.73862047132086
85.88891395325508,27.879788218035053,178.30956,61.766853,30,0.22849542,4.586505,13.764190998993568
85.93118715494379,27.902107146677963,257.54138,39.536015,10,0.47632313,4.4041653,14.743648136883946
85.93181527622195,27.90103665593496,197.15022,10.55608,10,0.63969034,4.4041653,15.644194936502597
85.93101412174448,27.90025848875241,312.15512,63.73053,10,0.6706337,4.4041653,14.313833699764931
85.93168716944861,27.89801265577473,242.72713,36.570362,10,0.62234956,4.4041653,14.8897868762732
85.93141861133095,27.89678003662564,239.90616,52.246605,30,0.49130833,4.4041653,14.38058254417301
85.93322225050753,27.894467804190583,245.05386,49.026108,30,0.3341108,4.4041653,14.442232394136186
85.94196239146748,27.883712253075487,232.60384,40.462128,60,0.13709924,4.586505,14.816461437058418
85.94231438525446,27.88261627895314,218.81702,43.07381,10,0.50549775,4.586505,14.89934787088346
85.94454378789878,27.883347847595637,193.81737,37.482002,60,0.11772316,4.586505,15.05102601306996
85.94637291851186,27.88000334708332,265.6047,40.194553,10,0.73739356,4.586505,14.867786741670525
85.94548430207983,27.87827913571488,224.70871,36.08751,30,0.39053482,4.586505,14.958865613470513
85.94903876336343,27.868822601728503,237.72987,53.76074,30,0.46454266,4.586505,14.204417926267988
85.9486210992655,27.87001444235964,261.4429,41.034367,10,0.7728843,4.586505,14.60561126805409
85.9459845167137,27.872896281357857,217.68803,39.986233,30,0.74768895,4.586505,14.44371720487204
85.93058254904895,27.876117022469785,213.83725,57.64663,30,0.46987316,4.586505,13.720629272283261
85.91554778051783,27.88339409803917,215.41795,34.808037,60,0.30789614,4.586505,14.30694385784367
85.9148859682565,27.884012699788077,182.55707,50.92271,60,0.20878136,4.586505,13.752890000122557
85.91678325606493,27.881559604312475,249.16444,54.67126,60,0.33333334,4.586505,13.81219191061876
85.91795596449474,27.880403433613385,227.40817,31.877373,30,0.51448363,4.586505,13.809992421911305
85.94608640741478,27.87451317105233,202.07478,42.79413,60,0.31351003,4.586505,14.872742884213759
85.94775939056484,27.872384988569763,196.11008,38.37654,30,0.46347097,4.586505,14.64086689186902
85.95043608139069,27.87043455928798,258.02164,54.538708,10,0.399978,4.586505,14.246151362132002
85.9508765150719,27.869660984602767,220.0061,33.230385,30,0.6951673,4.586505,15.038558111549916
85.95974598040067,27.86848072100836,220.04079,36.50327,30,0.3914819,4.586505,15.28468829305853
85.96080881872878,27.866290828270824,155.65475,23.950445,30,0.37906137,4.586505,15.423815558449427
85.96405845095761,27.86755167897109,161.65689,44.687492,30,0.5264256,4.586505,15.485725688991867
85.96894597758103,27.86911476784257,239.77287,42.999405,30,0.5129274,4.215698,14.870505576837976
85.96810383820863,27.87166728809551,171.6955,26.891321,30,0.56524545,4.586505,15.40429432781235
85.95816669815751,27.909025098722225,224.44275,34.223763,10,0.5594486,4.4041653,14.898219238675479
85.95643937752742,27.91272037959352,272.46823,36.93488,10,0.63349026,4.4041653,15.242752555221205
85.95712358396261,27.91114974498214,209.50208,42.921917,30,0.51709986,4.4041653,15.2497137944951
85.4892068780708,27.864232272043623,204.06102,33.966938,10,0.7112513,4.607892,14.691969592234654
85.48939698736523,27.864139682058948,198.13039,32.91384,10,0.80975246,4.607892,14.737814282637117
85.49010649365654,27.86450967534231,164.72841,25.948904,10,0.7203431,4.607892,14.946636128568386
85.48979496436313,27.864079839156584,189.3671,38.22092,10,0.6555055,4.607892,14.633966140568301
85.49023381438708,27.86341417823889,220.80199,39.0982,10,0.81265914,4.607892,14.492654233078357
85.48708260565782,27.864227205853958,193.94456,34.366356,10,0.74833,4.607892,14.652632367065017
85.7882739404903,27.997994701088786,81.39275,32.982765,30,0.43000987,4.90307,14.833744001634845
85.7859926047759,28.005188915821822,104.25103,54.08972,30,0.5065094,4.90307,14.469433202570867
85.65373459763792,28.0608486408544,148.9817,42.78587,30,0.45196468,4.772528,14.457226377308066
85.65155552120409,28.06275094746548,89.14312,47.267197,30,0.4585275,4.772528,14.637710229516005
85.65317307261293,28.067450224319156,178.45438,34.220943,30,0.39387268,4.772528,14.850908547691425
85.64849235170509,28.0717966805542,112.15821,27.250036,30,0.44495884,4.772528,15.852316567581939
85.65212366110492,28.07217966393256,131.42374,18.90812,60,0.3043719,4.772528,15.972798483690669
85.62855284214072,28.05400769182916,44.57691,46.271137,30,0.6920583,4.772528,14.650283331851501
85.62591801878361,28.03599410508325,66.873184,31.725163,10,0.7858152,4.772528,16.412411240626362
85.65955823681871,27.966054177544567,194.5663,45.574215,10,0.667146,4.5957475,14.55925316402078
85.66321470889696,27.966840804512263,203.15773,38.38935,10,0.74242425,4.5957475,14.943893004648707
85.66148217774608,27.967310686901143,185.87674,35.60361,10,0.74398816,4.5957475,15.033029304616566
85.7328353117145,28.08229992282413,51.548893,35.10177,100,0.3647059,4.1764784,15.877239446991542
85.74305895240836,28.10257585768345,64.18529,32.291,30,0.33169958,4.1764784,15.496037503617256
85.70785300450076,27.750648609576672,219.54797,28.626867,10,0.6759026,4.136266,14.43224832555138
85.70795647584227,27.7499593606906,211.64719,22.701517,30,0.489815,4.136266,13.925747686369167
85.70896133129015,27.74965720114756,206.78802,40.440735,30,0.45369393,4.136266,13.987868416564277
85.70876125433446,27.749248603671383,217.57216,43.828705,30,0.4152137,4.136266,14.240632932915256
85.67615251265866,27.75804495678515,235.75652,40.794987,30,0.60613286,4.263062,13.818669941452933
85.67579129497496,27.763836944407387,226.86511,40.44225,10,0.5125704,4.263062,13.780837159243456
85.68274616264387,27.76316987230065,334.15787,26.730757,10,0.5379291,4.263062,14.5881205378531
85.7786747717953,28.10337445459401,87.70393,50.478416,100,0.32367688,4.4309444,15.448770466388778
85.78026145516195,28.10193418743649,125.90441,67.39303,100,0.30201006,4.4309444,14.211071307013384
85.77906547762538,28.09747487672773,144.03903,44.998985,30,0.39716023,4.4309444,14.987952292565273
85.77336849400413,28.102097791602045,134.4248,58.295296,100,0.29519343,4.4309444,14.681650789818502
85.7624069327954,28.10397488152323,132.30527,57.39354,60,0.11482837,4.4309444,14.910746599122554
85.76511067794706,28.101288313094344,80.33899,46.69691,100,0.23219907,4.4309444,15.394818980796035
85.76539645337317,28.10330952656766,135.306,51.394726,100,0.21801141,4.4309444,14.973333611813056
85.76725843439021,28.092396492253176,129.63077,49.417473,30,0.26235613,4.4309444,14.968649099322787
85.77908545801274,28.107763569460737,108.03127,58.332645,100,0.25597915,4.4309444,14.70066966429734
85.78751784846087,28.108260734398343,135.23016,42.366756,30,0.2288367,4.4309444,15.516874867350648
85.78779892561191,28.109771356153367,98.36301,48.06087,100,0.2950982,4.4309444,14.98366281104421
85.78854231716096,28.111289998521773,239.54346,7.2797217,60,0.11409396,4.4309444,17.879875787266144
85.78988357083064,28.11287875745556,167.70026,23.304913,100,0.07555009,4.129517,16.12189269093794
85.79061223782044,28.115949674899927,170.7997,51.62246,100,0.23497997,4.129517,14.930705742031964
85.79296038924139,28.116764494728447,167.73958,63.29528,100,0.28537735,4.129517,14.48074602984346
85.79177409916515,28.111434134523357,288.573,39.11691,100,0.2641392,4.129517,15.323015545328158
85.7898680631824,28.11007218224676,319.07562,20.012407,60,0.18562551,4.129517,15.233284169699859
85.79384228905248,28.10126109199635,203.30554,41.38957,60,0.20232897,4.129517,15.833046684587233
85.81746011517261,28.100435293863647,147.64578,33.085472,30,0.2821101,4.129517,15.81973423000073
85.85546479608774,28.05560879244417,156.9777,54.599155,100,0.22968198,4.2978764,14.736864176660557
85.8270274120825,28.01090085491704,112.35214,55.35676,10,0.48051947,4.568584,15.258055963405166
85.83235872689549,28.014380637851925,137.1765,13.646114,30,0.5649976,4.568584,14.937097875298583
85.83118313387656,28.016774354428275,87.30432,54.007683,30,0.3822935,4.568584,14.645754456113814
85.82855597454487,28.01391300355812,135.96255,61.561115,30,0.4110047,4.568584,14.334251715943376
85.82962509320556,28.018827369666667,90.0,32.692142,30,0.44213703,4.568584,14.791205215833498
85.82013647747202,27.99832708353361,184.68044,53.43214,60,0.16157445,4.568584,14.489864128470298
85.8261006622048,27.99974428553853,144.3484,30.86449,60,0.407676,4.568584,15.209071868197183
85.80226829896242,27.996417143422036,184.97891,40.196217,10,0.63482535,4.568584,14.966316294438663
85.79864485169173,27.99510406408576,226.98608,53.0376,10,0.6398942,4.568584,14.549670510467964
85.80991922750844,28.042358388949378,187.44818,22.999447,100,0.30374065,4.568584,16.366957426496512
85.81523427945774,28.03912712796388,243.65846,59.209766,100,0.29234973,4.568584,14.824644170670226
85.7922653433097,28.052870109394163,148.61078,44.59837,30,0.43580562,4.568584,15.091695910458508
85.76655996067275,28.056920891840907,229.47276,37.67742,30,0.45147678,4.90307,15.004597553984857
85.77090727319148,28.055787245066146,196.13605,38.380196,10,0.5276034,4.90307,15.22166283091761
85.96174018134235,27.9804104979542,133.62726,57.920425,30,0.14762443,3.810093,14.32974769265785
85.9307476115817,27.96354875031364,164.196,36.51047,30,0.49347258,3.810093,15.422460127473057
85.62960558483054,27.936942835103807,108.87997,30.97694,10,0.78732306,4.625964,14.466719866062911
85.59380158540561,28.024054410603032,79.472115,35.327858,10,0.83504015,4.835017,14.468500673119273
85.59233217521914,28.033738765423102,114.492714,31.994787,10,0.79759973,4.835017,15.0529769448369
85.59115073689982,28.032956940219023,105.68752,39.968147,10,0.8040254,4.835017,14.84640529746723
85.59165302682527,28.029579340270736,116.84322,57.02809,10,0.7000417,4.835017,14.581214192614263
85.58169310350776,28.03303849663033,128.82687,58.00721,30,0.41234127,4.835017,14.415293645944198
85.62757235562523,27.97441756736801,126.63859,40.95887,10,0.8129918,4.5826526,14.502163337059319
85.62812371063845,27.974912605243556,86.01165,34.923252,60,0.39183673,4.5826526,14.703964098462292
85.5920215793238,28.00689840223,150.89432,47.54713,10,0.41390964,4.835017,14.442464147019907
85.59291126148415,28.007104897349755,134.64365,56.66658,10,0.746232,4.835017,14.826163084776972
85.58559752161331,28.00440073381087,135.6323,26.481478,60,0.3666341,4.835017,15.540315649320668
85.58905601119808,28.003183903126548,123.51221,23.739595,30,0.7686932,4.835017,15.036853887109162
85.63179473441565,27.99155994557817,228.555,35.345715,10,0.7712889,4.772528,14.853643233735228
85.62900342323962,27.996358591747438,241.48164,53.596897,10,0.46185163,4.772528,14.294088260802814
85.59634251555647,28.016341275678545,118.69384,46.265484,10,0.87262946,4.835017,14.490763762463812
85.59796429625287,28.01368356606953,59.52075,24.075098,10,0.8598563,4.835017,15.321439387966011
85.57632519186791,28.046702924612088,130.79263,47.471355,60,0.12153993,4.835017,14.992623386823547
85.58088787466284,28.06444608751076,126.93183,31.78395,100,0.27313942,4.835017,15.44016073390528
85.5813452698115,28.06572504669529,131.42543,38.916595,30,0.27257034,4.835017,15.385957489702106
85.58949315763839,28.08119473319695,189.19739,24.66273,10,0.46506453,4.2639217,15.858683756347816
85.5878394925943,28.081965741852176,63.88808,10.420227,30,0.37590644,4.2639217,16.78208322076257
85.6626442193543,27.99913772205616,203.41446,50.183758,10,0.6426609,4.758372,14.484599856229302
85.661887242523,28.07021441062409,233.99565,37.633923,10,0.6182411,4.758372,15.204829160112576
85.65297497907122,28.0704688420165,78.40376,38.84475,30,0.68415636,4.772528,15.091764756400371
85.65250641235924,28.06542315117601,88.55578,52.099968,30,0.491158,4.772528,14.648181774171976
85.65630319840086,28.05784146738293,317.42343,39.124023,10,0.78028595,4.758372,14.959174829550788
85.51613461122638,27.97307710044046,117.62572,48.16679,10,0.6857264,4.5461755,14.614810240449838
85.52000179184326,27.973638132581485,121.93981,47.766895,10,0.8359655,4.987441,14.528754564226157
85.52145765471812,27.97420590590029,131.44963,43.6429,10,0.81139976,4.987441,14.664650404595486
85.52104603680806,27.976091542574576,145.60226,40.150555,10,0.615041,4.987441,14.683304384115573
85.52306867805515,27.975667341220365,133.86282,40.838963,10,0.81669146,4.987441,14.743382319651234
85.56301368555641,27.986864518297757,157.45059,46.442574,10,0.71999377,4.726099,14.794467242086654
85.5647047398843,27.987498697932644,176.33234,40.686066,10,0.7396016,4.835017,14.988237236265492
85.56536096821492,27.98923217528213,182.447,40.653835,30,0.42798996,4.835017,15.024308505980294
85.53974245108007,27.99279746045538,245.66411,39.520382,10,0.7290651,4.726099,15.085899444871345
85.53125587890254,28.072294712920343,90.0,57.931904,60,0.27303588,4.726099,14.582593436796966
85.52902583916308,28.07545007713123,77.216866,52.788517,30,0.29803205,4.309736,14.688585565617494
85.52635110371445,28.07600342905767,28.955671,66.94478,30,0.20161635,4.309736,14.468383833050058
85.65985182101423,28.079054975390186,284.67786,50.51719,30,0.31121808,4.347579,14.306024862958623
85.52382655457647,28.08122056576056,80.13099,52.900276,30,0.35781112,4.309736,15.408605268103472
85.55313749597622,28.01163742891151,221.84818,43.05875,30,0.62312204,4.726099,15.135977629740541
85.55646333730189,28.006004795566355,208.34013,49.20477,30,0.67474,4.726099,15.26624877013043
85.55802048487276,28.00683329577921,213.38458,46.836853,30,0.38876423,4.726099,14.788938792166809
85.54376850699214,28.011299997500384,207.43607,41.201576,10,0.84255797,4.726099,14.814290703312574
85.54337361326375,28.00704802849415,208.34038,37.6851,10,0.7774455,4.726099,14.961983436525244
85.54188739251923,28.007086855197887,183.16243,33.61242,10,0.7951513,4.726099,15.446129131491688
85.54236259656503,28.007281917574613,182.02715,27.3992,10,0.72225994,4.726099,15.5172507225552
85.52304450331441,28.00123087589065,185.39172,37.970833,30,0.5366066,4.726099,14.707073135710699
85.52064382167578,27.993340525687685,178.84145,42.198612,30,0.52039814,4.726099,14.830006382810245
85.49991886155817,27.99379165001636,175.95128,46.085,30,0.2915057,4.541609,14.656211246718126
85.51148061823604,28.022614495114443,168.24637,39.01399,60,0.35580912,4.541609,15.202666997240447
85.51056187371105,28.02187111731655,120.47738,14.323226,30,0.47797284,4.541609,15.837407104214906
85.51015617774615,28.02476834256094,189.38078,38.22202,30,0.3543338,4.541609,15.12957743392144
85.50929180884154,28.02466368813524,147.99422,28.968683,10,0.28883773,4.541609,15.479082861654112
85.511195778223,28.024870628685484,184.6261,48.664318,30,0.43734115,4.541609,15.035599301539623
85.51480693909362,28.02373237429905,153.63661,40.93203,10,0.45217827,4.541609,14.883790967693473
85.51489350427634,28.0245104668081,175.30717,48.25782,30,0.4787695,4.541609,14.754071897375757
85.5296465339668,28.017366917267086,124.567535,42.395706,30,0.58468086,4.726099,14.918441891262939
85.52861112828417,28.017299941563607,122.58971,32.25758,10,0.6416769,4.726099,15.157668748118333
85.52908339645403,28.01627138652144,139.05403,45.207745,10,0.7982192,4.726099,14.802127000179993
85.50994964018184,28.01932698236141,91.827576,56.706886,60,0.30511945,4.541609,15.05241711920622
85.5079134146701,28.02014847273057,87.80196,40.168846,60,0.13770033,4.541609,15.170628648507448
85.50762791608128,28.022200814511404,182.70236,21.253,30,0.28335136,4.541609,15.358424672658243
85.52346946216741,28.040024446299725,105.68652,39.969902,30,0.6311546,4.726099,14.794579283824557
85.52272331202781,28.041041071040876,127.98175,31.173624,10,0.6718075,4.726099,15.11004960998078
85.52108042397025,28.04178961925324,321.01703,23.620714,10,0.70511293,4.726099,15.62500711483305
85.51381954339855,28.04407409405757,107.389275,30.786964,10,0.7937551,4.541609,15.201814957861947
85.5146344511112,28.047442636058843,346.7181,21.761097,30,0.6695563,4.541609,15.38601895164068
85.4994664237711,28.047784349333224,98.852394,32.257874,30,0.32015333,4.541609,16.213003645820688
85.50359797509522,28.04928733864073,84.69249,19.29013,30,0.4379797,4.541609,15.133998752139348
85.5011390892257,28.043872944009408,101.18986,47.318928,100,0.24527399,4.541609,15.194788462011953
85.49885672996385,28.05277662802391,46.556595,46.007725,60,0.3513773,4.541609,14.994512851314553
85.49198135982692,28.05538403215061,38.602432,42.346375,100,0.32076037,4.541609,15.324135461548098
85.51178192186393,28.08995763556706,150.45721,40.560787,60,0.0911641,4.169458,15.630207511574431
85.51320572869983,28.08974165891653,154.97958,31.273773,100,0.28589264,4.169458,15.82384607192719
85.51352234906669,28.089916718543197,147.59384,25.61036,100,0.23236124,4.169458,15.701767469044995
85.50999605298612,28.089042727293364,83.85932,37.112972,100,0.17883268,4.169458,15.665048947280713
85.50778042979385,28.0898519312809,33.889828,27.767681,60,0.060841598,4.169458,15.70491058378994
85.5066680732542,28.090241491376396,45.943935,38.36188,100,0.13683292,4.169458,15.504751715506975
85.50623378542143,28.090564192475178,50.60159,34.551857,100,0.19571708,4.169458,15.813556512782235
85.50542266442272,28.09088467053654,56.159187,28.91177,100,0.20140688,4.169458,15.972387785354757
85.50447961569621,28.092330571026608,169.91756,39.980698,30,0.1999396,4.169458,15.59474080348628
85.50531360069216,28.092125968635436,197.40791,38.56691,100,0.14745308,4.169458,15.512431772785703
85.50813129717153,28.091669145798917,168.49985,32.791946,100,0.13214286,4.169458,15.89128280491017
85.50564965920837,28.091879979729654,173.89612,40.789055,60,0.19103734,4.169458,15.428411454898983
85.53523458487241,28.114218437337584,50.682194,33.59404,60,0.025536692,4.309736,15.507132325061
85.52954989122543,28.116460772966768,90.0,46.292274,60,0.11875864,4.309736,15.35507331468791
85.54283218736391,28.11505896787965,180.0,36.67275,100,0.2575359,4.309736,15.708544734916403
85.53765284463032,28.118445679131103,197.55815,36.132732,100,0.40796307,4.091997,15.417642419077781
85.5289133159252,28.125090603349925,220.8708,39.12731,70,0.03521896,4.091997,15.499574090588233
85.53201053556074,28.122396850520776,231.2785,37.8239,100,0.23295145,4.091997,15.414405042579524
85.53647432628472,28.09876398298477,73.61427,16.008871,60,0.063984945,4.309736,16.68686693063613
85.54149602400454,28.099414256591245,91.44376,52.108727,100,0.26647565,4.309736,14.920091793492468
85.53767408699389,28.094604810623835,120.10144,36.58879,60,0.15812995,4.309736,15.11841528130571
85.97503217757493,27.870134616204503,219.44403,42.68614,10,0.55576384,4.215698,14.59220507522542
85.97159925063943,27.868765958869037,194.36575,41.52953,30,0.28589422,4.215698,14.94723542242231
85.9721307998537,27.8688500129257,185.17094,39.100624,30,0.32518494,4.215698,14.937152369840609
85.9634759603246,27.87118921374004,106.95269,29.037737,10,0.7045363,4.586505,15.274313873898803
85.92689199295987,27.904649424784917,252.00099,69.10463,30,0.44902387,4.4041653,14.079700845648585
85.92413601419364,27.90639874257202,282.45813,34.032967,30,0.53589165,4.4041653,14.653837883447274
85.93056983118913,27.914116011536613,286.92014,49.43188,10,0.5385634,4.4041653,14.152205135789242
85.93043108353415,27.912360053035574,296.71143,55.891758,10,0.44923076,4.4041653,13.853233386971661
85.92880714750693,27.911040392315616,297.7643,44.215935,10,0.5772595,4.4041653,14.347596118436991
85.93357549872194,27.916867069728,341.58984,55.41105,60,0.5196172,4.4041653,13.892425146924062
85.92000496241324,27.893680414546985,276.87216,39.06714,30,0.39430362,4.4041653,14.068810563650366
85.9161895876325,27.890701059212933,255.4283,43.98322,10,0.6922834,4.586505,14.462502825291333
