{
"type": "FeatureCollection",
"name": "boundary",
"crs": { "type": "name", "properties": { "name": "urn:ogc:def:crs:OGC:1.3:CRS84" } },
"features": [
{ "type": "Feature", "properties": { "adm2_name": "Sindhupalchok", "adm2_name1": null, "adm2_name2": null, "adm2_name3": null, "adm2_pcode": "NP0323", "adm1_name": "Bagmati", "adm1_name1": null, "adm1_name2": null, "adm1_name3": null, "adm1_pcode": "NP03", "adm0_name": "Nepal", "adm0_name1": null, "adm0_name2": null, "adm0_name3": null, "adm0_pcode": "NP", "valid_on": "2024-03-14T00:00:00", "valid_to": null, "area_sqkm": 2490.83730973, "cod_versio": "V_02", "lang": "en", "lang1": null, "lang2": null, "lang3": null, "center_lat": 27.90696, "center_lon": 85.7556089 }, "geometry": { "type": "Polygon", "coordinates": [ [ [ 85.816439527000171, 28.199416627000119 ], [ 85.817276447000154, 28.195329571000173 ], [ 85.817944204000071, 28.19388021300017 ], [ 85.819006043000115, 28.192766525000025 ], [ 85.819012901000121, 28.192759332000037 ], [ 85.819419225000161, 28.192573356000139 ], [ 85.821294848000036, 28.190463434000151 ], [ 85.821671984000147, 28.190039187000139 ], [ 85.821994899000117, 28.189875076000135 ], [ 85.822881087999974, 28.189424700000188 ], [ 85.824492029000169, 28.188121159000104 ], [ 85.827338759000156, 28.186203256000113 ], [ 85.827862314000186, 28.185775191000118 ], [ 85.828821340000161, 28.184991079000099 ], [ 85.829683920000093, 28.184660062000148 ], [ 85.830928943000174, 28.184657146000063 ], [ 85.831588431000057, 28.184701041000096 ], [ 85.833767186000102, 28.18484605500015 ], [ 85.837270720000106, 28.184399804000122 ], [ 85.838864276000152, 28.184196829000086 ], [ 85.840195601000062, 28.184183292000114 ], [ 85.841538366000066, 28.183969085000058 ], [ 85.843162414000119, 28.18334667 ], [ 85.846395229000166, 28.183601705000058 ], [ 85.846745969000096, 28.183714824999981 ], [ 85.847954012000116, 28.18410443800019 ], [ 85.848401201000058, 28.184099196000091 ], [ 85.848743487000149, 28.183341833000043 ], [ 85.849015559000122, 28.181354453000097 ], [ 85.849016937000044, 28.181336745000067 ], [ 85.849299852000058, 28.177704582 ], [ 85.84933654800011, 28.177233453000042 ], [ 85.849312233000148, 28.176701690000186 ], [ 85.849231301000032, 28.174931657000172 ], [ 85.849523131000183, 28.173030373000074 ], [ 85.849694439000132, 28.171914292000167 ], [ 85.849798436000128, 28.171236749000172 ], [ 85.849940988000185, 28.170710667000151 ], [ 85.850236253000048, 28.169621002000156 ], [ 85.850561399000128, 28.168421077000062 ], [ 85.851188782000065, 28.16712020500006 ], [ 85.851373888000069, 28.166891594999981 ], [ 85.852816111000152, 28.165110414000139 ], [ 85.853038493000042, 28.164494535000074 ], [ 85.853126341000063, 28.164251247000038 ], [ 85.853698530000031, 28.163554444 ], [ 85.85487440300011, 28.162840050000057 ], [ 85.85529915300009, 28.162581997000132 ], [ 85.855358832000093, 28.162520689000189 ], [ 85.856307668000113, 28.161545983 ], [ 85.857362507000062, 28.161441896000042 ], [ 85.859216664000087, 28.161258936000138 ], [ 85.859358815000064, 28.159315550000144 ], [ 85.859704169000054, 28.158192782000128 ], [ 85.859810933000176, 28.156941646000178 ], [ 85.859781453000039, 28.156269142000099 ], [ 85.859742213000175, 28.156110850000175 ], [ 85.859486145000119, 28.155077870000127 ], [ 85.859611458000074, 28.154359249000095 ], [ 85.86030250400006, 28.153414057000077 ], [ 85.860391753000101, 28.153291983000088 ], [ 85.860474401000147, 28.153063002000067 ], [ 85.860708355000156, 28.152414817000135 ], [ 85.861680441000146, 28.151231816000063 ], [ 85.862990165000156, 28.150247864 ], [ 85.867237408000108, 28.148320916999978 ], [ 85.868693718000145, 28.147660198000153 ], [ 85.870145860000036, 28.146704434000128 ], [ 85.871193438000034, 28.145427193000046 ], [ 85.871834503000059, 28.144372236000038 ], [ 85.872237734000123, 28.142866379000054 ], [ 85.872024903000181, 28.142138190000139 ], [ 85.871615491000057, 28.141735499000106 ], [ 85.871502233000115, 28.141624102000037 ], [ 85.871163854000088, 28.141034773000058 ], [ 85.870869797000182, 28.139771319000147 ], [ 85.870652264, 28.139098609000087 ], [ 85.870026467, 28.137163350000094 ], [ 85.869828810000115, 28.136905008000042 ], [ 85.869686022, 28.13671838300013 ], [ 85.86919399400017, 28.135315688000162 ], [ 85.869073673000059, 28.133688207000034 ], [ 85.869138554000187, 28.133111259000088 ], [ 85.869155197000055, 28.133080745000086 ], [ 85.869517082000073, 28.132417329000077 ], [ 85.869966718000171, 28.132008185000132 ], [ 85.870305752000149, 28.131259758000112 ], [ 85.870183908000172, 28.130647436000061 ], [ 85.869300809000038, 28.129110621 ], [ 85.869201583000176, 28.128381195000088 ], [ 85.869186220000074, 28.128268256000069 ], [ 85.869212339000171, 28.128195806000065 ], [ 85.86951219700012, 28.127364093000097 ], [ 85.869432328000187, 28.126133681000113 ], [ 85.86943117300018, 28.12611589100004 ], [ 85.869517804000111, 28.125345149000054 ], [ 85.870010964000073, 28.12369561700018 ], [ 85.870989485000109, 28.122555425000144 ], [ 85.872276529000032, 28.121327558000075 ], [ 85.872488150000038, 28.121182811999972 ], [ 85.876522883000177, 28.118423111000027 ], [ 85.877438864000055, 28.117796591000058 ], [ 85.878560665000066, 28.117338839000183 ], [ 85.879778257000055, 28.117145752999988 ], [ 85.881144693000181, 28.117269426 ], [ 85.881147760000147, 28.117269704000023 ], [ 85.886042048000093, 28.117316351000113 ], [ 85.887809072000096, 28.116983286000163 ], [ 85.88874920700016, 28.116553279000186 ], [ 85.889065987000095, 28.116118262000157 ], [ 85.889108556000167, 28.115875106000146 ], [ 85.889203237000061, 28.115334272000155 ], [ 85.889895239000111, 28.113950221000096 ], [ 85.890466860000117, 28.113600699000131 ], [ 85.892085286000054, 28.112921227000072 ], [ 85.894179311000016, 28.112275854000018 ], [ 85.894218143000046, 28.112263886000108 ], [ 85.894310781000058, 28.112179479000133 ], [ 85.895832963000089, 28.110792547000131 ], [ 85.896687327000052, 28.110234511000158 ], [ 85.897262482000144, 28.109858844000087 ], [ 85.897932788, 28.109002369000166 ], [ 85.898371048000058, 28.107885360000012 ], [ 85.898987009000109, 28.106315437000092 ], [ 85.899191820000112, 28.105793429000073 ], [ 85.899631247000116, 28.10365381600019 ], [ 85.899265673000059, 28.101299103000144 ], [ 85.898866773000123, 28.098729743000035 ], [ 85.898952092000172, 28.097970313000076 ], [ 85.899831146000054, 28.095917786000143 ], [ 85.90043038400006, 28.094518611000126 ], [ 85.901616317000048, 28.091749542000059 ], [ 85.902121459000114, 28.091045754000106 ], [ 85.902910689, 28.089946164000082 ], [ 85.903194042000109, 28.089158864000126 ], [ 85.902971470000182, 28.088218631000188 ], [ 85.902560708000124, 28.087770362000128 ], [ 85.900982780000106, 28.086048353000024 ], [ 85.900661969000112, 28.085109556000077 ], [ 85.901198271999988, 28.082431555000085 ], [ 85.901242612000146, 28.080983624000112 ], [ 85.901191248000146, 28.080701430000033 ], [ 85.900864710000121, 28.078907427000047 ], [ 85.900589637, 28.078196861000038 ], [ 85.899711783000043, 28.076890462000051 ], [ 85.898629389000178, 28.075780854000072 ], [ 85.89797586200018, 28.075272513000186 ], [ 85.897725220000041, 28.075200845000097 ], [ 85.896872078000172, 28.074956897000163 ], [ 85.896415020000177, 28.074691537000092 ], [ 85.896237864999989, 28.074234450000176 ], [ 85.896308074000046, 28.072870135000187 ], [ 85.896305384000186, 28.07282136800012 ], [ 85.896162715000173, 28.070236369000042 ], [ 85.896361890000037, 28.06866887700005 ], [ 85.896528107000051, 28.067360757000131 ], [ 85.897003633000111, 28.066243366000151 ], [ 85.898421482000117, 28.064724321000142 ], [ 85.899283761000163, 28.063800500000184 ], [ 85.900091555000188, 28.062669991000178 ], [ 85.900664130000052, 28.061573661000068 ], [ 85.90071645800009, 28.060554440000033 ], [ 85.900313670000173, 28.059642004000182 ], [ 85.900190743000053, 28.059363537000138 ], [ 85.899891948000118, 28.057513573000051 ], [ 85.900111290000154, 28.054921058 ], [ 85.900784977000171, 28.053818794000108 ], [ 85.901252301000113, 28.053378155000189 ], [ 85.902591980000068, 28.052849752000043 ], [ 85.905636260000051, 28.051649013000088 ], [ 85.906858789000012, 28.051457989000085 ], [ 85.908182893000173, 28.0509145850001 ], [ 85.909220687000072, 28.050488680000115 ], [ 85.911283486000116, 28.050339592 ], [ 85.912989756000059, 28.050216272000114 ], [ 85.914784913000176, 28.049303261000148 ], [ 85.915843365000171, 28.048127260000115 ], [ 85.915928159000089, 28.047994455000037 ], [ 85.916279009000164, 28.047444953000081 ], [ 85.918840554000099, 28.044263971000134 ], [ 85.920601298000122, 28.042601590000174 ], [ 85.920641542000112, 28.042563593000125 ], [ 85.921075158000065, 28.042032250000091 ], [ 85.921831496000152, 28.041105449000099 ], [ 85.923628730000132, 28.038903161000121 ], [ 85.924441595000189, 28.037340924000091 ], [ 85.92485155900016, 28.036553017000188 ], [ 85.925293980999982, 28.035915229000182 ], [ 85.926437588000056, 28.03426662600009 ], [ 85.927086283000165, 28.033167621000189 ], [ 85.927582794000102, 28.032326445000081 ], [ 85.928221852000036, 28.031528340000193 ], [ 85.928639347000058, 28.031275398000048 ], [ 85.928648366000175, 28.031269933000033 ], [ 85.929614308000168, 28.030900733000067 ], [ 85.930570257000113, 28.030321614000172 ], [ 85.931172876000176, 28.029834544000039 ], [ 85.932860834, 28.027305237000064 ], [ 85.934453351000059, 28.025616604000106 ], [ 85.934587167000132, 28.025433933000159 ], [ 85.935148467000033, 28.024667702000102 ], [ 85.935719529000039, 28.024092388000099 ], [ 85.936370571000054, 28.023966599000062 ], [ 85.937290297000118, 28.024366761000124 ], [ 85.937948909000113, 28.024653315000023 ], [ 85.938825861000169, 28.024470598000107 ], [ 85.940250065000043, 28.023671694000086 ], [ 85.941772191000041, 28.023024717000112 ], [ 85.942106307000188, 28.022751679000066 ], [ 85.942901687000074, 28.022101694000071 ], [ 85.94395518500005, 28.021568324000157 ], [ 85.944766615000049, 28.021035116000064 ], [ 85.945556872000111, 28.020515821000174 ], [ 85.945901313000093, 28.020209583000053 ], [ 85.950122862000114, 28.016456266000148 ], [ 85.950879146000148, 28.015997319000064 ], [ 85.951561123000147, 28.015788225000165 ], [ 85.953237150000177, 28.014770751000185 ], [ 85.953737490000037, 28.014467007000121 ], [ 85.956220335000182, 28.012365302000035 ], [ 85.95667356600012, 28.011534883000138 ], [ 85.95706519600003, 28.010817331000112 ], [ 85.957951733000129, 28.009529149000116 ], [ 85.959364859000118, 28.008133524000186 ], [ 85.959651859000076, 28.007850079000093 ], [ 85.960837716000071, 28.007247654000082 ], [ 85.961801752000042, 28.005486330000167 ], [ 85.963745928000151, 28.002848669000173 ], [ 85.964308685000105, 28.002085177000083 ], [ 85.966953563000118, 28.000365753999972 ], [ 85.96750874200012, 28.000286458000176 ], [ 85.96823007800009, 28.000510701000167 ], [ 85.969839310000054, 28.000774856000078 ], [ 85.970577446000163, 28.000896021000074 ], [ 85.97384988400006, 28.001164055000061 ], [ 85.974233211000069, 28.001009077 ], [ 85.974529179, 28.000720232 ], [ 85.974611423000056, 28.000432072000137 ], [ 85.974527130000126, 28.000169782000114 ], [ 85.974486948000163, 28.000098787000184 ], [ 85.974461412000039, 27.99997400400008 ], [ 85.974453581000148, 27.999935739000023 ], [ 85.974405843000113, 27.999722195000118 ], [ 85.975708025000017, 27.997922627999969 ], [ 85.97631330300004, 27.997331964000125 ], [ 85.977022691000116, 27.996639704000074 ], [ 85.976916734000156, 27.995945211000048 ], [ 85.97681181300004, 27.995257511000034 ], [ 85.976972512000145, 27.993781020000142 ], [ 85.978151429000036, 27.992198267000049 ], [ 85.978165640999975, 27.992179186000158 ], [ 85.978524490000098, 27.99125002400018 ], [ 85.978511300000093, 27.988671442000168 ], [ 85.978184801000168, 27.987820762000126 ], [ 85.977279182000075, 27.986510502000044 ], [ 85.976980593000178, 27.986078499000087 ], [ 85.976697420000107, 27.985668803000124 ], [ 85.97559003300006, 27.984428832000106 ], [ 85.97526735200006, 27.984133974000088 ], [ 85.972513378000144, 27.981617465000113 ], [ 85.971279617999983, 27.98101268400012 ], [ 85.970215355000164, 27.97948867600013 ], [ 85.969356805000189, 27.978514435000079 ], [ 85.969281685000169, 27.978380629000185 ], [ 85.968753971000183, 27.977440646000105 ], [ 85.967040090000069, 27.975947125000118 ], [ 85.966654539000046, 27.975611146000119 ], [ 85.965476153000054, 27.974650210000163 ], [ 85.964476133000119, 27.973126641000135 ], [ 85.964413848, 27.973035647000074 ], [ 85.963277893000054, 27.97137608800017 ], [ 85.961557157000186, 27.969832008000139 ], [ 85.96071959700015, 27.969080436000127 ], [ 85.960089826000171, 27.96814625899998 ], [ 85.95965389800017, 27.967499995000026 ], [ 85.959082421000062, 27.965484870000182 ], [ 85.958856943000058, 27.964689794000094 ], [ 85.958623635000095, 27.963057061000086 ], [ 85.958359123000037, 27.962404633000119 ], [ 85.957872215000123, 27.961203651000062 ], [ 85.958200348000162, 27.96036633500006 ], [ 85.958294433000049, 27.960126254000158 ], [ 85.958370512000045, 27.958924363000108 ], [ 85.958005475000107, 27.958450342000049 ], [ 85.957531711000172, 27.957835132000127 ], [ 85.957644233000053, 27.957151587000169 ], [ 85.957717523000099, 27.956706361000101 ], [ 85.957267227000159, 27.955838869000047 ], [ 85.956987938000054, 27.955671451000057 ], [ 85.955830249000087, 27.95497748300005 ], [ 85.955727639000088, 27.954915798000172 ], [ 85.955119437000064, 27.953668149000066 ], [ 85.953826988000174, 27.95069626600008 ], [ 85.953140008000162, 27.948568386999966 ], [ 85.95285443400013, 27.947683831000177 ], [ 85.951581089000058, 27.945479128999978 ], [ 85.94964308599998, 27.94349506500015 ], [ 85.949607395000157, 27.943458525000153 ], [ 85.948160494000092, 27.941999130000113 ], [ 85.948222740000062, 27.941866517000051 ], [ 85.948647891000178, 27.940960605000043 ], [ 85.950355124000112, 27.940012595000155 ], [ 85.952131033000057, 27.939234259000045 ], [ 85.952321146000088, 27.939225444000101 ], [ 85.954180325000152, 27.939139242000067 ], [ 85.955003228000123, 27.93872148000014 ], [ 85.956820634000053, 27.937378842000101 ], [ 85.956828954, 27.937372696000125 ], [ 85.95738582000007, 27.937132464000115 ], [ 85.959049058000062, 27.93641494600007 ], [ 85.959785990000057, 27.936050156000078 ], [ 85.960252162000131, 27.935819396 ], [ 85.960934217000158, 27.934890554000106 ], [ 85.9624624, 27.93446211800017 ], [ 85.964744871000107, 27.933446126000092 ], [ 85.965571874000091, 27.933301096000037 ], [ 85.966212934000168, 27.933188675000054 ], [ 85.967477407000104, 27.93247626100009 ], [ 85.968488903000093, 27.931564956000102 ], [ 85.969389631000013, 27.930753449000179 ], [ 85.969558237000115, 27.930644211000185 ], [ 85.970589045000168, 27.929972317000193 ], [ 85.971470949000093, 27.929397482000127 ], [ 85.972729867000169, 27.928459338000152 ], [ 85.973073407000186, 27.927899818000071 ], [ 85.973653716000172, 27.92695467599998 ], [ 85.974336957000105, 27.926082204000124 ], [ 85.976307588000168, 27.925415549000093 ], [ 85.976428054, 27.925368584000068 ], [ 85.977386518000117, 27.924994917000106 ], [ 85.979356231000111, 27.923443841000051 ], [ 85.980927925000117, 27.922212542000011 ], [ 85.981447075000062, 27.921823658 ], [ 85.98239831799998, 27.921111103000101 ], [ 85.984228976000111, 27.91998761200017 ], [ 85.985555881000039, 27.91921907800014 ], [ 85.985616746000176, 27.919204223000065 ], [ 85.986829908, 27.918908129000101 ], [ 85.987274165000088, 27.918728653000187 ], [ 85.988019030000032, 27.917902039000182 ], [ 85.98827180800015, 27.917621519000022 ], [ 85.991470542000116, 27.916329755000106 ], [ 85.992041411, 27.915948112000081 ], [ 85.994188841000039, 27.915564984000127 ], [ 85.994288936000089, 27.915547124999989 ], [ 85.99650384500012, 27.914967778000118 ], [ 85.997538657000121, 27.914501526000095 ], [ 85.99812018800003, 27.913256700000147 ], [ 85.998246596000172, 27.912986111 ], [ 85.999190683000052, 27.91192591000015 ], [ 85.999728307000112, 27.911586888000159 ], [ 86.000510087000123, 27.911260931000129 ], [ 86.001301924000188, 27.911070399000153 ], [ 86.002186745000131, 27.911092600000131 ], [ 86.00289308400005, 27.911269160000188 ], [ 86.004177201000118, 27.911790528000154 ], [ 86.005206945000054, 27.912208616999976 ], [ 86.006585433000112, 27.912965325000073 ], [ 86.00700337000012, 27.913358609000113 ], [ 86.007605598000055, 27.913536666000027 ], [ 86.008203811000044, 27.913369811000166 ], [ 86.009561039000118, 27.912991251000108 ], [ 86.010213824000175, 27.913153873000056 ], [ 86.011536636000017, 27.914449484000045 ], [ 86.011863570000116, 27.914769695000189 ], [ 86.012236143000109, 27.914849071000162 ], [ 86.013112586000034, 27.915033569000173 ], [ 86.013643579000188, 27.915046390000043 ], [ 86.014257694000094, 27.914615377000189 ], [ 86.014769468000168, 27.91390175600003 ], [ 86.01500936900004, 27.913567234000084 ], [ 86.015865651000183, 27.912749884000107 ], [ 86.017673839000054, 27.911534660000086 ], [ 86.017705747000036, 27.911513215000184 ], [ 86.018833181000048, 27.910616566000158 ], [ 86.020185841000057, 27.909359343000176 ], [ 86.021152862000065, 27.908460550000143 ], [ 86.022115498000119, 27.907903366000028 ], [ 86.023077002000093, 27.907562789000167 ], [ 86.024577862000115, 27.907740362000027 ], [ 86.024889825000059, 27.907825176000131 ], [ 86.025932550000107, 27.908108666000146 ], [ 86.027976600000159, 27.907823103000055 ], [ 86.029477977000113, 27.907267366000156 ], [ 86.030642583000031, 27.906731978000096 ], [ 86.031653087000109, 27.906267433000096 ], [ 86.033414306000111, 27.905616522000173 ], [ 86.034273761000065, 27.905438007000043 ], [ 86.037270315, 27.904815600000177 ], [ 86.03788591100016, 27.904614738000078 ], [ 86.039531597000064, 27.904077769000139 ], [ 86.040291364000154, 27.904311011000061 ], [ 86.041742904000159, 27.905187397000134 ], [ 86.042727264000064, 27.905656748000126 ], [ 86.042738563000057, 27.905665807000105 ], [ 86.043510583000113, 27.906284831000164 ], [ 86.044585562000179, 27.90648633100011 ], [ 86.046424878000153, 27.906589293000081 ], [ 86.047263521000161, 27.906484568000053 ], [ 86.047728276000157, 27.906291468000063 ], [ 86.047988057000055, 27.9060334670001 ], [ 86.049250985000128, 27.904779191999978 ], [ 86.050344356000039, 27.904071589000182 ], [ 86.05158669399998, 27.9039786190001 ], [ 86.052230167000062, 27.904188361000024 ], [ 86.052553686000067, 27.904260487000158 ], [ 86.052761532000034, 27.904266364000023 ], [ 86.05457418300017, 27.90414168500007 ], [ 86.055533795000031, 27.904075680000062 ], [ 86.056511430000171, 27.903527372000156 ], [ 86.056536392999988, 27.903504473000112 ], [ 86.056860514999983, 27.903207157000054 ], [ 86.057264911000061, 27.902697772000067 ], [ 86.057736418000104, 27.902391933000104 ], [ 86.058678298000018, 27.902233714000033 ], [ 86.059184415000061, 27.90236121200013 ], [ 86.059559747000037, 27.902314192000119 ], [ 86.05973009600018, 27.902292851000084 ], [ 86.060373139000035, 27.90208057000018 ], [ 86.061515336000127, 27.901419942000075 ], [ 86.062424083000053, 27.900894337000182 ], [ 86.063280029, 27.900498217000063 ], [ 86.063456958000188, 27.900416337000081 ], [ 86.06370227300016, 27.900261106000073 ], [ 86.064469338000094, 27.899775725000154 ], [ 86.064703809000036, 27.899678050000148 ], [ 86.064732383000091, 27.899682649999988 ], [ 86.064837420000174, 27.899699560000158 ], [ 86.064882560000171, 27.899706827000159 ], [ 86.064894035000179, 27.89970867400001 ], [ 86.064929162000112, 27.899422388000175 ], [ 86.064843490000158, 27.899198469000169 ], [ 86.064409863000094, 27.89901504 ], [ 86.059090445000095, 27.896777906000182 ], [ 86.058908080000037, 27.89670121000006 ], [ 86.058782480000104, 27.89662139 ], [ 86.057863796000163, 27.896037564000039 ], [ 86.057229260000042, 27.895734545000096 ], [ 86.05618628600007, 27.89523648 ], [ 86.054947245000164, 27.893910718000086 ], [ 86.054499361000012, 27.893431486000054 ], [ 86.053686743000128, 27.892419624000183 ], [ 86.052532004000057, 27.890311353000072 ], [ 86.05176874700004, 27.889534534000063 ], [ 86.049635622000039, 27.888186554000072 ], [ 86.049110229000178, 27.887612522000154 ], [ 86.047676056000114, 27.88604558500009 ], [ 86.047437285000115, 27.885585933000073 ], [ 86.048017593, 27.8837935950001 ], [ 86.048093931000096, 27.883557814000085 ], [ 86.048484171000098, 27.881719609000129 ], [ 86.048442748000127, 27.881335768000042 ], [ 86.048042510000016, 27.880403531000127 ], [ 86.04692413600003, 27.878545865000035 ], [ 86.046410020000167, 27.878028994000033 ], [ 86.045265644000153, 27.876878483000098 ], [ 86.044136218000119, 27.874598791000153 ], [ 86.044108063000181, 27.873398398000063 ], [ 86.044011798000156, 27.872825698999975 ], [ 86.043937982000045, 27.872386547000076 ], [ 86.043870690000176, 27.871986769000046 ], [ 86.043819451000104, 27.871681858000102 ], [ 86.043704096000056, 27.871405154000115 ], [ 86.04317332200003, 27.870131984000125 ], [ 86.04298842500009, 27.86935567 ], [ 86.042805719000057, 27.868588552000176 ], [ 86.042368857000156, 27.867748557000027 ], [ 86.041822938000053, 27.86740407800005 ], [ 86.04099486299998, 27.867177208999976 ], [ 86.040878814000052, 27.867167420000158 ], [ 86.040616166000177, 27.867145268000115 ], [ 86.039926508000178, 27.867088573000103 ], [ 86.039607741000168, 27.866894646000162 ], [ 86.039170038000066, 27.866504331000101 ], [ 86.038784054000132, 27.866160136000133 ], [ 86.038236877000088, 27.866072821000103 ], [ 86.037603623000052, 27.866188477000094 ], [ 86.037368177000133, 27.866231477999975 ], [ 86.036855746000072, 27.866191846999982 ], [ 86.036443864000148, 27.866121284000087 ], [ 86.03579282600009, 27.866001658000187 ], [ 86.033955829000035, 27.865607536000084 ], [ 86.032433615000059, 27.864577162000046 ], [ 86.031635037000058, 27.863863184000138 ], [ 86.031412123000109, 27.863663885000108 ], [ 86.030340436000131, 27.86270573000013 ], [ 86.029141014, 27.860639829000149 ], [ 86.028564497, 27.859207696000055 ], [ 86.028461095000182, 27.858812457000113 ], [ 86.027751427000055, 27.85609989600016 ], [ 86.027717774000052, 27.854746080000041 ], [ 86.027334531, 27.853926708000074 ], [ 86.026443680000114, 27.852418581000109 ], [ 86.025732678000111, 27.851214920000075 ], [ 86.025383994000038, 27.850289746000101 ], [ 86.025243101000171, 27.84908628900007 ], [ 86.025258468000118, 27.848033698000108 ], [ 86.025275836000162, 27.846843988999979 ], [ 86.024819601000161, 27.846066988000132 ], [ 86.024611257000117, 27.845912060000103 ], [ 86.024391975000128, 27.845883434000029 ], [ 86.023594597000056, 27.845153610000011 ], [ 86.022538415000042, 27.844725096000104 ], [ 86.020391485000061, 27.843854043000078 ], [ 86.018132174000073, 27.843194999000048 ], [ 86.015535553000063, 27.841497195000102 ], [ 86.015146110999979, 27.841242557000157 ], [ 86.014801166000154, 27.84089489500019 ], [ 86.014284675000113, 27.840758147000031 ], [ 86.013439856000105, 27.840373104000093 ], [ 86.012195034000172, 27.839806946000124 ], [ 86.011043690000122, 27.839596849000088 ], [ 86.010637997, 27.839522818000091 ], [ 86.010405215000105, 27.839448946000175 ], [ 86.009279387000049, 27.83849332300008 ], [ 86.008354096000176, 27.837358246 ], [ 86.007762503000151, 27.836632524000038 ], [ 86.00716330500012, 27.835082777000139 ], [ 86.006687388999978, 27.83408673200006 ], [ 86.00606386000004, 27.833515959000181 ], [ 86.004210997000087, 27.832566062000183 ], [ 86.003894672000115, 27.832403894000095 ], [ 86.003156601000057, 27.831525522000049 ], [ 86.003146915000173, 27.831507399000088 ], [ 86.002395734000117, 27.830121259000123 ], [ 86.002542663999975, 27.829560623000134 ], [ 86.003214092000121, 27.828811890000054 ], [ 86.003357757, 27.828711172000112 ], [ 86.003631357000074, 27.82851936000003 ], [ 86.004391156000167, 27.827498402000117 ], [ 86.004914533000033, 27.827012581000133 ], [ 86.006496558000094, 27.824973227000157 ], [ 86.006564676000039, 27.824885736000113 ], [ 86.007480780000037, 27.823240962000114 ], [ 86.008223617000112, 27.821374923000178 ], [ 86.008643193000182, 27.820320930000094 ], [ 86.009622967000041, 27.819028501000162 ], [ 86.010806892000062, 27.818172910000158 ], [ 86.011266742000089, 27.818044550000025 ], [ 86.012713840000117, 27.817640616000176 ], [ 86.013552878000041, 27.816577351000035 ], [ 86.013796925000122, 27.815888667000081 ], [ 86.013825226000051, 27.815664009000159 ], [ 86.013892618000114, 27.81512904900012 ], [ 86.014663353, 27.814002037000137 ], [ 86.015844411000046, 27.812778668000078 ], [ 86.017830152000101, 27.811337715000093 ], [ 86.0182304490001, 27.811047239000061 ], [ 86.019651421000106, 27.80948709200004 ], [ 86.019795290000161, 27.808903832000112 ], [ 86.020001148000176, 27.808069745000068 ], [ 86.02020271300006, 27.807253050000099 ], [ 86.020499231000088, 27.804676472000097 ], [ 86.021062455000106, 27.802489865000098 ], [ 86.021974760000035, 27.801302915000122 ], [ 86.022450812000159, 27.800683550000088 ], [ 86.022563509000179, 27.799680391000152 ], [ 86.022304518000112, 27.798000098000102 ], [ 86.022047234000183, 27.797147817000052 ], [ 86.021811744000047, 27.796367734000057 ], [ 86.021486165, 27.793450614000108 ], [ 86.021458758000165, 27.792297591000192 ], [ 86.021701381000071, 27.790988524000113 ], [ 86.022381946000166, 27.789664530000039 ], [ 86.024136310000188, 27.787826948000031 ], [ 86.025663840000107, 27.786226957000054 ], [ 86.026009124000041, 27.785516463000079 ], [ 86.025982389000092, 27.784961325000154 ], [ 86.025580216000094, 27.783902599000157 ], [ 86.025480857000161, 27.783739487000162 ], [ 86.025318981000055, 27.783474055 ], [ 86.024455531000058, 27.782058243000108 ], [ 86.023746976000098, 27.780304824999973 ], [ 86.023104418000059, 27.778301429000123 ], [ 86.023049186000094, 27.77816890500003 ], [ 86.021940698000037, 27.775509219000014 ], [ 86.021266390000051, 27.774910074000104 ], [ 86.020950160000154, 27.774629092000112 ], [ 86.019672505000074, 27.772391018000064 ], [ 86.019903424000063, 27.77188519300006 ], [ 86.02005972, 27.771676402000082 ], [ 86.020421822000174, 27.771194997000123 ], [ 86.021025183000063, 27.770392845000174 ], [ 86.021191870000109, 27.76947799300018 ], [ 86.021618461000116, 27.768501837000031 ], [ 86.022180525000067, 27.767663526000035 ], [ 86.023167558000125, 27.766191382000102 ], [ 86.024855421999973, 27.765091073000121 ], [ 86.024871072000053, 27.765082779000124 ], [ 86.026939234999986, 27.763986772000123 ], [ 86.027865318000181, 27.763264539000147 ], [ 86.028889593000088, 27.761932647000094 ], [ 86.029366663000133, 27.761312302000192 ], [ 86.030847692000179, 27.759707346000084 ], [ 86.032610939000165, 27.758042845000091 ], [ 86.033670754000184, 27.757042383000112 ], [ 86.033975914000052, 27.756552737000106 ], [ 86.033975855000108, 27.756552481000085 ], [ 86.033537078000109, 27.754516919000025 ], [ 86.033333338000148, 27.754126431000088 ], [ 86.03308697, 27.753654236000159 ], [ 86.032340395000176, 27.75019271900004 ], [ 86.032337833000099, 27.750188219000165 ], [ 86.031655957000169, 27.748685403000025 ], [ 86.031555300000093, 27.74795371700003 ], [ 86.031732783000166, 27.747223128000087 ], [ 86.031789478000121, 27.746989744000132 ], [ 86.031733308000128, 27.746569781000119 ], [ 86.031535716000121, 27.746259305000024 ], [ 86.031513269000129, 27.746224151000092 ], [ 86.031508220000148, 27.746216246000074 ], [ 86.031502758000045, 27.746181850000085 ], [ 86.031416057000058, 27.745635795999988 ], [ 86.031322903000159, 27.745489946000191 ], [ 86.031252521, 27.745379753000066 ], [ 86.03089769900015, 27.745106459000169 ], [ 86.030701233000059, 27.744818606000081 ], [ 86.030587013, 27.744186097000068 ], [ 86.030628574000161, 27.743965305000074 ], [ 86.030522848000146, 27.743484033000072 ], [ 86.030499969000118, 27.74318602600016 ], [ 86.030463748000045, 27.742714289000162 ], [ 86.030191732000105, 27.742254387000116 ], [ 86.030177047000052, 27.742229452000061 ], [ 86.029750611000111, 27.741958031000081 ], [ 86.028751516000113, 27.740890608000143 ], [ 86.028479618000176, 27.7407398040001 ], [ 86.028081298000075, 27.740619745 ], [ 86.02787532900004, 27.740406198000017 ], [ 86.027782478000063, 27.73993855000009 ], [ 86.027900657000146, 27.739582897000048 ], [ 86.027933093000172, 27.739463595000132 ], [ 86.027942031, 27.739432035000164 ], [ 86.027925407000055, 27.739402600000119 ], [ 86.027787804000127, 27.73933622900006 ], [ 86.027624635000052, 27.739398220000112 ], [ 86.027537021000114, 27.739490086000103 ], [ 86.026650387000075, 27.740400358000102 ], [ 86.026587623000069, 27.74046479499998 ], [ 86.026237913000045, 27.740724078000028 ], [ 86.025692418000119, 27.740941299000156 ], [ 86.02534927500011, 27.740929794000181 ], [ 86.024146691000055, 27.740679982000131 ], [ 86.023936514000184, 27.740650128000141 ], [ 86.023327801000164, 27.740563665000025 ], [ 86.023015653000073, 27.740635841000142 ], [ 86.022619323000185, 27.740960242000028 ], [ 86.022257680000166, 27.741104348000079 ], [ 86.021849107000037, 27.741148837000082 ], [ 86.020900669000071, 27.741680922000171 ], [ 86.019907089000128, 27.742238330000077 ], [ 86.018448079000166, 27.742882185000155 ], [ 86.017895408000186, 27.742982983000161 ], [ 86.017305100000044, 27.743090645 ], [ 86.016384158000051, 27.743111190000036 ], [ 86.015899471000182, 27.743225046000191 ], [ 86.015484829000115, 27.743616942000131 ], [ 86.014508197000168, 27.744076346000099 ], [ 86.014402898000071, 27.744125878000148 ], [ 86.014111227000171, 27.744170675000191 ], [ 86.014009886000053, 27.744186240000147 ], [ 86.01394753400001, 27.744208159000095 ], [ 86.012821344000088, 27.744604056000071 ], [ 86.012153432000105, 27.744644478000055 ], [ 86.012016695000057, 27.744541603000187 ], [ 86.011411731000123, 27.744086452999966 ], [ 86.011243879000062, 27.744001769000079 ], [ 86.011047529000166, 27.744052260999979 ], [ 86.010443662, 27.744440528000041 ], [ 86.009715505000088, 27.744554943000026 ], [ 86.008226326000056, 27.744659282000043 ], [ 86.007065474000115, 27.744856244000175 ], [ 86.006796570000063, 27.744901673000129 ], [ 86.006371646000105, 27.744948276000173 ], [ 86.006314008000118, 27.74495459700006 ], [ 86.005620722000117, 27.74503082800004 ], [ 86.005033297000125, 27.745182304000139 ], [ 86.004497180000044, 27.745160421000037 ], [ 86.00343838900011, 27.744891052000014 ], [ 86.00295664500004, 27.74460781800002 ], [ 86.002868811000042, 27.744518701000061 ], [ 86.001700341, 27.743333159000031 ], [ 86.001553925000167, 27.743237352000165 ], [ 86.001344953000114, 27.743208727000024 ], [ 86.000463631000173, 27.743261019000101 ], [ 85.999359089000109, 27.743219191000151 ], [ 85.998296674000017, 27.742904700000167 ], [ 85.998043585000175, 27.742778769000154 ], [ 85.997750941999982, 27.74255103400003 ], [ 85.997542609999982, 27.741796034000117 ], [ 85.996798265000166, 27.742124555000032 ], [ 85.995772897000052, 27.74219378000015 ], [ 85.995364538999979, 27.742084195000075 ], [ 85.995124987000054, 27.742019909000078 ], [ 85.994992824000065, 27.741959168999983 ], [ 85.994341974, 27.741660052000043 ], [ 85.993815676000168, 27.741290701000139 ], [ 85.991869008000037, 27.740696719000027 ], [ 85.991351829000166, 27.74059590700017 ], [ 85.990708054000095, 27.740486266000062 ], [ 85.990576747000148, 27.740463904000023 ], [ 85.989540014000113, 27.740187911000191 ], [ 85.988363122000067, 27.739570132000154 ], [ 85.988052228000072, 27.739367318000063 ], [ 85.987181045000057, 27.738798992000113 ], [ 85.986400841000147, 27.738515754000105 ], [ 85.986119430000031, 27.73844022600008 ], [ 85.985234189000096, 27.738202636000153 ], [ 85.983403077000105, 27.737221378000129 ], [ 85.982577320000075, 27.736861083000065 ], [ 85.980888494000112, 27.736295917 ], [ 85.98041144900003, 27.736065736000057 ], [ 85.980366254000103, 27.736043929000118 ], [ 85.979938784000069, 27.735929154000132 ], [ 85.979718219, 27.735869933000117 ], [ 85.979715586000054, 27.735868662000144 ], [ 85.979196043000172, 27.735617883000089 ], [ 85.978547945000173, 27.735443888000134 ], [ 85.977516459000128, 27.735321256000134 ], [ 85.977130074, 27.735293501000058 ], [ 85.976756864000038, 27.735649525000042 ], [ 85.975858802000175, 27.736707883000179 ], [ 85.975356701000123, 27.73729960300011 ], [ 85.974403991000145, 27.738246877000165 ], [ 85.973650830000111, 27.738764693000178 ], [ 85.972671564000052, 27.739271206000069 ], [ 85.972472721000031, 27.739374056000088 ], [ 85.971779315000049, 27.73981667400011 ], [ 85.971340790999989, 27.740096595000068 ], [ 85.970412306000185, 27.740534533000073 ], [ 85.96973113100006, 27.740855821000025 ], [ 85.969697366, 27.740871747000085 ], [ 85.969689055000117, 27.740874173000122 ], [ 85.968679682000186, 27.741168766000044 ], [ 85.967157869000118, 27.741748437000183 ], [ 85.96675908300017, 27.741941192000013 ], [ 85.966399460000162, 27.742115016000184 ], [ 85.9652536050001, 27.742417844000045 ], [ 85.964483831000052, 27.742439141000091 ], [ 85.964045597000165, 27.742342030000145 ], [ 85.963103520000118, 27.742133268000089 ], [ 85.962223171, 27.742127559999972 ], [ 85.960919495000155, 27.742119107000121 ], [ 85.960949438000057, 27.741735890000086 ], [ 85.961006638000185, 27.740890217000185 ], [ 85.960991337000053, 27.740429883000104 ], [ 85.96117072800007, 27.739588618000084 ], [ 85.96128720300004, 27.739042387000097 ], [ 85.961276838000174, 27.738735476000159 ], [ 85.961069827000188, 27.737669067000127 ], [ 85.961119280000105, 27.736595602000023 ], [ 85.960837148, 27.735835414 ], [ 85.960613060000128, 27.735535937 ], [ 85.960173749000091, 27.735203271000046 ], [ 85.960082952000164, 27.735053657000094 ], [ 85.959115160000181, 27.734274835000122 ], [ 85.958658068000034, 27.733979537000039 ], [ 85.958546243000114, 27.733907294000176 ], [ 85.958456694000063, 27.733829250000156 ], [ 85.957355610000093, 27.73286961600013 ], [ 85.957049592000146, 27.73268681400009 ], [ 85.956533785000033, 27.732533982000064 ], [ 85.955752584000152, 27.732302512000103 ], [ 85.955490935000057, 27.732156147000183 ], [ 85.954515211000171, 27.7311494060001 ], [ 85.953130558000055, 27.72942434800018 ], [ 85.952364026000055, 27.726993300000117 ], [ 85.952338420999979, 27.72622830500012 ], [ 85.952471967, 27.725915192000059 ], [ 85.952735514000096, 27.725297270000112 ], [ 85.952810699000167, 27.724988799000073 ], [ 85.952757837000036, 27.724683825000056 ], [ 85.952213804000053, 27.72377952100004 ], [ 85.95174008500004, 27.722413322000079 ], [ 85.951300900000035, 27.72208059400009 ], [ 85.950926460000119, 27.721969381000179 ], [ 85.950825341000041, 27.721939348000092 ], [ 85.950431337000111, 27.721683676000112 ], [ 85.949900168000113, 27.721160775000101 ], [ 85.949724133000075, 27.721012786000188 ], [ 85.949147659000118, 27.72041732800011 ], [ 85.948485698000184, 27.719821245000105 ], [ 85.947549284000161, 27.718699640000125 ], [ 85.947368064000045, 27.718398226000033 ], [ 85.947192902000154, 27.718288608000023 ], [ 85.946611371000074, 27.717537415000152 ], [ 85.94618529700017, 27.716801892000092 ], [ 85.946020659000055, 27.716517682000017 ], [ 85.945620034, 27.716070215000059 ], [ 85.945091301000048, 27.715623995999977 ], [ 85.944720050000171, 27.715398176000122 ], [ 85.944610559000068, 27.715331576000153 ], [ 85.94407904100018, 27.714866477000101 ], [ 85.94346354400011, 27.71432789500011 ], [ 85.943114907000165, 27.714144718000171 ], [ 85.942191107999975, 27.713404455000102 ], [ 85.940880611000182, 27.712636500000087 ], [ 85.940099222000129, 27.712312327000177 ], [ 85.939593768, 27.712206182000159 ], [ 85.939452496000058, 27.712176515000124 ], [ 85.938542686000119, 27.711858215000063 ], [ 85.938019199000053, 27.711565419000181 ], [ 85.937228629000174, 27.710972833000028 ], [ 85.936643226000172, 27.710108775000094 ], [ 85.936408646000132, 27.709500075000165 ], [ 85.936217122000073, 27.708894 ], [ 85.936153644000171, 27.708282116000021 ], [ 85.935914193000144, 27.707519992000016 ], [ 85.935920840000051, 27.706446150000033 ], [ 85.936067057000173, 27.705920427000137 ], [ 85.936264573000187, 27.705210266000051 ], [ 85.936367077000114, 27.704441711000186 ], [ 85.936274929000149, 27.704148427000064 ], [ 85.936271159000171, 27.704136423000136 ], [ 85.936250863000112, 27.703522603000124 ], [ 85.936390990000064, 27.702598750000163 ], [ 85.936586664000117, 27.702056552000101 ], [ 85.93701744700013, 27.700857354000163 ], [ 85.937291114000118, 27.70008111500016 ], [ 85.937494657000173, 27.699769085000071 ], [ 85.938028330000179, 27.699468795000087 ], [ 85.938712888000168, 27.699083604000123 ], [ 85.938948933000063, 27.698462663000157 ], [ 85.939056557000072, 27.697847658000171 ], [ 85.93904619, 27.697540747000119 ], [ 85.938835246000167, 27.696958164000137 ], [ 85.938716065000165, 27.696629009000162 ], [ 85.938610094000182, 27.696019063000108 ], [ 85.938589423000167, 27.695405304000076 ], [ 85.938739854000062, 27.694788299999971 ], [ 85.938755857000046, 27.694221305000042 ], [ 85.938778881000189, 27.693405610000184 ], [ 85.938667786000167, 27.692642238000076 ], [ 85.938300040000115, 27.691885924000189 ], [ 85.938156130000095, 27.691429088000064 ], [ 85.937761126999987, 27.691132731000152 ], [ 85.93724013700006, 27.69091892900019 ], [ 85.937025769000115, 27.69072025100013 ], [ 85.936798330000045, 27.690509458000179 ], [ 85.936543137000115, 27.690187537999975 ], [ 85.93599402100017, 27.689494847000162 ], [ 85.935719613, 27.689263714000106 ], [ 85.934804639000163, 27.688493039000036 ], [ 85.934314904000075, 27.687932018000083 ], [ 85.934085568000114, 27.68747905400005 ], [ 85.934184388000119, 27.686593198000139 ], [ 85.934552881000116, 27.685704679000082 ], [ 85.934699223000166, 27.685351817000026 ], [ 85.935048014000131, 27.684269357000176 ], [ 85.935208811000052, 27.683957012000178 ], [ 85.935472113000174, 27.682876113000191 ], [ 85.935476184000038, 27.682212254000035 ], [ 85.935478699000157, 27.681802272000027 ], [ 85.935553947000187, 27.681493800999988 ], [ 85.935714744000052, 27.681181455000115 ], [ 85.936161825, 27.680478714000117 ], [ 85.936402993000058, 27.680013571000131 ], [ 85.936619372000109, 27.679666749000035 ], [ 85.93737796, 27.678450853000129 ], [ 85.938064959000087, 27.677244598000073 ], [ 85.938129840000045, 27.676629216000151 ], [ 85.938114353000117, 27.676168818000065 ], [ 85.938112235000119, 27.676159218000123 ], [ 85.937912524000183, 27.675253584000188 ], [ 85.938304121000158, 27.674169249000045 ], [ 85.938507603000119, 27.673857156999986 ], [ 85.938857642000073, 27.672810756000047 ], [ 85.939054284000179, 27.672152787000186 ], [ 85.939088379000054, 27.672038703000169 ], [ 85.939092753000068, 27.671840085000099 ], [ 85.939105268000105, 27.671271771000136 ], [ 85.939128377000145, 27.671139297000025 ], [ 85.939212955000073, 27.670654453000054 ], [ 85.939154974000132, 27.670196056000066 ], [ 85.939219789999981, 27.669580612000118 ], [ 85.939033263000113, 27.669125711000049 ], [ 85.937604400000112, 27.66862973100001 ], [ 85.936845875000131, 27.668537608000122 ], [ 85.936830879000127, 27.668535787000053 ], [ 85.93605217400011, 27.668288421000057 ], [ 85.935150669000052, 27.668198038000128 ], [ 85.934242420000089, 27.667918047000114 ], [ 85.933586892000051, 27.667513696000128 ], [ 85.932807001000072, 27.667227958000126 ], [ 85.932281016000161, 27.66686066800014 ], [ 85.931875288000185, 27.66618566700015 ], [ 85.931464967000068, 27.665503024000031 ], [ 85.930803130000129, 27.664906816000098 ], [ 85.930414246000112, 27.664802319000046 ], [ 85.929773017000059, 27.664819931000125 ], [ 85.929365528000176, 27.664893139000128 ], [ 85.928496869000185, 27.665049200000169 ], [ 85.927595052000072, 27.664958755000043 ], [ 85.92720373200018, 27.664777514000036 ], [ 85.926807602999986, 27.664442786000052 ], [ 85.926376934000189, 27.663979921000077 ], [ 85.926008353000157, 27.663583787000164 ], [ 85.92506379200006, 27.663495278000028 ], [ 85.924675221000143, 27.663390718000073 ], [ 85.922876833000032, 27.663363251000192 ], [ 85.922164034000104, 27.663491095000097 ], [ 85.921345593000183, 27.663637886000117 ], [ 85.919422781000037, 27.663728907000063 ], [ 85.918776494000156, 27.663592970000082 ], [ 85.918391794000115, 27.663603524999985 ], [ 85.918130020000092, 27.663457097000162 ], [ 85.917902058000095, 27.663042442 ], [ 85.917673912000055, 27.662627849000103 ], [ 85.91759213, 27.662256232000175 ], [ 85.917572935000123, 27.662169013000153 ], [ 85.91720475000011, 27.661412636000023 ], [ 85.916751077000129, 27.660657883000169 ], [ 85.91653307100006, 27.660428880000154 ], [ 85.916396195000118, 27.660285098000145 ], [ 85.916123865000145, 27.659831758000109 ], [ 85.915932216000158, 27.659223371000166 ], [ 85.91590865600017, 27.658530716000143 ], [ 85.915885317000118, 27.657844555999986 ], [ 85.915789523000171, 27.657541518000187 ], [ 85.915727196000091, 27.655702369000153 ], [ 85.915497674999983, 27.655247092000025 ], [ 85.915386457000068, 27.654483658000117 ], [ 85.915096940000183, 27.653822597000044 ], [ 85.914922478000108, 27.653424244 ], [ 85.914869118000126, 27.653119208000192 ], [ 85.914765450000061, 27.650052416000108 ], [ 85.914910509000094, 27.649282050000124 ], [ 85.914900205000151, 27.648975077000046 ], [ 85.914924538000093, 27.648875189000137 ], [ 85.915125634000049, 27.648049663000052 ], [ 85.915051726000172, 27.647130806000121 ], [ 85.914955620000171, 27.646827769000026 ], [ 85.914497139000161, 27.645919529000025 ], [ 85.914100512000118, 27.645584739000185 ], [ 85.912529175000088, 27.644746723000139 ], [ 85.911739167000064, 27.644194571000128 ], [ 85.911604366000176, 27.644151782000051 ], [ 85.910959461000061, 27.643947080000146 ], [ 85.910175761, 27.643586723000055 ], [ 85.909953795000149, 27.643361613000081 ], [ 85.909680279000042, 27.642869902000029 ], [ 85.909641663000059, 27.642743226 ], [ 85.909439017000182, 27.642071595000118 ], [ 85.909414287000061, 27.641344971000024 ], [ 85.909597281000117, 27.640419181000027 ], [ 85.909906208, 27.639527187000112 ], [ 85.910026629000129, 27.639179487000092 ], [ 85.910209313000166, 27.638253698000142 ], [ 85.910526038000171, 27.637480084000117 ], [ 85.910510360999979, 27.637019687000134 ], [ 85.910420877000035, 27.636906196000041 ], [ 85.909807092000165, 27.636502095000083 ], [ 85.908922600000153, 27.635682904000078 ], [ 85.908673550000174, 27.635523299000113 ], [ 85.908177835000117, 27.635205620000193 ], [ 85.906987077000167, 27.634203501000172 ], [ 85.906418784000152, 27.633874145000107 ], [ 85.905256503000146, 27.633713826000076 ], [ 85.904731206000122, 27.633384846000183 ], [ 85.90437320000018, 27.632933068000114 ], [ 85.904107436, 27.63226099100018 ], [ 85.903998208000019, 27.631984770000145 ], [ 85.903775057000132, 27.631723602000022 ], [ 85.90263332700016, 27.631440319000149 ], [ 85.901830697000037, 27.631241172000102 ], [ 85.901336536000088, 27.630807020000077 ], [ 85.900814975000173, 27.630348797000067 ], [ 85.900641188000122, 27.630277488000104 ], [ 85.899826760000053, 27.630118375 ], [ 85.899605954000094, 27.630075236999971 ], [ 85.898623955000062, 27.630180273000178 ], [ 85.898187081000174, 27.629924100000039 ], [ 85.897915752000188, 27.629509070000154 ], [ 85.897749211000189, 27.629087448000064 ], [ 85.897541198000113, 27.62856083600019 ], [ 85.897144320000166, 27.628226046 ], [ 85.896623955000166, 27.628050427000176 ], [ 85.89583806700017, 27.627611015000014 ], [ 85.895189470000048, 27.627436644000056 ], [ 85.894860004000122, 27.627291649000085 ], [ 85.894536937000169, 27.627149471000052 ], [ 85.894098563000114, 27.626854927000181 ], [ 85.893722907000097, 27.626475508000112 ], [ 85.893211513000097, 27.625958991000118 ], [ 85.892722851000144, 27.625630704000059 ], [ 85.892334642000094, 27.625369902000159 ], [ 85.891979446, 27.624994805000085 ], [ 85.891674427000112, 27.624850250000122 ], [ 85.891016836000119, 27.624409588999981 ], [ 85.890552921, 27.623347800000147 ], [ 85.890194916000155, 27.622898209000027 ], [ 85.89006780200009, 27.622167029000082 ], [ 85.890035458000114, 27.621980976000032 ], [ 85.889495920000059, 27.621229845000187 ], [ 85.88920816600006, 27.620318422000139 ], [ 85.888936024000088, 27.619865020000134 ], [ 85.888493717000188, 27.61945548500006 ], [ 85.888216204000059, 27.618850847000147 ], [ 85.887636671000109, 27.618176147000099 ], [ 85.887505688000033, 27.6181029010001 ], [ 85.887077558000158, 27.618115267 ], [ 85.886931919000062, 27.618076074000101 ], [ 85.886688548000109, 27.618010582000181 ], [ 85.886381219000157, 27.617789284000139 ], [ 85.885884427000121, 27.617036279000104 ], [ 85.885394378000171, 27.616472884000132 ], [ 85.885210352, 27.616185744000177 ], [ 85.885032502000058, 27.615908240000124 ], [ 85.884563278000144, 27.61469521500004 ], [ 85.884283392000043, 27.614011646000051 ], [ 85.88446050500005, 27.613044383000044 ], [ 85.884537077000175, 27.612626211000077 ], [ 85.884617507000087, 27.612468914000146 ], [ 85.885417473000189, 27.612064776000068 ], [ 85.885624951000125, 27.611865609 ], [ 85.885652708, 27.611405589000185 ], [ 85.885560910000095, 27.611215354000137 ], [ 85.885380940000118, 27.61095224900015 ], [ 85.884943191000048, 27.610659955000131 ], [ 85.884423951000031, 27.610482024000021 ], [ 85.883908210000129, 27.610419208000167 ], [ 85.882973390000188, 27.610637298000086 ], [ 85.882600056000058, 27.610993010000016 ], [ 85.882406317000118, 27.611611888000084 ], [ 85.88242124400017, 27.612072223000098 ], [ 85.882194752000089, 27.612997636000159 ], [ 85.88170536299998, 27.613740437000104 ], [ 85.881210041000031, 27.614289192000115 ], [ 85.88109308900016, 27.614359694000086 ], [ 85.880873957000119, 27.61449179300007 ], [ 85.880699507000088, 27.614828971000065 ], [ 85.880551985000125, 27.615114106000135 ], [ 85.88040611200006, 27.615884473 ], [ 85.880165757000157, 27.616390174 ], [ 85.88004108500013, 27.616508724000084 ], [ 85.879534333000151, 27.616714509000133 ], [ 85.878852359, 27.616810489000102 ], [ 85.878508905000047, 27.616780609999978 ], [ 85.87729436300009, 27.616203648000067 ], [ 85.877291453, 27.616202265000027 ], [ 85.876602047000176, 27.616068078000183 ], [ 85.875746660000175, 27.616092748000085 ], [ 85.875321587000087, 27.616179546000183 ], [ 85.875195665000149, 27.616259723000155 ], [ 85.874949002999983, 27.616573566000113 ], [ 85.874793264000175, 27.617039272000113 ], [ 85.874689759000034, 27.617807764000077 ], [ 85.874691411000185, 27.617817279000064 ], [ 85.87479560800017, 27.618417775000182 ], [ 85.874927463000176, 27.618529392000084 ], [ 85.875156485000105, 27.618982418000087 ], [ 85.875093354000114, 27.619674543000087 ], [ 85.874931307000111, 27.619948454000109 ], [ 85.874763888000075, 27.620066752000128 ], [ 85.873563797000145, 27.620023110000034 ], [ 85.872882135000054, 27.620119090000173 ], [ 85.872789002000047, 27.620148073000166 ], [ 85.872204032000184, 27.620330121000165 ], [ 85.871748644000149, 27.620802446000084 ], [ 85.871393670000089, 27.621733607000124 ], [ 85.871280495000065, 27.622121724000124 ], [ 85.870931634000044, 27.623318084000175 ], [ 85.87047624600001, 27.623790409000094 ], [ 85.870141723000131, 27.62402906900013 ], [ 85.869595617000073, 27.624300194000114 ], [ 85.868751327000041, 27.624719358000164 ], [ 85.86846067100015, 27.624996703000079 ], [ 85.868217820000041, 27.625425661000065 ], [ 85.868036127000039, 27.626071762000151 ], [ 85.867565853000031, 27.62774406800014 ], [ 85.867083771000068, 27.628714724000133 ], [ 85.866877418000172, 27.628949886000044 ], [ 85.866536525000129, 27.628999002000057 ], [ 85.865888613000152, 27.628824505000068 ], [ 85.865577976000111, 27.628488092000055 ], [ 85.865368322000165, 27.628162626000119 ], [ 85.865262401, 27.62799819300011 ], [ 85.865046119000056, 27.62792875800011 ], [ 85.864706475000048, 27.628013931000169 ], [ 85.864040800000112, 27.628608618000044 ], [ 85.863490931000172, 27.628816152000184 ], [ 85.863117159000183, 27.629169552000121 ], [ 85.862956236000059, 27.629481833000114 ], [ 85.862809196000171, 27.629621617000112 ], [ 85.862706827000125, 27.629718933000163 ], [ 85.862370991000034, 27.62991922100008 ], [ 85.861860025000055, 27.630107416999977 ], [ 85.8616940120001, 27.630168562000165 ], [ 85.861351996000053, 27.63017705600015 ], [ 85.860658903000171, 27.629930003000084 ], [ 85.860145472000056, 27.629943806000028 ], [ 85.85964103200007, 27.63022614700003 ], [ 85.858809000000122, 27.630977377000193 ], [ 85.858568130000094, 27.631629885 ], [ 85.858494335000103, 27.631829796000147 ], [ 85.858415090000051, 27.632023152000158 ], [ 85.858207613, 27.632219943000166 ], [ 85.857703049000179, 27.63250234700007 ], [ 85.857020949000059, 27.632598265000013 ], [ 85.856461276, 27.632498889000146 ], [ 85.855981970000187, 27.632244465000042 ], [ 85.855629772000157, 27.631948298000168 ], [ 85.855151515000102, 27.631216063000068 ], [ 85.855089049000071, 27.631120424000073 ], [ 85.85469298400011, 27.630785509000134 ], [ 85.853901602000178, 27.630156301000113 ], [ 85.853424953000058, 27.62981624300005 ], [ 85.85333212300003, 27.62975001500007 ], [ 85.852539618000094, 27.629082436000033 ], [ 85.852481357000158, 27.629024635000121 ], [ 85.851787484000056, 27.628336239000191 ], [ 85.850610153000048, 27.627679026000067 ], [ 85.850039239000068, 27.62723661800004 ], [ 85.84866061300005, 27.626967993000108 ], [ 85.848282064000045, 27.626946801000145 ], [ 85.847288235000178, 27.626891163000153 ], [ 85.846769867000091, 27.62675147900012 ], [ 85.846255248000034, 27.626726910000173 ], [ 85.844876624000051, 27.626460597000062 ], [ 85.844648759999984, 27.626432761000046 ], [ 85.843845139000052, 27.62633459 ], [ 85.843160727000054, 27.626353702000188 ], [ 85.842122997, 27.626038211000093 ], [ 85.841674915000056, 27.626740640000037 ], [ 85.841391060000092, 27.626966937000191 ], [ 85.840381126000068, 27.627772089000018 ], [ 85.839203392000115, 27.628418760000159 ], [ 85.838804067000012, 27.628588795000098 ], [ 85.838527849000116, 27.628706410000177 ], [ 85.838236661000167, 27.629033649000121 ], [ 85.838073522000059, 27.629216983000049 ], [ 85.837626384000032, 27.629557253000144 ], [ 85.837237868000045, 27.629852910000182 ], [ 85.837106112000129, 27.63004162600015 ], [ 85.836910589000013, 27.630321676000051 ], [ 85.836123861000146, 27.631149839000102 ], [ 85.83537257200004, 27.631743586000084 ], [ 85.83528732100018, 27.631797887000062 ], [ 85.833736578000071, 27.632785651000063 ], [ 85.832874042000071, 27.633922223000127 ], [ 85.832287797000163, 27.634321114000045 ], [ 85.831514365000146, 27.635141432000069 ], [ 85.831211477000124, 27.635462682000139 ], [ 85.830883865000033, 27.635688360000188 ], [ 85.830457690000173, 27.635981934000142 ], [ 85.82898293, 27.636711719 ], [ 85.827601341, 27.637670109000112 ], [ 85.82624335800017, 27.63935512400019 ], [ 85.825851484999987, 27.640039592000107 ], [ 85.825797337000154, 27.640134171000057 ], [ 85.824338690000161, 27.641362662000176 ], [ 85.823586401000171, 27.641920286000129 ], [ 85.82295816400017, 27.64235936100016 ], [ 85.822619954000061, 27.642482844000142 ], [ 85.821769375000088, 27.642658313000027 ], [ 85.821427295000035, 27.642668992999972 ], [ 85.819901050000169, 27.64313198800005 ], [ 85.819462805000057, 27.643046022000192 ], [ 85.818867127000146, 27.642929175 ], [ 85.818653280000149, 27.642936359000089 ], [ 85.817986168000175, 27.643490110000187 ], [ 85.817275064000114, 27.644007552000176 ], [ 85.816330909999976, 27.645260548000124 ], [ 85.815681033000146, 27.646351441000036 ], [ 85.815585962000171, 27.64738840900003 ], [ 85.815776673000073, 27.647996858 ], [ 85.816336138000054, 27.648784711000133 ], [ 85.817032280000092, 27.64976503500003 ], [ 85.817966089000038, 27.651532483999972 ], [ 85.817990114000168, 27.651577954 ], [ 85.818289198, 27.651955275000091 ], [ 85.818615127000101, 27.652366462000089 ], [ 85.818793110000172, 27.652591003000111 ], [ 85.819164915999977, 27.653501115999973 ], [ 85.819782510000095, 27.654059077000056 ], [ 85.820044097000164, 27.654205693000108 ], [ 85.820263685000043, 27.654273578000129 ], [ 85.820952220000095, 27.654486435000081 ], [ 85.821480080000072, 27.654933153000059 ], [ 85.821661174000155, 27.655234631000155 ], [ 85.821757967000053, 27.655576164000081 ], [ 85.821279130000164, 27.656661747000101 ], [ 85.821052264, 27.657589348000045 ], [ 85.821007409000117, 27.657660909000185 ], [ 85.820197097000062, 27.658953649000011 ], [ 85.819900541000038, 27.660379141000192 ], [ 85.819889871000044, 27.6604486170001 ], [ 85.819829603000187, 27.660841037000068 ], [ 85.81966743300012, 27.661114885000131 ], [ 85.819171298000185, 27.661663389000068 ], [ 85.818523669000172, 27.6628309620001 ], [ 85.818278255999985, 27.663183114000105 ], [ 85.817087066000056, 27.664749891000156 ], [ 85.816865737000114, 27.664927449000118 ], [ 85.816544503000159, 27.665185155000131 ], [ 85.815828277000037, 27.665549048000116 ], [ 85.815412886000047, 27.665944755000112 ], [ 85.814586787, 27.66688747 ], [ 85.813428662000035, 27.668107091000138 ], [ 85.812472831000093, 27.668976497000131 ], [ 85.811447528000087, 27.669042160000117 ], [ 85.811259715000062, 27.669017884000084 ], [ 85.809727511000119, 27.668819837000115 ], [ 85.809249014000045, 27.668603661000191 ], [ 85.808557049000115, 27.668392417000121 ], [ 85.807946761000039, 27.668064561000165 ], [ 85.807589006, 27.667614781000054 ], [ 85.807108201000119, 27.667321862000108 ], [ 85.806594957000129, 27.667335539000078 ], [ 85.806248941000092, 27.667228730000033 ], [ 85.804860824000059, 27.666693379000037 ], [ 85.804170356000157, 27.666520507000143 ], [ 85.803474893000043, 27.666194149000148 ], [ 85.802848354000162, 27.666024028000152 ], [ 85.802438098000152, 27.665914468000153 ], [ 85.801761119, 27.666163558000164 ], [ 85.800783180000167, 27.666382960000192 ], [ 85.800100020000173, 27.666437943000062 ], [ 85.799240762000125, 27.666347061000181 ], [ 85.79885318800018, 27.666280497000173 ], [ 85.798511045000055, 27.666291053000123 ], [ 85.797660280000059, 27.666466459999981 ], [ 85.795936826000116, 27.666131085000075 ], [ 85.794567879999988, 27.666166558000043 ], [ 85.794050765000122, 27.666067308000038 ], [ 85.79357302000011, 27.665848881000159 ], [ 85.79298573, 27.665496900000051 ], [ 85.792045053000095, 27.664933123000083 ], [ 85.79187395200006, 27.664938432000042 ], [ 85.791404699000054, 27.664988482000126 ], [ 85.790728526000123, 27.665407663000053 ], [ 85.790564986000106, 27.665509046000182 ], [ 85.789881826000055, 27.665566278000142 ], [ 85.787140062000049, 27.665526484000054 ], [ 85.786460712000121, 27.66569658300017 ], [ 85.785278480000045, 27.666227577000029 ], [ 85.784651490000044, 27.666704898000035 ], [ 85.783553188000099, 27.667155464000189 ], [ 85.782659927000168, 27.667332558000055 ], [ 85.781981698000095, 27.667543214000091 ], [ 85.780638046000149, 27.668345807000151 ], [ 85.7798329580001, 27.66859814500009 ], [ 85.778846590000057, 27.668546633000062 ], [ 85.777827344000116, 27.668806092000125 ], [ 85.777310290000116, 27.668704529000024 ], [ 85.776962838000145, 27.668559349000077 ], [ 85.776174018000063, 27.668006446000049 ], [ 85.775483237, 27.66783338700003 ], [ 85.774628973000063, 27.667895680000129 ], [ 85.773939380000115, 27.667760992000183 ], [ 85.773242167000035, 27.667396199000109 ], [ 85.772896216000106, 27.667291640000087 ], [ 85.771872036000104, 27.667395363000026 ], [ 85.77102158200006, 27.667570520000027 ], [ 85.770336859000167, 27.667589255999985 ], [ 85.770114828000033, 27.667545638000149 ], [ 85.769819866000148, 27.667487694000101 ], [ 85.769478848000176, 27.667536559000155 ], [ 85.768883799000037, 27.667666599000086 ], [ 85.768735515, 27.667842911000093 ], [ 85.768554146000042, 27.668058559000031 ], [ 85.768151682000109, 27.66883548300018 ], [ 85.768038500000159, 27.669299189000185 ], [ 85.767597101000149, 27.670193164000182 ], [ 85.76748647900007, 27.670731364000119 ], [ 85.767324120000069, 27.671005149000109 ], [ 85.767075084000055, 27.671239812000067 ], [ 85.76656933400011, 27.671483469000066 ], [ 85.765546277000112, 27.671627751000131 ], [ 85.765204073000064, 27.671635994000155 ], [ 85.764684395000018, 27.671457626000176 ], [ 85.764169964000189, 27.671434994000037 ], [ 85.762816006000094, 27.67193048900009 ], [ 85.76208248100005, 27.671759303000158 ], [ 85.761482187000126, 27.671735857000158 ], [ 85.760191110000164, 27.671541540000192 ], [ 85.760045707000074, 27.671601299000031 ], [ 85.759895523000125, 27.671663024000111 ], [ 85.759888305000061, 27.671677016 ], [ 85.759734536, 27.671975118000148 ], [ 85.759877944000152, 27.672429893000015 ], [ 85.759842757000172, 27.672661934000132 ], [ 85.759637903000112, 27.67293534300012 ], [ 85.75896973000016, 27.673450473000116 ], [ 85.757613399000093, 27.673871475000112 ], [ 85.757106212000167, 27.674076698000135 ], [ 85.756936296000106, 27.674118065000073 ], [ 85.754260010000053, 27.674766273999978 ], [ 85.753466614000104, 27.674787048000098 ], [ 85.75297680400007, 27.67479987300004 ], [ 85.752540055000111, 27.674543263000089 ], [ 85.752229353000132, 27.674206600000048 ], [ 85.752206434000129, 27.673518287000036 ], [ 85.752116011000169, 27.673366361000092 ], [ 85.751810117000105, 27.673183122000125 ], [ 85.751294313000074, 27.673119805999988 ], [ 85.750913110000056, 27.673244976000092 ], [ 85.750619707000169, 27.673445328000128 ], [ 85.750244873000099, 27.673762293000152 ], [ 85.750041145000125, 27.674074074000089 ], [ 85.750008204000153, 27.674380546000066 ], [ 85.750237476999985, 27.674833884000066 ], [ 85.750168100000053, 27.67533402700019 ], [ 85.750146713000106, 27.675985906 ], [ 85.749815812000179, 27.676339244000133 ], [ 85.749478539999984, 27.676503159999982 ], [ 85.748966356000096, 27.676554960000033 ], [ 85.748446742000056, 27.676376529000095 ], [ 85.747727036000015, 27.675878247000071 ], [ 85.746918061000144, 27.676683100000162 ], [ 85.746788386000162, 27.676912014000095 ], [ 85.746370957000181, 27.677451310000095 ], [ 85.746184949000053, 27.677691622000111 ], [ 85.745948602000169, 27.677863166000066 ], [ 85.745691633000092, 27.677919531000043 ], [ 85.745521220000114, 27.677843534000033 ], [ 85.745402876000128, 27.677683903000059 ], [ 85.745309066000175, 27.677557369000112 ], [ 85.74501111100011, 27.677326821 ], [ 85.744670097000153, 27.677174830000126 ], [ 85.744157981000058, 27.677000960000157 ], [ 85.743388460000062, 27.67696013800014 ], [ 85.743046942000035, 27.676882639000041 ], [ 85.742533886000047, 27.676844134000135 ], [ 85.742107070000088, 27.676747760000183 ], [ 85.74176511600001, 27.676708569000027 ], [ 85.741423789000123, 27.676612948000184 ], [ 85.74108183400017, 27.676573757000085 ], [ 85.740226071000166, 27.676647174000038 ], [ 85.739797876000182, 27.676722284 ], [ 85.739541535000171, 27.676701906000119 ], [ 85.739221955, 27.676511730000186 ], [ 85.738925568000127, 27.676089451000166 ], [ 85.738670293000041, 27.675861529000088 ], [ 85.738499881000166, 27.675783220000142 ], [ 85.73769124800009, 27.675281813000083 ], [ 85.737435345000165, 27.675223126000162 ], [ 85.737349856000094, 27.675222312000074 ], [ 85.737092512000117, 27.675373358000115 ], [ 85.736856227000033, 27.675562960000036 ], [ 85.736770487000058, 27.675582458 ], [ 85.735889337000174, 27.676323439000157 ], [ 85.735631931000171, 27.67647448300005 ], [ 85.735075684000037, 27.676666098000169 ], [ 85.735032193000109, 27.676681080000151 ], [ 85.73460543900012, 27.676602767000134 ], [ 85.734372038000117, 27.676352472000133 ], [ 85.734286987000075, 27.6763133500001 ], [ 85.73411182600006, 27.676154346000089 ], [ 85.734053460000041, 27.676101365000079 ], [ 85.733983384000112, 27.676069624000036 ], [ 85.733499475000144, 27.675850439000101 ], [ 85.733350685000062, 27.675734010000156 ], [ 85.732967428000052, 27.675541020000139 ], [ 85.732457754000166, 27.675134797 ], [ 85.732138675000158, 27.674922061000188 ], [ 85.731604309000147, 27.674919427000134 ], [ 85.731476388000146, 27.674918237000043 ], [ 85.731348657000126, 27.674840367000172 ], [ 85.731200242000057, 27.674667567000085 ], [ 85.731160570000156, 27.674209294000093 ], [ 85.731161967000162, 27.674019337000118 ], [ 85.731163391000109, 27.673825767000096 ], [ 85.731166902000098, 27.673329498000157 ], [ 85.731281162000187, 27.672238660000119 ], [ 85.731293046000076, 27.671906382000145 ], [ 85.731307861000175, 27.671492163999972 ], [ 85.731361423000124, 27.671259943000052 ], [ 85.731506228000114, 27.670632119000174 ], [ 85.731507296000018, 27.67046075899998 ], [ 85.731465679000053, 27.670306960000175 ], [ 85.731401549000111, 27.670215444000064 ], [ 85.731317703000059, 27.670095788000083 ], [ 85.730574064999985, 27.669459582000059 ], [ 85.730127756000115, 27.669130729000074 ], [ 85.729787745000124, 27.668899681000141 ], [ 85.729191329000173, 27.668628007000052 ], [ 85.729020478000166, 27.668608318000111 ], [ 85.728594412000064, 27.668451075000178 ], [ 85.728423372000123, 27.66845175900005 ], [ 85.727826267000012, 27.668295138000133 ], [ 85.727399386000172, 27.668234823000034 ], [ 85.726971817000049, 27.668251190000035 ], [ 85.726630552000131, 27.668191688000093 ], [ 85.726119311, 27.667977136000104 ], [ 85.72590665600012, 27.667824084000074 ], [ 85.725610077000169, 27.667478422000045 ], [ 85.725398737000091, 27.667131324000138 ], [ 85.725251640000067, 27.666787040000088 ], [ 85.725167909000163, 27.666384699000105 ], [ 85.72485172, 27.665524583000149 ], [ 85.724779310000088, 27.66522593000002 ], [ 85.724726186000112, 27.665006814000037 ], [ 85.724706508000111, 27.664663720000078 ], [ 85.724772193000092, 27.66437787000001 ], [ 85.725008984000056, 27.663978410000027 ], [ 85.72516059700007, 27.663578261000055 ], [ 85.725204534000113, 27.663368844000047 ], [ 85.725120363000144, 27.663061244000176 ], [ 85.725057439000068, 27.662889258000121 ], [ 85.724590201000126, 27.662296115000174 ], [ 85.723823687000163, 27.661813083000027 ], [ 85.723311884000168, 27.66161884100012 ], [ 85.722543865000148, 27.661404221000112 ], [ 85.721689793000166, 27.661285842000154 ], [ 85.721091559000058, 27.661280270000077 ], [ 85.720515262000049, 27.661220828000125 ], [ 85.720216114000152, 27.66117970099998 ], [ 85.720343657000171, 27.661352375000092 ], [ 85.720789399000068, 27.661909146000028 ], [ 85.721300998000061, 27.662388164000049 ], [ 85.721363684000096, 27.662446858000123 ], [ 85.721405365000066, 27.66247331 ], [ 85.721789373000036, 27.662717029000191 ], [ 85.722342603000186, 27.663159749000044 ], [ 85.722466330000032, 27.663338894000049 ], [ 85.722660926000117, 27.663620650999974 ], [ 85.722786713000119, 27.664079800000081 ], [ 85.72278583200017, 27.664233161000027 ], [ 85.722742524000125, 27.664365899000188 ], [ 85.722613160000094, 27.664594814000054 ], [ 85.722355501000152, 27.664878908000105 ], [ 85.722161646000188, 27.665183941 ], [ 85.721860677000109, 27.665544404000116 ], [ 85.721218004000093, 27.665903921999984 ], [ 85.720875233000072, 27.666072214000053 ], [ 85.720554462000109, 27.666148202000159 ], [ 85.720234694000112, 27.666030207000063 ], [ 85.719595599000058, 27.665645355000038 ], [ 85.719404189000045, 27.665490115000125 ], [ 85.719234594000113, 27.665204325000104 ], [ 85.719150236000075, 27.664973407 ], [ 85.718916960000172, 27.664628371000049 ], [ 85.718768986000157, 27.664340457000037 ], [ 85.718217264000145, 27.663575077000132 ], [ 85.717983172000174, 27.663419463000025 ], [ 85.717215781000164, 27.663092103000167 ], [ 85.717045493000114, 27.662975485000061 ], [ 85.716704166, 27.662859491000063 ], [ 85.716448577000108, 27.66272406000013 ], [ 85.716256478000105, 27.662683935000132 ], [ 85.716043512000056, 27.662530820000143 ], [ 85.715916280000044, 27.662358146000088 ], [ 85.715788363000172, 27.662280276000047 ], [ 85.715554461000181, 27.662050229999977 ], [ 85.71534243200017, 27.661761814000101 ], [ 85.715215769000054, 27.661494398 ], [ 85.714959929000031, 27.661376966999967 ], [ 85.714745957000105, 27.661395273999972 ], [ 85.714660280000032, 27.66143283200006 ], [ 85.714467114, 27.661622811000086 ], [ 85.71427344500006, 27.6619075320001 ], [ 85.714015786000175, 27.662135258000092 ], [ 85.713930173000108, 27.662172815000133 ], [ 85.713673768000092, 27.662190747000182 ], [ 85.713545913000075, 27.662153435000107 ], [ 85.713396682000109, 27.662075440000137 ], [ 85.713269203000095, 27.661959136000121 ], [ 85.713142351000101, 27.661671408000075 ], [ 85.713100987000075, 27.661386809000078 ], [ 85.71299613399998, 27.661040650000132 ], [ 85.712915792000103, 27.660008927000149 ], [ 85.712960293000151, 27.659666460000096 ], [ 85.712749897000151, 27.659035074000087 ], [ 85.712072575000036, 27.657828670000129 ], [ 85.711945222000111, 27.657674056000133 ], [ 85.71141330100005, 27.657231460999981 ], [ 85.711116037000124, 27.65686773900012 ], [ 85.71088219700016, 27.656637692000174 ], [ 85.710351594000031, 27.655946994000033 ], [ 85.710034023000162, 27.655429661000142 ], [ 85.709630838000066, 27.654891264000071 ], [ 85.709460487000115, 27.654776833000142 ], [ 85.709119288000011, 27.654622529000164 ], [ 85.708863571000109, 27.654563779000057 ], [ 85.70862860200009, 27.654561588000149 ], [ 85.708478559000071, 27.654636891000109 ], [ 85.708263519000184, 27.654903302000037 ], [ 85.707726638999986, 27.655453305000151 ], [ 85.707469483000068, 27.655586226000025 ], [ 85.707298631000128, 27.655602723000072 ], [ 85.707127339000181, 27.655677775000072 ], [ 85.706912800000055, 27.655849506000152 ], [ 85.706656146000171, 27.65594411800015 ], [ 85.706250199000067, 27.655940299000122 ], [ 85.705800818000114, 27.656071467000118 ], [ 85.705285942000103, 27.656335121999973 ], [ 85.705179144000169, 27.656316121000089 ], [ 85.705136839000147, 27.656220942000118 ], [ 85.705266264000102, 27.655992026000035 ], [ 85.705373753000174, 27.655896038000094 ], [ 85.705630658000018, 27.655842047000135 ], [ 85.706315007000114, 27.655787501000077 ], [ 85.706873132000169, 27.655237810000131 ], [ 85.707473751000066, 27.654765112000121 ], [ 85.707733543000018, 27.654135861000043 ], [ 85.707864412000106, 27.653564101000143 ], [ 85.707866295000031, 27.653218945000162 ], [ 85.707803057000092, 27.653046896000092 ], [ 85.70765834600013, 27.652129600000023 ], [ 85.707681728000125, 27.651710263000041 ], [ 85.707601259000114, 27.650737160000119 ], [ 85.707497160000116, 27.650219580000055 ], [ 85.707519725000111, 27.649991975000148 ], [ 85.707394442000123, 27.649417773999971 ], [ 85.707424097, 27.647814042000164 ], [ 85.707383172000107, 27.647470760000033 ], [ 85.707194212000104, 27.646839688 ], [ 85.707132543000057, 27.646378790000085 ], [ 85.706986012000073, 27.645806714000173 ], [ 85.706986766000171, 27.645635228 ], [ 85.706860351000103, 27.645288883000035 ], [ 85.706840611000075, 27.645002220000038 ], [ 85.706567355000175, 27.644085984000071 ], [ 85.706507820000127, 27.643225936000135 ], [ 85.706447657000069, 27.642498936000038 ], [ 85.706343118000177, 27.642040038000118 ], [ 85.706219105000173, 27.641879363000044 ], [ 85.70615196000017, 27.641792369000143 ], [ 85.705896684000038, 27.641636565 ], [ 85.70604378000013, 27.642077842000049 ], [ 85.70609681600007, 27.642227410000146 ], [ 85.706233182000176, 27.642611985000087 ], [ 85.706231236000178, 27.642995513000187 ], [ 85.70616529800003, 27.643376165000063 ], [ 85.706164169000033, 27.643606271000124 ], [ 85.706077612000058, 27.643833311000037 ], [ 85.705989300000056, 27.644367137000188 ], [ 85.705880618000094, 27.644749601 ], [ 85.705717091000167, 27.645094323000137 ], [ 85.7056643250001, 27.645205557000111 ], [ 85.705620137000153, 27.645435285000076 ], [ 85.705575195000165, 27.645892806000177 ], [ 85.705588910000131, 27.646062095000104 ], [ 85.705655664000176, 27.64688615700004 ], [ 85.705610095000054, 27.647420422000096 ], [ 85.705478474000074, 27.648030552000137 ], [ 85.705432906, 27.64856475400012 ], [ 85.705429905000017, 27.648575281000035 ], [ 85.705389284000148, 27.648717739000062 ], [ 85.70538637500016, 27.649280235000049 ], [ 85.705385331000059, 27.649482483000099 ], [ 85.705616406000104, 27.650323850000177 ], [ 85.705722385000058, 27.650552707000031 ], [ 85.705976906000103, 27.650936365000121 ], [ 85.706124128, 27.651395639000157 ], [ 85.706186990000049, 27.651624119000189 ], [ 85.706190879000133, 27.651684386000113 ], [ 85.706206792000103, 27.651931092000098 ], [ 85.70616235500006, 27.652235253000129 ], [ 85.705968686000119, 27.65251991100007 ], [ 85.705775332000087, 27.652691829000105 ], [ 85.705152905000034, 27.653107907000049 ], [ 85.705024235000053, 27.653145027000107 ], [ 85.704808442000058, 27.65350624000007 ], [ 85.704613709000171, 27.653964634000147 ], [ 85.704097074000174, 27.654591444000118 ], [ 85.70396809000016, 27.654705306000153 ], [ 85.70343127700005, 27.655083825000133 ], [ 85.702807973000176, 27.655594582 ], [ 85.70246501500003, 27.655765061000182 ], [ 85.70152181800006, 27.656139761000077 ], [ 85.701200044000075, 27.656328489000089 ], [ 85.700578120000159, 27.656591142000025 ], [ 85.700427950000176, 27.656704754000032 ], [ 85.70016935100017, 27.657067780000034 ], [ 85.69978032500012, 27.657828893000044 ], [ 85.699650334000125, 27.65813230100008 ], [ 85.699518964999982, 27.658665688000099 ], [ 85.699389539000151, 27.658894604000011 ], [ 85.699238617000049, 27.65912326900019 ], [ 85.698872780999977, 27.659503352000115 ], [ 85.698681771000167, 27.659755449000102 ], [ 85.698657241000092, 27.659787823000102 ], [ 85.698525701000051, 27.659904058000052 ], [ 85.697429505000116, 27.660872705000031 ], [ 85.695797017000075, 27.661608549000164 ], [ 85.695280577000119, 27.661969133000127 ], [ 85.694871498000111, 27.662312720000045 ], [ 85.694246066000062, 27.662940717000026 ], [ 85.694051461000072, 27.663245748000179 ], [ 85.693857606000108, 27.663435666000055 ], [ 85.693618877000119, 27.663911681000116 ], [ 85.693553258000122, 27.664102788000037 ], [ 85.693508444000145, 27.664409197000055 ], [ 85.693529064000074, 27.664562747000161 ], [ 85.693482244000108, 27.665173692000167 ], [ 85.693416435000074, 27.665403170000161 ], [ 85.693070281000075, 27.665936804000069 ], [ 85.692895417000159, 27.666469816000131 ], [ 85.692872163000175, 27.66677641300015 ], [ 85.692954705000091, 27.667237437000097 ], [ 85.693076858000154, 27.667620188000058 ], [ 85.693101301000127, 27.667696773000102 ], [ 85.693292457000155, 27.667946691000168 ], [ 85.693632090000108, 27.668389845999968 ], [ 85.69410052000012, 27.668793505000053 ], [ 85.694291551000049, 27.66902536300006 ], [ 85.694439338000109, 27.669331401000193 ], [ 85.694436705000157, 27.669714867000096 ], [ 85.694391829000153, 27.67002127600017 ], [ 85.694216153000184, 27.670633218000148 ], [ 85.694107599000063, 27.670862321000186 ], [ 85.693891685000153, 27.671090359000061 ], [ 85.693437606000145, 27.671722233000082 ], [ 85.692855295000186, 27.672292046999985 ], [ 85.692681562000132, 27.672599454000135 ], [ 85.692593941000098, 27.672905425000124 ], [ 85.692592687000172, 27.673058849000029 ], [ 85.692738468000016, 27.673671547000083 ], [ 85.692798885000173, 27.674209063000148 ], [ 85.692754636000132, 27.674438729000144 ], [ 85.692624397000088, 27.6746856420001 ], [ 85.692344429000059, 27.674895055999968 ], [ 85.692172701000061, 27.674952110000106 ], [ 85.690545106000116, 27.674887088000048 ], [ 85.690202588000034, 27.674845460000142 ], [ 85.689516427000171, 27.674958563000189 ], [ 85.68925852100017, 27.675071236000178 ], [ 85.68895705500006, 27.675300711000091 ], [ 85.688612972000101, 27.675471190000053 ], [ 85.688116650000097, 27.676023694000094 ], [ 85.687921669000048, 27.676328664000152 ], [ 85.687703436000163, 27.676883861000135 ], [ 85.687269603000061, 27.677646659 ], [ 85.687118241000178, 27.677877636000062 ], [ 85.686621169000091, 27.678468450000082 ], [ 85.686597851999977, 27.678775047000101 ], [ 85.686681336000163, 27.679080396000074 ], [ 85.686850558000117, 27.679388810000034 ], [ 85.687210935, 27.679926893000015 ], [ 85.68782671200006, 27.680695211 ], [ 85.688252145000035, 27.681139179000184 ], [ 85.688400935000061, 27.681312041000069 ], [ 85.688506228000165, 27.681543147000184 ], [ 85.688567836000118, 27.681924926000079 ], [ 85.688521832000049, 27.682384697000032 ], [ 85.688456024000118, 27.682614238000099 ], [ 85.68821710800006, 27.683072131000017 ], [ 85.687719093000112, 27.683818744000064 ], [ 85.687220014000161, 27.684734339999977 ], [ 85.687047284000073, 27.684924444999979 ], [ 85.686767127000053, 27.685172231000081 ], [ 85.686444542000118, 27.685342835000142 ], [ 85.685587779000173, 27.685300886000164 ], [ 85.685160090000068, 27.685202076000166 ], [ 85.684391074000189, 27.684874466000053 ], [ 85.683985631000155, 27.684660790000123 ], [ 85.683750977000102, 27.684525486000098 ], [ 85.683494200000041, 27.684486922000133 ], [ 85.683151495000061, 27.684483667000109 ], [ 85.682636372000161, 27.68459608500018 ], [ 85.682206737000058, 27.684785998000166 ], [ 85.681518572000186, 27.685165203000054 ], [ 85.68132553300012, 27.685201696000092 ], [ 85.681174864000184, 27.685297247000108 ], [ 85.680972123, 27.685685812000031 ], [ 85.680935885000054, 27.685755265000182 ], [ 85.680939235000153, 27.685875920000115 ], [ 85.680952931000036, 27.686369023000168 ], [ 85.681057283000143, 27.686753491000161 ], [ 85.681097959000112, 27.687060713 ], [ 85.681074895000165, 27.687290567000048 ], [ 85.680899969000109, 27.687825830000179 ], [ 85.680812915000161, 27.687978440000165 ], [ 85.680659736, 27.688437146000126 ], [ 85.680485691000115, 27.688818984000079 ], [ 85.680418690000124, 27.689201886000149 ], [ 85.680415241000105, 27.689700404000178 ], [ 85.680456482000068, 27.689930884000091 ], [ 85.680604206000055, 27.69023685999997 ], [ 85.68092252800011, 27.690697824000097 ], [ 85.681368832000089, 27.691198412000176 ], [ 85.682026666000127, 27.692023538000058 ], [ 85.682153456000151, 27.692254893999973 ], [ 85.68215289200009, 27.692331575000026 ], [ 85.682130579000102, 27.692446440000026 ], [ 85.681914416000097, 27.692694789000086 ], [ 85.681677820000061, 27.692845896000051 ], [ 85.681075954000164, 27.693131173000097 ], [ 85.680774676000112, 27.693320088000178 ], [ 85.680580448000057, 27.693530254000166 ], [ 85.680169240000112, 27.694083573000057 ], [ 85.679845086000114, 27.69448428000004 ], [ 85.679801715000167, 27.694560585999966 ], [ 85.679563679000182, 27.694885428000021 ], [ 85.679447075000155, 27.695112932000029 ], [ 85.679368071000169, 27.695267077999972 ], [ 85.679258264000055, 27.695649542000183 ], [ 85.679190637000033, 27.696109062 ], [ 85.679228286000068, 27.696211954000034 ], [ 85.679442464000033, 27.696797318000108 ], [ 85.679569318000063, 27.697028550000084 ], [ 85.679823778000127, 27.697335588999977 ], [ 85.679950002999988, 27.69764131400018 ], [ 85.680011925000144, 27.697969036000075 ], [ 85.680092211000044, 27.698696222000024 ], [ 85.680089204000069, 27.699077438000131 ], [ 85.679935838000176, 27.699556456000153 ], [ 85.679762353000115, 27.69986161300011 ], [ 85.679674674000069, 27.700090904000149 ], [ 85.679479880000088, 27.700377812000113 ], [ 85.679091738000125, 27.700719274999983 ], [ 85.678748218000123, 27.700833258000102 ], [ 85.678404321000187, 27.701003674000162 ], [ 85.677953689000049, 27.701116719000026 ], [ 85.677267906000054, 27.701153016000092 ], [ 85.676924886000108, 27.70122644200012 ], [ 85.676581117000126, 27.701360799000156 ], [ 85.676066621000018, 27.70141453500014 ], [ 85.67594838600013, 27.701461843000175 ], [ 85.675637112000118, 27.701586387000191 ], [ 85.675314087000118, 27.70181336100012 ], [ 85.675033868000128, 27.702061084000093 ], [ 85.674638061000167, 27.70247636199997 ], [ 85.67423482900017, 27.702899433000084 ], [ 85.673760947000062, 27.703262580000057 ], [ 85.673280777000116, 27.703527242000064 ], [ 85.673072967000166, 27.703641784000126 ], [ 85.672254876000068, 27.704193409000027 ], [ 85.671459410000125, 27.704553487000169 ], [ 85.671308990000114, 27.70464903900006 ], [ 85.671157757000117, 27.704819021000105 ], [ 85.670896717, 27.70533540800011 ], [ 85.670869151000034, 27.70539444800005 ], [ 85.670697389000054, 27.705762328000105 ], [ 85.670352514, 27.70650098200008 ], [ 85.670220583000059, 27.706959939000171 ], [ 85.670260884000072, 27.707264849000182 ], [ 85.670235687000059, 27.707801489000133 ], [ 85.670081572000186, 27.708336939000048 ], [ 85.669908337000152, 27.708642095000073 ], [ 85.669671488000176, 27.708890194000105 ], [ 85.669284596000125, 27.709157227000048 ], [ 85.668855398000119, 27.709326766000117 ], [ 85.66834102700011, 27.709418813000013 ], [ 85.668083370000033, 27.709551733000183 ], [ 85.667782594000187, 27.709760897000081 ], [ 85.667545432000111, 27.710067678000144 ], [ 85.667372883000155, 27.710372773000074 ], [ 85.666941490000056, 27.71098227300007 ], [ 85.66661796000011, 27.711459663000142 ], [ 85.666187320000176, 27.711954048000109 ], [ 85.665786331000163, 27.71227952300012 ], [ 85.665692875000047, 27.712355378999973 ], [ 85.665660300000127, 27.712369611000099 ], [ 85.665263491000019, 27.712542980000137 ], [ 85.665006148000145, 27.712599157999989 ], [ 85.6645780180001, 27.712579215000062 ], [ 85.663637897000172, 27.712326533000123 ], [ 85.663124903000039, 27.712269654000124 ], [ 85.662783264000097, 27.712171595000086 ], [ 85.662612474000184, 27.712172217000102 ], [ 85.662098474000118, 27.712361254000029 ], [ 85.660875680000174, 27.71322021800006 ], [ 85.66061877500016, 27.713294457000075 ], [ 85.660275942000112, 27.71344674900007 ], [ 85.660019224000166, 27.713502928000025 ], [ 85.65984762, 27.713598291000153 ], [ 85.659248257000058, 27.713770704000126 ], [ 85.658563470000161, 27.713901680000106 ], [ 85.657856245000175, 27.714185829000087 ], [ 85.657641770000112, 27.714339374000133 ], [ 85.657061521000173, 27.714967683000111 ], [ 85.656675189000168, 27.715311271000132 ], [ 85.656589511000163, 27.715348891000076 ], [ 85.656245986999977, 27.715636547000031 ], [ 85.656052445000171, 27.715864773000135 ], [ 85.655965952000031, 27.716094001000044 ], [ 85.655965009, 27.716324168000028 ], [ 85.656154597000068, 27.716937304000112 ], [ 85.656153402000086, 27.717244152000092 ], [ 85.656109404000176, 27.717471506000095 ], [ 85.655806803000075, 27.718161126000155 ], [ 85.655634255, 27.718466284000158 ], [ 85.655416704000061, 27.71930795500009 ], [ 85.65533021300007, 27.719460441000081 ], [ 85.655094050000173, 27.719726599000069 ], [ 85.654922322000175, 27.719821901000159 ], [ 85.654793397000049, 27.719956012000125 ], [ 85.654557675000092, 27.72010711900009 ], [ 85.654043489, 27.720278095000026 ], [ 85.653529365000111, 27.720525752000185 ], [ 85.653186845, 27.720601364000061 ], [ 85.652673662000097, 27.720639227000106 ], [ 85.651733604000128, 27.720424792000188 ], [ 85.650900971000056, 27.720078308000154 ], [ 85.650559080000107, 27.720000496000068 ], [ 85.650387980000176, 27.719998869000051 ], [ 85.649531964000062, 27.720148403000167 ], [ 85.649104208000153, 27.720108149 ], [ 85.648847933000184, 27.720031151000057 ], [ 85.647823390000042, 27.719549676000099 ], [ 85.647310648000087, 27.719375495000179 ], [ 85.647225473000049, 27.719318250000129 ], [ 85.64679815900007, 27.719201315000134 ], [ 85.646478269000056, 27.71898839 ], [ 85.645901912000056, 27.718700719000083 ], [ 85.644962229000043, 27.718427602000133 ], [ 85.644406934000187, 27.718214611 ], [ 85.644043232000115, 27.718233603000158 ], [ 85.643846235000069, 27.718319843000188 ], [ 85.643786137000063, 27.718346151000048 ], [ 85.643100785, 27.718574056000023 ], [ 85.642672464000043, 27.718669102000035 ], [ 85.642072413000051, 27.718915883000136 ], [ 85.641621402000112, 27.719335587000046 ], [ 85.641471293000052, 27.719431076000035 ], [ 85.641149080000105, 27.71973473200012 ], [ 85.640569523000181, 27.720191493000186 ], [ 85.639304548000098, 27.720858099000054 ], [ 85.639047833000063, 27.720914215000107 ], [ 85.638363046000165, 27.72098869600012 ], [ 85.638106392000054, 27.720988441000031 ], [ 85.63776356000011, 27.721061741000028 ], [ 85.636993663000112, 27.721078977000047 ], [ 85.636222383000074, 27.721362375000069 ], [ 85.635921730000121, 27.721612098000037 ], [ 85.635727810000049, 27.721917005000137 ], [ 85.635599076000062, 27.722051054000133 ], [ 85.635318913000106, 27.722508508000146 ], [ 85.635039445000075, 27.722814788000051 ], [ 85.634759536000047, 27.723177501000123 ], [ 85.634609365000188, 27.723329421000074 ], [ 85.634093296000174, 27.723901862000105 ], [ 85.633213083000101, 27.724606033000043 ], [ 85.632805570000073, 27.724834319000081 ], [ 85.632204764000051, 27.725293142000112 ], [ 85.631410857000049, 27.725806396000166 ], [ 85.631131702000118, 27.726035995000018 ], [ 85.630809112000065, 27.726436578000062 ], [ 85.630486959000166, 27.726740171000017 ], [ 85.630401157000165, 27.726779978000025 ], [ 85.629780236000045, 27.726891083000112 ], [ 85.629523330999973, 27.726985570000181 ], [ 85.629009459000088, 27.72710005100015 ], [ 85.628323733000059, 27.727325582000049 ], [ 85.628002208000169, 27.727516434000052 ], [ 85.627787169000044, 27.727708225000185 ], [ 85.627229548000173, 27.728029875000175 ], [ 85.626800035000088, 27.728393334000145 ], [ 85.626607435000153, 27.728411705000156 ], [ 85.626179741000101, 27.728427758000123 ], [ 85.625751546000117, 27.728504744000134 ], [ 85.625580193000076, 27.728579734000107 ], [ 85.624742727000012, 27.729227912000113 ], [ 85.624441758000103, 27.729551941000182 ], [ 85.623626731000058, 27.730026633000023 ], [ 85.623026805000165, 27.730255290000173 ], [ 85.62240701200011, 27.730249093000111 ], [ 85.621952638000039, 27.730100223000079 ], [ 85.621781596000062, 27.730139092000172 ], [ 85.621139928000105, 27.730310939000105 ], [ 85.620647930000075, 27.730425546000049 ], [ 85.619963207000183, 27.730466093000132 ], [ 85.618508825999982, 27.730850908999969 ], [ 85.617567199000177, 27.730985880000048 ], [ 85.617054138000071, 27.731138608000094 ], [ 85.616712242000062, 27.731311211000047 ], [ 85.616113317000156, 27.731483435000087 ], [ 85.615685933000123, 27.731675411000026 ], [ 85.615002139000012, 27.73209717400016 ], [ 85.614489138000124, 27.732365017000063 ], [ 85.614083620000144, 27.732728664000035 ], [ 85.613528186, 27.733075062000069 ], [ 85.613186350000149, 27.733342281999967 ], [ 85.612930378000101, 27.73361044000012 ], [ 85.612738210000032, 27.733840855000096 ], [ 85.612632342000154, 27.734146575000182 ], [ 85.612656818000062, 27.735216105000063 ], [ 85.612530504000063, 27.735979660000055 ], [ 85.612318023000171, 27.736439928000152 ], [ 85.612069819000055, 27.737184946000127 ], [ 85.612063352000121, 27.737204355000074 ], [ 85.611828628000069, 27.737472702000161 ], [ 85.611722385000064, 27.737778423000123 ], [ 85.611703493000107, 27.738619659999983 ], [ 85.611747167000033, 27.738924633000124 ], [ 85.611747219, 27.738942259000169 ], [ 85.611748283999987, 27.739308162000157 ], [ 85.611813520000055, 27.739613386000144 ], [ 85.61181469800016, 27.739994602000081 ], [ 85.61168751800011, 27.740453559000116 ], [ 85.611453476000122, 27.740913638000109 ], [ 85.611318475000076, 27.7412777830001 ], [ 85.611283487000037, 27.741372158000047 ], [ 85.611198867000098, 27.741696127000068 ], [ 85.611092873000075, 27.742060530000117 ], [ 85.611051245000169, 27.742441370000051 ], [ 85.610902446000182, 27.742805335000014 ], [ 85.610849380000047, 27.742890054000043 ], [ 85.610519107000187, 27.743417336000107 ], [ 85.610006912000188, 27.743991839000159 ], [ 85.609857427000122, 27.744202442000073 ], [ 85.609601456000178, 27.744450291000078 ], [ 85.608362785000111, 27.745428182000069 ], [ 85.608106190000115, 27.74554291700008 ], [ 85.607871031000116, 27.745714211000177 ], [ 85.607748340000171, 27.745775152000192 ], [ 85.607443645000103, 27.745926496999971 ], [ 85.607123370000124, 27.746212029000162 ], [ 85.60667423700005, 27.746365382000135 ], [ 85.606140982000056, 27.746998441000073 ], [ 85.605906254000161, 27.747361530000148 ], [ 85.605564793000042, 27.74766712100012 ], [ 85.605016793, 27.748003789000109 ], [ 85.604816944000106, 27.748126567000156 ], [ 85.604496108000035, 27.74828123500015 ], [ 85.604026100000056, 27.748605823000162 ], [ 85.603812252000125, 27.748720997000135 ], [ 85.603491168000176, 27.74872224000012 ], [ 85.603276575000109, 27.748550877000071 ], [ 85.602697784999975, 27.748206649000167 ], [ 85.602075255000159, 27.747613878000095 ], [ 85.601860660999989, 27.747462824000024 ], [ 85.601366925000036, 27.746986358000186 ], [ 85.60076595400011, 27.74647051900007 ], [ 85.59975772700011, 27.745801499000152 ], [ 85.598578583000062, 27.745191783000109 ], [ 85.598149648000174, 27.744830995000143 ], [ 85.597892372000047, 27.744677255 ], [ 85.59746349500017, 27.744505950000132 ], [ 85.596006882000154, 27.744182141000067 ], [ 85.595493014999988, 27.744088953000187 ], [ 85.595321662000117, 27.744107511000152 ], [ 85.595043386000043, 27.744106943000077 ], [ 85.594594068000163, 27.74422417500017 ], [ 85.594337475000145, 27.744338847000108 ], [ 85.593824289000167, 27.744491575000097 ], [ 85.593396779000102, 27.744683488000078 ], [ 85.593140309000034, 27.744836533000068 ], [ 85.592370281000115, 27.745144554000035 ], [ 85.59198563700005, 27.745431585000063 ], [ 85.591814784000064, 27.745506575000093 ], [ 85.591472576000172, 27.745622621000052 ], [ 85.591215734000059, 27.745660613000041 ], [ 85.590616995000175, 27.745909456000106 ], [ 85.590552877000164, 27.745987759000116 ], [ 85.590146863000143, 27.746236231000069 ], [ 85.589677661000053, 27.746808984000097 ], [ 85.58935787900009, 27.747326807000036 ], [ 85.589058913000031, 27.747650835 ], [ 85.588545974000112, 27.7478802440001 ], [ 85.588374934000171, 27.747995793000143 ], [ 85.587262449000093, 27.748264187000132 ], [ 85.586149223000177, 27.74824835700008 ], [ 85.585121979000064, 27.74842051100012 ], [ 85.584693786000059, 27.748420629000123 ], [ 85.58400844300013, 27.748230884000122 ], [ 85.583708607000176, 27.748232316000099 ], [ 85.583580559000097, 27.748327993000089 ], [ 85.583559622000053, 27.74847891700017 ], [ 85.583431820000101, 27.748728016000086 ], [ 85.583111170000052, 27.748939055000051 ], [ 85.582812140000158, 27.749245022000025 ], [ 85.582641411000168, 27.749360572000171 ], [ 85.582235148000052, 27.749552672999982 ], [ 85.582003489000158, 27.749602226000093 ], [ 85.581700216000172, 27.749666777000186 ], [ 85.581528800000058, 27.749685336000027 ], [ 85.580951189000132, 27.74974482000016 ], [ 85.580158855000093, 27.749765992000164 ], [ 85.579130369000097, 27.749617800000124 ], [ 85.578616188000126, 27.749598981000076 ], [ 85.578444837000063, 27.749563418000093 ], [ 85.577614498000173, 27.749208322000186 ], [ 85.57715851800009, 27.74901332100012 ], [ 85.576815506000173, 27.748822519000157 ], [ 85.576472427999988, 27.748710710000069 ], [ 85.576386939000145, 27.748730144000092 ], [ 85.576022862000116, 27.748748949000117 ], [ 85.575680406, 27.748808562000136 ], [ 85.575078621000046, 27.748843995000186 ], [ 85.574994932000152, 27.74884892200015 ], [ 85.574138293000033, 27.748966397000174 ], [ 85.573838396000042, 27.748967829000094 ], [ 85.573752721000119, 27.748928580000154 ], [ 85.573559563000117, 27.748719034000032 ], [ 85.573366283000155, 27.748376436000115 ], [ 85.573044145000097, 27.748091144000114 ], [ 85.572722690000091, 27.74790284200003 ], [ 85.572700946000055, 27.747843972000112 ], [ 85.572743507000098, 27.74761649300001 ], [ 85.572614343000112, 27.747387386000185 ], [ 85.572528360000149, 27.747099973000104 ], [ 85.572527810000111, 27.746869072000095 ], [ 85.572527679000189, 27.746813499000041 ], [ 85.572740973000066, 27.746355481000137 ], [ 85.57271904400011, 27.746068755000067 ], [ 85.572632872000099, 27.745916767000097 ], [ 85.57246133700005, 27.745727719000058 ], [ 85.572289861000058, 27.745631225000068 ], [ 85.572118259000092, 27.745595600000058 ], [ 85.571260818000098, 27.745214556000178 ], [ 85.570832377000102, 27.745160554000108 ], [ 85.570639653000114, 27.745140427000138 ], [ 85.569889261000014, 27.74474245000016 ], [ 85.569717721000075, 27.744724886000142 ], [ 85.569353767000109, 27.744781999000168 ], [ 85.569235306, 27.744927643000153 ], [ 85.569182722000107, 27.744992290000084 ], [ 85.569097233000036, 27.745032035000065 ], [ 85.568326272000093, 27.745071393000103 ], [ 85.568068995000033, 27.745016831000044 ], [ 85.567970763000119, 27.744970023000064 ], [ 85.567468957000131, 27.744730909 ], [ 85.567297416000088, 27.744713344000047 ], [ 85.567147685, 27.74477046200019 ], [ 85.567190923000055, 27.745075435000103 ], [ 85.567182640000169, 27.745229763000054 ], [ 85.567170353000108, 27.745458714000108 ], [ 85.567106358000103, 27.745629509000139 ], [ 85.566999620000104, 27.745745686000021 ], [ 85.566764149000107, 27.745840235000117 ], [ 85.566293025, 27.745803730000034 ], [ 85.566143166000131, 27.746014271000149 ], [ 85.566014867000092, 27.746130259000154 ], [ 85.565758148999976, 27.746226870000044 ], [ 85.565601947000062, 27.746254859000146 ], [ 85.56532989100009, 27.746303606000026 ], [ 85.565158725000117, 27.746380784 ], [ 85.565009427000064, 27.746647696000082 ], [ 85.564940113000148, 27.74670976900012 ], [ 85.564902313000061, 27.746743622 ], [ 85.564882454000099, 27.746748119000131 ], [ 85.564730962000169, 27.746782428000188 ], [ 85.564217028000087, 27.746745485000076 ], [ 85.564002993000088, 27.746804164000025 ], [ 85.563407268000105, 27.747621928000058 ], [ 85.563361997000129, 27.747684074 ], [ 85.563019722000149, 27.747971542000187 ], [ 85.562613209000176, 27.748201890000075 ], [ 85.562271248000059, 27.748489358000029 ], [ 85.561928665000039, 27.748605342000019 ], [ 85.561671757999989, 27.748740263000116 ], [ 85.561500470000055, 27.748776882000186 ], [ 85.561243440000112, 27.748778689000062 ], [ 85.560643275000075, 27.748571698000092 ], [ 85.56047186100011, 27.748495451999986 ], [ 85.560150653, 27.748458262000156 ], [ 85.559786638000162, 27.74849731400019 ], [ 85.559186656000122, 27.748518177000051 ], [ 85.558929568000167, 27.748422993000133 ], [ 85.558861398000033, 27.7484082900001 ], [ 85.558500999000103, 27.748330557000145 ], [ 85.558158234000075, 27.748293116000127 ], [ 85.557472948000054, 27.748274732000027 ], [ 85.556958954000152, 27.748314469000036 ], [ 85.556509260000098, 27.748431638000056 ], [ 85.556408998000109, 27.748572709000086 ], [ 85.556359714000166, 27.748642054000072 ], [ 85.556124428000032, 27.748795286000131 ], [ 85.555952890000071, 27.748775411000167 ], [ 85.555780938000055, 27.748713295000186 ], [ 85.555695799000034, 27.748682539000129 ], [ 85.555438772000173, 27.748682097000085 ], [ 85.554689614000154, 27.749010367000096 ], [ 85.554346973000122, 27.749011299000131 ], [ 85.553983082000116, 27.74908872300017 ], [ 85.55383322199998, 27.749202210000021 ], [ 85.553640869000162, 27.749432562000095 ], [ 85.553405765000093, 27.749815836000039 ], [ 85.55327753, 27.749949822000076 ], [ 85.553004060000148, 27.750183858000071 ], [ 85.552969516000132, 27.750264667000124 ], [ 85.55278132799998, 27.750704871000096 ], [ 85.551617769000075, 27.751955927000097 ], [ 85.551172216000111, 27.752387458000157 ], [ 85.550755988000105, 27.752790588000096 ], [ 85.550280097999973, 27.753471393000041 ], [ 85.550260725000101, 27.753498265000133 ], [ 85.54996744400006, 27.753860603000078 ], [ 85.549354012000094, 27.754445228000066 ], [ 85.549232207000045, 27.75483644100018 ], [ 85.549266134000106, 27.755143601000043 ], [ 85.549594266000099, 27.755688434000092 ], [ 85.549642942000048, 27.75591229000014 ], [ 85.549611507000179, 27.756038277000187 ], [ 85.549611130000073, 27.756135331 ], [ 85.54961725000004, 27.756250384000055 ], [ 85.54979478100006, 27.756631164999988 ], [ 85.549861052000153, 27.756775628000128 ], [ 85.549891986000034, 27.756843059000119 ], [ 85.549899826000171, 27.756860147000111 ], [ 85.549915251000073, 27.756868192000184 ], [ 85.54997943800015, 27.756901644000095 ], [ 85.550120918000175, 27.757015886000147 ], [ 85.550398686000051, 27.757343612000057 ], [ 85.551083156000175, 27.757452302 ], [ 85.551750447000074, 27.757258518000128 ], [ 85.552509509000174, 27.756964307000032 ], [ 85.552708141000096, 27.756887318000167 ], [ 85.553499664000128, 27.756739970000069 ], [ 85.554089134000037, 27.756755061000149 ], [ 85.554393865000122, 27.756762859000048 ], [ 85.554850558000169, 27.756680867000057 ], [ 85.555605016000072, 27.756545399 ], [ 85.55597451400007, 27.756609114000071 ], [ 85.556357101000174, 27.756675088000179 ], [ 85.55690202500017, 27.756863518000159 ], [ 85.557099966000123, 27.756851199000096 ], [ 85.557243356000072, 27.75684226400017 ], [ 85.557491261000052, 27.756765912000049 ], [ 85.557491287000062, 27.756765887000142 ], [ 85.557676239000102, 27.756607741000039 ], [ 85.557873747000087, 27.756526180000094 ], [ 85.557937583000069, 27.756499818000066 ], [ 85.558035330000052, 27.756501773000139 ], [ 85.558178426000154, 27.756504635 ], [ 85.558488324000052, 27.756629178000139 ], [ 85.558490420000055, 27.756630021000092 ], [ 85.558645110000043, 27.756692188000159 ], [ 85.55903992500015, 27.757061724000039 ], [ 85.559393810000188, 27.757313584000087 ], [ 85.559591769000122, 27.757376770000178 ], [ 85.559700643000099, 27.757411521999984 ], [ 85.560034098000074, 27.757457832000114 ], [ 85.560424549000118, 27.757322038000041 ], [ 85.56089280700013, 27.756975014000147 ], [ 85.561430642000118, 27.756263460000071 ], [ 85.561633794000045, 27.755994680000185 ], [ 85.561826441000107, 27.755820071000073 ], [ 85.562098929000115, 27.755573098000127 ], [ 85.562938340000187, 27.754988605000165 ], [ 85.563378588000035, 27.75484424800004 ], [ 85.563724978000096, 27.754825318000087 ], [ 85.56396813300006, 27.754893254000024 ], [ 85.563968155000055, 27.754893281000079 ], [ 85.564064492000114, 27.755013870000028 ], [ 85.564161288000093, 27.755332024999973 ], [ 85.564178771000059, 27.755389497000124 ], [ 85.564178776000119, 27.755389527000148 ], [ 85.564255489000175, 27.75633097900004 ], [ 85.564255495000168, 27.756331007000028 ], [ 85.564331830000185, 27.756771709000077 ], [ 85.564554556000132, 27.758057545999975 ], [ 85.564560573000051, 27.758140512000125 ], [ 85.564596967, 27.758642243000168 ], [ 85.56474222300011, 27.759007794000127 ], [ 85.564742700000068, 27.759008983000115 ], [ 85.564894912000057, 27.759392057000184 ], [ 85.565080937000118, 27.759625293000113 ], [ 85.565488068000093, 27.760135751000064 ], [ 85.565492836000146, 27.76014977400007 ], [ 85.565657466000118, 27.760633890000179 ], [ 85.565656617000116, 27.760725660000105 ], [ 85.565655967000055, 27.760794007000186 ], [ 85.565655668000147, 27.760841428000106 ], [ 85.565655672000105, 27.760841644000152 ], [ 85.565655660000118, 27.760843659000045 ], [ 85.565655660000118, 27.760843689000012 ], [ 85.565656361000094, 27.760857912000063 ], [ 85.565679891000116, 27.761335708000161 ], [ 85.565709540000171, 27.761970420000068 ], [ 85.565726482000116, 27.762333247000186 ], [ 85.565627961000075, 27.764136895000036 ], [ 85.565587656, 27.764266170000155 ], [ 85.565534029000105, 27.764438180000184 ], [ 85.565403295000124, 27.764520295000125 ], [ 85.564956525000127, 27.764635458000157 ], [ 85.564637709000181, 27.764717645000133 ], [ 85.564374934000057, 27.764897632000157 ], [ 85.56397909400016, 27.765168774000074 ], [ 85.563832612000112, 27.765268763000051 ], [ 85.563604118, 27.765393447000065 ], [ 85.563422966000132, 27.765492307999978 ], [ 85.563288236000176, 27.765517635000037 ], [ 85.56274367300017, 27.765620034000108 ], [ 85.562092705000111, 27.76574244000011 ], [ 85.561747279000144, 27.765863505000084 ], [ 85.561746256000163, 27.765863866000188 ], [ 85.561142700000119, 27.766075394000097 ], [ 85.56095863600018, 27.766165515000182 ], [ 85.56061913700006, 27.766331737000087 ], [ 85.559952659000146, 27.766756107000049 ], [ 85.55980012200007, 27.766853241000092 ], [ 85.559553474000097, 27.767081850000068 ], [ 85.559463208000068, 27.767165516000034 ], [ 85.559243111000058, 27.76763322000005 ], [ 85.559087116000057, 27.767964690000099 ], [ 85.559054647000096, 27.768114880000098 ], [ 85.558941621000145, 27.76863769 ], [ 85.558906930000035, 27.768708952000054 ], [ 85.558906589000117, 27.768709669000032 ], [ 85.558814887000153, 27.768898039000135 ], [ 85.558248435000166, 27.769501710999975 ], [ 85.558003658000075, 27.769762574000026 ], [ 85.557567576000054, 27.770450567000182 ], [ 85.556875274000163, 27.771287043000086 ], [ 85.556287698000062, 27.772596041000043 ], [ 85.556089753000094, 27.772825244000103 ], [ 85.555590080000059, 27.773403797000071 ], [ 85.555496054000116, 27.773512666000158 ], [ 85.555496028000107, 27.773512691000064 ], [ 85.555335033000176, 27.773660641000049 ], [ 85.554974216000062, 27.773992206 ], [ 85.554831417000059, 27.77428849 ], [ 85.554673020000052, 27.775644506000106 ], [ 85.554672381000046, 27.775649970000075 ], [ 85.554651659000115, 27.775827346000142 ], [ 85.554550930000062, 27.776290890000155 ], [ 85.554455536000148, 27.77672989000007 ], [ 85.554441350000047, 27.776795133 ], [ 85.554386808000174, 27.776823751000109 ], [ 85.554222063000111, 27.776910182000051 ], [ 85.554159854000034, 27.776986068000099 ], [ 85.554128574000117, 27.777024233000134 ], [ 85.554043520000164, 27.777127097000118 ], [ 85.553915033000123, 27.777351262000138 ], [ 85.553866718000108, 27.777522162000082 ], [ 85.55376303900016, 27.77788890000005 ], [ 85.553592660000163, 27.778104424999981 ], [ 85.553405769000051, 27.778340842000091 ], [ 85.552898063000157, 27.77868743300013 ], [ 85.552865615000144, 27.778709614999968 ], [ 85.552586111000096, 27.778900726000074 ], [ 85.552435376000176, 27.779151826000088 ], [ 85.552414413000122, 27.779248270000039 ], [ 85.552344878000156, 27.779568162000032 ], [ 85.552213071000153, 27.779623953000169 ], [ 85.55221262900011, 27.77962414600006 ], [ 85.55216321, 27.779645062000043 ], [ 85.552162839000061, 27.77964521500013 ], [ 85.551861599, 27.779638545000125 ], [ 85.551775828000132, 27.779636646000029 ], [ 85.551501716000189, 27.779750270000193 ], [ 85.551499790000037, 27.779751065000028 ], [ 85.551362311000105, 27.779982045000111 ], [ 85.551360235000118, 27.779992498000183 ], [ 85.551306791000115, 27.780261455000129 ], [ 85.551293246000171, 27.780329645999984 ], [ 85.551267501000098, 27.780459189000169 ], [ 85.551092827, 27.780935706000037 ], [ 85.550716557000158, 27.78121817300007 ], [ 85.550396327000101, 27.781138263 ], [ 85.550216369000168, 27.781093363000025 ], [ 85.55021589200004, 27.781093386000123 ], [ 85.549999220000188, 27.781104512000184 ], [ 85.549851485000147, 27.781112104999977 ], [ 85.549710317000176, 27.7811917840001 ], [ 85.549578735000125, 27.781264881000027 ], [ 85.549578706000034, 27.781264899 ], [ 85.549397660000182, 27.781406337000192 ], [ 85.549040207000189, 27.781685604000131 ], [ 85.548786742000061, 27.781791203000068 ], [ 85.548650029000044, 27.781812586000115 ], [ 85.548354355000072, 27.781858831000136 ], [ 85.548353244000111, 27.781859955000073 ], [ 85.548180188000174, 27.782035244999975 ], [ 85.548153340000056, 27.7821215620001 ], [ 85.548149647, 27.782133445000113 ], [ 85.548135447999982, 27.782179116000066 ], [ 85.548194933000048, 27.782337773000165 ], [ 85.548255169000072, 27.782498454000063 ], [ 85.54820891900016, 27.782712248000166 ], [ 85.548153308000053, 27.782758794000074 ], [ 85.548153119000119, 27.782758956000123 ], [ 85.548067834000108, 27.782830341000079 ], [ 85.548067809000031, 27.782830355000044 ], [ 85.547869167999977, 27.782891327000129 ], [ 85.547868897000058, 27.782891413000129 ], [ 85.54751038600017, 27.782763606000117 ], [ 85.547231922000037, 27.782724542000096 ], [ 85.547219870000106, 27.782729645000074 ], [ 85.547135831000162, 27.782765228000073 ], [ 85.547135603000129, 27.782765327000163 ], [ 85.547029136000106, 27.782810402999985 ], [ 85.546952734, 27.782978065000179 ], [ 85.546951370999977, 27.782981059000065 ], [ 85.546912520000092, 27.783066318000124 ], [ 85.546958374000155, 27.783743571000116 ], [ 85.546761145000062, 27.784009919000141 ], [ 85.546722853000119, 27.784008909000022 ], [ 85.546510428000033, 27.784003309000127 ], [ 85.546194220000132, 27.783994972000073 ], [ 85.546194177000075, 27.783994949000146 ], [ 85.546009621000053, 27.783894914000143 ], [ 85.545810421999988, 27.783786942000063 ], [ 85.545810261000099, 27.78378685500013 ], [ 85.545735752000041, 27.783746177000182 ], [ 85.545735430000036, 27.783746002000044 ], [ 85.545557386000041, 27.783650329000068 ], [ 85.545415656000046, 27.783573939000121 ], [ 85.545415221000098, 27.783573927000134 ], [ 85.545383285000128, 27.783573183000044 ], [ 85.545240418000105, 27.783569869000132 ], [ 85.544965152000088, 27.783715837000159 ], [ 85.544965139000169, 27.783715987000164 ], [ 85.54492100300007, 27.784484594000048 ], [ 85.544861888000071, 27.784758328000123 ], [ 85.544857815000171, 27.784777190000113 ], [ 85.544507247000126, 27.784983288000092 ], [ 85.543856323000057, 27.78512757600015 ], [ 85.543366123000169, 27.785447946000033 ], [ 85.543193958000074, 27.785560468000085 ], [ 85.543125529000179, 27.78560483800004 ], [ 85.542595844000118, 27.7858068110001 ], [ 85.54238949300003, 27.785946670000044 ], [ 85.542137223000111, 27.786021771000151 ], [ 85.542099399000165, 27.786033030000112 ], [ 85.541741899000101, 27.786139454000192 ], [ 85.541620776000116, 27.786175511000067 ], [ 85.541248534000033, 27.786026849000052 ], [ 85.541191212000115, 27.786003956000172 ], [ 85.541190974000074, 27.786003905000086 ], [ 85.541038678000064, 27.785971171000028 ], [ 85.540913311000111, 27.78594422700013 ], [ 85.540694852000058, 27.785897276000071 ], [ 85.540693446000091, 27.785898002000124 ], [ 85.540638532000173, 27.785926818000178 ], [ 85.540561952000076, 27.785967004000156 ], [ 85.540478512000107, 27.786010794000049 ], [ 85.540332455000168, 27.786087447000057 ], [ 85.540217178000148, 27.786406894000152 ], [ 85.54000159800006, 27.787004347000106 ], [ 85.539932593000117, 27.787091965000059 ], [ 85.539876487000129, 27.787163206000173 ], [ 85.539826409000057, 27.787167286000169 ], [ 85.539582838000058, 27.787187135000124 ], [ 85.539581909000049, 27.787186857999984 ], [ 85.539230325000119, 27.787080307000167 ], [ 85.539228708000053, 27.787079812 ], [ 85.538983266000173, 27.7870054280001 ], [ 85.53898128000003, 27.787004831000104 ], [ 85.538363731000175, 27.788087852000103 ], [ 85.538128757000095, 27.788186896000127 ], [ 85.537938720999989, 27.788096838000172 ], [ 85.537837972000091, 27.788094012000101 ], [ 85.537682319000112, 27.788089647000163 ], [ 85.537680394000063, 27.78809028600017 ], [ 85.537254060000123, 27.788231752000115 ], [ 85.536827168000116, 27.788757385000167 ], [ 85.536098688000095, 27.789293324000027 ], [ 85.535382079000044, 27.790122610000083 ], [ 85.535328983000056, 27.790227522000066 ], [ 85.535256027000059, 27.790371651000157 ], [ 85.535226298, 27.790430419000074 ], [ 85.535132288000057, 27.790616252000063 ], [ 85.534922686000129, 27.790749241000128 ], [ 85.534922500000107, 27.790749361000167 ], [ 85.534876033000103, 27.790755171000114 ], [ 85.534745472000054, 27.790771497000037 ], [ 85.534323820000111, 27.790824222000026 ], [ 85.534246397000061, 27.790857432000109 ], [ 85.534200719000182, 27.790877024000167 ], [ 85.533653578000099, 27.791511875000026 ], [ 85.533372306000103, 27.791838237000036 ], [ 85.53325329, 27.791817338000158 ], [ 85.533097564000116, 27.79178999200019 ], [ 85.532955199000128, 27.791764993000186 ], [ 85.532388187000095, 27.791665419000083 ], [ 85.532387024000116, 27.791666106000093 ], [ 85.532141959000171, 27.791810836000138 ], [ 85.531993537000176, 27.791898489 ], [ 85.531771522000156, 27.792029596000134 ], [ 85.531769139000062, 27.79203100400008 ], [ 85.531767930000058, 27.792030978000071 ], [ 85.531764308000106, 27.792030899000167 ], [ 85.531328428999984, 27.792021390000173 ], [ 85.530976516000123, 27.792013717000145 ], [ 85.530966245000059, 27.792013493000127 ], [ 85.530957210000111, 27.792008504000137 ], [ 85.530902668000067, 27.791978390000168 ], [ 85.530658341000162, 27.791843521000089 ], [ 85.530653666000035, 27.791840940000156 ], [ 85.530495277000171, 27.791632149000179 ], [ 85.530474228000116, 27.791604403 ], [ 85.530425955000112, 27.791540771000086 ], [ 85.530422891000057, 27.791511403000129 ], [ 85.530414016000123, 27.791429879000134 ], [ 85.530406132000167, 27.791357480000102 ], [ 85.530392402000075, 27.791231365000044 ], [ 85.530322297000055, 27.79100975700004 ], [ 85.530184065000185, 27.79057273300009 ], [ 85.530184046999977, 27.79057271 ], [ 85.530120483000076, 27.790526838000119 ], [ 85.530120398000179, 27.790526774000114 ], [ 85.530063461000168, 27.790485676000117 ], [ 85.529657048, 27.790385077000053 ], [ 85.529602356999987, 27.790371539000148 ], [ 85.52940648200007, 27.790323059000059 ], [ 85.52928943600017, 27.790097843000069 ], [ 85.529289064000125, 27.790097118000119 ], [ 85.529286457000183, 27.79009210300012 ], [ 85.529241457000182, 27.790005517000054 ], [ 85.529130850000172, 27.78996971600003 ], [ 85.528808954000169, 27.789865522000127 ], [ 85.528429750000043, 27.789983317000178 ], [ 85.528429307000124, 27.789983168000106 ], [ 85.527745581000033, 27.789753114000064 ], [ 85.527557311000066, 27.789689765000048 ], [ 85.526949266000145, 27.789633698000102 ], [ 85.526579195000181, 27.789646739000034 ], [ 85.526114695000103, 27.789663120000057 ], [ 85.525474733000067, 27.789931506000073 ], [ 85.525474703999976, 27.78993151300017 ], [ 85.525166109000111, 27.789959360000069 ], [ 85.525139498000158, 27.789961762000075 ], [ 85.525139201000059, 27.789961645000176 ], [ 85.524848563000148, 27.789849218000029 ], [ 85.524845932000176, 27.789848198000129 ], [ 85.524245937000046, 27.789616090000095 ], [ 85.523660640000173, 27.789566960000116 ], [ 85.523221407000165, 27.78989323400009 ], [ 85.523220116000118, 27.789894199000116 ], [ 85.523109766000061, 27.789976167000134 ], [ 85.522673262000183, 27.790021152 ], [ 85.522673193000116, 27.790021128000035 ], [ 85.52248808000013, 27.789954856000065 ], [ 85.522393926000177, 27.789921156000105 ], [ 85.522238480999988, 27.789663554000128 ], [ 85.52205962000005, 27.789367144000096 ], [ 85.522038684000108, 27.789344061000065 ], [ 85.521935626000072, 27.78923039700004 ], [ 85.521766765000052, 27.789149716000054 ], [ 85.521583184000065, 27.789145404000067 ], [ 85.52106088, 27.789133140000104 ], [ 85.52106080599998, 27.789133140000104 ], [ 85.520688920000168, 27.789041205000046 ], [ 85.520581187, 27.788965647000168 ], [ 85.520301921000168, 27.788540743 ], [ 85.520201402000112, 27.788515005000193 ], [ 85.520072201000175, 27.788481931000149 ], [ 85.519849970000166, 27.788426868000101 ], [ 85.51977705600018, 27.788408809000146 ], [ 85.51945079300009, 27.788420806000147 ], [ 85.519301874000121, 27.788426287000163 ], [ 85.519049719000122, 27.788382412000146 ], [ 85.518955705000167, 27.788366054000051 ], [ 85.518901110000172, 27.788356554000131 ], [ 85.518515998000112, 27.788231940000117 ], [ 85.518093534000172, 27.788095244000033 ], [ 85.517939916000046, 27.787972258000138 ], [ 85.517747966000172, 27.78781858300016 ], [ 85.517695083000149, 27.787790957000141 ], [ 85.517635013000131, 27.787758525000129 ], [ 85.516919207000058, 27.78737210100013 ], [ 85.516158001000179, 27.787066115000073 ], [ 85.515578395000148, 27.786764382000058 ], [ 85.515493918000175, 27.786740900000041 ], [ 85.515206949000174, 27.786661135000088 ], [ 85.514910059000101, 27.786624347999975 ], [ 85.514449801000012, 27.786567318000095 ], [ 85.512830765, 27.786509295000144 ], [ 85.512790507000034, 27.786514266000154 ], [ 85.512427443000036, 27.786559096000133 ], [ 85.512009588000183, 27.786811731000114 ], [ 85.512009551000119, 27.786811747000115 ], [ 85.511897649000105, 27.786847076000129 ], [ 85.51176090000007, 27.786890241000037 ], [ 85.511714497000185, 27.786889178000081 ], [ 85.511575480000147, 27.786885998000173 ], [ 85.511339098000121, 27.786800288000165 ], [ 85.511222785000029, 27.786758120000059 ], [ 85.511022413000148, 27.786646888000064 ], [ 85.510666911000044, 27.786449538000113 ], [ 85.51055563500006, 27.786387764000153 ], [ 85.509142138000072, 27.786135638000076 ], [ 85.509141999000178, 27.786135679000154 ], [ 85.509026269000174, 27.786169711000127 ], [ 85.508742420000033, 27.78625318100012 ], [ 85.508550075000016, 27.786309734000099 ], [ 85.508460024000158, 27.786311677000128 ], [ 85.508255464000058, 27.786316081000166 ], [ 85.508132391000117, 27.786318731000051 ], [ 85.507855422000034, 27.786227908000058 ], [ 85.50773581500016, 27.78618868000018 ], [ 85.507542161000117, 27.786125175000166 ], [ 85.506991576000132, 27.786199257000078 ], [ 85.506905931000063, 27.786210781000136 ], [ 85.506646653000132, 27.786246336000147 ], [ 85.506375946000162, 27.786229927000136 ], [ 85.506104667000045, 27.786213482000107 ], [ 85.506102162000104, 27.786213330000123 ], [ 85.50599876300015, 27.786184055999968 ], [ 85.505762635000167, 27.786117200000149 ], [ 85.505524331000174, 27.78598810200009 ], [ 85.505286779000016, 27.785859410000114 ], [ 85.505169943000112, 27.78573790900009 ], [ 85.504911961000118, 27.785469625000133 ], [ 85.50426455700017, 27.784979845000066 ], [ 85.50386032800003, 27.784755336000103 ], [ 85.50385944400017, 27.784754850000013 ], [ 85.50371362400017, 27.784673868000084 ], [ 85.503640996, 27.784658508000064 ], [ 85.503590545000179, 27.784646877000057 ], [ 85.503588647000015, 27.784646440000131 ], [ 85.503289070000051, 27.784586916000023 ], [ 85.502988324, 27.784526154000105 ], [ 85.502483866000034, 27.784482349000143 ], [ 85.502482757, 27.78448255700016 ], [ 85.501590605000104, 27.784653141000035 ], [ 85.500874320000094, 27.784866423000096 ], [ 85.500450183000055, 27.785085344000038 ], [ 85.500447367, 27.785086804000173 ], [ 85.500292216000048, 27.785166887000116 ], [ 85.499849185000073, 27.785450395000112 ], [ 85.499165650000123, 27.785887801000058 ], [ 85.498727816000098, 27.786048803000085 ], [ 85.498027728000068, 27.786306244000173 ], [ 85.498026761000119, 27.786306332000152 ], [ 85.497607721000065, 27.786344546000123 ], [ 85.496254554000132, 27.785991908000085 ], [ 85.496194206000098, 27.785950483000136 ], [ 85.495630580000181, 27.785563565000075 ], [ 85.495235016000152, 27.785292019000167 ], [ 85.495151469000064, 27.78525682999998 ], [ 85.495135597000171, 27.785250711000117 ], [ 85.495134888, 27.785250226000187 ], [ 85.494380534000129, 27.784955786000125 ], [ 85.49414254900006, 27.784862895000174 ], [ 85.494066410000073, 27.784833182000114 ], [ 85.493053308000071, 27.784196721000114 ], [ 85.490899700000057, 27.782178489000103 ], [ 85.490052096000113, 27.78132889200009 ], [ 85.489770810000095, 27.781046946 ], [ 85.48972919300013, 27.781004887000165 ], [ 85.489638330000162, 27.780913018000149 ], [ 85.489275078000105, 27.780357499000104 ], [ 85.488829959000157, 27.779940466000141 ], [ 85.488432802000034, 27.779728374000172 ], [ 85.488357968000059, 27.77968840900013 ], [ 85.488270753000052, 27.779681076000145 ], [ 85.487810788000104, 27.779642349000085 ], [ 85.486231062000115, 27.780181870000035 ], [ 85.486221786999977, 27.780185037000024 ], [ 85.48586684300011, 27.780306256000188 ], [ 85.484452187000102, 27.780522938 ], [ 85.483158693000064, 27.780721048000032 ], [ 85.482051650000187, 27.780818645000068 ], [ 85.480730391, 27.780832820000057 ], [ 85.479641190000052, 27.780515148000063 ], [ 85.479641161000131, 27.780515136000076 ], [ 85.479522374000169, 27.780469775000142 ], [ 85.479305829000111, 27.780387073000043 ], [ 85.478284992000113, 27.779771734 ], [ 85.477978086000121, 27.779523145000155 ], [ 85.477644543000167, 27.779252980000081 ], [ 85.476766828000109, 27.778630737000015 ], [ 85.476538252000182, 27.778513622000048 ], [ 85.476441582000177, 27.778464399000143 ], [ 85.475813608000067, 27.778144642000029 ], [ 85.47576774800018, 27.778129342 ], [ 85.475762093000185, 27.77812754200005 ], [ 85.475713490000146, 27.778102837000063 ], [ 85.474944904000154, 27.777853849000053 ], [ 85.47458864000015, 27.777789570000152 ], [ 85.474354984000172, 27.777747412000053 ], [ 85.4733746120001, 27.77783451200014 ], [ 85.47321960000005, 27.777879438000127 ], [ 85.473051343000066, 27.777928187000157 ], [ 85.472989219000056, 27.777935632000151 ], [ 85.472928545, 27.777952056000117 ], [ 85.472187342000097, 27.778469792000124 ], [ 85.47218731900017, 27.778469810000104 ], [ 85.471451282000089, 27.779049473000043 ], [ 85.471414970000126, 27.779078054000024 ], [ 85.471394250000174, 27.779271761000132 ], [ 85.471375592000072, 27.779446206999978 ], [ 85.471069984000167, 27.780532230000063 ], [ 85.470720142000175, 27.78110892300009 ], [ 85.470121707000146, 27.781733357000064 ], [ 85.469221247000064, 27.782584391000114 ], [ 85.468678987000146, 27.782912682000187 ], [ 85.46834891300017, 27.783112516000017 ], [ 85.467693548000057, 27.783696952000071 ], [ 85.467566046000172, 27.784643490000065 ], [ 85.467687458000057, 27.784994086000097 ], [ 85.468021964000059, 27.785600748000036 ], [ 85.468297103000168, 27.78609974800014 ], [ 85.468516427000168, 27.78713053600012 ], [ 85.468520731000183, 27.787495940000156 ], [ 85.468173627000056, 27.788439482000058 ], [ 85.46792421300006, 27.789117473000147 ], [ 85.4677671500001, 27.790077821000182 ], [ 85.468063642000118, 27.791475576000096 ], [ 85.46804588700013, 27.79184791800003 ], [ 85.467954856000176, 27.793757308000067 ], [ 85.467935388000171, 27.79424771500004 ], [ 85.467836869999985, 27.796729415000073 ], [ 85.467578957000057, 27.797167559000059 ], [ 85.466753272000062, 27.798010343000158 ], [ 85.466136241000072, 27.798640153000065 ], [ 85.46538275100005, 27.799812160000101 ], [ 85.464845110000113, 27.80095704900009 ], [ 85.463865398000053, 27.802289288000111 ], [ 85.46368121800009, 27.802669777000062 ], [ 85.463522928000089, 27.802996781000104 ], [ 85.463009732000103, 27.803609029000143 ], [ 85.462472915000035, 27.804250839000133 ], [ 85.461747438000089, 27.804729970000039 ], [ 85.461333868000168, 27.804772709000133 ], [ 85.460271676000048, 27.804969421000067 ], [ 85.460003412000049, 27.805019102000188 ], [ 85.458320066000056, 27.805388852000021 ], [ 85.457231191000119, 27.806203385 ], [ 85.457191819000059, 27.806361111000115 ], [ 85.457067450000125, 27.806859324000015 ], [ 85.456813903000011, 27.807631189000062 ], [ 85.45677546800016, 27.807746677000182 ], [ 85.45641144300015, 27.808224191000079 ], [ 85.456076548000055, 27.808315740000126 ], [ 85.455945940000049, 27.808321612000043 ], [ 85.45461930100015, 27.808385208000175 ], [ 85.454081121000058, 27.808501439000111 ], [ 85.453718433000063, 27.808688997000161 ], [ 85.45312367300005, 27.808996565000029 ], [ 85.452830769000172, 27.809245475000182 ], [ 85.452298950000113, 27.809936843 ], [ 85.45162945900006, 27.810670264000066 ], [ 85.451218812000093, 27.811317450000104 ], [ 85.45098325500004, 27.812070215000176 ], [ 85.450687658000049, 27.813014851000162 ], [ 85.450419053000076, 27.813522714000158 ], [ 85.450392497000053, 27.813572921000116 ], [ 85.4503728520001, 27.813664909000124 ], [ 85.450294000000156, 27.814034129000106 ], [ 85.450387955000167, 27.815521997000133 ], [ 85.450245644000063, 27.816407791000017 ], [ 85.450033287000167, 27.816849873000024 ], [ 85.449419670999987, 27.817257887000039 ], [ 85.448495941000147, 27.817569971000125 ], [ 85.448489402000064, 27.817572180000184 ], [ 85.448475602000144, 27.817576843000154 ], [ 85.448498766000114, 27.818508198000188 ], [ 85.448677150000094, 27.819057169000075 ], [ 85.449105831000168, 27.820376416000045 ], [ 85.449180188000184, 27.820817815000055 ], [ 85.449042254000119, 27.821464381000112 ], [ 85.448375123000062, 27.822479625000085 ], [ 85.44832726300001, 27.822552458000132 ], [ 85.44811353, 27.823082532000114 ], [ 85.447996659000012, 27.823548488000142 ], [ 85.44810112600004, 27.824393289000113 ], [ 85.448113914000032, 27.825451133000115 ], [ 85.448129036000068, 27.825543437000078 ], [ 85.44813340900015, 27.825570560000131 ], [ 85.448170146999985, 27.825798684000176 ], [ 85.448218263000058, 27.82609745200017 ], [ 85.448325116000149, 27.826407613000185 ], [ 85.448531742000171, 27.828016099000024 ], [ 85.448756066000101, 27.82895445500003 ], [ 85.448720144000106, 27.829312215000186 ], [ 85.448700062000057, 27.829512218000104 ], [ 85.448996808000118, 27.830745301000093 ], [ 85.449112786000114, 27.831021527000189 ], [ 85.449702685000148, 27.832021386000065 ], [ 85.449996140000167, 27.832379233000097 ], [ 85.450549912000156, 27.833052437 ], [ 85.45092524100005, 27.833508711000093 ], [ 85.451775107, 27.834539696000036 ], [ 85.452593642000181, 27.836554529000068 ], [ 85.452692674, 27.837270843000169 ], [ 85.452693635000173, 27.837392422 ], [ 85.452707507000071, 27.839149738000117 ], [ 85.452817161000098, 27.839947168000037 ], [ 85.453157229000169, 27.840615802000116 ], [ 85.453326942000103, 27.841214065000145 ], [ 85.453383923999979, 27.841680398000051 ], [ 85.453605685000127, 27.842796928000098 ], [ 85.454105693000145, 27.843588361000116 ], [ 85.454249887000174, 27.843816597000171 ], [ 85.454627477000145, 27.846011970000177 ], [ 85.454517545000101, 27.846423681000033 ], [ 85.45435087300018, 27.846772834000092 ], [ 85.454071402000068, 27.847129922000136 ], [ 85.453566834000014, 27.847593185000164 ], [ 85.453050199000188, 27.848295676000134 ], [ 85.452695355000117, 27.848573771000133 ], [ 85.451524374000144, 27.849491480000097 ], [ 85.451229841000043, 27.84990962500018 ], [ 85.451140843000132, 27.85042045300014 ], [ 85.451399924000157, 27.850821421000092 ], [ 85.452171253000131, 27.851183340000148 ], [ 85.452242742000067, 27.851216463000128 ], [ 85.452450872000099, 27.851335252000069 ], [ 85.452910145000146, 27.851597378000122 ], [ 85.453281463000167, 27.851884484000038 ], [ 85.453599596000061, 27.852478874000042 ], [ 85.453974727000116, 27.85282684900011 ], [ 85.454745028000161, 27.853822165000054 ], [ 85.455635397000037, 27.854972623000037 ], [ 85.455945352000185, 27.855185923000079 ], [ 85.456625439000049, 27.855652455000154 ], [ 85.45706193, 27.856308778000027 ], [ 85.458677510000143, 27.857330648000186 ], [ 85.458693128000164, 27.85734052700019 ], [ 85.459151372000065, 27.857728188000067 ], [ 85.459479325000132, 27.857911927000032 ], [ 85.459881077000148, 27.85820547100019 ], [ 85.459990996000101, 27.858357646000059 ], [ 85.460638254000173, 27.859778718000086 ], [ 85.460844839000117, 27.860419476000118 ], [ 85.460818260000167, 27.861324270000068 ], [ 85.460802463000164, 27.861430074000111 ], [ 85.460607444000118, 27.86273639000018 ], [ 85.460761226000045, 27.863176916000043 ], [ 85.462418794000087, 27.864318843000092 ], [ 85.462794139000096, 27.864474411000174 ], [ 85.463761417000057, 27.86487531500012 ], [ 85.464100809000058, 27.864914569000177 ], [ 85.464774525, 27.865184868000085 ], [ 85.464987995000115, 27.865342733000091 ], [ 85.465284634000056, 27.865696018999984 ], [ 85.46543029500009, 27.866003494000154 ], [ 85.465476534000118, 27.866303260000052 ], [ 85.465528957000117, 27.866643126000099 ], [ 85.465435888000115, 27.867458426000098 ], [ 85.465771588000166, 27.867790966000086 ], [ 85.466308825000112, 27.867958959000191 ], [ 85.467014979000112, 27.868091334000042 ], [ 85.467507100000091, 27.868063533000168 ], [ 85.467726203000154, 27.867988503000163 ], [ 85.468343435000065, 27.867777136000143 ], [ 85.468798934, 27.867817391000187 ], [ 85.468980035000186, 27.867930508000086 ], [ 85.469775911000113, 27.868734138000093 ], [ 85.470074426000053, 27.869132482000055 ], [ 85.470139222000057, 27.869418271000143 ], [ 85.46998992500005, 27.86964093500012 ], [ 85.46957928300003, 27.870060328000079 ], [ 85.469327742000075, 27.870604463000063 ], [ 85.469324240000162, 27.870768427000144 ], [ 85.469308662000117, 27.871497945000101 ], [ 85.469063800000072, 27.872393861000148 ], [ 85.469012728000109, 27.873127481000097 ], [ 85.469077019000053, 27.87375167700003 ], [ 85.469383402000062, 27.874352940000165 ], [ 85.469745226000157, 27.874962414000152 ], [ 85.469869131, 27.875171126000168 ], [ 85.469887942000071, 27.875202499000181 ], [ 85.469893939000144, 27.875267867000105 ], [ 85.469914931000062, 27.875506785000141 ], [ 85.469887798000059, 27.876039424000055 ], [ 85.469796611000049, 27.876570499000024 ], [ 85.469781044000115, 27.876875222000137 ], [ 85.469596679000063, 27.877553909000028 ], [ 85.469528498000159, 27.877629089000038 ], [ 85.469351572000107, 27.878154289000179 ], [ 85.46911797100006, 27.878526688000136 ], [ 85.469006611000054, 27.878664701000105 ], [ 85.468774631000031, 27.878952206000179 ], [ 85.468458291000161, 27.879262360000098 ], [ 85.468214257000056, 27.879425154000046 ], [ 85.468033342000069, 27.879607510000085 ], [ 85.467982656000174, 27.879759182000157 ], [ 85.467988711000032, 27.880063594000148 ], [ 85.468183738000107, 27.880454062000126 ], [ 85.468220786000131, 27.880990577000034 ], [ 85.468205217, 27.88129530000009 ], [ 85.468240272000173, 27.881448287000069 ], [ 85.468272326000147, 27.881660017000172 ], [ 85.468398182999977, 27.881721827000092 ], [ 85.468526479000104, 27.881727204000128 ], [ 85.469034158000113, 27.881863888000055 ], [ 85.469481347000112, 27.881940389000079 ], [ 85.470114884, 27.882136632000083 ], [ 85.471122740999988, 27.882561237000118 ], [ 85.471508191000112, 27.882577429000037 ], [ 85.471703289000061, 27.882548248000035 ], [ 85.471991130000163, 27.882420270000068 ], [ 85.472098242000186, 27.882372646000078 ], [ 85.472555308000153, 27.882239166000033 ], [ 85.47274972200006, 27.882209985000031 ], [ 85.473070054000118, 27.882242674000111 ], [ 85.473719084000152, 27.882556033000014 ], [ 85.473947238000051, 27.882718272000034 ], [ 85.474192326000036, 27.882957067000177 ], [ 85.474244940000119, 27.883188797000173 ], [ 85.474379227000156, 27.88349871000014 ], [ 85.475036369000179, 27.884500007000099 ], [ 85.475270577000174, 27.884966719000033 ], [ 85.475341005000132, 27.885276766000175 ], [ 85.475375865, 27.885430242000098 ], [ 85.475640377000047, 27.886128934000169 ], [ 85.475672116999988, 27.886358725999969 ], [ 85.475784908000037, 27.886668826000061 ], [ 85.475815824999984, 27.886710925000102 ], [ 85.475885142000152, 27.886805315000061 ], [ 85.475951250000094, 27.887190344000032 ], [ 85.475952807000169, 27.88732334700012 ], [ 85.475959297000145, 27.887878282000145 ], [ 85.476037577000056, 27.888874507000025 ], [ 85.476107748000061, 27.889182794000078 ], [ 85.476271450000127, 27.889630404000172 ], [ 85.476277841000012, 27.889647881000087 ], [ 85.476391568000111, 27.889937669000062 ], [ 85.476475299000015, 27.890399191000085 ], [ 85.476456354000163, 27.890780656000118 ], [ 85.476346600000113, 27.891302891000066 ], [ 85.476201674000038, 27.891992482000035 ], [ 85.476182168000037, 27.892371634000142 ], [ 85.476319134000164, 27.89306495000011 ], [ 85.476338683999984, 27.893524909000064 ], [ 85.476443974000176, 27.893986244000132 ], [ 85.476677494000171, 27.894455208000011 ], [ 85.47754235400015, 27.895596370000135 ], [ 85.477658117000033, 27.895709528000054 ], [ 85.477971475000174, 27.896015839000086 ], [ 85.478092269000058, 27.896174703000099 ], [ 85.478304918000163, 27.896641602000102 ], [ 85.478521882000166, 27.897011510000141 ], [ 85.478790645000117, 27.89763345900019 ], [ 85.478860878000148, 27.897941745000139 ], [ 85.478888557000062, 27.898248219000095 ], [ 85.478850212000168, 27.899007765000022 ], [ 85.478850045000058, 27.899011087000133 ], [ 85.478932334000035, 27.899510981000105 ], [ 85.478937342000108, 27.89952466699998 ], [ 85.478989073000037, 27.899666031000152 ], [ 85.479080243000112, 27.899976380000169 ], [ 85.479118037000035, 27.900512832000118 ], [ 85.479098084000043, 27.900909210000066 ], [ 85.479072024000061, 27.901426937000167 ], [ 85.47911332100017, 27.901888897000049 ], [ 85.479189485000063, 27.902501655000094 ], [ 85.479277277000051, 27.902888685000164 ], [ 85.479306946000122, 27.903576374000124 ], [ 85.479504090000091, 27.904347996000183 ], [ 85.479855153000074, 27.90505031400005 ], [ 85.480047888000115, 27.90528940500019 ], [ 85.480157980000172, 27.905425973000149 ], [ 85.480335574000151, 27.905739886000106 ], [ 85.480577660000108, 27.90603505100006 ], [ 85.480795375000071, 27.906407209000122 ], [ 85.48118499300017, 27.907188021000081 ], [ 85.481294344000048, 27.907574801000123 ], [ 85.481502992000117, 27.908116193000126 ], [ 85.481884493000109, 27.908628653999983 ], [ 85.482007411000154, 27.908749145000115 ], [ 85.482171824000034, 27.908889510999984 ], [ 85.48257457200009, 27.909422033000169 ], [ 85.482847397000057, 27.909967239000025 ], [ 85.483087109000166, 27.910321086000067 ], [ 85.483272518000149, 27.910463452000101 ], [ 85.483648589000097, 27.910669190000078 ], [ 85.483771445000116, 27.910787431000188 ], [ 85.483870741000146, 27.910946544000126 ], [ 85.483993650000116, 27.911484248000193 ], [ 85.484124624000117, 27.911873153000158 ], [ 85.484044940000103, 27.912173999000174 ], [ 85.483854521000069, 27.91254827400013 ], [ 85.483758277999982, 27.912754630000165 ], [ 85.483702485000094, 27.9130472330001 ], [ 85.483671218000097, 27.913211213000181 ], [ 85.48365165000007, 27.913592615000141 ], [ 85.483683391000113, 27.913822408000044 ], [ 85.483656382000106, 27.914355047000129 ], [ 85.483688185000176, 27.914587028000085 ], [ 85.483843471000057, 27.914898939000182 ], [ 85.483944768000129, 27.915017368000122 ], [ 85.483962264000183, 27.915093862000049 ], [ 85.484045687000048, 27.91515616900017 ], [ 85.48448736600011, 27.915746937 ], [ 85.484607223000182, 27.915923798000165 ], [ 85.484686521000128, 27.916060475000052 ], [ 85.484948229000111, 27.916396137000106 ], [ 85.485258182000109, 27.916636371000095 ], [ 85.485549953000032, 27.916802424000025 ], [ 85.485589758000174, 27.916835797000033 ], [ 85.485818350000102, 27.917022846000179 ], [ 85.485896986000057, 27.917122606000078 ], [ 85.486222097, 27.91753505700018 ], [ 85.486279814000113, 27.917765613000086 ], [ 85.486473291000038, 27.918538472000137 ], [ 85.486569149000161, 27.918772016000105 ], [ 85.486852103000103, 27.919125301000122 ], [ 85.48699622800001, 27.919232897000143 ], [ 85.487203614000123, 27.919387722000067 ], [ 85.487421390000065, 27.919759816000123 ], [ 85.487459810000189, 27.920296270000108 ], [ 85.487426746000153, 27.920524499000066 ], [ 85.487348343000122, 27.920698781000112 ], [ 85.487258510000061, 27.920898462000025 ], [ 85.487214632000189, 27.921354608000115 ], [ 85.487334852000174, 27.921971430000156 ], [ 85.487132169000176, 27.923031519 ], [ 85.487123353000186, 27.923221190000163 ], [ 85.487233766000145, 27.923587595000015 ], [ 85.487200007000126, 27.924273721000134 ], [ 85.487236425000106, 27.92448151200017 ], [ 85.487267489000033, 27.924658751000038 ], [ 85.487255986000037, 27.924886668000113 ], [ 85.487151366000091, 27.925264570000138 ], [ 85.487059730000112, 27.925411399000097 ], [ 85.486918952000053, 27.925636970000028 ], [ 85.486839955000164, 27.92594006700017 ], [ 85.486853451000059, 27.926093365000042 ], [ 85.486857967000049, 27.92614705800014 ], [ 85.486880751000172, 27.92641790000016 ], [ 85.486774069000035, 27.926834110000129 ], [ 85.486312741000063, 27.927502292000042 ], [ 85.485839284000065, 27.928398390000098 ], [ 85.485613622000017, 27.928762398000174 ], [ 85.484511662000159, 27.930539927000098 ], [ 85.48436786200017, 27.930839209000169 ], [ 85.484300335000171, 27.931021613000155 ], [ 85.48392264600011, 27.932041845000185 ], [ 85.483618048000096, 27.932563918000142 ], [ 85.483189116000176, 27.933186972000158 ], [ 85.483017234000158, 27.933436641000128 ], [ 85.482759821000059, 27.933883784000102 ], [ 85.482536901000117, 27.934486227000093 ], [ 85.482363277000104, 27.93539489200009 ], [ 85.482322336000038, 27.935794605000183 ], [ 85.48229023100015, 27.93632600300009 ], [ 85.482207372000119, 27.937697434000142 ], [ 85.482292413000152, 27.938158956000166 ], [ 85.482290268000042, 27.939074811000182 ], [ 85.482261269000048, 27.939226235000092 ], [ 85.482073850000063, 27.93954414000018 ], [ 85.482012510000175, 27.939626559000146 ], [ 85.481867433000161, 27.939821487000131 ], [ 85.481797190000123, 27.939932789000125 ], [ 85.481725572000016, 27.940082462000134 ], [ 85.481718131000036, 27.940235947000133 ], [ 85.481816669000182, 27.940850706000106 ], [ 85.481886203999977, 27.941616890000091 ], [ 85.481957061000116, 27.941925175000108 ], [ 85.481934743000181, 27.942381072000103 ], [ 85.48196109800017, 27.943147754000108 ], [ 85.482039675000181, 27.943489709000062 ], [ 85.482049516000188, 27.943532533000052 ], [ 85.482166431000167, 27.943768201000182 ], [ 85.482465945000115, 27.944218291000141 ], [ 85.482679344000076, 27.944685192000122 ], [ 85.482753641000102, 27.944918984000083 ], [ 85.48278131800015, 27.945225457000163 ], [ 85.482748255, 27.945453686000121 ], [ 85.482432852000102, 27.945748029000015 ], [ 85.482189757000185, 27.945892761000096 ], [ 85.482143073000032, 27.945967755000083 ], [ 85.482097737000174, 27.946140201000162 ], [ 85.482063390000121, 27.946270851000122 ], [ 85.482044509000048, 27.946652254000185 ], [ 85.482100269000057, 27.947062291000066 ], [ 85.482107304000181, 27.947114026000179 ], [ 85.482099871000173, 27.947130589000039 ], [ 85.481938442000057, 27.947490302000062 ], [ 85.481979676000094, 27.947952261000182 ], [ 85.482090077000066, 27.948172140000167 ], [ 85.482214011000053, 27.948418974000163 ], [ 85.482072889000108, 27.94910397200016 ], [ 85.482071904000065, 27.949123818000032 ], [ 85.482053946, 27.949485375000165 ], [ 85.482058085000119, 27.949498279000181 ], [ 85.482128242000158, 27.949716919000139 ], [ 85.482173541000066, 27.950102197000035 ], [ 85.482061358000124, 27.950633523000135 ], [ 85.482060035000075, 27.951093669000045 ], [ 85.482158008000113, 27.951708428000188 ], [ 85.482232367000108, 27.951942220000149 ], [ 85.482370781000043, 27.952175328000067 ], [ 85.482376837000174, 27.952481988000045 ], [ 85.482301216000053, 27.952710717000059 ], [ 85.482068176000155, 27.953083178000043 ], [ 85.481618746000095, 27.953540176000047 ], [ 85.481615288000171, 27.953543692000153 ], [ 85.481382248000045, 27.953918405000138 ], [ 85.481281631000172, 27.954221751000034 ], [ 85.481276182000158, 27.954756453000016 ], [ 85.481281949, 27.954821066000136 ], [ 85.481317417000128, 27.955218412000136 ], [ 85.481284979000066, 27.955446578000192 ], [ 85.481205294000176, 27.955749675000163 ], [ 85.481164729000056, 27.95612914000003 ], [ 85.480970245000151, 27.956582409000134 ], [ 85.480580099, 27.957082856000056 ], [ 85.480108277000056, 27.957505248000189 ], [ 85.479882174000124, 27.957701032000045 ], [ 85.479704697000045, 27.957854710000163 ], [ 85.47915706800012, 27.958496706000176 ], [ 85.478572758000098, 27.959055646000024 ], [ 85.478391403000103, 27.959258374000115 ], [ 85.478366342000072, 27.959335305000025 ], [ 85.478419642000063, 27.959564846999967 ], [ 85.478890997000065, 27.960502709000139 ], [ 85.479171263000183, 27.960935051000035 ], [ 85.479281476000153, 27.961068642000157 ], [ 85.479414722000172, 27.961230154000191 ], [ 85.479576510000015, 27.961447261000103 ], [ 85.47995969800013, 27.96197772000005 ], [ 85.480218466000053, 27.962410312000145 ], [ 85.480393308000089, 27.962798654000096 ], [ 85.480563776000167, 27.96328405200012 ], [ 85.480611324000051, 27.963649019000059 ], [ 85.480465014000174, 27.964467131000049 ], [ 85.48047234500018, 27.964545425000154 ], [ 85.480508059000101, 27.964926841000079 ], [ 85.480782949000115, 27.965474295999968 ], [ 85.480886762000068, 27.965606698000101 ], [ 85.481046031, 27.965809833000151 ], [ 85.481321921000131, 27.966336979000062 ], [ 85.481344664000119, 27.966686642000127 ], [ 85.481346846000122, 27.966720195000164 ], [ 85.481376592000117, 27.966758036000158 ], [ 85.481610553, 27.967055669 ], [ 85.482168147000152, 27.967976784000086 ], [ 85.482461220000175, 27.968600734000063 ], [ 85.482500012000173, 27.968769230000134 ], [ 85.482514584000114, 27.968832526000028 ], [ 85.482672866000087, 27.969124065000074 ], [ 85.482793849000075, 27.969282928000155 ], [ 85.482911015000127, 27.96953653300011 ], [ 85.483689831000106, 27.97033110000001 ], [ 85.484309237000048, 27.970852375999982 ], [ 85.484559826000066, 27.971014303000175 ], [ 85.484872967000115, 27.971198168000171 ], [ 85.485190173000092, 27.971307601000092 ], [ 85.486152480000044, 27.9714009220001 ], [ 85.486602421000043, 27.971418553000035 ], [ 85.487496212, 27.97129738600006 ], [ 85.487704965000148, 27.971269086000177 ], [ 85.488220086000069, 27.971268033 ], [ 85.488609909000047, 27.971207419000166 ], [ 85.489514790000044, 27.97114575300003 ], [ 85.489987414999973, 27.971145137000178 ], [ 85.49011577400006, 27.971150513000055 ], [ 85.490264379000166, 27.971194012000183 ], [ 85.490838300000121, 27.971311824000168 ], [ 85.491219247000117, 27.97144082 ], [ 85.491534388000161, 27.97158624900004 ], [ 85.491801598000109, 27.971845043000144 ], [ 85.491872518000093, 27.972153328000161 ], [ 85.491819136000117, 27.972841829 ], [ 85.491783258000169, 27.973146802000144 ], [ 85.491738284000178, 27.973361286000113 ], [ 85.49169982300009, 27.973544702000027 ], [ 85.491646378000041, 27.974231014000111 ], [ 85.491864965000104, 27.974603110000032 ], [ 85.491956450000089, 27.974716566000154 ], [ 85.492088555000123, 27.974880401000121 ], [ 85.492267900000115, 27.975173941000094 ], [ 85.492303704000051, 27.975329239000132 ], [ 85.492249634000189, 27.976015553000082 ], [ 85.492132019000167, 27.976240155000028 ], [ 85.491758845, 27.976745414000163 ], [ 85.491650006000157, 27.976892776000113 ], [ 85.491249918000108, 27.977641514000027 ], [ 85.491089122000119, 27.977866554 ], [ 85.49100331000011, 27.978320887000052 ], [ 85.490988431000062, 27.978627859000028 ], [ 85.491052663, 27.97908956800012 ], [ 85.490938351000182, 27.979697637000072 ], [ 85.490709301000038, 27.980453503000092 ], [ 85.490015986000117, 27.981958794000036 ], [ 85.489711889000091, 27.982483180000088 ], [ 85.489416296000059, 27.982836080000141 ], [ 85.489341239000169, 27.983062433000157 ], [ 85.48931616800013, 27.983597322999969 ], [ 85.489383774000032, 27.983982289000039 ], [ 85.489370173000054, 27.984711600000082 ], [ 85.489369511, 27.984747158000175 ], [ 85.489440432000094, 27.985055506000094 ], [ 85.489451175000056, 27.985285361000024 ], [ 85.489411984000071, 27.985667013000182 ], [ 85.489340365000089, 27.985818874000017 ], [ 85.489158948000124, 27.98602166500001 ], [ 85.488669055000173, 27.986845833000189 ], [ 85.488593998000056, 27.987072185999978 ], [ 85.488501310000061, 27.987680005000129 ], [ 85.48832225700005, 27.98828644800011 ], [ 85.487932350000051, 27.989267414999972 ], [ 85.487768054000128, 27.989566948000174 ], [ 85.48765317900012, 27.990174954000054 ], [ 85.487553123, 27.990476050000098 ], [ 85.487535901000172, 27.990499348000071 ], [ 85.487305461000119, 27.990811079000025 ], [ 85.487277464000044, 27.990849013000116 ], [ 85.487230075000127, 27.991842047000034 ], [ 85.487154455000052, 27.992070713000146 ], [ 85.487115200000119, 27.992450054000187 ], [ 85.487168564000058, 27.992681847000085 ], [ 85.4874218920001, 27.993227239000078 ], [ 85.487703659000033, 27.993621208999969 ], [ 85.487827328000037, 27.993741700000101 ], [ 85.487872094000011, 27.993818799000167 ], [ 85.488144900000066, 27.994288656000037 ], [ 85.488506652000126, 27.994819304000089 ], [ 85.489003255000114, 27.995680172000107 ], [ 85.489388067000164, 27.996174509000014 ], [ 85.48984106000006, 27.996591417000047 ], [ 85.49002390600009, 27.996810526000161 ], [ 85.490202252000074, 27.997122126000193 ], [ 85.490567431000045, 27.998036238000168 ], [ 85.490976888000034, 27.998943478000058 ], [ 85.491305985, 27.999672667000084 ], [ 85.49124985800006, 28.000160498000071 ], [ 85.492833167000072, 28.001409330000172 ], [ 85.494093493000094, 28.002403408000191 ], [ 85.494213408000178, 28.002711132000059 ], [ 85.494204277, 28.003015731000119 ], [ 85.493773677000092, 28.00445509400015 ], [ 85.493382963000101, 28.005081191000158 ], [ 85.4931401770001, 28.005470241000182 ], [ 85.492673275000186, 28.006677626000169 ], [ 85.492593507000151, 28.007896577000054 ], [ 85.492698727000175, 28.008660199000133 ], [ 85.492933617000062, 28.00942682200008 ], [ 85.492962728000066, 28.009884407000186 ], [ 85.493154436000111, 28.010651528000153 ], [ 85.493204597999977, 28.010722457000099 ], [ 85.493236734000163, 28.010767894000026 ], [ 85.493446883000047, 28.011530376000053 ], [ 85.493701634999979, 28.012454688000162 ], [ 85.493993336000074, 28.012987035000037 ], [ 85.494801319000032, 28.01446159000011 ], [ 85.495237047000046, 28.015690738000046 ], [ 85.495261646000188, 28.015805013000147 ], [ 85.495500548000052, 28.016914945000167 ], [ 85.495821301000035, 28.017685193000091 ], [ 85.496313655000108, 28.018458072000044 ], [ 85.496416378000163, 28.018668231999982 ], [ 85.496840062000047, 28.019535046000158 ], [ 85.496988589000182, 28.020302667000124 ], [ 85.496961197000019, 28.021214273000055 ], [ 85.496979893000173, 28.021735251 ], [ 85.497007725000174, 28.02251078300003 ], [ 85.496889028, 28.023576810000066 ], [ 85.496805542000061, 28.02631837500013 ], [ 85.4968450020001, 28.027842864999968 ], [ 85.496970451000095, 28.028978787000028 ], [ 85.497013697000114, 28.029370355000083 ], [ 85.496990495000148, 28.030130787000132 ], [ 85.496830317000047, 28.030640890000143 ], [ 85.496800007000047, 28.030737417000012 ], [ 85.496751190000168, 28.031214175000059 ], [ 85.496737815000017, 28.031344798000077 ], [ 85.49672111700005, 28.031392457000038 ], [ 85.496314155000164, 28.03255405800013 ], [ 85.496161971000163, 28.033313613000189 ], [ 85.496147964000158, 28.033769447000054 ], [ 85.496041499000171, 28.034141800000043 ], [ 85.4957144870001, 28.035285490000035 ], [ 85.495286335, 28.035879849000082 ], [ 85.495175668000172, 28.036033476000114 ], [ 85.494881829000121, 28.036557965000043 ], [ 85.494311059000154, 28.03757675900016 ], [ 85.492498828000066, 28.039173210000172 ], [ 85.491846005000127, 28.039604485000041 ], [ 85.489483179, 28.041165442000135 ], [ 85.488489114000117, 28.041822153000055 ], [ 85.48753678800017, 28.042452768000089 ], [ 85.486183014000062, 28.043108061000055 ], [ 85.485776575000102, 28.043276685000137 ], [ 85.484614396000154, 28.043758849000085 ], [ 85.483909477000168, 28.044312350000098 ], [ 85.482826209000052, 28.045966245000102 ], [ 85.482693600000175, 28.046075921000124 ], [ 85.482235640000113, 28.046980895000047 ], [ 85.48209308700018, 28.047433601000023 ], [ 85.482074138000087, 28.048042859000134 ], [ 85.481831088000035, 28.048952273000054 ], [ 85.481821443000058, 28.04926706800012 ], [ 85.48179375300009, 28.050170788000059 ], [ 85.48172780900012, 28.050931656000159 ], [ 85.481632252000111, 28.051234940000029 ], [ 85.480858001000115, 28.052345322000065 ], [ 85.480822397000168, 28.052396383000087 ], [ 85.479489946000172, 28.054605315000117 ], [ 85.479099497999982, 28.055252597000162 ], [ 85.478337140000178, 28.056264618000171 ], [ 85.477622018000147, 28.05668129999998 ], [ 85.475883871000121, 28.05769407300005 ], [ 85.475395924000168, 28.058179770000152 ], [ 85.473938403000091, 28.05940226000007 ], [ 85.473587382000119, 28.05962485900011 ], [ 85.473098749000087, 28.060108307000121 ], [ 85.472332012000152, 28.061271441000088 ], [ 85.471132019000038, 28.062502433000134 ], [ 85.470489794000116, 28.063250362000133 ], [ 85.470105692000118, 28.0636976830001 ], [ 85.469531819000167, 28.064179693000028 ], [ 85.46860761500011, 28.064843805000066 ], [ 85.468602455, 28.064846696000075 ], [ 85.467950819000123, 28.065211760000068 ], [ 85.467066231000103, 28.065990425999985 ], [ 85.466765201000044, 28.066222829000139 ], [ 85.465963983000051, 28.066841392000072 ], [ 85.465563562, 28.067075850000094 ], [ 85.464649517000169, 28.067611050000153 ], [ 85.464252311000166, 28.067946826000082 ], [ 85.463903292000168, 28.06809043200002 ], [ 85.46344671300011, 28.068506253000066 ], [ 85.463371978000055, 28.068574316000081 ], [ 85.462230550000129, 28.069308293000176 ], [ 85.460871268000119, 28.069982828000093 ], [ 85.460832344000096, 28.070002144000114 ], [ 85.460824395000031, 28.070007128000157 ], [ 85.460305282000149, 28.070332605000033 ], [ 85.459085056999982, 28.070837351000023 ], [ 85.458852869000168, 28.070908531000043 ], [ 85.457347089000109, 28.071370149000074 ], [ 85.456827718, 28.07147263000013 ], [ 85.456478699000172, 28.071616173000166 ], [ 85.455959390000089, 28.071718655000097 ], [ 85.455940456000121, 28.071727904000113 ], [ 85.454780347000167, 28.072263523000061 ], [ 85.453902013000175, 28.072852580000074 ], [ 85.453504131000102, 28.07301745 ], [ 85.451460815000132, 28.073864134000075 ], [ 85.450245593000147, 28.074179272000038 ], [ 85.449830643999974, 28.074242114000128 ], [ 85.449380769000186, 28.074310245000163 ], [ 85.44838039300015, 28.074670446000027 ], [ 85.448093809000056, 28.074809075000189 ], [ 85.447856021000121, 28.074924100000032 ], [ 85.447579939000036, 28.074998785000105 ], [ 85.447335335000048, 28.075064955000073 ], [ 85.446463444000074, 28.075426032000166 ], [ 85.444189468000047, 28.076593638000134 ], [ 85.442908804000126, 28.077628960000027 ], [ 85.442280117000109, 28.078492746000109 ], [ 85.441659717999983, 28.08045955900019 ], [ 85.441626262000057, 28.081524526000123 ], [ 85.441681484000014, 28.082516501000043 ], [ 85.441683399000112, 28.082518703000062 ], [ 85.44170487700012, 28.082543397000109 ], [ 85.442221960000154, 28.083137891000092 ], [ 85.442422488000034, 28.083485425000106 ], [ 85.442714063000096, 28.083989885000108 ], [ 85.443354752000118, 28.085726866000186 ], [ 85.443892101000074, 28.086542303000044 ], [ 85.444130991000122, 28.087236807000124 ], [ 85.444186241000068, 28.088065922999988 ], [ 85.444192275000034, 28.088156475000062 ], [ 85.444504708000011, 28.08931262700014 ], [ 85.444670617000156, 28.089545484000098 ], [ 85.445217410000055, 28.090015701000027 ], [ 85.445809010000119, 28.090413239000043 ], [ 85.446617021000122, 28.090776907000134 ], [ 85.447103357, 28.090822879000029 ], [ 85.447132139000075, 28.090825599000084 ], [ 85.448500013000114, 28.091163031000121 ], [ 85.450295884000127, 28.091654389999974 ], [ 85.451405358000102, 28.091957947000139 ], [ 85.453517348000048, 28.092005926000127 ], [ 85.455534871000054, 28.092051761000107 ], [ 85.455940064000117, 28.092153509000184 ], [ 85.456047862000162, 28.09217944500017 ], [ 85.457066591000171, 28.092698729000176 ], [ 85.458333654000114, 28.093569485999978 ], [ 85.458866495000052, 28.094013737000068 ], [ 85.461448557000153, 28.096166495000034 ], [ 85.463175359000047, 28.097546651000187 ], [ 85.463602851000076, 28.097885380000037 ], [ 85.465113568000106, 28.099082422000151 ], [ 85.466043619000061, 28.09971531900004 ], [ 85.467808786000148, 28.101286709000192 ], [ 85.469792553000104, 28.102747487999977 ], [ 85.470699315000161, 28.103529099000127 ], [ 85.470885888000055, 28.103689922000171 ], [ 85.472663377000117, 28.104803228000094 ], [ 85.473343779000118, 28.10512296200011 ], [ 85.47505398100003, 28.105544454000153 ], [ 85.475742327000148, 28.105561901000101 ], [ 85.476136516000167, 28.105505570000105 ], [ 85.477125398000112, 28.105364256000144 ], [ 85.480249324000113, 28.105561620000117 ], [ 85.480907077999973, 28.105603176000045 ], [ 85.482804643000065, 28.105454097000063 ], [ 85.484871054000052, 28.105463321000116 ], [ 85.485849951000148, 28.105269498000155 ], [ 85.486775061000117, 28.105086325000173 ], [ 85.488491705000058, 28.105277463000164 ], [ 85.48912604800006, 28.105712685000128 ], [ 85.489324071000169, 28.106328633000089 ], [ 85.489471654000056, 28.107251866000183 ], [ 85.489450328000032, 28.108055105000119 ], [ 85.489354582000146, 28.108396760000062 ], [ 85.489320433000046, 28.109658084000159 ], [ 85.489209258000187, 28.109932517000061 ], [ 85.489135949000058, 28.110113478000187 ], [ 85.488821542000096, 28.110604115000172 ], [ 85.488726422000184, 28.110945770000114 ], [ 85.488668167000071, 28.111517093000032 ], [ 85.488784578000036, 28.111980491 ], [ 85.489113147000126, 28.112561133000099 ], [ 85.490540239000097, 28.113932909000084 ], [ 85.490619280000146, 28.113995079000063 ], [ 85.491340745000059, 28.114562554000031 ], [ 85.492336519000048, 28.115961508000169 ], [ 85.493362778000119, 28.11782254700006 ], [ 85.49349963800006, 28.118219108000062 ], [ 85.494041396000114, 28.119788882000137 ], [ 85.494450134000033, 28.120601005000083 ], [ 85.494649659000117, 28.121180830000185 ], [ 85.494745354000088, 28.121336124000038 ], [ 85.495103894000124, 28.121917960000076 ], [ 85.495223184000054, 28.12226405600012 ], [ 85.495189159000176, 28.12352538 ], [ 85.494955674000096, 28.124209127000029 ], [ 85.494801676000179, 28.125124355000082 ], [ 85.494788051000171, 28.125149290000081 ], [ 85.494180411000173, 28.126193885000077 ], [ 85.493177016, 28.127918825000165 ], [ 85.492685160000178, 28.129130690000181 ], [ 85.492346642000086, 28.129964752000092 ], [ 85.491856312000152, 28.130906589000119 ], [ 85.49175613400007, 28.131099015000075 ], [ 85.491295419000039, 28.132236405000185 ], [ 85.491225689000146, 28.132502016000046 ], [ 85.49105549300009, 28.133150319000151 ], [ 85.490935139000044, 28.133389968000131 ], [ 85.490827701000057, 28.133603898999979 ], [ 85.490682326000183, 28.134305392000044 ], [ 85.490435424, 28.135496791000151 ], [ 85.490283277000117, 28.136230966000028 ], [ 85.490267641000059, 28.136804039000083 ], [ 85.490150568000104, 28.137948996999967 ], [ 85.490218669000114, 28.138640749000047 ], [ 85.491028618000087, 28.138925175000111 ], [ 85.491324377000126, 28.1391109220001 ], [ 85.491536919000112, 28.139244406000159 ], [ 85.493057380000096, 28.140348957000128 ], [ 85.494328819000032, 28.141104286000029 ], [ 85.494917979000093, 28.141616689000045 ], [ 85.495087705000117, 28.14169593500003 ], [ 85.495924699000057, 28.142595994000146 ], [ 85.496031274000131, 28.14279680500016 ], [ 85.49617103200012, 28.143060144 ], [ 85.496628895000072, 28.143643912000186 ], [ 85.497093199000119, 28.143999763000068 ], [ 85.497600181000166, 28.144646089000048 ], [ 85.49775642000003, 28.144793025000126 ], [ 85.498146222000116, 28.145159614000193 ], [ 85.49984975000001, 28.147754286000122 ], [ 85.500321490000147, 28.148661136000158 ], [ 85.500455144000057, 28.148918067000011 ], [ 85.501454230000093, 28.150341083000171 ], [ 85.502784082000176, 28.151819474000035 ], [ 85.503167277000159, 28.15206058300015 ], [ 85.504993206000165, 28.152399854000066 ], [ 85.507243093000056, 28.152817899000127 ], [ 85.509914675000118, 28.152914624000061 ], [ 85.511261171000172, 28.153454850000173 ], [ 85.512384017000159, 28.153649727000186 ], [ 85.512733723000167, 28.153788686000041 ], [ 85.513364503000105, 28.154039335000107 ], [ 85.514475291, 28.154231836000122 ], [ 85.51656032000011, 28.154336559000171 ], [ 85.516880030000095, 28.154352617000086 ], [ 85.51725457900011, 28.154455369000061 ], [ 85.518215281000039, 28.15471892100004 ], [ 85.518516489000092, 28.154726582000023 ], [ 85.519297200000096, 28.154746438000075 ], [ 85.520572648000098, 28.155159486000173 ], [ 85.520864352000103, 28.155435591000185 ], [ 85.520959307000055, 28.155598760000089 ], [ 85.521139118000065, 28.155907741000135 ], [ 85.521485755000072, 28.156128040000169 ], [ 85.521688101000109, 28.156173101000093 ], [ 85.522221591000061, 28.156291600000031 ], [ 85.523216006000155, 28.156920373000105 ], [ 85.524150626000051, 28.157183116000056 ], [ 85.525559938000129, 28.157302068000149 ], [ 85.525871129, 28.157263620000151 ], [ 85.526147611000169, 28.157229460000167 ], [ 85.526721408000128, 28.157332586000166 ], [ 85.527160554000034, 28.157758956000123 ], [ 85.529213096000035, 28.159751776000178 ], [ 85.530334662000143, 28.160840709000126 ], [ 85.531433044000039, 28.162341219000098 ], [ 85.532187916000169, 28.163637304000133 ], [ 85.532504835000168, 28.165386652000109 ], [ 85.532502740000098, 28.165458491000095 ], [ 85.53247794300006, 28.166308943000104 ], [ 85.532847058000186, 28.167400101000169 ], [ 85.534339871000157, 28.16727955600004 ], [ 85.534622824000166, 28.167256708000082 ], [ 85.535088821000102, 28.167383517000189 ], [ 85.536442325000166, 28.167618958000048 ], [ 85.537815766000051, 28.167651854000098 ], [ 85.53975463800009, 28.167467217000024 ], [ 85.541474903000051, 28.167778782000141 ], [ 85.543818343000112, 28.167776636000156 ], [ 85.544716093000147, 28.167998194000177 ], [ 85.545778762000054, 28.168070393 ], [ 85.54661719600017, 28.16831047800008 ], [ 85.547333422000065, 28.168515569000078 ], [ 85.548023692000186, 28.168368193000163 ], [ 85.548068640000167, 28.168358596000132 ], [ 85.549972327000035, 28.168261513000175 ], [ 85.550976012000035, 28.167990180000061 ], [ 85.552073868000093, 28.167907019000154 ], [ 85.55358012500011, 28.168184420000102 ], [ 85.553750014000059, 28.168215709000151 ], [ 85.554407488000095, 28.168231781000031 ], [ 85.556068839000147, 28.167843158000153 ], [ 85.557857435000187, 28.166955269000141 ], [ 85.559116971000094, 28.165987940000093 ], [ 85.560963513000104, 28.164569788000165 ], [ 85.56382292100011, 28.16291929800002 ], [ 85.567519706000155, 28.161751218 ], [ 85.568440963000114, 28.161569126000074 ], [ 85.568844756000033, 28.161652013999969 ], [ 85.569517565000183, 28.161790126000028 ], [ 85.570503439000049, 28.16158166200006 ], [ 85.571505506999983, 28.160969609000119 ], [ 85.572342300000059, 28.160067066000124 ], [ 85.572605512000166, 28.159783172000061 ], [ 85.573512220000055, 28.159088875000123 ], [ 85.574675159000094, 28.157738517000098 ], [ 85.575804845000107, 28.156683320000127 ], [ 85.576633965000156, 28.15695163200013 ], [ 85.577446803000043, 28.157214676000024 ], [ 85.578409798000052, 28.157335182000054 ], [ 85.57882174700012, 28.157197389000089 ], [ 85.5792517000001, 28.156703315000073 ], [ 85.580215216000056, 28.155896718000065 ], [ 85.582311091000179, 28.154612370000166 ], [ 85.582970859000056, 28.154083772000149 ], [ 85.583850977000054, 28.153378633000159 ], [ 85.585354650000056, 28.153511459000129 ], [ 85.585699387000034, 28.153600343 ], [ 85.58740511600007, 28.154040136000106 ], [ 85.588282605000074, 28.153840837000189 ], [ 85.588925233000168, 28.153694881000035 ], [ 85.590459136000163, 28.154418453 ], [ 85.591032307000035, 28.154688829000179 ], [ 85.593826661000151, 28.155825089000075 ], [ 85.594043093000153, 28.155870776000029 ], [ 85.595196911000187, 28.15611433700019 ], [ 85.596055296000088, 28.156136725000067 ], [ 85.596671020000031, 28.156397900000115 ], [ 85.59770880100001, 28.157324335000112 ], [ 85.598051128000179, 28.15751325500014 ], [ 85.598700032000067, 28.157871365000062 ], [ 85.599645280000118, 28.157948687999976 ], [ 85.600475350000067, 28.158236927000132 ], [ 85.600937789000056, 28.158248308999987 ], [ 85.601501343000109, 28.158044337000035 ], [ 85.602954094000154, 28.156952620000027 ], [ 85.603957337000111, 28.156198701000051 ], [ 85.604942569000116, 28.155458317000068 ], [ 85.605811420000123, 28.15443403400019 ], [ 85.60617187500003, 28.15400909300007 ], [ 85.607131278999987, 28.152640608000127 ], [ 85.609155282000074, 28.151731788000063 ], [ 85.610009151999975, 28.151725275000103 ], [ 85.610552971000118, 28.151721127000144 ], [ 85.611315625000032, 28.15151684600005 ], [ 85.612897128000043, 28.150423034000141 ], [ 85.61319272500009, 28.149875651000059 ], [ 85.61349171, 28.148793628000135 ], [ 85.613492694000115, 28.148780948000137 ], [ 85.613691615000107, 28.146217363000062 ], [ 85.614350548, 28.145391699000129 ], [ 85.614876382000034, 28.144473092000055 ], [ 85.615521436999984, 28.143346215000179 ], [ 85.615469765000171, 28.1430096200001 ], [ 85.614765453000189, 28.141662446 ], [ 85.614514181000175, 28.141181829000118 ], [ 85.614190070000063, 28.139793448000091 ], [ 85.614161542000033, 28.138401447000092 ], [ 85.614217676000067, 28.138001553000095 ], [ 85.614359796000087, 28.136989077000123 ], [ 85.614346666000074, 28.136350168000149 ], [ 85.614332207000189, 28.135646634000182 ], [ 85.614836112000035, 28.134054662000096 ], [ 85.616392249000114, 28.132667251000157 ], [ 85.617712586000039, 28.13212338600016 ], [ 85.617985820000058, 28.132063432000166 ], [ 85.619078726000112, 28.131823624000049 ], [ 85.620614398000157, 28.131748908000077 ], [ 85.621541156000092, 28.131433390000097 ], [ 85.622806878000176, 28.130780658000106 ], [ 85.623829128000011, 28.130407460000129 ], [ 85.624888677000058, 28.129817493000076 ], [ 85.625484679000124, 28.129485635000151 ], [ 85.627085222000119, 28.129212999000117 ], [ 85.627572654000176, 28.129296813000167 ], [ 85.62779000200004, 28.129428064000081 ], [ 85.628062583000087, 28.12959266900009 ], [ 85.629268165000042, 28.129983719000165 ], [ 85.630645167000068, 28.129855839000015 ], [ 85.631307461000176, 28.129794334 ], [ 85.632004428000187, 28.129914086000156 ], [ 85.632476545000088, 28.130284185000107 ], [ 85.632692447000181, 28.130590913000106 ], [ 85.632958378000069, 28.131375499000171 ], [ 85.6333598760001, 28.13256006000006 ], [ 85.633716376000109, 28.133242630000041 ], [ 85.634596224000063, 28.134109096000145 ], [ 85.634905754999977, 28.134413921000032 ], [ 85.635551024, 28.135329413000136 ], [ 85.635284294000144, 28.136500323 ], [ 85.635190599000111, 28.136911639000118 ], [ 85.635213571000065, 28.138012665000076 ], [ 85.636046856000178, 28.139049604000036 ], [ 85.636510988000055, 28.13962717000004 ], [ 85.636709988000177, 28.140213711000115 ], [ 85.636789744000168, 28.140448788000128 ], [ 85.637466136, 28.141267601000095 ], [ 85.637796643000115, 28.141567924000185 ], [ 85.639305917000115, 28.142939359000081 ], [ 85.640143286000182, 28.143623223000134 ], [ 85.641472840000063, 28.144709050000188 ], [ 85.642363587000148, 28.145132966000119 ], [ 85.64413490000004, 28.145218236000062 ], [ 85.644368757000109, 28.145229492999988 ], [ 85.647047827000108, 28.145720684000082 ], [ 85.648342019000097, 28.146218537000152 ], [ 85.648962925000092, 28.146804308000185 ], [ 85.649427470000091, 28.147560061000092 ], [ 85.649885385000061, 28.14890914900019 ], [ 85.650357036000116, 28.150298706000115 ], [ 85.650748968000187, 28.151087580000024 ], [ 85.651557910000179, 28.151573676000112 ], [ 85.652490343000125, 28.151932597000041 ], [ 85.652803766000034, 28.151940422000052 ], [ 85.654278978000036, 28.15197725000013 ], [ 85.655282203000183, 28.152754073000153 ], [ 85.65765213800006, 28.153557458000137 ], [ 85.658557618000032, 28.153864407000185 ], [ 85.660196799000062, 28.153985108000143 ], [ 85.660218083000188, 28.153986675000169 ], [ 85.660220744000185, 28.153987268000151 ], [ 85.661244129000181, 28.154215485000122 ], [ 85.662177881000162, 28.154213377000133 ], [ 85.663102685000126, 28.154045003000022 ], [ 85.664541639000163, 28.153783020000105 ], [ 85.665941948000125, 28.154029022000032 ], [ 85.669499260000123, 28.155302034000044 ], [ 85.669942737000156, 28.15553116000018 ], [ 85.67097211000015, 28.156062991000056 ], [ 85.671712390000096, 28.156304504000047 ], [ 85.67193416300006, 28.156376855000076 ], [ 85.672621859000117, 28.156696414000123 ], [ 85.673947, 28.157312182000112 ], [ 85.677169053000114, 28.158157663000168 ], [ 85.681306454000037, 28.157633658000066 ], [ 85.68161348100017, 28.157451617000163 ], [ 85.681976872000121, 28.156918752000024 ], [ 85.682035312000153, 28.156833056000039 ], [ 85.68329372900007, 28.155936096000119 ], [ 85.683884465000119, 28.155865050000102 ], [ 85.684956692000128, 28.156121234000125 ], [ 85.686020552, 28.155993889000172 ], [ 85.686248763000151, 28.156068675000142 ], [ 85.686304139000129, 28.156086823000066 ], [ 85.686948864000101, 28.156104271000061 ], [ 85.687246963000177, 28.156082767000044 ], [ 85.688439421000055, 28.155996745000039 ], [ 85.690161993000117, 28.156484668000189 ], [ 85.690354952000177, 28.156569121000189 ], [ 85.693360287000075, 28.157884474000184 ], [ 85.694309781000129, 28.158137219000082 ], [ 85.696265149000055, 28.158458410000094 ], [ 85.696379686000057, 28.158477225000127 ], [ 85.698041954000075, 28.15896221100013 ], [ 85.698604934000116, 28.159317252000108 ], [ 85.69951897500016, 28.160451541000043 ], [ 85.69980149100013, 28.160992136000118 ], [ 85.699824671000044, 28.161036493000154 ], [ 85.701734621000185, 28.163170462000039 ], [ 85.702289099000041, 28.163626930000135 ], [ 85.703279898000062, 28.163949856000045 ], [ 85.703822453999976, 28.163806067000166 ], [ 85.705111047000116, 28.163202456000192 ], [ 85.705671756000072, 28.162888070000122 ], [ 85.707148678000067, 28.162059969000097 ], [ 85.709861698000168, 28.161823852000168 ], [ 85.712226880000117, 28.16201756300012 ], [ 85.712992146000033, 28.162304488000132 ], [ 85.713156681000044, 28.16253840800016 ], [ 85.71323741000009, 28.165816802000165 ], [ 85.712877953000088, 28.167339272000163 ], [ 85.712871797000105, 28.167365345000121 ], [ 85.712381523000033, 28.168581164000102 ], [ 85.712468554000054, 28.169524831999979 ], [ 85.712896488000126, 28.169928178000134 ], [ 85.713131191000059, 28.170573312000045 ], [ 85.713546378000046, 28.170872668000129 ], [ 85.714336496000044, 28.171403353000073 ], [ 85.715903470000057, 28.172455817000127 ], [ 85.718256408, 28.173593121000067 ], [ 85.719125444000156, 28.174013173000048 ], [ 85.719755484000075, 28.174122861000058 ], [ 85.722736781000094, 28.17382581600009 ], [ 85.723365829000102, 28.173565537000115 ], [ 85.723565745000144, 28.17334181200016 ], [ 85.723985889000062, 28.171801593000168 ], [ 85.724405391000118, 28.170263727000133 ], [ 85.725244105000058, 28.169680482000103 ], [ 85.727564362000123, 28.169627653000077 ], [ 85.728750474000037, 28.169986342000186 ], [ 85.730380843000034, 28.170479377000049 ], [ 85.730632560000117, 28.170450134000191 ], [ 85.732907437000165, 28.170872761000055 ], [ 85.733515779000072, 28.170942750000108 ], [ 85.736595814000054, 28.171297102000096 ], [ 85.736762440000177, 28.171407294000176 ], [ 85.73761285, 28.171969684000146 ], [ 85.738300885, 28.171985070000176 ], [ 85.739251202000048, 28.171729859000095 ], [ 85.740706542, 28.171598970000048 ], [ 85.742437224000071, 28.171443316000136 ], [ 85.743124379000164, 28.171562443000084 ], [ 85.743966011000168, 28.171919801000172 ], [ 85.744987294000168, 28.172877281000183 ], [ 85.745275746000061, 28.173147714000095 ], [ 85.74573501500015, 28.17333142800004 ], [ 85.746279728, 28.173549321 ], [ 85.746713963000161, 28.173907544000087 ], [ 85.747515855000074, 28.174569064000082 ], [ 85.747565910000048, 28.174585314000183 ], [ 85.749572692000129, 28.175208231000113 ], [ 85.750628264000113, 28.175104122000164 ], [ 85.751519502000122, 28.175016220000145 ], [ 85.752919324000118, 28.174656716000072 ], [ 85.75477763900011, 28.174716492000016 ], [ 85.759088794000036, 28.175707605000071 ], [ 85.762550838000152, 28.175553993000165 ], [ 85.764224508999973, 28.176121778000152 ], [ 85.764524999000173, 28.17622371900012 ], [ 85.76651854500011, 28.176340931000084 ], [ 85.768067231000146, 28.17581309000019 ], [ 85.768556103000094, 28.175646467000149 ], [ 85.771515411000166, 28.175068509000141 ], [ 85.772171173000061, 28.175174810000101 ], [ 85.773415464000095, 28.175376515000039 ], [ 85.774963507, 28.175494158000106 ], [ 85.776389523000034, 28.175055979000149 ], [ 85.776704163000147, 28.174959299000136 ], [ 85.778318215000127, 28.174283326000079 ], [ 85.778558620000183, 28.174351011000113 ], [ 85.778665482000179, 28.174302330000046 ], [ 85.779079976000162, 28.17484291400018 ], [ 85.779538641000045, 28.175898203000031 ], [ 85.77986979700006, 28.176957940000023 ], [ 85.780217252000114, 28.178069832 ], [ 85.783243917000163, 28.179557727000144 ], [ 85.785454004000144, 28.180644195000127 ], [ 85.787217810000072, 28.181511274 ], [ 85.789896914000053, 28.182491678000133 ], [ 85.790805803000012, 28.182824282000126 ], [ 85.792159609000123, 28.183476872000142 ], [ 85.793582210000181, 28.184520367000061 ], [ 85.793925966000188, 28.184967770000185 ], [ 85.793952960000126, 28.185222380000141 ], [ 85.79399275500009, 28.185597715000029 ], [ 85.793510223000169, 28.187077762000172 ], [ 85.79344896300006, 28.187833006000119 ], [ 85.793563005000067, 28.188127232000113 ], [ 85.794150548000118, 28.18829485100008 ], [ 85.797335491000126, 28.188735681000139 ], [ 85.797465073000183, 28.188791567000123 ], [ 85.797832109000183, 28.188949858000171 ], [ 85.798468576000175, 28.189411016000122 ], [ 85.79906715900006, 28.190499179000028 ], [ 85.799565427000061, 28.192276528999969 ], [ 85.79958615400011, 28.1925546330001 ], [ 85.799630712000067, 28.193152451000174 ], [ 85.79984563000005, 28.19413460700008 ], [ 85.800009558000113, 28.194883741000069 ], [ 85.800104642000179, 28.196170314000028 ], [ 85.799916354000061, 28.196326867000096 ], [ 85.799895166000056, 28.196344482000029 ], [ 85.799916588000087, 28.196353764000094 ], [ 85.801280712000164, 28.196944900000176 ], [ 85.801542306000101, 28.197058260000119 ], [ 85.802201019000165, 28.197580599999981 ], [ 85.804195742000104, 28.198148460000084 ], [ 85.805314969000051, 28.198138630000187 ], [ 85.805871646000014, 28.198133741000049 ], [ 85.806374576000053, 28.198275737000074 ], [ 85.807182780000176, 28.19832793400019 ], [ 85.807640773000116, 28.198726656000133 ], [ 85.807746628000075, 28.199000572000102 ], [ 85.809445734000178, 28.200851899000043 ], [ 85.810397147000117, 28.201888548000113 ], [ 85.811371628000188, 28.202594064000039 ], [ 85.812545645000057, 28.203183970000168 ], [ 85.814474885000152, 28.203385674000174 ], [ 85.815572429000042, 28.203293702 ], [ 85.816496700000016, 28.202521162000039 ], [ 85.816558073000067, 28.202291622000075 ], [ 85.816402702000062, 28.200840229000164 ], [ 85.816386943000111, 28.200693011000055 ], [ 85.816439527000171, 28.199416627000119 ] ] ] } }
]
}
