{"type": "FeatureCollection", "features": [{"type": "Feature", "geometry": {"type": "Point", "coordinates": [85.74194461412213, 27.86381603246813]}, "properties": {"sample_id": 1.0, "longitude": 85.74194461412213, "latitude": 27.86381603246813}}, {"type": "Feature", "geometry": {"type": "Point", "coordinates": [85.88764172041945, 27.86256773330516]}, "properties": {"sample_id": 2.0, "longitude": 85.88764172041945, "latitude": 27.86256773330516}}, {"type": "Feature", "geometry": {"type": "Point", "coordinates": [85.73704296190492, 27.86301697669006]}, "properties": {"sample_id": 3.0, "longitude": 85.73704296190492, "latitude": 27.86301697669006}}, {"type": "Feature", "geometry": {"type": "Point", "coordinates": [85.73667548204722, 27.89870797787304]}, "properties": {"sample_id": 4.0, "longitude": 85.73667548204722, "latitude": 27.89870797787304}}, {"type": "Feature", "geometry": {"type": "Point", "coordinates": [85.74008102667753, 27.89227066206497]}, "properties": {"sample_id": 5.0, "longitude": 85.74008102667753, "latitude": 27.89227066206497}}, {"type": "Feature", "geometry": {"type": "Point", "coordinates": [85.73905613773522, 27.88988402609659]}, "properties": {"sample_id": 6.0, "longitude": 85.73905613773522, "latitude": 27.88988402609659}}, {"type": "Feature", "geometry": {"type": "Point", "coordinates": [85.8878924444891, 27.813064820876765]}, "properties": {"sample_id": 8.0, "longitude": 85.8878924444891, "latitude": 27.813064820876765}}, {"type": "Feature", "geometry": {"type": "Point", "coordinates": [85.58133491666376, 28.03222396008928]}, "properties": {"sample_id": 9.0, "longitude": 85.58133491666376, "latitude": 28.03222396008928}}, {"type": "Feature", "geometry": {"type": "Point", "coordinates": [85.72544838528468, 27.889435394823177]}, "properties": {"sample_id": 10.0, "longitude": 85.72544838528468, "latitude": 27.889435394823177}}, {"type": "Feature", "geometry": {"type": "Point", "coordinates": [85.73416217450067, 27.891364525664123]}, "properties": {"sample_id": 12.0, "longitude": 85.73416217450067, "latitude": 27.891364525664123}}, {"type": "Feature", "geometry": {"type": "Point", "coordinates": [85.78113999960479, 27.89351659823767]}, "properties": {"sample_id": 13.0, "longitude": 85.78113999960479, "latitude": 27.89351659823767}}, {"type": "Feature", "geometry": {"type": "Point", "coordinates": [85.61359881651256, 28.00921429180124]}, "properties": {"sample_id": 14.0, "longitude": 85.61359881651256, "latitude": 28.00921429180124}}, {"type": "Feature", "geometry": {"type": "Point", "coordinates": [85.90413352306754, 27.901740205067235]}, "properties": {"sample_id": 15.0, "longitude": 85.90413352306754, "latitude": 27.901740205067235}}, {"type": "Feature", "geometry": {"type": "Point", "coordinates": [85.62449466055268, 27.999248526087847]}, "properties": {"sample_id": 16.0, "longitude": 85.62449466055268, "latitude": 27.999248526087847}}, {"type": "Feature", "geometry": {"type": "Point", "coordinates": [85.64123661467679, 28.022615030954444]}, "properties": {"sample_id": 18.0, "longitude": 85.64123661467679, "latitude": 28.022615030954444}}, {"type": "Feature", "geometry": {"type": "Point", "coordinates": [85.972782850038, 27.803355186919585]}, "properties": {"sample_id": 19.0, "longitude": 85.972782850038, "latitude": 27.803355186919585}}, {"type": "Feature", "geometry": {"type": "Point", "coordinates": [85.68340716776686, 27.994752481171734]}, "properties": {"sample_id": 20.0, "longitude": 85.68340716776686, "latitude": 27.994752481171734}}, {"type": "Feature", "geometry": {"type": "Point", "coordinates": [85.9729208502281, 27.804735385027733]}, "properties": {"sample_id": 21.0, "longitude": 85.9729208502281, "latitude": 27.804735385027733}}, {"type": "Feature", "geometry": {"type": "Point", "coordinates": [85.97382645749934, 27.805739678467443]}, "properties": {"sample_id": 22.0, "longitude": 85.97382645749934, "latitude": 27.805739678467443}}, {"type": "Feature", "geometry": {"type": "Point", "coordinates": [85.9780776718157, 27.80592321057497]}, "properties": {"sample_id": 23.0, "longitude": 85.9780776718157, "latitude": 27.80592321057497}}, {"type": "Feature", "geometry": {"type": "Point", "coordinates": [85.93771904251265, 27.785728243465154]}, "properties": {"sample_id": 24.0, "longitude": 85.93771904251265, "latitude": 27.785728243465154}}, {"type": "Feature", "geometry": {"type": "Point", "coordinates": [85.92416213677018, 27.78429225921749]}, "properties": {"sample_id": 25.0, "longitude": 85.92416213677018, "latitude": 27.78429225921749}}, {"type": "Feature", "geometry": {"type": "Point", "coordinates": [85.92300160498088, 27.797025370153644]}, "properties": {"sample_id": 26.0, "longitude": 85.92300160498088, "latitude": 27.797025370153644}}, {"type": "Feature", "geometry": {"type": "Point", "coordinates": [85.92340168459582, 27.79775362723108]}, "properties": {"sample_id": 27.0, "longitude": 85.92340168459582, "latitude": 27.79775362723108}}, {"type": "Feature", "geometry": {"type": "Point", "coordinates": [85.92859936640484, 27.79817090943033]}, "properties": {"sample_id": 28.0, "longitude": 85.92859936640484, "latitude": 27.79817090943033}}, {"type": "Feature", "geometry": {"type": "Point", "coordinates": [85.92575994238156, 27.79949861121675]}, "properties": {"sample_id": 29.0, "longitude": 85.92575994238156, "latitude": 27.79949861121675}}, {"type": "Feature", "geometry": {"type": "Point", "coordinates": [85.92636134985838, 27.79890723669247]}, "properties": {"sample_id": 30.0, "longitude": 85.92636134985838, "latitude": 27.79890723669247}}, {"type": "Feature", "geometry": {"type": "Point", "coordinates": [85.92615674811056, 27.798149348910098]}, "properties": {"sample_id": 31.0, "longitude": 85.92615674811056, "latitude": 27.798149348910098}}, {"type": "Feature", "geometry": {"type": "Point", "coordinates": [85.93579392933783, 27.81339709157548]}, "properties": {"sample_id": 32.0, "longitude": 85.93579392933783, "latitude": 27.81339709157548}}, {"type": "Feature", "geometry": {"type": "Point", "coordinates": [85.93056739743459, 27.808000478417725]}, "properties": {"sample_id": 33.0, "longitude": 85.93056739743459, "latitude": 27.808000478417725}}, {"type": "Feature", "geometry": {"type": "Point", "coordinates": [85.92715601117563, 27.80831075858564]}, "properties": {"sample_id": 34.0, "longitude": 85.92715601117563, "latitude": 27.80831075858564}}, {"type": "Feature", "geometry": {"type": "Point", "coordinates": [85.92657548008795, 27.80756404328956]}, "properties": {"sample_id": 35.0, "longitude": 85.92657548008795, "latitude": 27.80756404328956}}, {"type": "Feature", "geometry": {"type": "Point", "coordinates": [85.92818008125212, 27.80776028484553]}, "properties": {"sample_id": 36.0, "longitude": 85.92818008125212, "latitude": 27.80776028484553}}, {"type": "Feature", "geometry": {"type": "Point", "coordinates": [85.92928327639954, 27.808474364682205]}, "properties": {"sample_id": 37.0, "longitude": 85.92928327639954, "latitude": 27.808474364682205}}, {"type": "Feature", "geometry": {"type": "Point", "coordinates": [85.92569347830828, 27.80176923123647]}, "properties": {"sample_id": 38.0, "longitude": 85.92569347830828, "latitude": 27.80176923123647}}, {"type": "Feature", "geometry": {"type": "Point", "coordinates": [85.92242972155572, 27.797965652229323]}, "properties": {"sample_id": 39.0, "longitude": 85.92242972155572, "latitude": 27.797965652229323}}, {"type": "Feature", "geometry": {"type": "Point", "coordinates": [85.93420073792365, 27.8016858198202]}, "properties": {"sample_id": 41.0, "longitude": 85.93420073792365, "latitude": 27.8016858198202}}, {"type": "Feature", "geometry": {"type": "Point", "coordinates": [85.93417320020193, 27.79983349104638]}, "properties": {"sample_id": 44.0, "longitude": 85.93417320020193, "latitude": 27.79983349104638}}, {"type": "Feature", "geometry": {"type": "Point", "coordinates": [85.9329472041279, 27.79831459417169]}, "properties": {"sample_id": 45.0, "longitude": 85.9329472041279, "latitude": 27.79831459417169}}, {"type": "Feature", "geometry": {"type": "Point", "coordinates": [85.94003982035915, 27.80034880712598]}, "properties": {"sample_id": 46.0, "longitude": 85.94003982035915, "latitude": 27.80034880712598}}, {"type": "Feature", "geometry": {"type": "Point", "coordinates": [85.9596913398223, 27.81702396836746]}, "properties": {"sample_id": 47.0, "longitude": 85.9596913398223, "latitude": 27.81702396836746}}, {"type": "Feature", "geometry": {"type": "Point", "coordinates": [85.96479580976082, 27.79037787228536]}, "properties": {"sample_id": 48.0, "longitude": 85.96479580976082, "latitude": 27.79037787228536}}, {"type": "Feature", "geometry": {"type": "Point", "coordinates": [85.98138946496933, 27.82163488739081]}, "properties": {"sample_id": 49.0, "longitude": 85.98138946496933, "latitude": 27.82163488739081}}, {"type": "Feature", "geometry": {"type": "Point", "coordinates": [85.95635387573834, 27.813088035429217]}, "properties": {"sample_id": 50.0, "longitude": 85.95635387573834, "latitude": 27.813088035429217}}, {"type": "Feature", "geometry": {"type": "Point", "coordinates": [85.96835536995651, 27.81001802947463]}, "properties": {"sample_id": 51.0, "longitude": 85.96835536995651, "latitude": 27.81001802947463}}, {"type": "Feature", "geometry": {"type": "Point", "coordinates": [85.98332763676522, 27.818551817665668]}, "properties": {"sample_id": 52.0, "longitude": 85.98332763676522, "latitude": 27.818551817665668}}, {"type": "Feature", "geometry": {"type": "Point", "coordinates": [85.9827689232729, 27.820792986544514]}, "properties": {"sample_id": 54.0, "longitude": 85.9827689232729, "latitude": 27.820792986544514}}, {"type": "Feature", "geometry": {"type": "Point", "coordinates": [85.4953221205932, 27.946364876389136]}, "properties": {"sample_id": 56.0, "longitude": 85.4953221205932, "latitude": 27.946364876389136}}, {"type": "Feature", "geometry": {"type": "Point", "coordinates": [85.52679247019996, 27.93450578161548]}, "properties": {"sample_id": 57.0, "longitude": 85.52679247019996, "latitude": 27.93450578161548}}, {"type": "Feature", "geometry": {"type": "Point", "coordinates": [85.52575522358639, 27.93231846187513]}, "properties": {"sample_id": 58.0, "longitude": 85.52575522358639, "latitude": 27.93231846187513}}, {"type": "Feature", "geometry": {"type": "Point", "coordinates": [85.49275708552011, 27.9288483156568]}, "properties": {"sample_id": 59.0, "longitude": 85.49275708552011, "latitude": 27.9288483156568}}, {"type": "Feature", "geometry": {"type": "Point", "coordinates": [85.49642154958806, 27.949571988495144]}, "properties": {"sample_id": 60.0, "longitude": 85.49642154958806, "latitude": 27.949571988495144}}, {"type": "Feature", "geometry": {"type": "Point", "coordinates": [85.65423982257364, 27.89589661141625]}, "properties": {"sample_id": 61.0, "longitude": 85.65423982257364, "latitude": 27.89589661141625}}, {"type": "Feature", "geometry": {"type": "Point", "coordinates": [85.654337526867, 27.89490543518357]}, "properties": {"sample_id": 62.0, "longitude": 85.654337526867, "latitude": 27.89490543518357}}, {"type": "Feature", "geometry": {"type": "Point", "coordinates": [85.65435942769201, 27.895515957902592]}, "properties": {"sample_id": 63.0, "longitude": 85.65435942769201, "latitude": 27.895515957902592}}, {"type": "Feature", "geometry": {"type": "Point", "coordinates": [85.65486794408734, 27.89517058691532]}, "properties": {"sample_id": 64.0, "longitude": 85.65486794408734, "latitude": 27.89517058691532}}, {"type": "Feature", "geometry": {"type": "Point", "coordinates": [85.6540333259118, 27.89721331604304]}, "properties": {"sample_id": 65.0, "longitude": 85.6540333259118, "latitude": 27.89721331604304}}, {"type": "Feature", "geometry": {"type": "Point", "coordinates": [85.59196937552156, 27.798237792823688]}, "properties": {"sample_id": 66.0, "longitude": 85.59196937552156, "latitude": 27.798237792823688}}, {"type": "Feature", "geometry": {"type": "Point", "coordinates": [85.47845186720527, 27.86987378640437]}, "properties": {"sample_id": 67.0, "longitude": 85.47845186720527, "latitude": 27.86987378640437}}, {"type": "Feature", "geometry": {"type": "Point", "coordinates": [85.51882501382117, 27.908733139451268]}, "properties": {"sample_id": 68.0, "longitude": 85.51882501382117, "latitude": 27.908733139451268}}, {"type": "Feature", "geometry": {"type": "Point", "coordinates": [85.51832222615202, 27.905404850332328]}, "properties": {"sample_id": 69.0, "longitude": 85.51832222615202, "latitude": 27.905404850332328}}, {"type": "Feature", "geometry": {"type": "Point", "coordinates": [85.49176179383343, 27.83785205972959]}, "properties": {"sample_id": 70.0, "longitude": 85.49176179383343, "latitude": 27.83785205972959}}, {"type": "Feature", "geometry": {"type": "Point", "coordinates": [85.47786590787275, 27.837040475776536]}, "properties": {"sample_id": 71.0, "longitude": 85.47786590787275, "latitude": 27.837040475776536}}, {"type": "Feature", "geometry": {"type": "Point", "coordinates": [85.47612192651859, 27.868586870976166]}, "properties": {"sample_id": 72.0, "longitude": 85.47612192651859, "latitude": 27.868586870976166}}, {"type": "Feature", "geometry": {"type": "Point", "coordinates": [85.51018113529346, 27.89855712452836]}, "properties": {"sample_id": 73.0, "longitude": 85.51018113529346, "latitude": 27.89855712452836}}, {"type": "Feature", "geometry": {"type": "Point", "coordinates": [85.4967061568623, 27.90456582783285]}, "properties": {"sample_id": 74.0, "longitude": 85.4967061568623, "latitude": 27.90456582783285}}, {"type": "Feature", "geometry": {"type": "Point", "coordinates": [85.49107371555549, 27.90409504606614]}, "properties": {"sample_id": 75.0, "longitude": 85.49107371555549, "latitude": 27.90409504606614}}, {"type": "Feature", "geometry": {"type": "Point", "coordinates": [85.49195128474781, 27.903200201104795]}, "properties": {"sample_id": 76.0, "longitude": 85.49195128474781, "latitude": 27.903200201104795}}, {"type": "Feature", "geometry": {"type": "Point", "coordinates": [85.65203403365645, 27.75869297394389]}, "properties": {"sample_id": 77.0, "longitude": 85.65203403365645, "latitude": 27.75869297394389}}, {"type": "Feature", "geometry": {"type": "Point", "coordinates": [85.56802322654283, 27.778729201488275]}, "properties": {"sample_id": 79.0, "longitude": 85.56802322654283, "latitude": 27.778729201488275}}, {"type": "Feature", "geometry": {"type": "Point", "coordinates": [85.5630746441098, 27.77791738760816]}, "properties": {"sample_id": 80.0, "longitude": 85.5630746441098, "latitude": 27.77791738760816}}, {"type": "Feature", "geometry": {"type": "Point", "coordinates": [85.93773942082139, 27.72241170334207]}, "properties": {"sample_id": 83.0, "longitude": 85.93773942082139, "latitude": 27.72241170334207}}, {"type": "Feature", "geometry": {"type": "Point", "coordinates": [85.9271389952118, 27.75254675981621]}, "properties": {"sample_id": 85.0, "longitude": 85.9271389952118, "latitude": 27.75254675981621}}, {"type": "Feature", "geometry": {"type": "Point", "coordinates": [85.9488854300373, 27.747618289675927]}, "properties": {"sample_id": 86.0, "longitude": 85.9488854300373, "latitude": 27.747618289675927}}, {"type": "Feature", "geometry": {"type": "Point", "coordinates": [85.6765286212418, 27.751641853074112]}, "properties": {"sample_id": 87.0, "longitude": 85.6765286212418, "latitude": 27.751641853074112}}, {"type": "Feature", "geometry": {"type": "Point", "coordinates": [85.73843780302849, 27.755169687014625]}, "properties": {"sample_id": 88.0, "longitude": 85.73843780302849, "latitude": 27.755169687014625}}, {"type": "Feature", "geometry": {"type": "Point", "coordinates": [85.94222867468315, 27.74230435384973]}, "properties": {"sample_id": 90.0, "longitude": 85.94222867468315, "latitude": 27.74230435384973}}, {"type": "Feature", "geometry": {"type": "Point", "coordinates": [85.92089945072215, 27.747760664584195]}, "properties": {"sample_id": 91.0, "longitude": 85.92089945072215, "latitude": 27.747760664584195}}, {"type": "Feature", "geometry": {"type": "Point", "coordinates": [85.92027020877677, 27.74707094407147]}, "properties": {"sample_id": 92.0, "longitude": 85.92027020877677, "latitude": 27.74707094407147}}, {"type": "Feature", "geometry": {"type": "Point", "coordinates": [85.91958629123444, 27.748700472507217]}, "properties": {"sample_id": 93.0, "longitude": 85.91958629123444, "latitude": 27.748700472507217}}, {"type": "Feature", "geometry": {"type": "Point", "coordinates": [85.91799957722547, 27.74162955014142]}, "properties": {"sample_id": 94.0, "longitude": 85.91799957722547, "latitude": 27.74162955014142}}, {"type": "Feature", "geometry": {"type": "Point", "coordinates": [85.9335947318998, 27.74827451475804]}, "properties": {"sample_id": 95.0, "longitude": 85.9335947318998, "latitude": 27.74827451475804}}, {"type": "Feature", "geometry": {"type": "Point", "coordinates": [85.9415862315965, 27.74270018208568]}, "properties": {"sample_id": 96.0, "longitude": 85.9415862315965, "latitude": 27.74270018208568}}, {"type": "Feature", "geometry": {"type": "Point", "coordinates": [85.9209668890966, 27.735979709780644]}, "properties": {"sample_id": 97.0, "longitude": 85.9209668890966, "latitude": 27.735979709780644}}, {"type": "Feature", "geometry": {"type": "Point", "coordinates": [85.49385314865592, 27.85623802757023]}, "properties": {"sample_id": 98.0, "longitude": 85.49385314865592, "latitude": 27.85623802757023}}, {"type": "Feature", "geometry": {"type": "Point", "coordinates": [85.62705095491403, 27.99221842514057]}, "properties": {"sample_id": 99.0, "longitude": 85.62705095491403, "latitude": 27.99221842514057}}, {"type": "Feature", "geometry": {"type": "Point", "coordinates": [85.49001833048419, 27.854662656004724]}, "properties": {"sample_id": 100.0, "longitude": 85.49001833048419, "latitude": 27.854662656004724}}, {"type": "Feature", "geometry": {"type": "Point", "coordinates": [86.0056288941357, 27.765282359364324]}, "properties": {"sample_id": 101.0, "longitude": 86.0056288941357, "latitude": 27.765282359364324}}, {"type": "Feature", "geometry": {"type": "Point", "coordinates": [85.54053570648878, 27.987197931547644]}, "properties": {"sample_id": 103.0, "longitude": 85.54053570648878, "latitude": 27.987197931547644}}, {"type": "Feature", "geometry": {"type": "Point", "coordinates": [85.57565468392582, 27.969406466334743]}, "properties": {"sample_id": 104.0, "longitude": 85.57565468392582, "latitude": 27.969406466334743}}, {"type": "Feature", "geometry": {"type": "Point", "coordinates": [85.90145383248989, 27.63893790295222]}, "properties": {"sample_id": 105.0, "longitude": 85.90145383248989, "latitude": 27.63893790295222}}, {"type": "Feature", "geometry": {"type": "Point", "coordinates": [85.90170339702384, 27.63960707419466]}, "properties": {"sample_id": 106.0, "longitude": 85.90170339702384, "latitude": 27.63960707419466}}, {"type": "Feature", "geometry": {"type": "Point", "coordinates": [85.90765278774867, 27.64447208632372]}, "properties": {"sample_id": 107.0, "longitude": 85.90765278774867, "latitude": 27.64447208632372}}, {"type": "Feature", "geometry": {"type": "Point", "coordinates": [85.89761467545966, 27.639700878255464]}, "properties": {"sample_id": 108.0, "longitude": 85.89761467545966, "latitude": 27.639700878255464}}, {"type": "Feature", "geometry": {"type": "Point", "coordinates": [85.89816489199136, 27.640368957128167]}, "properties": {"sample_id": 109.0, "longitude": 85.89816489199136, "latitude": 27.640368957128167}}, {"type": "Feature", "geometry": {"type": "Point", "coordinates": [85.89081297498255, 27.658027762825725]}, "properties": {"sample_id": 110.0, "longitude": 85.89081297498255, "latitude": 27.658027762825725}}, {"type": "Feature", "geometry": {"type": "Point", "coordinates": [85.87949919292112, 27.634412007574408]}, "properties": {"sample_id": 111.0, "longitude": 85.87949919292112, "latitude": 27.634412007574408}}, {"type": "Feature", "geometry": {"type": "Point", "coordinates": [85.98090730227015, 27.7563662432733]}, "properties": {"sample_id": 112.0, "longitude": 85.98090730227015, "latitude": 27.7563662432733}}, {"type": "Feature", "geometry": {"type": "Point", "coordinates": [85.78192469682324, 27.75000221202761]}, "properties": {"sample_id": 115.0, "longitude": 85.78192469682324, "latitude": 27.75000221202761}}, {"type": "Feature", "geometry": {"type": "Point", "coordinates": [85.94071103287907, 27.84995325164445]}, "properties": {"sample_id": 116.0, "longitude": 85.94071103287907, "latitude": 27.84995325164445}}, {"type": "Feature", "geometry": {"type": "Point", "coordinates": [85.95058490085708, 27.85105210380948]}, "properties": {"sample_id": 117.0, "longitude": 85.95058490085708, "latitude": 27.85105210380948}}, {"type": "Feature", "geometry": {"type": "Point", "coordinates": [85.98547046429005, 27.78870172608552]}, "properties": {"sample_id": 122.0, "longitude": 85.98547046429005, "latitude": 27.78870172608552}}, {"type": "Feature", "geometry": {"type": "Point", "coordinates": [85.97668442646207, 27.788769424341123]}, "properties": {"sample_id": 126.0, "longitude": 85.97668442646207, "latitude": 27.788769424341123}}, {"type": "Feature", "geometry": {"type": "Point", "coordinates": [85.98441506579829, 27.76130874527655]}, "properties": {"sample_id": 127.0, "longitude": 85.98441506579829, "latitude": 27.76130874527655}}, {"type": "Feature", "geometry": {"type": "Point", "coordinates": [85.98227664296284, 27.76078770212581]}, "properties": {"sample_id": 128.0, "longitude": 85.98227664296284, "latitude": 27.76078770212581}}, {"type": "Feature", "geometry": {"type": "Point", "coordinates": [85.9804539219601, 27.76209249831304]}, "properties": {"sample_id": 129.0, "longitude": 85.9804539219601, "latitude": 27.76209249831304}}, {"type": "Feature", "geometry": {"type": "Point", "coordinates": [85.98028305232774, 27.763440536350288]}, "properties": {"sample_id": 130.0, "longitude": 85.98028305232774, "latitude": 27.763440536350288}}, {"type": "Feature", "geometry": {"type": "Point", "coordinates": [85.96868367288262, 27.77755095580169]}, "properties": {"sample_id": 131.0, "longitude": 85.96868367288262, "latitude": 27.77755095580169}}, {"type": "Feature", "geometry": {"type": "Point", "coordinates": [85.96426439256877, 27.78020741575961]}, "properties": {"sample_id": 132.0, "longitude": 85.96426439256877, "latitude": 27.78020741575961}}, {"type": "Feature", "geometry": {"type": "Point", "coordinates": [85.9544094560524, 27.78291520866082]}, "properties": {"sample_id": 133.0, "longitude": 85.9544094560524, "latitude": 27.78291520866082}}, {"type": "Feature", "geometry": {"type": "Point", "coordinates": [85.95372853982431, 27.782807216885608]}, "properties": {"sample_id": 134.0, "longitude": 85.95372853982431, "latitude": 27.782807216885608}}, {"type": "Feature", "geometry": {"type": "Point", "coordinates": [85.92246604223978, 27.78110037742892]}, "properties": {"sample_id": 135.0, "longitude": 85.92246604223978, "latitude": 27.78110037742892}}, {"type": "Feature", "geometry": {"type": "Point", "coordinates": [85.92438012852486, 27.78116043268913]}, "properties": {"sample_id": 136.0, "longitude": 85.92438012852486, "latitude": 27.78116043268913}}, {"type": "Feature", "geometry": {"type": "Point", "coordinates": [85.92406739053212, 27.781206121357503]}, "properties": {"sample_id": 137.0, "longitude": 85.92406739053212, "latitude": 27.781206121357503}}, {"type": "Feature", "geometry": {"type": "Point", "coordinates": [85.93634844262179, 27.781868883980263]}, "properties": {"sample_id": 138.0, "longitude": 85.93634844262179, "latitude": 27.781868883980263}}, {"type": "Feature", "geometry": {"type": "Point", "coordinates": [85.54033447385773, 27.96373426535684]}, "properties": {"sample_id": 139.0, "longitude": 85.54033447385773, "latitude": 27.96373426535684}}, {"type": "Feature", "geometry": {"type": "Point", "coordinates": [85.54399424820105, 27.96571653613968]}, "properties": {"sample_id": 140.0, "longitude": 85.54399424820105, "latitude": 27.96571653613968}}, {"type": "Feature", "geometry": {"type": "Point", "coordinates": [85.93174371550687, 27.77905875347696]}, "properties": {"sample_id": 141.0, "longitude": 85.93174371550687, "latitude": 27.77905875347696}}, {"type": "Feature", "geometry": {"type": "Point", "coordinates": [85.93896169729734, 27.782682321032137]}, "properties": {"sample_id": 142.0, "longitude": 85.93896169729734, "latitude": 27.782682321032137}}, {"type": "Feature", "geometry": {"type": "Point", "coordinates": [85.9393398343627, 27.782373515213365]}, "properties": {"sample_id": 143.0, "longitude": 85.9393398343627, "latitude": 27.782373515213365}}, {"type": "Feature", "geometry": {"type": "Point", "coordinates": [85.94194167399763, 27.78194543552097]}, "properties": {"sample_id": 144.0, "longitude": 85.94194167399763, "latitude": 27.78194543552097}}, {"type": "Feature", "geometry": {"type": "Point", "coordinates": [86.027256820397, 27.75341633214782]}, "properties": {"sample_id": 145.0, "longitude": 86.027256820397, "latitude": 27.75341633214782}}, {"type": "Feature", "geometry": {"type": "Point", "coordinates": [86.01533440380645, 27.75001132338484]}, "properties": {"sample_id": 146.0, "longitude": 86.01533440380645, "latitude": 27.75001132338484}}, {"type": "Feature", "geometry": {"type": "Point", "coordinates": [86.01579994279025, 27.752370185241737]}, "properties": {"sample_id": 147.0, "longitude": 86.01579994279025, "latitude": 27.752370185241737}}, {"type": "Feature", "geometry": {"type": "Point", "coordinates": [86.01660641631814, 27.751833970598582]}, "properties": {"sample_id": 148.0, "longitude": 86.01660641631814, "latitude": 27.751833970598582}}, {"type": "Feature", "geometry": {"type": "Point", "coordinates": [85.91815528476062, 27.71165633843002]}, "properties": {"sample_id": 150.0, "longitude": 85.91815528476062, "latitude": 27.71165633843002}}, {"type": "Feature", "geometry": {"type": "Point", "coordinates": [85.92285470834955, 27.71036641751735]}, "properties": {"sample_id": 151.0, "longitude": 85.92285470834955, "latitude": 27.71036641751735}}, {"type": "Feature", "geometry": {"type": "Point", "coordinates": [85.92323607511017, 27.709967873638515]}, "properties": {"sample_id": 152.0, "longitude": 85.92323607511017, "latitude": 27.709967873638515}}, {"type": "Feature", "geometry": {"type": "Point", "coordinates": [85.77897469674416, 27.75038742244283]}, "properties": {"sample_id": 153.0, "longitude": 85.77897469674416, "latitude": 27.75038742244283}}, {"type": "Feature", "geometry": {"type": "Point", "coordinates": [85.88108878769984, 27.84838466096994]}, "properties": {"sample_id": 154.0, "longitude": 85.88108878769984, "latitude": 27.84838466096994}}, {"type": "Feature", "geometry": {"type": "Point", "coordinates": [85.93282355230203, 27.7474577144302]}, "properties": {"sample_id": 156.0, "longitude": 85.93282355230203, "latitude": 27.7474577144302}}, {"type": "Feature", "geometry": {"type": "Point", "coordinates": [85.90096909943209, 27.712579962399392]}, "properties": {"sample_id": 158.0, "longitude": 85.90096909943209, "latitude": 27.712579962399392}}, {"type": "Feature", "geometry": {"type": "Point", "coordinates": [85.91119850630805, 27.70751964886971]}, "properties": {"sample_id": 159.0, "longitude": 85.91119850630805, "latitude": 27.70751964886971}}, {"type": "Feature", "geometry": {"type": "Point", "coordinates": [85.93190410653821, 27.71077636055063]}, "properties": {"sample_id": 160.0, "longitude": 85.93190410653821, "latitude": 27.71077636055063}}, {"type": "Feature", "geometry": {"type": "Point", "coordinates": [85.93273996041604, 27.70717635567064]}, "properties": {"sample_id": 161.0, "longitude": 85.93273996041604, "latitude": 27.70717635567064}}, {"type": "Feature", "geometry": {"type": "Point", "coordinates": [85.93265352222588, 27.706108673774327]}, "properties": {"sample_id": 162.0, "longitude": 85.93265352222588, "latitude": 27.706108673774327}}, {"type": "Feature", "geometry": {"type": "Point", "coordinates": [85.93061569890912, 27.696876396974787]}, "properties": {"sample_id": 163.0, "longitude": 85.93061569890912, "latitude": 27.696876396974787}}, {"type": "Feature", "geometry": {"type": "Point", "coordinates": [85.91622602433199, 27.75998392358841]}, "properties": {"sample_id": 164.0, "longitude": 85.91622602433199, "latitude": 27.75998392358841}}, {"type": "Feature", "geometry": {"type": "Point", "coordinates": [85.91717694587294, 27.75999603313404]}, "properties": {"sample_id": 165.0, "longitude": 85.91717694587294, "latitude": 27.75999603313404}}, {"type": "Feature", "geometry": {"type": "Point", "coordinates": [85.9179549019951, 27.759611334005303]}, "properties": {"sample_id": 166.0, "longitude": 85.9179549019951, "latitude": 27.759611334005303}}, {"type": "Feature", "geometry": {"type": "Point", "coordinates": [85.94722755345657, 27.75131622072218]}, "properties": {"sample_id": 168.0, "longitude": 85.94722755345657, "latitude": 27.75131622072218}}, {"type": "Feature", "geometry": {"type": "Point", "coordinates": [85.94403213291905, 27.75136378509641]}, "properties": {"sample_id": 169.0, "longitude": 85.94403213291905, "latitude": 27.75136378509641}}, {"type": "Feature", "geometry": {"type": "Point", "coordinates": [85.92774377357715, 27.76137788454159]}, "properties": {"sample_id": 170.0, "longitude": 85.92774377357715, "latitude": 27.76137788454159}}, {"type": "Feature", "geometry": {"type": "Point", "coordinates": [85.92485586213385, 27.76285659610925]}, "properties": {"sample_id": 171.0, "longitude": 85.92485586213385, "latitude": 27.76285659610925}}, {"type": "Feature", "geometry": {"type": "Point", "coordinates": [85.91901787416306, 27.76190174277726]}, "properties": {"sample_id": 172.0, "longitude": 85.91901787416306, "latitude": 27.76190174277726}}, {"type": "Feature", "geometry": {"type": "Point", "coordinates": [85.91969532693946, 27.77043145061433]}, "properties": {"sample_id": 173.0, "longitude": 85.91969532693946, "latitude": 27.77043145061433}}, {"type": "Feature", "geometry": {"type": "Point", "coordinates": [85.91917746004373, 27.765945071109925]}, "properties": {"sample_id": 174.0, "longitude": 85.91917746004373, "latitude": 27.765945071109925}}, {"type": "Feature", "geometry": {"type": "Point", "coordinates": [85.93162788797163, 27.723885521306592]}, "properties": {"sample_id": 175.0, "longitude": 85.93162788797163, "latitude": 27.723885521306592}}, {"type": "Feature", "geometry": {"type": "Point", "coordinates": [85.93456642557922, 27.718461668431885]}, "properties": {"sample_id": 176.0, "longitude": 85.93456642557922, "latitude": 27.718461668431885}}, {"type": "Feature", "geometry": {"type": "Point", "coordinates": [85.76717860570484, 27.77433037705996]}, "properties": {"sample_id": 177.0, "longitude": 85.76717860570484, "latitude": 27.77433037705996}}, {"type": "Feature", "geometry": {"type": "Point", "coordinates": [85.68039718815184, 27.71637257710023]}, "properties": {"sample_id": 178.0, "longitude": 85.68039718815184, "latitude": 27.71637257710023}}, {"type": "Feature", "geometry": {"type": "Point", "coordinates": [85.62198039893185, 27.77794183623643]}, "properties": {"sample_id": 179.0, "longitude": 85.62198039893185, "latitude": 27.77794183623643}}, {"type": "Feature", "geometry": {"type": "Point", "coordinates": [85.6791950193381, 27.76328237207557]}, "properties": {"sample_id": 180.0, "longitude": 85.6791950193381, "latitude": 27.76328237207557}}, {"type": "Feature", "geometry": {"type": "Point", "coordinates": [85.71430852369708, 27.78767718210888]}, "properties": {"sample_id": 181.0, "longitude": 85.71430852369708, "latitude": 27.78767718210888}}, {"type": "Feature", "geometry": {"type": "Point", "coordinates": [85.63360729469596, 27.76230701925869]}, "properties": {"sample_id": 182.0, "longitude": 85.63360729469596, "latitude": 27.76230701925869}}, {"type": "Feature", "geometry": {"type": "Point", "coordinates": [85.67213338519676, 27.77102882041749]}, "properties": {"sample_id": 183.0, "longitude": 85.67213338519676, "latitude": 27.77102882041749}}, {"type": "Feature", "geometry": {"type": "Point", "coordinates": [85.65264016419465, 27.81054117397425]}, "properties": {"sample_id": 184.0, "longitude": 85.65264016419465, "latitude": 27.81054117397425}}, {"type": "Feature", "geometry": {"type": "Point", "coordinates": [85.48493878438704, 27.893129874628407]}, "properties": {"sample_id": 197.0, "longitude": 85.48493878438704, "latitude": 27.893129874628407}}, {"type": "Feature", "geometry": {"type": "Point", "coordinates": [85.48660549655824, 27.89895990716892]}, "properties": {"sample_id": 198.0, "longitude": 85.48660549655824, "latitude": 27.89895990716892}}, {"type": "Feature", "geometry": {"type": "Point", "coordinates": [85.48758470207204, 27.894428221088912]}, "properties": {"sample_id": 199.0, "longitude": 85.48758470207204, "latitude": 27.894428221088912}}, {"type": "Feature", "geometry": {"type": "Point", "coordinates": [85.48580976973697, 27.90757297936178]}, "properties": {"sample_id": 200.0, "longitude": 85.48580976973697, "latitude": 27.90757297936178}}, {"type": "Feature", "geometry": {"type": "Point", "coordinates": [85.48859168365857, 27.90781789901673]}, "properties": {"sample_id": 201.0, "longitude": 85.48859168365857, "latitude": 27.90781789901673}}, {"type": "Feature", "geometry": {"type": "Point", "coordinates": [85.48844625445815, 27.9038305106884]}, "properties": {"sample_id": 202.0, "longitude": 85.48844625445815, "latitude": 27.9038305106884}}, {"type": "Feature", "geometry": {"type": "Point", "coordinates": [85.48942351488418, 27.90271387708868]}, "properties": {"sample_id": 203.0, "longitude": 85.48942351488418, "latitude": 27.90271387708868}}, {"type": "Feature", "geometry": {"type": "Point", "coordinates": [85.48938503700171, 27.902317132510404]}, "properties": {"sample_id": 204.0, "longitude": 85.48938503700171, "latitude": 27.902317132510404}}, {"type": "Feature", "geometry": {"type": "Point", "coordinates": [85.53301362585832, 27.887450548152746]}, "properties": {"sample_id": 205.0, "longitude": 85.53301362585832, "latitude": 27.887450548152746}}, {"type": "Feature", "geometry": {"type": "Point", "coordinates": [85.5307935974324, 27.8870951758079]}, "properties": {"sample_id": 206.0, "longitude": 85.5307935974324, "latitude": 27.8870951758079}}, {"type": "Feature", "geometry": {"type": "Point", "coordinates": [85.52460241526919, 27.88697114227621]}, "properties": {"sample_id": 207.0, "longitude": 85.52460241526919, "latitude": 27.88697114227621}}, {"type": "Feature", "geometry": {"type": "Point", "coordinates": [85.52140884588317, 27.886020177810327]}, "properties": {"sample_id": 208.0, "longitude": 85.52140884588317, "latitude": 27.886020177810327}}, {"type": "Feature", "geometry": {"type": "Point", "coordinates": [85.52050284669085, 27.88589609060036]}, "properties": {"sample_id": 209.0, "longitude": 85.52050284669085, "latitude": 27.88589609060036}}, {"type": "Feature", "geometry": {"type": "Point", "coordinates": [85.52097263213366, 27.88589747642753]}, "properties": {"sample_id": 210.0, "longitude": 85.52097263213366, "latitude": 27.88589747642753}}, {"type": "Feature", "geometry": {"type": "Point", "coordinates": [85.51624928897157, 27.89211849256269]}, "properties": {"sample_id": 211.0, "longitude": 85.51624928897157, "latitude": 27.89211849256269}}, {"type": "Feature", "geometry": {"type": "Point", "coordinates": [85.51647316172806, 27.89246323284021]}, "properties": {"sample_id": 212.0, "longitude": 85.51647316172806, "latitude": 27.89246323284021}}, {"type": "Feature", "geometry": {"type": "Point", "coordinates": [85.51720311718918, 27.893389343479747]}, "properties": {"sample_id": 213.0, "longitude": 85.51720311718918, "latitude": 27.893389343479747}}, {"type": "Feature", "geometry": {"type": "Point", "coordinates": [85.52005508121363, 27.8927503005822]}, "properties": {"sample_id": 214.0, "longitude": 85.52005508121363, "latitude": 27.8927503005822}}, {"type": "Feature", "geometry": {"type": "Point", "coordinates": [85.51889251125421, 27.891112587919007]}, "properties": {"sample_id": 215.0, "longitude": 85.51889251125421, "latitude": 27.891112587919007}}, {"type": "Feature", "geometry": {"type": "Point", "coordinates": [85.51868844297223, 27.8914345027648]}, "properties": {"sample_id": 216.0, "longitude": 85.51868844297223, "latitude": 27.8914345027648}}, {"type": "Feature", "geometry": {"type": "Point", "coordinates": [85.51872628313977, 27.891743702943742]}, "properties": {"sample_id": 217.0, "longitude": 85.51872628313977, "latitude": 27.891743702943742}}, {"type": "Feature", "geometry": {"type": "Point", "coordinates": [85.51878533321653, 27.891967553473908]}, "properties": {"sample_id": 218.0, "longitude": 85.51878533321653, "latitude": 27.891967553473908}}, {"type": "Feature", "geometry": {"type": "Point", "coordinates": [85.51663888227112, 27.89131254539897]}, "properties": {"sample_id": 219.0, "longitude": 85.51663888227112, "latitude": 27.89131254539897}}, {"type": "Feature", "geometry": {"type": "Point", "coordinates": [85.51700543549823, 27.89100352096508]}, "properties": {"sample_id": 220.0, "longitude": 85.51700543549823, "latitude": 27.89100352096508}}, {"type": "Feature", "geometry": {"type": "Point", "coordinates": [85.51018617294528, 27.89099914057424]}, "properties": {"sample_id": 221.0, "longitude": 85.51018617294528, "latitude": 27.89099914057424}}, {"type": "Feature", "geometry": {"type": "Point", "coordinates": [85.50910307409681, 27.89252979970187]}, "properties": {"sample_id": 222.0, "longitude": 85.50910307409681, "latitude": 27.89252979970187}}, {"type": "Feature", "geometry": {"type": "Point", "coordinates": [85.50960795785059, 27.8936012638976]}, "properties": {"sample_id": 223.0, "longitude": 85.50960795785059, "latitude": 27.8936012638976}}, {"type": "Feature", "geometry": {"type": "Point", "coordinates": [85.51096512894931, 27.89440009111713]}, "properties": {"sample_id": 224.0, "longitude": 85.51096512894931, "latitude": 27.89440009111713}}, {"type": "Feature", "geometry": {"type": "Point", "coordinates": [85.51154522489664, 27.895807322855187]}, "properties": {"sample_id": 225.0, "longitude": 85.51154522489664, "latitude": 27.895807322855187}}, {"type": "Feature", "geometry": {"type": "Point", "coordinates": [85.49946860673622, 27.89358436374912]}, "properties": {"sample_id": 226.0, "longitude": 85.49946860673622, "latitude": 27.89358436374912}}, {"type": "Feature", "geometry": {"type": "Point", "coordinates": [85.50018394578669, 27.89390609492948]}, "properties": {"sample_id": 227.0, "longitude": 85.50018394578669, "latitude": 27.89390609492948}}, {"type": "Feature", "geometry": {"type": "Point", "coordinates": [85.50106779467288, 27.8929828637065]}, "properties": {"sample_id": 228.0, "longitude": 85.50106779467288, "latitude": 27.8929828637065}}, {"type": "Feature", "geometry": {"type": "Point", "coordinates": [85.50256438539242, 27.893020730216268]}, "properties": {"sample_id": 229.0, "longitude": 85.50256438539242, "latitude": 27.893020730216268}}, {"type": "Feature", "geometry": {"type": "Point", "coordinates": [85.57642720491006, 27.83680086797774]}, "properties": {"sample_id": 230.0, "longitude": 85.57642720491006, "latitude": 27.83680086797774}}, {"type": "Feature", "geometry": {"type": "Point", "coordinates": [85.49317173455192, 27.89499973385234]}, "properties": {"sample_id": 231.0, "longitude": 85.49317173455192, "latitude": 27.89499973385234}}, {"type": "Feature", "geometry": {"type": "Point", "coordinates": [85.57707732820586, 27.83904990932185]}, "properties": {"sample_id": 232.0, "longitude": 85.57707732820586, "latitude": 27.83904990932185}}, {"type": "Feature", "geometry": {"type": "Point", "coordinates": [85.48900282259589, 27.887524428408177]}, "properties": {"sample_id": 233.0, "longitude": 85.48900282259589, "latitude": 27.887524428408177}}, {"type": "Feature", "geometry": {"type": "Point", "coordinates": [85.49632896408595, 27.860698430439463]}, "properties": {"sample_id": 234.0, "longitude": 85.49632896408595, "latitude": 27.860698430439463}}, {"type": "Feature", "geometry": {"type": "Point", "coordinates": [85.49629664344938, 27.859526683615368]}, "properties": {"sample_id": 235.0, "longitude": 85.49629664344938, "latitude": 27.859526683615368}}, {"type": "Feature", "geometry": {"type": "Point", "coordinates": [85.49705766478658, 27.8595437487134]}, "properties": {"sample_id": 236.0, "longitude": 85.49705766478658, "latitude": 27.8595437487134}}, {"type": "Feature", "geometry": {"type": "Point", "coordinates": [85.50492633119929, 27.861645147803763]}, "properties": {"sample_id": 237.0, "longitude": 85.50492633119929, "latitude": 27.861645147803763}}, {"type": "Feature", "geometry": {"type": "Point", "coordinates": [85.50408356513637, 27.86126600726736]}, "properties": {"sample_id": 238.0, "longitude": 85.50408356513637, "latitude": 27.86126600726736}}, {"type": "Feature", "geometry": {"type": "Point", "coordinates": [85.50313539176494, 27.86077694509608]}, "properties": {"sample_id": 239.0, "longitude": 85.50313539176494, "latitude": 27.86077694509608}}, {"type": "Feature", "geometry": {"type": "Point", "coordinates": [85.50364640704828, 27.860934238572604]}, "properties": {"sample_id": 240.0, "longitude": 85.50364640704828, "latitude": 27.860934238572604}}, {"type": "Feature", "geometry": {"type": "Point", "coordinates": [85.56659195687534, 27.841065482044343]}, "properties": {"sample_id": 241.0, "longitude": 85.56659195687534, "latitude": 27.841065482044343}}, {"type": "Feature", "geometry": {"type": "Point", "coordinates": [85.50386358181946, 27.86112688515545]}, "properties": {"sample_id": 242.0, "longitude": 85.50386358181946, "latitude": 27.86112688515545}}, {"type": "Feature", "geometry": {"type": "Point", "coordinates": [85.49123027303793, 27.857918612753405]}, "properties": {"sample_id": 243.0, "longitude": 85.49123027303793, "latitude": 27.857918612753405}}, {"type": "Feature", "geometry": {"type": "Point", "coordinates": [85.48897847964238, 27.857111527491835]}, "properties": {"sample_id": 245.0, "longitude": 85.48897847964238, "latitude": 27.857111527491835}}, {"type": "Feature", "geometry": {"type": "Point", "coordinates": [85.48314029654009, 27.872646111418067]}, "properties": {"sample_id": 246.0, "longitude": 85.48314029654009, "latitude": 27.872646111418067}}, {"type": "Feature", "geometry": {"type": "Point", "coordinates": [85.48551961279519, 27.87152446299307]}, "properties": {"sample_id": 247.0, "longitude": 85.48551961279519, "latitude": 27.87152446299307}}, {"type": "Feature", "geometry": {"type": "Point", "coordinates": [85.48870281248466, 27.87285210188904]}, "properties": {"sample_id": 248.0, "longitude": 85.48870281248466, "latitude": 27.87285210188904}}, {"type": "Feature", "geometry": {"type": "Point", "coordinates": [85.5091346830284, 27.86326020892626]}, "properties": {"sample_id": 249.0, "longitude": 85.5091346830284, "latitude": 27.86326020892626}}, {"type": "Feature", "geometry": {"type": "Point", "coordinates": [85.5392737115638, 27.868994226649804]}, "properties": {"sample_id": 250.0, "longitude": 85.5392737115638, "latitude": 27.868994226649804}}, {"type": "Feature", "geometry": {"type": "Point", "coordinates": [85.53759689513099, 27.86834894493793]}, "properties": {"sample_id": 251.0, "longitude": 85.53759689513099, "latitude": 27.86834894493793}}, {"type": "Feature", "geometry": {"type": "Point", "coordinates": [85.53783852168262, 27.868380627990703]}, "properties": {"sample_id": 252.0, "longitude": 85.53783852168262, "latitude": 27.868380627990703}}, {"type": "Feature", "geometry": {"type": "Point", "coordinates": [85.5201773401451, 27.871470629424973]}, "properties": {"sample_id": 253.0, "longitude": 85.5201773401451, "latitude": 27.871470629424973}}, {"type": "Feature", "geometry": {"type": "Point", "coordinates": [85.5203492812658, 27.87206800305316]}, "properties": {"sample_id": 254.0, "longitude": 85.5203492812658, "latitude": 27.87206800305316}}, {"type": "Feature", "geometry": {"type": "Point", "coordinates": [85.52120417535663, 27.8716898359738]}, "properties": {"sample_id": 255.0, "longitude": 85.52120417535663, "latitude": 27.8716898359738}}, {"type": "Feature", "geometry": {"type": "Point", "coordinates": [85.51959020939633, 27.870359251752628]}, "properties": {"sample_id": 256.0, "longitude": 85.51959020939633, "latitude": 27.870359251752628}}, {"type": "Feature", "geometry": {"type": "Point", "coordinates": [85.51911209718624, 27.86795117966519]}, "properties": {"sample_id": 257.0, "longitude": 85.51911209718624, "latitude": 27.86795117966519}}, {"type": "Feature", "geometry": {"type": "Point", "coordinates": [85.51650612851815, 27.866034761178028]}, "properties": {"sample_id": 258.0, "longitude": 85.51650612851815, "latitude": 27.866034761178028}}, {"type": "Feature", "geometry": {"type": "Point", "coordinates": [85.48924704039989, 27.86322522391244]}, "properties": {"sample_id": 259.0, "longitude": 85.48924704039989, "latitude": 27.86322522391244}}, {"type": "Feature", "geometry": {"type": "Point", "coordinates": [85.47985484419934, 27.871488829388248]}, "properties": {"sample_id": 260.0, "longitude": 85.47985484419934, "latitude": 27.871488829388248}}, {"type": "Feature", "geometry": {"type": "Point", "coordinates": [85.49632767564091, 27.89200467994047]}, "properties": {"sample_id": 261.0, "longitude": 85.49632767564091, "latitude": 27.89200467994047}}, {"type": "Feature", "geometry": {"type": "Point", "coordinates": [85.49599651790346, 27.89266345167248]}, "properties": {"sample_id": 262.0, "longitude": 85.49599651790346, "latitude": 27.89266345167248}}, {"type": "Feature", "geometry": {"type": "Point", "coordinates": [85.48986012147054, 27.89307243214943]}, "properties": {"sample_id": 263.0, "longitude": 85.48986012147054, "latitude": 27.89307243214943}}, {"type": "Feature", "geometry": {"type": "Point", "coordinates": [85.51063503662152, 27.89960116609207]}, "properties": {"sample_id": 264.0, "longitude": 85.51063503662152, "latitude": 27.89960116609207}}, {"type": "Feature", "geometry": {"type": "Point", "coordinates": [85.48653932209903, 27.8867226245812]}, "properties": {"sample_id": 265.0, "longitude": 85.48653932209903, "latitude": 27.8867226245812}}, {"type": "Feature", "geometry": {"type": "Point", "coordinates": [85.488048887164, 27.88739299693835]}, "properties": {"sample_id": 266.0, "longitude": 85.488048887164, "latitude": 27.88739299693835}}, {"type": "Feature", "geometry": {"type": "Point", "coordinates": [85.50552691354443, 27.89950905010708]}, "properties": {"sample_id": 267.0, "longitude": 85.50552691354443, "latitude": 27.89950905010708}}, {"type": "Feature", "geometry": {"type": "Point", "coordinates": [85.56507690818493, 27.807503186216763]}, "properties": {"sample_id": 268.0, "longitude": 85.56507690818493, "latitude": 27.807503186216763}}, {"type": "Feature", "geometry": {"type": "Point", "coordinates": [85.56902900447724, 27.798059343785017]}, "properties": {"sample_id": 269.0, "longitude": 85.56902900447724, "latitude": 27.798059343785017}}, {"type": "Feature", "geometry": {"type": "Point", "coordinates": [85.566714454023, 27.79676185140085]}, "properties": {"sample_id": 270.0, "longitude": 85.566714454023, "latitude": 27.79676185140085}}, {"type": "Feature", "geometry": {"type": "Point", "coordinates": [85.5750791168121, 27.809524007256016]}, "properties": {"sample_id": 271.0, "longitude": 85.5750791168121, "latitude": 27.809524007256016}}, {"type": "Feature", "geometry": {"type": "Point", "coordinates": [85.76260888005757, 28.039483134763373]}, "properties": {"sample_id": 272.0, "longitude": 85.76260888005757, "latitude": 28.039483134763373}}, {"type": "Feature", "geometry": {"type": "Point", "coordinates": [85.57408429110004, 27.806752508115743]}, "properties": {"sample_id": 273.0, "longitude": 85.57408429110004, "latitude": 27.806752508115743}}, {"type": "Feature", "geometry": {"type": "Point", "coordinates": [85.57450201859298, 27.80829278399209]}, "properties": {"sample_id": 274.0, "longitude": 85.57450201859298, "latitude": 27.80829278399209}}, {"type": "Feature", "geometry": {"type": "Point", "coordinates": [85.5449782756327, 27.882096492629284]}, "properties": {"sample_id": 275.0, "longitude": 85.5449782756327, "latitude": 27.882096492629284}}, {"type": "Feature", "geometry": {"type": "Point", "coordinates": [85.51338552031973, 27.81838849728549]}, "properties": {"sample_id": 276.0, "longitude": 85.51338552031973, "latitude": 27.81838849728549}}, {"type": "Feature", "geometry": {"type": "Point", "coordinates": [85.57377286274462, 27.84089247174462]}, "properties": {"sample_id": 277.0, "longitude": 85.57377286274462, "latitude": 27.84089247174462}}, {"type": "Feature", "geometry": {"type": "Point", "coordinates": [85.58083436850276, 27.81899460075365]}, "properties": {"sample_id": 278.0, "longitude": 85.58083436850276, "latitude": 27.81899460075365}}, {"type": "Feature", "geometry": {"type": "Point", "coordinates": [85.58107576534546, 27.819355801163404]}, "properties": {"sample_id": 279.0, "longitude": 85.58107576534546, "latitude": 27.819355801163404}}, {"type": "Feature", "geometry": {"type": "Point", "coordinates": [85.58156372702325, 27.81947566291522]}, "properties": {"sample_id": 280.0, "longitude": 85.58156372702325, "latitude": 27.81947566291522}}, {"type": "Feature", "geometry": {"type": "Point", "coordinates": [85.56316738682418, 27.81402927562734]}, "properties": {"sample_id": 281.0, "longitude": 85.56316738682418, "latitude": 27.81402927562734}}, {"type": "Feature", "geometry": {"type": "Point", "coordinates": [85.6202482781522, 27.7775944322304]}, "properties": {"sample_id": 283.0, "longitude": 85.6202482781522, "latitude": 27.7775944322304}}, {"type": "Feature", "geometry": {"type": "Point", "coordinates": [85.61990074893444, 27.77727220944195]}, "properties": {"sample_id": 284.0, "longitude": 85.61990074893444, "latitude": 27.77727220944195}}, {"type": "Feature", "geometry": {"type": "Point", "coordinates": [85.55607503121853, 27.85446759516138]}, "properties": {"sample_id": 286.0, "longitude": 85.55607503121853, "latitude": 27.85446759516138}}, {"type": "Feature", "geometry": {"type": "Point", "coordinates": [85.59121961068924, 27.86527553785209]}, "properties": {"sample_id": 287.0, "longitude": 85.59121961068924, "latitude": 27.86527553785209}}, {"type": "Feature", "geometry": {"type": "Point", "coordinates": [85.58540593747404, 27.850627929091065]}, "properties": {"sample_id": 288.0, "longitude": 85.58540593747404, "latitude": 27.850627929091065}}, {"type": "Feature", "geometry": {"type": "Point", "coordinates": [85.58578498642115, 27.85076135449476]}, "properties": {"sample_id": 289.0, "longitude": 85.58578498642115, "latitude": 27.85076135449476}}, {"type": "Feature", "geometry": {"type": "Point", "coordinates": [85.57888302911299, 27.84283797686201]}, "properties": {"sample_id": 290.0, "longitude": 85.57888302911299, "latitude": 27.84283797686201}}, {"type": "Feature", "geometry": {"type": "Point", "coordinates": [85.57912011228038, 27.843111337365524]}, "properties": {"sample_id": 291.0, "longitude": 85.57912011228038, "latitude": 27.843111337365524}}, {"type": "Feature", "geometry": {"type": "Point", "coordinates": [85.58356169942304, 27.860123752189622]}, "properties": {"sample_id": 292.0, "longitude": 85.58356169942304, "latitude": 27.860123752189622}}, {"type": "Feature", "geometry": {"type": "Point", "coordinates": [85.57967204939467, 27.847012844838066]}, "properties": {"sample_id": 293.0, "longitude": 85.57967204939467, "latitude": 27.847012844838066}}, {"type": "Feature", "geometry": {"type": "Point", "coordinates": [85.57531646397207, 27.86961076628737]}, "properties": {"sample_id": 294.0, "longitude": 85.57531646397207, "latitude": 27.86961076628737}}, {"type": "Feature", "geometry": {"type": "Point", "coordinates": [85.58078780916063, 27.850878251940287]}, "properties": {"sample_id": 295.0, "longitude": 85.58078780916063, "latitude": 27.850878251940287}}, {"type": "Feature", "geometry": {"type": "Point", "coordinates": [85.59004084064186, 27.844749863305104]}, "properties": {"sample_id": 296.0, "longitude": 85.59004084064186, "latitude": 27.844749863305104}}, {"type": "Feature", "geometry": {"type": "Point", "coordinates": [85.59620653571922, 27.827288109769466]}, "properties": {"sample_id": 297.0, "longitude": 85.59620653571922, "latitude": 27.827288109769466}}, {"type": "Feature", "geometry": {"type": "Point", "coordinates": [85.63905880727872, 27.80980206196188]}, "properties": {"sample_id": 298.0, "longitude": 85.63905880727872, "latitude": 27.80980206196188}}, {"type": "Feature", "geometry": {"type": "Point", "coordinates": [85.62221046636637, 27.803763472810523]}, "properties": {"sample_id": 300.0, "longitude": 85.62221046636637, "latitude": 27.803763472810523}}, {"type": "Feature", "geometry": {"type": "Point", "coordinates": [85.62250173447542, 27.80399206096795]}, "properties": {"sample_id": 301.0, "longitude": 85.62250173447542, "latitude": 27.80399206096795}}, {"type": "Feature", "geometry": {"type": "Point", "coordinates": [85.9827686099943, 27.75681666380319]}, "properties": {"sample_id": 302.0, "longitude": 85.9827686099943, "latitude": 27.75681666380319}}, {"type": "Feature", "geometry": {"type": "Point", "coordinates": [85.60886378262535, 27.824604441416497]}, "properties": {"sample_id": 303.0, "longitude": 85.60886378262535, "latitude": 27.824604441416497}}, {"type": "Feature", "geometry": {"type": "Point", "coordinates": [85.66663938325338, 27.783266998702093]}, "properties": {"sample_id": 304.0, "longitude": 85.66663938325338, "latitude": 27.783266998702093}}, {"type": "Feature", "geometry": {"type": "Point", "coordinates": [85.65048572461482, 27.794388592627683]}, "properties": {"sample_id": 305.0, "longitude": 85.65048572461482, "latitude": 27.794388592627683}}, {"type": "Feature", "geometry": {"type": "Point", "coordinates": [85.66419874279768, 27.780063520110183]}, "properties": {"sample_id": 306.0, "longitude": 85.66419874279768, "latitude": 27.780063520110183}}, {"type": "Feature", "geometry": {"type": "Point", "coordinates": [85.66899819606184, 27.78903811064572]}, "properties": {"sample_id": 307.0, "longitude": 85.66899819606184, "latitude": 27.78903811064572}}, {"type": "Feature", "geometry": {"type": "Point", "coordinates": [85.66258449829442, 27.7988169901516]}, "properties": {"sample_id": 308.0, "longitude": 85.66258449829442, "latitude": 27.7988169901516}}, {"type": "Feature", "geometry": {"type": "Point", "coordinates": [85.66281938474955, 27.797208210398427]}, "properties": {"sample_id": 309.0, "longitude": 85.66281938474955, "latitude": 27.797208210398427}}, {"type": "Feature", "geometry": {"type": "Point", "coordinates": [85.6630296689784, 27.797497782664426]}, "properties": {"sample_id": 310.0, "longitude": 85.6630296689784, "latitude": 27.797497782664426}}, {"type": "Feature", "geometry": {"type": "Point", "coordinates": [85.66148029076916, 27.79491868379045]}, "properties": {"sample_id": 311.0, "longitude": 85.66148029076916, "latitude": 27.79491868379045}}, {"type": "Feature", "geometry": {"type": "Point", "coordinates": [85.6619860852901, 27.79501122344002]}, "properties": {"sample_id": 312.0, "longitude": 85.6619860852901, "latitude": 27.79501122344002}}, {"type": "Feature", "geometry": {"type": "Point", "coordinates": [85.67430659504268, 27.86037036921216]}, "properties": {"sample_id": 313.0, "longitude": 85.67430659504268, "latitude": 27.86037036921216}}, {"type": "Feature", "geometry": {"type": "Point", "coordinates": [85.67308682860227, 27.85604391358376]}, "properties": {"sample_id": 314.0, "longitude": 85.67308682860227, "latitude": 27.85604391358376}}, {"type": "Feature", "geometry": {"type": "Point", "coordinates": [85.67233326220116, 27.85708051104268]}, "properties": {"sample_id": 315.0, "longitude": 85.67233326220116, "latitude": 27.85708051104268}}, {"type": "Feature", "geometry": {"type": "Point", "coordinates": [85.6735129023104, 27.856963161641627]}, "properties": {"sample_id": 316.0, "longitude": 85.6735129023104, "latitude": 27.856963161641627}}, {"type": "Feature", "geometry": {"type": "Point", "coordinates": [85.67365557210435, 27.850718292968]}, "properties": {"sample_id": 317.0, "longitude": 85.67365557210435, "latitude": 27.850718292968}}, {"type": "Feature", "geometry": {"type": "Point", "coordinates": [85.67156317304766, 27.842937030353863]}, "properties": {"sample_id": 318.0, "longitude": 85.67156317304766, "latitude": 27.842937030353863}}, {"type": "Feature", "geometry": {"type": "Point", "coordinates": [85.66757702464679, 27.8382174974838]}, "properties": {"sample_id": 319.0, "longitude": 85.66757702464679, "latitude": 27.8382174974838}}, {"type": "Feature", "geometry": {"type": "Point", "coordinates": [85.67581239150985, 27.8359203132508]}, "properties": {"sample_id": 320.0, "longitude": 85.67581239150985, "latitude": 27.8359203132508}}, {"type": "Feature", "geometry": {"type": "Point", "coordinates": [85.66904933382294, 27.83063417015484]}, "properties": {"sample_id": 321.0, "longitude": 85.66904933382294, "latitude": 27.83063417015484}}, {"type": "Feature", "geometry": {"type": "Point", "coordinates": [85.66880930763996, 27.829939986057862]}, "properties": {"sample_id": 322.0, "longitude": 85.66880930763996, "latitude": 27.829939986057862}}, {"type": "Feature", "geometry": {"type": "Point", "coordinates": [85.66794677634589, 27.82921700835482]}, "properties": {"sample_id": 323.0, "longitude": 85.66794677634589, "latitude": 27.82921700835482}}, {"type": "Feature", "geometry": {"type": "Point", "coordinates": [85.6683060844479, 27.82945156378386]}, "properties": {"sample_id": 324.0, "longitude": 85.6683060844479, "latitude": 27.82945156378386}}, {"type": "Feature", "geometry": {"type": "Point", "coordinates": [85.66840192179494, 27.827978641648063]}, "properties": {"sample_id": 325.0, "longitude": 85.66840192179494, "latitude": 27.827978641648063}}, {"type": "Feature", "geometry": {"type": "Point", "coordinates": [85.66678619809242, 27.82787837297025]}, "properties": {"sample_id": 327.0, "longitude": 85.66678619809242, "latitude": 27.82787837297025}}, {"type": "Feature", "geometry": {"type": "Point", "coordinates": [85.66731886740764, 27.82815905659112]}, "properties": {"sample_id": 328.0, "longitude": 85.66731886740764, "latitude": 27.82815905659112}}, {"type": "Feature", "geometry": {"type": "Point", "coordinates": [85.65797765712668, 27.812350397765105]}, "properties": {"sample_id": 329.0, "longitude": 85.65797765712668, "latitude": 27.812350397765105}}, {"type": "Feature", "geometry": {"type": "Point", "coordinates": [85.641150365102, 27.825901577396213]}, "properties": {"sample_id": 330.0, "longitude": 85.641150365102, "latitude": 27.825901577396213}}, {"type": "Feature", "geometry": {"type": "Point", "coordinates": [85.65052967403842, 27.868473677251856]}, "properties": {"sample_id": 331.0, "longitude": 85.65052967403842, "latitude": 27.868473677251856}}, {"type": "Feature", "geometry": {"type": "Point", "coordinates": [85.66226952384446, 27.85102444841242]}, "properties": {"sample_id": 332.0, "longitude": 85.66226952384446, "latitude": 27.85102444841242}}, {"type": "Feature", "geometry": {"type": "Point", "coordinates": [85.64877549639321, 27.86001091674804]}, "properties": {"sample_id": 333.0, "longitude": 85.64877549639321, "latitude": 27.86001091674804}}, {"type": "Feature", "geometry": {"type": "Point", "coordinates": [85.64970450320881, 27.861218839765417]}, "properties": {"sample_id": 334.0, "longitude": 85.64970450320881, "latitude": 27.861218839765417}}, {"type": "Feature", "geometry": {"type": "Point", "coordinates": [85.65094649640639, 27.862185778907776]}, "properties": {"sample_id": 335.0, "longitude": 85.65094649640639, "latitude": 27.862185778907776}}, {"type": "Feature", "geometry": {"type": "Point", "coordinates": [85.6510031743257, 27.86456233638458]}, "properties": {"sample_id": 336.0, "longitude": 85.6510031743257, "latitude": 27.86456233638458}}, {"type": "Feature", "geometry": {"type": "Point", "coordinates": [85.6506238688695, 27.866719326703585]}, "properties": {"sample_id": 337.0, "longitude": 85.6506238688695, "latitude": 27.866719326703585}}, {"type": "Feature", "geometry": {"type": "Point", "coordinates": [85.65050722536061, 27.86728629205243]}, "properties": {"sample_id": 338.0, "longitude": 85.65050722536061, "latitude": 27.86728629205243}}, {"type": "Feature", "geometry": {"type": "Point", "coordinates": [85.64987643424686, 27.86858084029169]}, "properties": {"sample_id": 339.0, "longitude": 85.64987643424686, "latitude": 27.86858084029169}}, {"type": "Feature", "geometry": {"type": "Point", "coordinates": [85.65011464580294, 27.869400869931862]}, "properties": {"sample_id": 340.0, "longitude": 85.65011464580294, "latitude": 27.869400869931862}}, {"type": "Feature", "geometry": {"type": "Point", "coordinates": [85.64961248470661, 27.87128651467477]}, "properties": {"sample_id": 341.0, "longitude": 85.64961248470661, "latitude": 27.87128651467477}}, {"type": "Feature", "geometry": {"type": "Point", "coordinates": [85.64992980642258, 27.8719080616953]}, "properties": {"sample_id": 342.0, "longitude": 85.64992980642258, "latitude": 27.8719080616953}}, {"type": "Feature", "geometry": {"type": "Point", "coordinates": [85.64951618618935, 27.869739074390484]}, "properties": {"sample_id": 343.0, "longitude": 85.64951618618935, "latitude": 27.869739074390484}}, {"type": "Feature", "geometry": {"type": "Point", "coordinates": [85.64789670574615, 27.872299365450893]}, "properties": {"sample_id": 344.0, "longitude": 85.64789670574615, "latitude": 27.872299365450893}}, {"type": "Feature", "geometry": {"type": "Point", "coordinates": [85.65920563558142, 27.861143898585954]}, "properties": {"sample_id": 345.0, "longitude": 85.65920563558142, "latitude": 27.861143898585954}}, {"type": "Feature", "geometry": {"type": "Point", "coordinates": [85.65547497962804, 27.865912147265107]}, "properties": {"sample_id": 346.0, "longitude": 85.65547497962804, "latitude": 27.865912147265107}}, {"type": "Feature", "geometry": {"type": "Point", "coordinates": [85.65686237563966, 27.86511918282058]}, "properties": {"sample_id": 347.0, "longitude": 85.65686237563966, "latitude": 27.86511918282058}}, {"type": "Feature", "geometry": {"type": "Point", "coordinates": [85.65361924663343, 27.86839880852052]}, "properties": {"sample_id": 348.0, "longitude": 85.65361924663343, "latitude": 27.86839880852052}}, {"type": "Feature", "geometry": {"type": "Point", "coordinates": [85.65171832602509, 27.86785491378006]}, "properties": {"sample_id": 349.0, "longitude": 85.65171832602509, "latitude": 27.86785491378006}}, {"type": "Feature", "geometry": {"type": "Point", "coordinates": [85.65281198082334, 27.87180974107439]}, "properties": {"sample_id": 350.0, "longitude": 85.65281198082334, "latitude": 27.87180974107439}}, {"type": "Feature", "geometry": {"type": "Point", "coordinates": [85.6522129870482, 27.87369799561841]}, "properties": {"sample_id": 351.0, "longitude": 85.6522129870482, "latitude": 27.87369799561841}}, {"type": "Feature", "geometry": {"type": "Point", "coordinates": [85.65208067362511, 27.874153741145143]}, "properties": {"sample_id": 352.0, "longitude": 85.65208067362511, "latitude": 27.874153741145143}}, {"type": "Feature", "geometry": {"type": "Point", "coordinates": [85.65365225891372, 27.87354699179528]}, "properties": {"sample_id": 353.0, "longitude": 85.65365225891372, "latitude": 27.87354699179528}}, {"type": "Feature", "geometry": {"type": "Point", "coordinates": [85.65449600260146, 27.87341175600508]}, "properties": {"sample_id": 354.0, "longitude": 85.65449600260146, "latitude": 27.87341175600508}}, {"type": "Feature", "geometry": {"type": "Point", "coordinates": [85.65737025643459, 27.87403907866226]}, "properties": {"sample_id": 355.0, "longitude": 85.65737025643459, "latitude": 27.87403907866226}}, {"type": "Feature", "geometry": {"type": "Point", "coordinates": [85.65788523801139, 27.87292416877629]}, "properties": {"sample_id": 356.0, "longitude": 85.65788523801139, "latitude": 27.87292416877629}}, {"type": "Feature", "geometry": {"type": "Point", "coordinates": [85.63283156347947, 27.877828049150374]}, "properties": {"sample_id": 357.0, "longitude": 85.63283156347947, "latitude": 27.877828049150374}}, {"type": "Feature", "geometry": {"type": "Point", "coordinates": [85.63162941843433, 27.877641122246768]}, "properties": {"sample_id": 358.0, "longitude": 85.63162941843433, "latitude": 27.877641122246768}}, {"type": "Feature", "geometry": {"type": "Point", "coordinates": [85.6295696268722, 27.881309465754487]}, "properties": {"sample_id": 359.0, "longitude": 85.6295696268722, "latitude": 27.881309465754487}}, {"type": "Feature", "geometry": {"type": "Point", "coordinates": [85.64148777236875, 27.87948350334012]}, "properties": {"sample_id": 360.0, "longitude": 85.64148777236875, "latitude": 27.87948350334012}}, {"type": "Feature", "geometry": {"type": "Point", "coordinates": [85.65830814180093, 27.875859358624005]}, "properties": {"sample_id": 361.0, "longitude": 85.65830814180093, "latitude": 27.875859358624005}}, {"type": "Feature", "geometry": {"type": "Point", "coordinates": [85.61977013601754, 27.8871326627151]}, "properties": {"sample_id": 362.0, "longitude": 85.61977013601754, "latitude": 27.8871326627151}}, {"type": "Feature", "geometry": {"type": "Point", "coordinates": [85.62010442688553, 27.88686297889833]}, "properties": {"sample_id": 363.0, "longitude": 85.62010442688553, "latitude": 27.88686297889833}}, {"type": "Feature", "geometry": {"type": "Point", "coordinates": [85.6586863125089, 27.893969130553213]}, "properties": {"sample_id": 364.0, "longitude": 85.6586863125089, "latitude": 27.893969130553213}}, {"type": "Feature", "geometry": {"type": "Point", "coordinates": [85.6585397783051, 27.89358234755473]}, "properties": {"sample_id": 365.0, "longitude": 85.6585397783051, "latitude": 27.89358234755473}}, {"type": "Feature", "geometry": {"type": "Point", "coordinates": [85.66231364379692, 27.891025933190043]}, "properties": {"sample_id": 366.0, "longitude": 85.66231364379692, "latitude": 27.891025933190043}}, {"type": "Feature", "geometry": {"type": "Point", "coordinates": [85.6802473536585, 27.858533152064]}, "properties": {"sample_id": 367.0, "longitude": 85.6802473536585, "latitude": 27.858533152064}}, {"type": "Feature", "geometry": {"type": "Point", "coordinates": [85.65389777409226, 27.837173771048167]}, "properties": {"sample_id": 368.0, "longitude": 85.65389777409226, "latitude": 27.837173771048167}}, {"type": "Feature", "geometry": {"type": "Point", "coordinates": [85.51072648469409, 27.93077926273894]}, "properties": {"sample_id": 369.0, "longitude": 85.51072648469409, "latitude": 27.93077926273894}}, {"type": "Feature", "geometry": {"type": "Point", "coordinates": [85.52753694049682, 27.938110729870623]}, "properties": {"sample_id": 370.0, "longitude": 85.52753694049682, "latitude": 27.938110729870623}}, {"type": "Feature", "geometry": {"type": "Point", "coordinates": [85.52832115914008, 27.93780107567277]}, "properties": {"sample_id": 371.0, "longitude": 85.52832115914008, "latitude": 27.93780107567277}}, {"type": "Feature", "geometry": {"type": "Point", "coordinates": [85.52402514622008, 27.92986520480491]}, "properties": {"sample_id": 372.0, "longitude": 85.52402514622008, "latitude": 27.92986520480491}}, {"type": "Feature", "geometry": {"type": "Point", "coordinates": [85.52076173484771, 27.949119514944]}, "properties": {"sample_id": 373.0, "longitude": 85.52076173484771, "latitude": 27.949119514944}}, {"type": "Feature", "geometry": {"type": "Point", "coordinates": [85.5297284777302, 27.938179067247376]}, "properties": {"sample_id": 374.0, "longitude": 85.5297284777302, "latitude": 27.938179067247376}}, {"type": "Feature", "geometry": {"type": "Point", "coordinates": [85.58694504736818, 27.94874496515648]}, "properties": {"sample_id": 375.0, "longitude": 85.58694504736818, "latitude": 27.94874496515648}}, {"type": "Feature", "geometry": {"type": "Point", "coordinates": [85.56442962889017, 27.94152584968408]}, "properties": {"sample_id": 376.0, "longitude": 85.56442962889017, "latitude": 27.94152584968408}}, {"type": "Feature", "geometry": {"type": "Point", "coordinates": [85.68599435088255, 27.84056018215157]}, "properties": {"sample_id": 378.0, "longitude": 85.68599435088255, "latitude": 27.84056018215157}}, {"type": "Feature", "geometry": {"type": "Point", "coordinates": [85.69495872281223, 27.825023799599656]}, "properties": {"sample_id": 379.0, "longitude": 85.69495872281223, "latitude": 27.825023799599656}}, {"type": "Feature", "geometry": {"type": "Point", "coordinates": [85.69212446661322, 27.82524868515677]}, "properties": {"sample_id": 380.0, "longitude": 85.69212446661322, "latitude": 27.82524868515677}}, {"type": "Feature", "geometry": {"type": "Point", "coordinates": [85.68814438863224, 27.85671603871751]}, "properties": {"sample_id": 381.0, "longitude": 85.68814438863224, "latitude": 27.85671603871751}}, {"type": "Feature", "geometry": {"type": "Point", "coordinates": [85.69214128245093, 27.85464382594198]}, "properties": {"sample_id": 382.0, "longitude": 85.69214128245093, "latitude": 27.85464382594198}}, {"type": "Feature", "geometry": {"type": "Point", "coordinates": [85.68873765387595, 27.83103175014068]}, "properties": {"sample_id": 383.0, "longitude": 85.68873765387595, "latitude": 27.83103175014068}}, {"type": "Feature", "geometry": {"type": "Point", "coordinates": [85.68045000022249, 27.810787806831]}, "properties": {"sample_id": 384.0, "longitude": 85.68045000022249, "latitude": 27.810787806831}}, {"type": "Feature", "geometry": {"type": "Point", "coordinates": [85.68342920744921, 27.80665046769533]}, "properties": {"sample_id": 385.0, "longitude": 85.68342920744921, "latitude": 27.80665046769533}}, {"type": "Feature", "geometry": {"type": "Point", "coordinates": [85.71949327811006, 27.83032783399567]}, "properties": {"sample_id": 386.0, "longitude": 85.71949327811006, "latitude": 27.83032783399567}}, {"type": "Feature", "geometry": {"type": "Point", "coordinates": [85.68499458715003, 27.801052894822902]}, "properties": {"sample_id": 387.0, "longitude": 85.68499458715003, "latitude": 27.801052894822902}}, {"type": "Feature", "geometry": {"type": "Point", "coordinates": [85.68562026276564, 27.80769938697481]}, "properties": {"sample_id": 388.0, "longitude": 85.68562026276564, "latitude": 27.80769938697481}}, {"type": "Feature", "geometry": {"type": "Point", "coordinates": [85.68679087294612, 27.80736506095112]}, "properties": {"sample_id": 390.0, "longitude": 85.68679087294612, "latitude": 27.80736506095112}}, {"type": "Feature", "geometry": {"type": "Point", "coordinates": [85.69998747692769, 27.830120046922417]}, "properties": {"sample_id": 391.0, "longitude": 85.69998747692769, "latitude": 27.830120046922417}}, {"type": "Feature", "geometry": {"type": "Point", "coordinates": [85.73813938856053, 27.851840932501524]}, "properties": {"sample_id": 395.0, "longitude": 85.73813938856053, "latitude": 27.851840932501524}}, {"type": "Feature", "geometry": {"type": "Point", "coordinates": [85.73630758408413, 27.850436485593228]}, "properties": {"sample_id": 396.0, "longitude": 85.73630758408413, "latitude": 27.850436485593228}}, {"type": "Feature", "geometry": {"type": "Point", "coordinates": [85.73567771266164, 27.85044509671836]}, "properties": {"sample_id": 397.0, "longitude": 85.73567771266164, "latitude": 27.85044509671836}}, {"type": "Feature", "geometry": {"type": "Point", "coordinates": [85.71865069105363, 27.852918390440827]}, "properties": {"sample_id": 398.0, "longitude": 85.71865069105363, "latitude": 27.852918390440827}}, {"type": "Feature", "geometry": {"type": "Point", "coordinates": [85.72353516347877, 27.86375545811913]}, "properties": {"sample_id": 400.0, "longitude": 85.72353516347877, "latitude": 27.86375545811913}}, {"type": "Feature", "geometry": {"type": "Point", "coordinates": [85.68133138822967, 27.935756828163225]}, "properties": {"sample_id": 404.0, "longitude": 85.68133138822967, "latitude": 27.935756828163225}}, {"type": "Feature", "geometry": {"type": "Point", "coordinates": [85.6465021575352, 27.931655806120148]}, "properties": {"sample_id": 409.0, "longitude": 85.6465021575352, "latitude": 27.931655806120148}}, {"type": "Feature", "geometry": {"type": "Point", "coordinates": [85.63629356863878, 27.897207599698053]}, "properties": {"sample_id": 410.0, "longitude": 85.63629356863878, "latitude": 27.897207599698053}}, {"type": "Feature", "geometry": {"type": "Point", "coordinates": [85.63604642699306, 27.897020626966427]}, "properties": {"sample_id": 411.0, "longitude": 85.63604642699306, "latitude": 27.897020626966427}}, {"type": "Feature", "geometry": {"type": "Point", "coordinates": [85.64688402743053, 27.895240188045136]}, "properties": {"sample_id": 412.0, "longitude": 85.64688402743053, "latitude": 27.895240188045136}}, {"type": "Feature", "geometry": {"type": "Point", "coordinates": [85.64650218823738, 27.894292553847432]}, "properties": {"sample_id": 413.0, "longitude": 85.64650218823738, "latitude": 27.894292553847432}}, {"type": "Feature", "geometry": {"type": "Point", "coordinates": [85.64634398475333, 27.911620879572595]}, "properties": {"sample_id": 414.0, "longitude": 85.64634398475333, "latitude": 27.911620879572595}}, {"type": "Feature", "geometry": {"type": "Point", "coordinates": [85.6459935473764, 27.91243220963961]}, "properties": {"sample_id": 415.0, "longitude": 85.6459935473764, "latitude": 27.91243220963961}}, {"type": "Feature", "geometry": {"type": "Point", "coordinates": [85.64697983684106, 27.91260531194937]}, "properties": {"sample_id": 416.0, "longitude": 85.64697983684106, "latitude": 27.91260531194937}}, {"type": "Feature", "geometry": {"type": "Point", "coordinates": [85.64769296120048, 27.91252741352584]}, "properties": {"sample_id": 417.0, "longitude": 85.64769296120048, "latitude": 27.91252741352584}}, {"type": "Feature", "geometry": {"type": "Point", "coordinates": [85.64893048457074, 27.911293474422177]}, "properties": {"sample_id": 418.0, "longitude": 85.64893048457074, "latitude": 27.911293474422177}}, {"type": "Feature", "geometry": {"type": "Point", "coordinates": [85.63360744080917, 27.9086778309538]}, "properties": {"sample_id": 419.0, "longitude": 85.63360744080917, "latitude": 27.9086778309538}}, {"type": "Feature", "geometry": {"type": "Point", "coordinates": [85.63321961105578, 27.90886369062775]}, "properties": {"sample_id": 420.0, "longitude": 85.63321961105578, "latitude": 27.90886369062775}}, {"type": "Feature", "geometry": {"type": "Point", "coordinates": [85.6480463008228, 27.917761108554227]}, "properties": {"sample_id": 421.0, "longitude": 85.6480463008228, "latitude": 27.917761108554227}}, {"type": "Feature", "geometry": {"type": "Point", "coordinates": [85.64892183403127, 27.916504111001927]}, "properties": {"sample_id": 422.0, "longitude": 85.64892183403127, "latitude": 27.916504111001927}}, {"type": "Feature", "geometry": {"type": "Point", "coordinates": [85.68912867134298, 27.94851058887024]}, "properties": {"sample_id": 424.0, "longitude": 85.68912867134298, "latitude": 27.94851058887024}}, {"type": "Feature", "geometry": {"type": "Point", "coordinates": [85.68443331312382, 27.94653174170397]}, "properties": {"sample_id": 425.0, "longitude": 85.68443331312382, "latitude": 27.94653174170397}}, {"type": "Feature", "geometry": {"type": "Point", "coordinates": [85.68461707698953, 27.948436365861618]}, "properties": {"sample_id": 427.0, "longitude": 85.68461707698953, "latitude": 27.948436365861618}}, {"type": "Feature", "geometry": {"type": "Point", "coordinates": [85.68326928597494, 27.944643624476324]}, "properties": {"sample_id": 428.0, "longitude": 85.68326928597494, "latitude": 27.944643624476324}}, {"type": "Feature", "geometry": {"type": "Point", "coordinates": [85.68009690184145, 27.946163282283447]}, "properties": {"sample_id": 429.0, "longitude": 85.68009690184145, "latitude": 27.946163282283447}}, {"type": "Feature", "geometry": {"type": "Point", "coordinates": [85.73064480418076, 27.9175832700714]}, "properties": {"sample_id": 430.0, "longitude": 85.73064480418076, "latitude": 27.9175832700714}}, {"type": "Feature", "geometry": {"type": "Point", "coordinates": [85.77350814041114, 27.953178983869904]}, "properties": {"sample_id": 432.0, "longitude": 85.77350814041114, "latitude": 27.953178983869904}}, {"type": "Feature", "geometry": {"type": "Point", "coordinates": [85.7743002085615, 27.99692002556288]}, "properties": {"sample_id": 433.0, "longitude": 85.7743002085615, "latitude": 27.99692002556288}}, {"type": "Feature", "geometry": {"type": "Point", "coordinates": [85.95856334729551, 27.753626228146928]}, "properties": {"sample_id": 434.0, "longitude": 85.95856334729551, "latitude": 27.753626228146928}}, {"type": "Feature", "geometry": {"type": "Point", "coordinates": [85.89582712037117, 27.810256755680808]}, "properties": {"sample_id": 435.0, "longitude": 85.89582712037117, "latitude": 27.810256755680808}}, {"type": "Feature", "geometry": {"type": "Point", "coordinates": [85.88797436713605, 27.82491412241902]}, "properties": {"sample_id": 436.0, "longitude": 85.88797436713605, "latitude": 27.82491412241902}}, {"type": "Feature", "geometry": {"type": "Point", "coordinates": [85.88903474084036, 27.824934140955914]}, "properties": {"sample_id": 437.0, "longitude": 85.88903474084036, "latitude": 27.824934140955914}}, {"type": "Feature", "geometry": {"type": "Point", "coordinates": [85.8832287583466, 27.829335506347967]}, "properties": {"sample_id": 438.0, "longitude": 85.8832287583466, "latitude": 27.829335506347967}}, {"type": "Feature", "geometry": {"type": "Point", "coordinates": [85.90338964943668, 27.83921076712796]}, "properties": {"sample_id": 439.0, "longitude": 85.90338964943668, "latitude": 27.83921076712796}}, {"type": "Feature", "geometry": {"type": "Point", "coordinates": [85.57017066636662, 27.968613986350125]}, "properties": {"sample_id": 441.0, "longitude": 85.57017066636662, "latitude": 27.968613986350125}}, {"type": "Feature", "geometry": {"type": "Point", "coordinates": [85.57360752173166, 27.965712067494103]}, "properties": {"sample_id": 442.0, "longitude": 85.57360752173166, "latitude": 27.965712067494103}}, {"type": "Feature", "geometry": {"type": "Point", "coordinates": [85.57585505455516, 27.965254752584503]}, "properties": {"sample_id": 443.0, "longitude": 85.57585505455516, "latitude": 27.965254752584503}}, {"type": "Feature", "geometry": {"type": "Point", "coordinates": [85.58189297284117, 27.97268752335925]}, "properties": {"sample_id": 444.0, "longitude": 85.58189297284117, "latitude": 27.97268752335925}}, {"type": "Feature", "geometry": {"type": "Point", "coordinates": [85.5831657663845, 27.97044580461636]}, "properties": {"sample_id": 445.0, "longitude": 85.5831657663845, "latitude": 27.97044580461636}}, {"type": "Feature", "geometry": {"type": "Point", "coordinates": [85.58212025399261, 27.96765701306851]}, "properties": {"sample_id": 446.0, "longitude": 85.58212025399261, "latitude": 27.96765701306851}}, {"type": "Feature", "geometry": {"type": "Point", "coordinates": [85.58417456711275, 27.967307215075525]}, "properties": {"sample_id": 447.0, "longitude": 85.58417456711275, "latitude": 27.967307215075525}}, {"type": "Feature", "geometry": {"type": "Point", "coordinates": [85.58585138741711, 27.96546164437561]}, "properties": {"sample_id": 448.0, "longitude": 85.58585138741711, "latitude": 27.96546164437561}}, {"type": "Feature", "geometry": {"type": "Point", "coordinates": [85.55374877814793, 27.940528433608367]}, "properties": {"sample_id": 449.0, "longitude": 85.55374877814793, "latitude": 27.940528433608367}}, {"type": "Feature", "geometry": {"type": "Point", "coordinates": [85.55933117714324, 27.939130987044845]}, "properties": {"sample_id": 450.0, "longitude": 85.55933117714324, "latitude": 27.939130987044845}}, {"type": "Feature", "geometry": {"type": "Point", "coordinates": [85.5578247552398, 27.939888723412395]}, "properties": {"sample_id": 451.0, "longitude": 85.5578247552398, "latitude": 27.939888723412395}}, {"type": "Feature", "geometry": {"type": "Point", "coordinates": [85.55818288987246, 27.939920310015]}, "properties": {"sample_id": 452.0, "longitude": 85.55818288987246, "latitude": 27.939920310015}}, {"type": "Feature", "geometry": {"type": "Point", "coordinates": [85.55714517970074, 27.939964709890827]}, "properties": {"sample_id": 453.0, "longitude": 85.55714517970074, "latitude": 27.939964709890827}}, {"type": "Feature", "geometry": {"type": "Point", "coordinates": [85.55172669971057, 27.941011882485284]}, "properties": {"sample_id": 454.0, "longitude": 85.55172669971057, "latitude": 27.941011882485284}}, {"type": "Feature", "geometry": {"type": "Point", "coordinates": [85.50455716488398, 27.995584839872645]}, "properties": {"sample_id": 455.0, "longitude": 85.50455716488398, "latitude": 27.995584839872645}}, {"type": "Feature", "geometry": {"type": "Point", "coordinates": [85.50431304385681, 27.99339430496761]}, "properties": {"sample_id": 456.0, "longitude": 85.50431304385681, "latitude": 27.99339430496761}}, {"type": "Feature", "geometry": {"type": "Point", "coordinates": [85.50587543959018, 27.98950771433623]}, "properties": {"sample_id": 457.0, "longitude": 85.50587543959018, "latitude": 27.98950771433623}}, {"type": "Feature", "geometry": {"type": "Point", "coordinates": [85.50723531453913, 27.98898665253984]}, "properties": {"sample_id": 458.0, "longitude": 85.50723531453913, "latitude": 27.98898665253984}}, {"type": "Feature", "geometry": {"type": "Point", "coordinates": [85.51551012822465, 27.99716565779933]}, "properties": {"sample_id": 459.0, "longitude": 85.51551012822465, "latitude": 27.99716565779933}}, {"type": "Feature", "geometry": {"type": "Point", "coordinates": [85.51672870691831, 27.99733894800725]}, "properties": {"sample_id": 460.0, "longitude": 85.51672870691831, "latitude": 27.99733894800725}}, {"type": "Feature", "geometry": {"type": "Point", "coordinates": [85.51748166656621, 27.997382928598785]}, "properties": {"sample_id": 461.0, "longitude": 85.51748166656621, "latitude": 27.997382928598785}}, {"type": "Feature", "geometry": {"type": "Point", "coordinates": [85.5183341838261, 27.997476005043595]}, "properties": {"sample_id": 462.0, "longitude": 85.5183341838261, "latitude": 27.997476005043595}}, {"type": "Feature", "geometry": {"type": "Point", "coordinates": [85.52161726911724, 27.99272982213144]}, "properties": {"sample_id": 463.0, "longitude": 85.52161726911724, "latitude": 27.99272982213144}}, {"type": "Feature", "geometry": {"type": "Point", "coordinates": [85.52321752289903, 27.986888882057155]}, "properties": {"sample_id": 464.0, "longitude": 85.52321752289903, "latitude": 27.986888882057155}}, {"type": "Feature", "geometry": {"type": "Point", "coordinates": [85.52809852890493, 27.986098252301748]}, "properties": {"sample_id": 465.0, "longitude": 85.52809852890493, "latitude": 27.986098252301748}}, {"type": "Feature", "geometry": {"type": "Point", "coordinates": [85.52971227566172, 27.9891065381966]}, "properties": {"sample_id": 466.0, "longitude": 85.52971227566172, "latitude": 27.9891065381966}}, {"type": "Feature", "geometry": {"type": "Point", "coordinates": [85.52919278883707, 27.990409162311025]}, "properties": {"sample_id": 467.0, "longitude": 85.52919278883707, "latitude": 27.990409162311025}}, {"type": "Feature", "geometry": {"type": "Point", "coordinates": [85.52229810682113, 28.00181201273138]}, "properties": {"sample_id": 468.0, "longitude": 85.52229810682113, "latitude": 28.00181201273138}}, {"type": "Feature", "geometry": {"type": "Point", "coordinates": [85.52243042044891, 28.00495546769012]}, "properties": {"sample_id": 469.0, "longitude": 85.52243042044891, "latitude": 28.00495546769012}}, {"type": "Feature", "geometry": {"type": "Point", "coordinates": [85.9068122874934, 27.853381526185785]}, "properties": {"sample_id": 470.0, "longitude": 85.9068122874934, "latitude": 27.853381526185785}}, {"type": "Feature", "geometry": {"type": "Point", "coordinates": [85.52474561987712, 28.00510338475215]}, "properties": {"sample_id": 471.0, "longitude": 85.52474561987712, "latitude": 28.00510338475215}}, {"type": "Feature", "geometry": {"type": "Point", "coordinates": [85.5248932481496, 28.00674152134686]}, "properties": {"sample_id": 472.0, "longitude": 85.5248932481496, "latitude": 28.00674152134686}}, {"type": "Feature", "geometry": {"type": "Point", "coordinates": [85.531554970385, 28.01932459097495]}, "properties": {"sample_id": 474.0, "longitude": 85.531554970385, "latitude": 28.01932459097495}}, {"type": "Feature", "geometry": {"type": "Point", "coordinates": [85.53331916052332, 28.01954823078005]}, "properties": {"sample_id": 475.0, "longitude": 85.53331916052332, "latitude": 28.01954823078005}}, {"type": "Feature", "geometry": {"type": "Point", "coordinates": [85.53298870522394, 28.01616760135244]}, "properties": {"sample_id": 476.0, "longitude": 85.53298870522394, "latitude": 28.01616760135244}}, {"type": "Feature", "geometry": {"type": "Point", "coordinates": [85.53361810850384, 28.01735163523361]}, "properties": {"sample_id": 477.0, "longitude": 85.53361810850384, "latitude": 28.01735163523361}}, {"type": "Feature", "geometry": {"type": "Point", "coordinates": [85.55887699395637, 28.00773448430176]}, "properties": {"sample_id": 480.0, "longitude": 85.55887699395637, "latitude": 28.00773448430176}}, {"type": "Feature", "geometry": {"type": "Point", "coordinates": [85.90289111104734, 27.781243989861405]}, "properties": {"sample_id": 481.0, "longitude": 85.90289111104734, "latitude": 27.781243989861405}}, {"type": "Feature", "geometry": {"type": "Point", "coordinates": [85.93199672831895, 27.812148300221708]}, "properties": {"sample_id": 482.0, "longitude": 85.93199672831895, "latitude": 27.812148300221708}}, {"type": "Feature", "geometry": {"type": "Point", "coordinates": [85.93159063575398, 27.811489150486903]}, "properties": {"sample_id": 483.0, "longitude": 85.93159063575398, "latitude": 27.811489150486903}}, {"type": "Feature", "geometry": {"type": "Point", "coordinates": [85.88880311102363, 27.868175028208075]}, "properties": {"sample_id": 487.0, "longitude": 85.88880311102363, "latitude": 27.868175028208075}}, {"type": "Feature", "geometry": {"type": "Point", "coordinates": [85.56616592915344, 27.83971563128315]}, "properties": {"sample_id": 489.0, "longitude": 85.56616592915344, "latitude": 27.83971563128315}}, {"type": "Feature", "geometry": {"type": "Point", "coordinates": [85.55332719783426, 27.843576843219875]}, "properties": {"sample_id": 494.0, "longitude": 85.55332719783426, "latitude": 27.843576843219875}}, {"type": "Feature", "geometry": {"type": "Point", "coordinates": [85.55118576427876, 27.84479397396176]}, "properties": {"sample_id": 495.0, "longitude": 85.55118576427876, "latitude": 27.84479397396176}}, {"type": "Feature", "geometry": {"type": "Point", "coordinates": [85.55142322694549, 27.82229171521181]}, "properties": {"sample_id": 496.0, "longitude": 85.55142322694549, "latitude": 27.82229171521181}}, {"type": "Feature", "geometry": {"type": "Point", "coordinates": [85.50571564527782, 27.897643015860115]}, "properties": {"sample_id": 497.0, "longitude": 85.50571564527782, "latitude": 27.897643015860115}}, {"type": "Feature", "geometry": {"type": "Point", "coordinates": [85.50558833561364, 27.894918029325364]}, "properties": {"sample_id": 498.0, "longitude": 85.50558833561364, "latitude": 27.894918029325364}}, {"type": "Feature", "geometry": {"type": "Point", "coordinates": [85.502990715111, 27.89580543744671]}, "properties": {"sample_id": 499.0, "longitude": 85.502990715111, "latitude": 27.89580543744671}}, {"type": "Feature", "geometry": {"type": "Point", "coordinates": [85.50248590462607, 27.89578023880447]}, "properties": {"sample_id": 500.0, "longitude": 85.50248590462607, "latitude": 27.89578023880447}}, {"type": "Feature", "geometry": {"type": "Point", "coordinates": [85.5021383901269, 27.89555157597744]}, "properties": {"sample_id": 501.0, "longitude": 85.5021383901269, "latitude": 27.89555157597744}}, {"type": "Feature", "geometry": {"type": "Point", "coordinates": [85.50575946250426, 27.89195168075316]}, "properties": {"sample_id": 502.0, "longitude": 85.50575946250426, "latitude": 27.89195168075316}}, {"type": "Feature", "geometry": {"type": "Point", "coordinates": [85.48865813660782, 27.901584281734262]}, "properties": {"sample_id": 503.0, "longitude": 85.48865813660782, "latitude": 27.901584281734262}}, {"type": "Feature", "geometry": {"type": "Point", "coordinates": [85.48837707110226, 27.90232674376726]}, "properties": {"sample_id": 504.0, "longitude": 85.48837707110226, "latitude": 27.90232674376726}}, {"type": "Feature", "geometry": {"type": "Point", "coordinates": [85.7377404376863, 27.87255553544342]}, "properties": {"sample_id": 505.0, "longitude": 85.7377404376863, "latitude": 27.87255553544342}}, {"type": "Feature", "geometry": {"type": "Point", "coordinates": [85.73764530983247, 27.87371655637829]}, "properties": {"sample_id": 506.0, "longitude": 85.73764530983247, "latitude": 27.87371655637829}}, {"type": "Feature", "geometry": {"type": "Point", "coordinates": [85.73987403609085, 27.8772451397862]}, "properties": {"sample_id": 507.0, "longitude": 85.73987403609085, "latitude": 27.8772451397862}}, {"type": "Feature", "geometry": {"type": "Point", "coordinates": [85.73968853596874, 27.87745197205341]}, "properties": {"sample_id": 508.0, "longitude": 85.73968853596874, "latitude": 27.87745197205341}}, {"type": "Feature", "geometry": {"type": "Point", "coordinates": [85.73958935332594, 27.877597109440057]}, "properties": {"sample_id": 509.0, "longitude": 85.73958935332594, "latitude": 27.877597109440057}}, {"type": "Feature", "geometry": {"type": "Point", "coordinates": [85.73973888315827, 27.877809772676724]}, "properties": {"sample_id": 510.0, "longitude": 85.73973888315827, "latitude": 27.877809772676724}}, {"type": "Feature", "geometry": {"type": "Point", "coordinates": [85.74048298244985, 27.878444212441828]}, "properties": {"sample_id": 511.0, "longitude": 85.74048298244985, "latitude": 27.878444212441828}}, {"type": "Feature", "geometry": {"type": "Point", "coordinates": [85.73358524253048, 27.88600950819496]}, "properties": {"sample_id": 512.0, "longitude": 85.73358524253048, "latitude": 27.88600950819496}}, {"type": "Feature", "geometry": {"type": "Point", "coordinates": [85.73411763574622, 27.88705522888764]}, "properties": {"sample_id": 513.0, "longitude": 85.73411763574622, "latitude": 27.88705522888764}}, {"type": "Feature", "geometry": {"type": "Point", "coordinates": [85.73429875046479, 27.88728796154032]}, "properties": {"sample_id": 514.0, "longitude": 85.73429875046479, "latitude": 27.88728796154032}}, {"type": "Feature", "geometry": {"type": "Point", "coordinates": [85.7319835012877, 27.88861454871691]}, "properties": {"sample_id": 515.0, "longitude": 85.7319835012877, "latitude": 27.88861454871691}}, {"type": "Feature", "geometry": {"type": "Point", "coordinates": [85.7277398829154, 27.88839302986685]}, "properties": {"sample_id": 516.0, "longitude": 85.7277398829154, "latitude": 27.88839302986685}}, {"type": "Feature", "geometry": {"type": "Point", "coordinates": [85.72666355806642, 27.88843047420489]}, "properties": {"sample_id": 517.0, "longitude": 85.72666355806642, "latitude": 27.88843047420489}}, {"type": "Feature", "geometry": {"type": "Point", "coordinates": [85.73451365630245, 27.859342764054688]}, "properties": {"sample_id": 519.0, "longitude": 85.73451365630245, "latitude": 27.859342764054688}}, {"type": "Feature", "geometry": {"type": "Point", "coordinates": [85.73822631482895, 27.86260981285621]}, "properties": {"sample_id": 520.0, "longitude": 85.73822631482895, "latitude": 27.86260981285621}}, {"type": "Feature", "geometry": {"type": "Point", "coordinates": [85.75732726030044, 27.90929391660572]}, "properties": {"sample_id": 521.0, "longitude": 85.75732726030044, "latitude": 27.90929391660572}}, {"type": "Feature", "geometry": {"type": "Point", "coordinates": [85.75806598339335, 27.90885936561637]}, "properties": {"sample_id": 522.0, "longitude": 85.75806598339335, "latitude": 27.90885936561637}}, {"type": "Feature", "geometry": {"type": "Point", "coordinates": [85.75436088687327, 27.909635040494628]}, "properties": {"sample_id": 523.0, "longitude": 85.75436088687327, "latitude": 27.909635040494628}}, {"type": "Feature", "geometry": {"type": "Point", "coordinates": [85.75287037711895, 27.91356540332724]}, "properties": {"sample_id": 524.0, "longitude": 85.75287037711895, "latitude": 27.91356540332724}}, {"type": "Feature", "geometry": {"type": "Point", "coordinates": [85.75387209811062, 27.91261103722823]}, "properties": {"sample_id": 525.0, "longitude": 85.75387209811062, "latitude": 27.91261103722823}}, {"type": "Feature", "geometry": {"type": "Point", "coordinates": [85.7604644132059, 27.91053667688668]}, "properties": {"sample_id": 526.0, "longitude": 85.7604644132059, "latitude": 27.91053667688668}}, {"type": "Feature", "geometry": {"type": "Point", "coordinates": [85.76020112571541, 27.910630219286123]}, "properties": {"sample_id": 527.0, "longitude": 85.76020112571541, "latitude": 27.910630219286123}}, {"type": "Feature", "geometry": {"type": "Point", "coordinates": [85.75948720538207, 27.91057683845581]}, "properties": {"sample_id": 528.0, "longitude": 85.75948720538207, "latitude": 27.91057683845581}}, {"type": "Feature", "geometry": {"type": "Point", "coordinates": [85.75899988354419, 27.91113877133138]}, "properties": {"sample_id": 529.0, "longitude": 85.75899988354419, "latitude": 27.91113877133138}}, {"type": "Feature", "geometry": {"type": "Point", "coordinates": [85.7592798828699, 27.91155573901069]}, "properties": {"sample_id": 530.0, "longitude": 85.7592798828699, "latitude": 27.91155573901069}}, {"type": "Feature", "geometry": {"type": "Point", "coordinates": [85.75999961408736, 27.912620878932543]}, "properties": {"sample_id": 531.0, "longitude": 85.75999961408736, "latitude": 27.912620878932543}}, {"type": "Feature", "geometry": {"type": "Point", "coordinates": [85.7616001576244, 27.91282677257756]}, "properties": {"sample_id": 532.0, "longitude": 85.7616001576244, "latitude": 27.91282677257756}}, {"type": "Feature", "geometry": {"type": "Point", "coordinates": [85.76069122292067, 27.912689318918137]}, "properties": {"sample_id": 533.0, "longitude": 85.76069122292067, "latitude": 27.912689318918137}}, {"type": "Feature", "geometry": {"type": "Point", "coordinates": [85.76107925538575, 27.912841382184688]}, "properties": {"sample_id": 534.0, "longitude": 85.76107925538575, "latitude": 27.912841382184688}}, {"type": "Feature", "geometry": {"type": "Point", "coordinates": [85.74264801365122, 27.915503661322152]}, "properties": {"sample_id": 535.0, "longitude": 85.74264801365122, "latitude": 27.915503661322152}}, {"type": "Feature", "geometry": {"type": "Point", "coordinates": [85.71930741006321, 27.87953047246048]}, "properties": {"sample_id": 536.0, "longitude": 85.71930741006321, "latitude": 27.87953047246048}}, {"type": "Feature", "geometry": {"type": "Point", "coordinates": [85.75198944476077, 27.870150583707645]}, "properties": {"sample_id": 537.0, "longitude": 85.75198944476077, "latitude": 27.870150583707645}}, {"type": "Feature", "geometry": {"type": "Point", "coordinates": [85.75145231079442, 27.870656329409336]}, "properties": {"sample_id": 538.0, "longitude": 85.75145231079442, "latitude": 27.870656329409336}}, {"type": "Feature", "geometry": {"type": "Point", "coordinates": [85.75183509478649, 27.87133645432311]}, "properties": {"sample_id": 539.0, "longitude": 85.75183509478649, "latitude": 27.87133645432311}}, {"type": "Feature", "geometry": {"type": "Point", "coordinates": [85.74947886087858, 27.8733743482652]}, "properties": {"sample_id": 540.0, "longitude": 85.74947886087858, "latitude": 27.8733743482652}}, {"type": "Feature", "geometry": {"type": "Point", "coordinates": [85.75162388576197, 27.877420021961623]}, "properties": {"sample_id": 541.0, "longitude": 85.75162388576197, "latitude": 27.877420021961623}}, {"type": "Feature", "geometry": {"type": "Point", "coordinates": [85.75565302360357, 27.88161083264109]}, "properties": {"sample_id": 542.0, "longitude": 85.75565302360357, "latitude": 27.88161083264109}}, {"type": "Feature", "geometry": {"type": "Point", "coordinates": [85.75744893170999, 27.89128968032427]}, "properties": {"sample_id": 543.0, "longitude": 85.75744893170999, "latitude": 27.89128968032427}}, {"type": "Feature", "geometry": {"type": "Point", "coordinates": [85.75571160389225, 27.904498082886388]}, "properties": {"sample_id": 545.0, "longitude": 85.75571160389225, "latitude": 27.904498082886388}}, {"type": "Feature", "geometry": {"type": "Point", "coordinates": [85.75391744795829, 27.905845915797563]}, "properties": {"sample_id": 546.0, "longitude": 85.75391744795829, "latitude": 27.905845915797563}}, {"type": "Feature", "geometry": {"type": "Point", "coordinates": [85.75234152970114, 27.90604412967581]}, "properties": {"sample_id": 547.0, "longitude": 85.75234152970114, "latitude": 27.90604412967581}}, {"type": "Feature", "geometry": {"type": "Point", "coordinates": [85.75222823166453, 27.907202489181586]}, "properties": {"sample_id": 548.0, "longitude": 85.75222823166453, "latitude": 27.907202489181586}}, {"type": "Feature", "geometry": {"type": "Point", "coordinates": [85.75028204689295, 27.90742536243644]}, "properties": {"sample_id": 549.0, "longitude": 85.75028204689295, "latitude": 27.90742536243644}}, {"type": "Feature", "geometry": {"type": "Point", "coordinates": [85.74937623644121, 27.90799398033301]}, "properties": {"sample_id": 550.0, "longitude": 85.74937623644121, "latitude": 27.90799398033301}}, {"type": "Feature", "geometry": {"type": "Point", "coordinates": [85.7511857160385, 27.90944527912685]}, "properties": {"sample_id": 551.0, "longitude": 85.7511857160385, "latitude": 27.90944527912685}}, {"type": "Feature", "geometry": {"type": "Point", "coordinates": [85.74602085385621, 27.906975474124824]}, "properties": {"sample_id": 552.0, "longitude": 85.74602085385621, "latitude": 27.906975474124824}}, {"type": "Feature", "geometry": {"type": "Point", "coordinates": [85.73284787114433, 27.89418476234232]}, "properties": {"sample_id": 553.0, "longitude": 85.73284787114433, "latitude": 27.89418476234232}}, {"type": "Feature", "geometry": {"type": "Point", "coordinates": [85.73343765947497, 27.8948031358232]}, "properties": {"sample_id": 554.0, "longitude": 85.73343765947497, "latitude": 27.8948031358232}}, {"type": "Feature", "geometry": {"type": "Point", "coordinates": [85.73370382626435, 27.895078493561943]}, "properties": {"sample_id": 555.0, "longitude": 85.73370382626435, "latitude": 27.895078493561943}}, {"type": "Feature", "geometry": {"type": "Point", "coordinates": [85.73431143646494, 27.895010194322097]}, "properties": {"sample_id": 556.0, "longitude": 85.73431143646494, "latitude": 27.895010194322097}}, {"type": "Feature", "geometry": {"type": "Point", "coordinates": [85.76078122282128, 27.942583832096684]}, "properties": {"sample_id": 557.0, "longitude": 85.76078122282128, "latitude": 27.942583832096684}}, {"type": "Feature", "geometry": {"type": "Point", "coordinates": [85.76086768130251, 27.935841660697367]}, "properties": {"sample_id": 558.0, "longitude": 85.76086768130251, "latitude": 27.935841660697367}}, {"type": "Feature", "geometry": {"type": "Point", "coordinates": [85.76120809899317, 27.9391060980781]}, "properties": {"sample_id": 559.0, "longitude": 85.76120809899317, "latitude": 27.9391060980781}}, {"type": "Feature", "geometry": {"type": "Point", "coordinates": [85.76720345898084, 27.95670263115624]}, "properties": {"sample_id": 560.0, "longitude": 85.76720345898084, "latitude": 27.95670263115624}}, {"type": "Feature", "geometry": {"type": "Point", "coordinates": [85.77988962002985, 28.02333575099465]}, "properties": {"sample_id": 562.0, "longitude": 85.77988962002985, "latitude": 28.02333575099465}}, {"type": "Feature", "geometry": {"type": "Point", "coordinates": [85.77367538986896, 28.01646392044016]}, "properties": {"sample_id": 563.0, "longitude": 85.77367538986896, "latitude": 28.01646392044016}}, {"type": "Feature", "geometry": {"type": "Point", "coordinates": [85.7737809966622, 28.026853989289528]}, "properties": {"sample_id": 564.0, "longitude": 85.7737809966622, "latitude": 28.026853989289528}}, {"type": "Feature", "geometry": {"type": "Point", "coordinates": [85.7797661038932, 28.02573266697924]}, "properties": {"sample_id": 565.0, "longitude": 85.7797661038932, "latitude": 28.02573266697924}}, {"type": "Feature", "geometry": {"type": "Point", "coordinates": [85.7745451324064, 28.03195511891938]}, "properties": {"sample_id": 566.0, "longitude": 85.7745451324064, "latitude": 28.03195511891938}}, {"type": "Feature", "geometry": {"type": "Point", "coordinates": [85.76435427892787, 28.03768707361241]}, "properties": {"sample_id": 568.0, "longitude": 85.76435427892787, "latitude": 28.03768707361241}}, {"type": "Feature", "geometry": {"type": "Point", "coordinates": [85.76338242277278, 28.037462659294004]}, "properties": {"sample_id": 569.0, "longitude": 85.76338242277278, "latitude": 28.037462659294004}}, {"type": "Feature", "geometry": {"type": "Point", "coordinates": [85.76328558524929, 28.039318250527824]}, "properties": {"sample_id": 570.0, "longitude": 85.76328558524929, "latitude": 28.039318250527824}}, {"type": "Feature", "geometry": {"type": "Point", "coordinates": [85.76893448762557, 28.04322296176528]}, "properties": {"sample_id": 571.0, "longitude": 85.76893448762557, "latitude": 28.04322296176528}}, {"type": "Feature", "geometry": {"type": "Point", "coordinates": [85.75943012677925, 28.05106892337505]}, "properties": {"sample_id": 572.0, "longitude": 85.75943012677925, "latitude": 28.05106892337505}}, {"type": "Feature", "geometry": {"type": "Point", "coordinates": [85.7568532000794, 28.04316950500178]}, "properties": {"sample_id": 573.0, "longitude": 85.7568532000794, "latitude": 28.04316950500178}}, {"type": "Feature", "geometry": {"type": "Point", "coordinates": [85.75930500155522, 28.04486468617949]}, "properties": {"sample_id": 574.0, "longitude": 85.75930500155522, "latitude": 28.04486468617949}}, {"type": "Feature", "geometry": {"type": "Point", "coordinates": [85.73256879237083, 27.884191204125564]}, "properties": {"sample_id": 575.0, "longitude": 85.73256879237083, "latitude": 27.884191204125564}}, {"type": "Feature", "geometry": {"type": "Point", "coordinates": [85.73182840913925, 27.883357537848227]}, "properties": {"sample_id": 576.0, "longitude": 85.73182840913925, "latitude": 27.883357537848227}}, {"type": "Feature", "geometry": {"type": "Point", "coordinates": [85.7498772453077, 27.900764718301208]}, "properties": {"sample_id": 577.0, "longitude": 85.7498772453077, "latitude": 27.900764718301208}}, {"type": "Feature", "geometry": {"type": "Point", "coordinates": [85.75016826214296, 27.899999006368507]}, "properties": {"sample_id": 578.0, "longitude": 85.75016826214296, "latitude": 27.899999006368507}}, {"type": "Feature", "geometry": {"type": "Point", "coordinates": [85.75134983249276, 27.901508509425778]}, "properties": {"sample_id": 579.0, "longitude": 85.75134983249276, "latitude": 27.901508509425778}}, {"type": "Feature", "geometry": {"type": "Point", "coordinates": [85.7508293441721, 27.90109109085264]}, "properties": {"sample_id": 580.0, "longitude": 85.7508293441721, "latitude": 27.90109109085264}}, {"type": "Feature", "geometry": {"type": "Point", "coordinates": [85.75828433185232, 27.90618794807334]}, "properties": {"sample_id": 581.0, "longitude": 85.75828433185232, "latitude": 27.90618794807334}}, {"type": "Feature", "geometry": {"type": "Point", "coordinates": [85.75646105795502, 27.906047310408027]}, "properties": {"sample_id": 582.0, "longitude": 85.75646105795502, "latitude": 27.906047310408027}}, {"type": "Feature", "geometry": {"type": "Point", "coordinates": [85.76011248034196, 27.90509413362334]}, "properties": {"sample_id": 583.0, "longitude": 85.76011248034196, "latitude": 27.90509413362334}}, {"type": "Feature", "geometry": {"type": "Point", "coordinates": [85.76163410837488, 27.9082482015252]}, "properties": {"sample_id": 584.0, "longitude": 85.76163410837488, "latitude": 27.9082482015252}}, {"type": "Feature", "geometry": {"type": "Point", "coordinates": [85.76238553739671, 27.908746549182148]}, "properties": {"sample_id": 585.0, "longitude": 85.76238553739671, "latitude": 27.908746549182148}}, {"type": "Feature", "geometry": {"type": "Point", "coordinates": [85.76522178233623, 27.912781150380123]}, "properties": {"sample_id": 586.0, "longitude": 85.76522178233623, "latitude": 27.912781150380123}}, {"type": "Feature", "geometry": {"type": "Point", "coordinates": [85.76725385973802, 27.913046637826778]}, "properties": {"sample_id": 587.0, "longitude": 85.76725385973802, "latitude": 27.913046637826778}}, {"type": "Feature", "geometry": {"type": "Point", "coordinates": [85.76710229503277, 27.914280389652323]}, "properties": {"sample_id": 588.0, "longitude": 85.76710229503277, "latitude": 27.914280389652323}}, {"type": "Feature", "geometry": {"type": "Point", "coordinates": [85.76822999374254, 27.913929210283865]}, "properties": {"sample_id": 589.0, "longitude": 85.76822999374254, "latitude": 27.913929210283865}}, {"type": "Feature", "geometry": {"type": "Point", "coordinates": [85.74692028344846, 27.89590237294417]}, "properties": {"sample_id": 590.0, "longitude": 85.74692028344846, "latitude": 27.89590237294417}}, {"type": "Feature", "geometry": {"type": "Point", "coordinates": [85.75068367173508, 27.89594741135964]}, "properties": {"sample_id": 592.0, "longitude": 85.75068367173508, "latitude": 27.89594741135964}}, {"type": "Feature", "geometry": {"type": "Point", "coordinates": [85.75115674997299, 27.894142977838523]}, "properties": {"sample_id": 593.0, "longitude": 85.75115674997299, "latitude": 27.894142977838523}}, {"type": "Feature", "geometry": {"type": "Point", "coordinates": [85.74565134748904, 27.892884759243028]}, "properties": {"sample_id": 594.0, "longitude": 85.74565134748904, "latitude": 27.892884759243028}}, {"type": "Feature", "geometry": {"type": "Point", "coordinates": [85.7422317388701, 27.895410763622262]}, "properties": {"sample_id": 595.0, "longitude": 85.7422317388701, "latitude": 27.895410763622262}}, {"type": "Feature", "geometry": {"type": "Point", "coordinates": [85.74199355744767, 27.894833751350724]}, "properties": {"sample_id": 596.0, "longitude": 85.74199355744767, "latitude": 27.894833751350724}}, {"type": "Feature", "geometry": {"type": "Point", "coordinates": [85.74250177182144, 27.894880273337872]}, "properties": {"sample_id": 597.0, "longitude": 85.74250177182144, "latitude": 27.894880273337872}}, {"type": "Feature", "geometry": {"type": "Point", "coordinates": [85.74282416648518, 27.894873919796314]}, "properties": {"sample_id": 598.0, "longitude": 85.74282416648518, "latitude": 27.894873919796314}}, {"type": "Feature", "geometry": {"type": "Point", "coordinates": [85.74174415468445, 27.8942260465512]}, "properties": {"sample_id": 599.0, "longitude": 85.74174415468445, "latitude": 27.8942260465512}}, {"type": "Feature", "geometry": {"type": "Point", "coordinates": [85.74219209061269, 27.89420518323116]}, "properties": {"sample_id": 600.0, "longitude": 85.74219209061269, "latitude": 27.89420518323116}}, {"type": "Feature", "geometry": {"type": "Point", "coordinates": [85.74370550003584, 27.894787735818035]}, "properties": {"sample_id": 601.0, "longitude": 85.74370550003584, "latitude": 27.894787735818035}}, {"type": "Feature", "geometry": {"type": "Point", "coordinates": [85.74387019755791, 27.89266039524739]}, "properties": {"sample_id": 602.0, "longitude": 85.74387019755791, "latitude": 27.89266039524739}}, {"type": "Feature", "geometry": {"type": "Point", "coordinates": [85.74146066710064, 27.899341528959766]}, "properties": {"sample_id": 603.0, "longitude": 85.74146066710064, "latitude": 27.899341528959766}}, {"type": "Feature", "geometry": {"type": "Point", "coordinates": [85.73937486820027, 27.898815299410497]}, "properties": {"sample_id": 604.0, "longitude": 85.73937486820027, "latitude": 27.898815299410497}}, {"type": "Feature", "geometry": {"type": "Point", "coordinates": [85.73991646669975, 27.898594221365453]}, "properties": {"sample_id": 605.0, "longitude": 85.73991646669975, "latitude": 27.898594221365453}}, {"type": "Feature", "geometry": {"type": "Point", "coordinates": [85.74086157564327, 27.898577473950752]}, "properties": {"sample_id": 606.0, "longitude": 85.74086157564327, "latitude": 27.898577473950752}}, {"type": "Feature", "geometry": {"type": "Point", "coordinates": [85.74115530762293, 27.894792449121628]}, "properties": {"sample_id": 607.0, "longitude": 85.74115530762293, "latitude": 27.894792449121628}}, {"type": "Feature", "geometry": {"type": "Point", "coordinates": [85.74040397213732, 27.89578079957903]}, "properties": {"sample_id": 608.0, "longitude": 85.74040397213732, "latitude": 27.89578079957903}}, {"type": "Feature", "geometry": {"type": "Point", "coordinates": [85.74075792955287, 27.8955639842316]}, "properties": {"sample_id": 609.0, "longitude": 85.74075792955287, "latitude": 27.8955639842316}}, {"type": "Feature", "geometry": {"type": "Point", "coordinates": [85.752218246311, 27.90162117439162]}, "properties": {"sample_id": 610.0, "longitude": 85.752218246311, "latitude": 27.90162117439162}}, {"type": "Feature", "geometry": {"type": "Point", "coordinates": [85.74556676654119, 27.89944614525553]}, "properties": {"sample_id": 611.0, "longitude": 85.74556676654119, "latitude": 27.89944614525553}}, {"type": "Feature", "geometry": {"type": "Point", "coordinates": [85.7463696488049, 27.897478239199422]}, "properties": {"sample_id": 612.0, "longitude": 85.7463696488049, "latitude": 27.897478239199422}}, {"type": "Feature", "geometry": {"type": "Point", "coordinates": [85.73780702928039, 27.89957675584904]}, "properties": {"sample_id": 613.0, "longitude": 85.73780702928039, "latitude": 27.89957675584904}}, {"type": "Feature", "geometry": {"type": "Point", "coordinates": [85.75125298409388, 27.912061431076484]}, "properties": {"sample_id": 614.0, "longitude": 85.75125298409388, "latitude": 27.912061431076484}}, {"type": "Feature", "geometry": {"type": "Point", "coordinates": [85.75505880472987, 27.91481651822897]}, "properties": {"sample_id": 615.0, "longitude": 85.75505880472987, "latitude": 27.91481651822897}}, {"type": "Feature", "geometry": {"type": "Point", "coordinates": [85.75507119927457, 27.9126182582766]}, "properties": {"sample_id": 616.0, "longitude": 85.75507119927457, "latitude": 27.9126182582766}}, {"type": "Feature", "geometry": {"type": "Point", "coordinates": [85.75747390786728, 27.9142879706915]}, "properties": {"sample_id": 617.0, "longitude": 85.75747390786728, "latitude": 27.9142879706915}}, {"type": "Feature", "geometry": {"type": "Point", "coordinates": [85.75716792159287, 27.91342624561592]}, "properties": {"sample_id": 618.0, "longitude": 85.75716792159287, "latitude": 27.91342624561592}}, {"type": "Feature", "geometry": {"type": "Point", "coordinates": [85.75611769526844, 27.91059481368413]}, "properties": {"sample_id": 619.0, "longitude": 85.75611769526844, "latitude": 27.91059481368413}}, {"type": "Feature", "geometry": {"type": "Point", "coordinates": [85.75463642188096, 27.92587802012993]}, "properties": {"sample_id": 620.0, "longitude": 85.75463642188096, "latitude": 27.92587802012993}}, {"type": "Feature", "geometry": {"type": "Point", "coordinates": [85.75646102883772, 27.92368793451423]}, "properties": {"sample_id": 621.0, "longitude": 85.75646102883772, "latitude": 27.92368793451423}}, {"type": "Feature", "geometry": {"type": "Point", "coordinates": [85.75668966729336, 27.923869908718427]}, "properties": {"sample_id": 622.0, "longitude": 85.75668966729336, "latitude": 27.923869908718427}}, {"type": "Feature", "geometry": {"type": "Point", "coordinates": [85.75769343095656, 27.92480607255144]}, "properties": {"sample_id": 623.0, "longitude": 85.75769343095656, "latitude": 27.92480607255144}}, {"type": "Feature", "geometry": {"type": "Point", "coordinates": [85.77091613897652, 27.923436889441604]}, "properties": {"sample_id": 624.0, "longitude": 85.77091613897652, "latitude": 27.923436889441604}}, {"type": "Feature", "geometry": {"type": "Point", "coordinates": [85.7716965689163, 27.923132247434364]}, "properties": {"sample_id": 625.0, "longitude": 85.7716965689163, "latitude": 27.923132247434364}}, {"type": "Feature", "geometry": {"type": "Point", "coordinates": [85.77163210863061, 27.92422459437522]}, "properties": {"sample_id": 626.0, "longitude": 85.77163210863061, "latitude": 27.92422459437522}}, {"type": "Feature", "geometry": {"type": "Point", "coordinates": [85.7717951127577, 27.925105597695744]}, "properties": {"sample_id": 627.0, "longitude": 85.7717951127577, "latitude": 27.925105597695744}}, {"type": "Feature", "geometry": {"type": "Point", "coordinates": [85.77243113551249, 27.925826552674323]}, "properties": {"sample_id": 628.0, "longitude": 85.77243113551249, "latitude": 27.925826552674323}}, {"type": "Feature", "geometry": {"type": "Point", "coordinates": [85.77655058496822, 27.935336333406187]}, "properties": {"sample_id": 629.0, "longitude": 85.77655058496822, "latitude": 27.935336333406187}}, {"type": "Feature", "geometry": {"type": "Point", "coordinates": [85.78297193514578, 27.944058828685748]}, "properties": {"sample_id": 631.0, "longitude": 85.78297193514578, "latitude": 27.944058828685748}}, {"type": "Feature", "geometry": {"type": "Point", "coordinates": [85.7739233748034, 27.957444941457297]}, "properties": {"sample_id": 632.0, "longitude": 85.7739233748034, "latitude": 27.957444941457297}}, {"type": "Feature", "geometry": {"type": "Point", "coordinates": [85.74751843564927, 28.064345447987]}, "properties": {"sample_id": 647.0, "longitude": 85.74751843564927, "latitude": 28.064345447987}}, {"type": "Feature", "geometry": {"type": "Point", "coordinates": [85.74553614647687, 28.06303908960824]}, "properties": {"sample_id": 648.0, "longitude": 85.74553614647687, "latitude": 28.06303908960824}}, {"type": "Feature", "geometry": {"type": "Point", "coordinates": [85.74617712181447, 28.061684211608355]}, "properties": {"sample_id": 649.0, "longitude": 85.74617712181447, "latitude": 28.061684211608355}}, {"type": "Feature", "geometry": {"type": "Point", "coordinates": [85.74725299378082, 28.05965288131207]}, "properties": {"sample_id": 650.0, "longitude": 85.74725299378082, "latitude": 28.05965288131207}}, {"type": "Feature", "geometry": {"type": "Point", "coordinates": [85.750082865445, 28.05719246710611]}, "properties": {"sample_id": 651.0, "longitude": 85.750082865445, "latitude": 28.05719246710611}}, {"type": "Feature", "geometry": {"type": "Point", "coordinates": [85.74942872255178, 28.05437756711527]}, "properties": {"sample_id": 652.0, "longitude": 85.74942872255178, "latitude": 28.05437756711527}}, {"type": "Feature", "geometry": {"type": "Point", "coordinates": [85.75042664604251, 28.055835486339006]}, "properties": {"sample_id": 653.0, "longitude": 85.75042664604251, "latitude": 28.055835486339006}}, {"type": "Feature", "geometry": {"type": "Point", "coordinates": [85.74963524133462, 28.0493572904621]}, "properties": {"sample_id": 654.0, "longitude": 85.74963524133462, "latitude": 28.0493572904621}}, {"type": "Feature", "geometry": {"type": "Point", "coordinates": [85.75407271312133, 28.046602024389088]}, "properties": {"sample_id": 655.0, "longitude": 85.75407271312133, "latitude": 28.046602024389088}}, {"type": "Feature", "geometry": {"type": "Point", "coordinates": [85.7544580369249, 28.04714991913884]}, "properties": {"sample_id": 656.0, "longitude": 85.7544580369249, "latitude": 28.04714991913884}}, {"type": "Feature", "geometry": {"type": "Point", "coordinates": [85.75701532393872, 28.04798852334588]}, "properties": {"sample_id": 657.0, "longitude": 85.75701532393872, "latitude": 28.04798852334588}}, {"type": "Feature", "geometry": {"type": "Point", "coordinates": [85.75669880331282, 28.048694326492768]}, "properties": {"sample_id": 658.0, "longitude": 85.75669880331282, "latitude": 28.048694326492768}}, {"type": "Feature", "geometry": {"type": "Point", "coordinates": [85.746026174618, 28.06821085503682]}, "properties": {"sample_id": 664.0, "longitude": 85.746026174618, "latitude": 28.06821085503682}}, {"type": "Feature", "geometry": {"type": "Point", "coordinates": [85.76753546856527, 28.04034146135094]}, "properties": {"sample_id": 665.0, "longitude": 85.76753546856527, "latitude": 28.04034146135094}}, {"type": "Feature", "geometry": {"type": "Point", "coordinates": [85.74087473611583, 28.015339789897045]}, "properties": {"sample_id": 669.0, "longitude": 85.74087473611583, "latitude": 28.015339789897045}}, {"type": "Feature", "geometry": {"type": "Point", "coordinates": [85.73815553100299, 28.008454183863257]}, "properties": {"sample_id": 671.0, "longitude": 85.73815553100299, "latitude": 28.008454183863257}}, {"type": "Feature", "geometry": {"type": "Point", "coordinates": [85.73430612247124, 28.01284480794479]}, "properties": {"sample_id": 672.0, "longitude": 85.73430612247124, "latitude": 28.01284480794479}}, {"type": "Feature", "geometry": {"type": "Point", "coordinates": [85.7640870940013, 28.008749303763604]}, "properties": {"sample_id": 676.0, "longitude": 85.7640870940013, "latitude": 28.008749303763604}}, {"type": "Feature", "geometry": {"type": "Point", "coordinates": [85.76196603185409, 28.00926362795191]}, "properties": {"sample_id": 677.0, "longitude": 85.76196603185409, "latitude": 28.00926362795191}}, {"type": "Feature", "geometry": {"type": "Point", "coordinates": [85.7591427893679, 28.00866098010397]}, "properties": {"sample_id": 678.0, "longitude": 85.7591427893679, "latitude": 28.00866098010397}}, {"type": "Feature", "geometry": {"type": "Point", "coordinates": [85.74059162974274, 27.994991687609893]}, "properties": {"sample_id": 680.0, "longitude": 85.74059162974274, "latitude": 27.994991687609893}}, {"type": "Feature", "geometry": {"type": "Point", "coordinates": [85.74122115461796, 27.99897956515964]}, "properties": {"sample_id": 681.0, "longitude": 85.74122115461796, "latitude": 27.99897956515964}}, {"type": "Feature", "geometry": {"type": "Point", "coordinates": [85.74378538688593, 27.99884869023668]}, "properties": {"sample_id": 682.0, "longitude": 85.74378538688593, "latitude": 27.99884869023668}}, {"type": "Feature", "geometry": {"type": "Point", "coordinates": [85.74238531931341, 27.999524808680167]}, "properties": {"sample_id": 683.0, "longitude": 85.74238531931341, "latitude": 27.999524808680167}}, {"type": "Feature", "geometry": {"type": "Point", "coordinates": [85.7615293426023, 27.997106220571887]}, "properties": {"sample_id": 684.0, "longitude": 85.7615293426023, "latitude": 27.997106220571887}}, {"type": "Feature", "geometry": {"type": "Point", "coordinates": [85.65424477769572, 27.760041605389063]}, "properties": {"sample_id": 687.0, "longitude": 85.65424477769572, "latitude": 27.760041605389063}}, {"type": "Feature", "geometry": {"type": "Point", "coordinates": [86.01157712654287, 27.76340305828591]}, "properties": {"sample_id": 688.0, "longitude": 86.01157712654287, "latitude": 27.76340305828591}}, {"type": "Feature", "geometry": {"type": "Point", "coordinates": [86.01407160704636, 27.75772347821192]}, "properties": {"sample_id": 689.0, "longitude": 86.01407160704636, "latitude": 27.75772347821192}}, {"type": "Feature", "geometry": {"type": "Point", "coordinates": [86.00775052399631, 27.76295791743184]}, "properties": {"sample_id": 692.0, "longitude": 86.00775052399631, "latitude": 27.76295791743184}}, {"type": "Feature", "geometry": {"type": "Point", "coordinates": [86.00705806933341, 27.770166955574048]}, "properties": {"sample_id": 693.0, "longitude": 86.00705806933341, "latitude": 27.770166955574048}}, {"type": "Feature", "geometry": {"type": "Point", "coordinates": [85.99302680741278, 27.789590989292734]}, "properties": {"sample_id": 695.0, "longitude": 85.99302680741278, "latitude": 27.789590989292734}}, {"type": "Feature", "geometry": {"type": "Point", "coordinates": [86.00453299087359, 27.791325265333533]}, "properties": {"sample_id": 699.0, "longitude": 86.00453299087359, "latitude": 27.791325265333533}}, {"type": "Feature", "geometry": {"type": "Point", "coordinates": [85.9767200503514, 27.81282801542947]}, "properties": {"sample_id": 703.0, "longitude": 85.9767200503514, "latitude": 27.81282801542947}}, {"type": "Feature", "geometry": {"type": "Point", "coordinates": [85.97870235465051, 27.81241749524862]}, "properties": {"sample_id": 704.0, "longitude": 85.97870235465051, "latitude": 27.81241749524862}}, {"type": "Feature", "geometry": {"type": "Point", "coordinates": [85.96421947924958, 27.81877427281499]}, "properties": {"sample_id": 705.0, "longitude": 85.96421947924958, "latitude": 27.81877427281499}}, {"type": "Feature", "geometry": {"type": "Point", "coordinates": [85.96474894346338, 27.81668543512215]}, "properties": {"sample_id": 706.0, "longitude": 85.96474894346338, "latitude": 27.81668543512215}}, {"type": "Feature", "geometry": {"type": "Point", "coordinates": [85.96912557985821, 27.820842095256985]}, "properties": {"sample_id": 707.0, "longitude": 85.96912557985821, "latitude": 27.820842095256985}}, {"type": "Feature", "geometry": {"type": "Point", "coordinates": [85.96952633569609, 27.81984436030277]}, "properties": {"sample_id": 708.0, "longitude": 85.96952633569609, "latitude": 27.81984436030277}}, {"type": "Feature", "geometry": {"type": "Point", "coordinates": [85.95365842012133, 27.814069143638843]}, "properties": {"sample_id": 709.0, "longitude": 85.95365842012133, "latitude": 27.814069143638843}}, {"type": "Feature", "geometry": {"type": "Point", "coordinates": [85.93705828260268, 27.831755116526107]}, "properties": {"sample_id": 710.0, "longitude": 85.93705828260268, "latitude": 27.831755116526107}}, {"type": "Feature", "geometry": {"type": "Point", "coordinates": [85.92816730645626, 27.818529791526043]}, "properties": {"sample_id": 711.0, "longitude": 85.92816730645626, "latitude": 27.818529791526043}}, {"type": "Feature", "geometry": {"type": "Point", "coordinates": [85.92060746451698, 27.831458833304527]}, "properties": {"sample_id": 712.0, "longitude": 85.92060746451698, "latitude": 27.831458833304527}}, {"type": "Feature", "geometry": {"type": "Point", "coordinates": [85.91691202344947, 27.82946281769561]}, "properties": {"sample_id": 713.0, "longitude": 85.91691202344947, "latitude": 27.82946281769561}}, {"type": "Feature", "geometry": {"type": "Point", "coordinates": [85.9190826145808, 27.83058431210385]}, "properties": {"sample_id": 714.0, "longitude": 85.9190826145808, "latitude": 27.83058431210385}}, {"type": "Feature", "geometry": {"type": "Point", "coordinates": [85.92098016159612, 27.832605978882462]}, "properties": {"sample_id": 715.0, "longitude": 85.92098016159612, "latitude": 27.832605978882462}}, {"type": "Feature", "geometry": {"type": "Point", "coordinates": [85.91485894362125, 27.824708580204184]}, "properties": {"sample_id": 716.0, "longitude": 85.91485894362125, "latitude": 27.824708580204184}}, {"type": "Feature", "geometry": {"type": "Point", "coordinates": [85.91392976335419, 27.823387431094872]}, "properties": {"sample_id": 717.0, "longitude": 85.91392976335419, "latitude": 27.823387431094872}}, {"type": "Feature", "geometry": {"type": "Point", "coordinates": [85.91305728002958, 27.82675743967716]}, "properties": {"sample_id": 718.0, "longitude": 85.91305728002958, "latitude": 27.82675743967716}}, {"type": "Feature", "geometry": {"type": "Point", "coordinates": [85.91384700087954, 27.82507018272824]}, "properties": {"sample_id": 719.0, "longitude": 85.91384700087954, "latitude": 27.82507018272824}}, {"type": "Feature", "geometry": {"type": "Point", "coordinates": [85.92416359916879, 27.816131109178457]}, "properties": {"sample_id": 720.0, "longitude": 85.92416359916879, "latitude": 27.816131109178457}}, {"type": "Feature", "geometry": {"type": "Point", "coordinates": [85.92321918017267, 27.81825052080688]}, "properties": {"sample_id": 721.0, "longitude": 85.92321918017267, "latitude": 27.81825052080688}}, {"type": "Feature", "geometry": {"type": "Point", "coordinates": [85.91778184193316, 27.81755121683488]}, "properties": {"sample_id": 722.0, "longitude": 85.91778184193316, "latitude": 27.81755121683488}}, {"type": "Feature", "geometry": {"type": "Point", "coordinates": [85.91951017591104, 27.82340664001788]}, "properties": {"sample_id": 723.0, "longitude": 85.91951017591104, "latitude": 27.82340664001788}}, {"type": "Feature", "geometry": {"type": "Point", "coordinates": [85.91971269977773, 27.820389141297063]}, "properties": {"sample_id": 724.0, "longitude": 85.91971269977773, "latitude": 27.820389141297063}}, {"type": "Feature", "geometry": {"type": "Point", "coordinates": [85.91102778680441, 27.816261592670223]}, "properties": {"sample_id": 725.0, "longitude": 85.91102778680441, "latitude": 27.816261592670223}}, {"type": "Feature", "geometry": {"type": "Point", "coordinates": [85.90963152051435, 27.814209108579885]}, "properties": {"sample_id": 726.0, "longitude": 85.90963152051435, "latitude": 27.814209108579885}}, {"type": "Feature", "geometry": {"type": "Point", "coordinates": [85.90721348274425, 27.816386354236545]}, "properties": {"sample_id": 727.0, "longitude": 85.90721348274425, "latitude": 27.816386354236545}}, {"type": "Feature", "geometry": {"type": "Point", "coordinates": [85.90190899679304, 27.81798088230392]}, "properties": {"sample_id": 728.0, "longitude": 85.90190899679304, "latitude": 27.81798088230392}}, {"type": "Feature", "geometry": {"type": "Point", "coordinates": [85.90636771271376, 27.81587903459828]}, "properties": {"sample_id": 729.0, "longitude": 85.90636771271376, "latitude": 27.81587903459828}}, {"type": "Feature", "geometry": {"type": "Point", "coordinates": [85.69885775485012, 27.95740738023492]}, "properties": {"sample_id": 732.0, "longitude": 85.69885775485012, "latitude": 27.95740738023492}}, {"type": "Feature", "geometry": {"type": "Point", "coordinates": [85.76423082775784, 27.719656933033832]}, "properties": {"sample_id": 733.0, "longitude": 85.76423082775784, "latitude": 27.719656933033832}}, {"type": "Feature", "geometry": {"type": "Point", "coordinates": [85.76488368611855, 27.71864215328992]}, "properties": {"sample_id": 734.0, "longitude": 85.76488368611855, "latitude": 27.71864215328992}}, {"type": "Feature", "geometry": {"type": "Point", "coordinates": [85.76649211718912, 27.719395297710577]}, "properties": {"sample_id": 735.0, "longitude": 85.76649211718912, "latitude": 27.719395297710577}}, {"type": "Feature", "geometry": {"type": "Point", "coordinates": [85.77876014479682, 27.73010213618375]}, "properties": {"sample_id": 736.0, "longitude": 85.77876014479682, "latitude": 27.73010213618375}}, {"type": "Feature", "geometry": {"type": "Point", "coordinates": [85.77498188989227, 27.741588212582457]}, "properties": {"sample_id": 738.0, "longitude": 85.77498188989227, "latitude": 27.741588212582457}}, {"type": "Feature", "geometry": {"type": "Point", "coordinates": [85.88806575407307, 27.867169041316487]}, "properties": {"sample_id": 739.0, "longitude": 85.88806575407307, "latitude": 27.867169041316487}}, {"type": "Feature", "geometry": {"type": "Point", "coordinates": [85.88692408031476, 27.867001845737462]}, "properties": {"sample_id": 740.0, "longitude": 85.88692408031476, "latitude": 27.867001845737462}}, {"type": "Feature", "geometry": {"type": "Point", "coordinates": [85.88357262437233, 27.871410957655566]}, "properties": {"sample_id": 741.0, "longitude": 85.88357262437233, "latitude": 27.871410957655566}}, {"type": "Feature", "geometry": {"type": "Point", "coordinates": [85.88339696499546, 27.871110522707777]}, "properties": {"sample_id": 742.0, "longitude": 85.88339696499546, "latitude": 27.871110522707777}}, {"type": "Feature", "geometry": {"type": "Point", "coordinates": [85.88131149504288, 27.86839493735476]}, "properties": {"sample_id": 744.0, "longitude": 85.88131149504288, "latitude": 27.86839493735476}}, {"type": "Feature", "geometry": {"type": "Point", "coordinates": [85.88282030423164, 27.865005334839086]}, "properties": {"sample_id": 746.0, "longitude": 85.88282030423164, "latitude": 27.865005334839086}}, {"type": "Feature", "geometry": {"type": "Point", "coordinates": [85.88258961608234, 27.86155359552517]}, "properties": {"sample_id": 747.0, "longitude": 85.88258961608234, "latitude": 27.86155359552517}}, {"type": "Feature", "geometry": {"type": "Point", "coordinates": [85.88403862319836, 27.859005504724383]}, "properties": {"sample_id": 748.0, "longitude": 85.88403862319836, "latitude": 27.859005504724383}}, {"type": "Feature", "geometry": {"type": "Point", "coordinates": [85.88261315750846, 27.85837387493977]}, "properties": {"sample_id": 749.0, "longitude": 85.88261315750846, "latitude": 27.85837387493977}}, {"type": "Feature", "geometry": {"type": "Point", "coordinates": [85.88574563986379, 27.85875306800655]}, "properties": {"sample_id": 750.0, "longitude": 85.88574563986379, "latitude": 27.85875306800655}}, {"type": "Feature", "geometry": {"type": "Point", "coordinates": [85.88504574391874, 27.858128727643216]}, "properties": {"sample_id": 751.0, "longitude": 85.88504574391874, "latitude": 27.858128727643216}}, {"type": "Feature", "geometry": {"type": "Point", "coordinates": [85.88826966452513, 27.857677248739147]}, "properties": {"sample_id": 752.0, "longitude": 85.88826966452513, "latitude": 27.857677248739147}}, {"type": "Feature", "geometry": {"type": "Point", "coordinates": [85.88657271482431, 27.84691521102225]}, "properties": {"sample_id": 753.0, "longitude": 85.88657271482431, "latitude": 27.84691521102225}}, {"type": "Feature", "geometry": {"type": "Point", "coordinates": [85.88654890395581, 27.84641740270339]}, "properties": {"sample_id": 754.0, "longitude": 85.88654890395581, "latitude": 27.84641740270339}}, {"type": "Feature", "geometry": {"type": "Point", "coordinates": [85.88833955875182, 27.84581267982261]}, "properties": {"sample_id": 755.0, "longitude": 85.88833955875182, "latitude": 27.84581267982261}}, {"type": "Feature", "geometry": {"type": "Point", "coordinates": [85.88834343948248, 27.844820009727936]}, "properties": {"sample_id": 756.0, "longitude": 85.88834343948248, "latitude": 27.844820009727936}}, {"type": "Feature", "geometry": {"type": "Point", "coordinates": [85.88663199081076, 27.843312427776663]}, "properties": {"sample_id": 757.0, "longitude": 85.88663199081076, "latitude": 27.843312427776663}}, {"type": "Feature", "geometry": {"type": "Point", "coordinates": [85.88678515740642, 27.8412671969952]}, "properties": {"sample_id": 758.0, "longitude": 85.88678515740642, "latitude": 27.8412671969952}}, {"type": "Feature", "geometry": {"type": "Point", "coordinates": [85.88421256276526, 27.8325662320875]}, "properties": {"sample_id": 759.0, "longitude": 85.88421256276526, "latitude": 27.8325662320875}}, {"type": "Feature", "geometry": {"type": "Point", "coordinates": [85.89039232601289, 27.84177039739186]}, "properties": {"sample_id": 760.0, "longitude": 85.89039232601289, "latitude": 27.84177039739186}}, {"type": "Feature", "geometry": {"type": "Point", "coordinates": [85.89106712951798, 27.841355288993327]}, "properties": {"sample_id": 761.0, "longitude": 85.89106712951798, "latitude": 27.841355288993327}}, {"type": "Feature", "geometry": {"type": "Point", "coordinates": [85.89272335112993, 27.84005998674588]}, "properties": {"sample_id": 762.0, "longitude": 85.89272335112993, "latitude": 27.84005998674588}}, {"type": "Feature", "geometry": {"type": "Point", "coordinates": [85.87998802903236, 27.852739563464954]}, "properties": {"sample_id": 763.0, "longitude": 85.87998802903236, "latitude": 27.852739563464954}}, {"type": "Feature", "geometry": {"type": "Point", "coordinates": [85.88115905154213, 27.84785159090737]}, "properties": {"sample_id": 765.0, "longitude": 85.88115905154213, "latitude": 27.84785159090737}}, {"type": "Feature", "geometry": {"type": "Point", "coordinates": [85.88153004832108, 27.84151940486714]}, "properties": {"sample_id": 766.0, "longitude": 85.88153004832108, "latitude": 27.84151940486714}}, {"type": "Feature", "geometry": {"type": "Point", "coordinates": [85.87983624241764, 27.82818687507713]}, "properties": {"sample_id": 770.0, "longitude": 85.87983624241764, "latitude": 27.82818687507713}}, {"type": "Feature", "geometry": {"type": "Point", "coordinates": [85.8834141601063, 27.82751750345124]}, "properties": {"sample_id": 773.0, "longitude": 85.8834141601063, "latitude": 27.82751750345124}}, {"type": "Feature", "geometry": {"type": "Point", "coordinates": [85.88427509400489, 27.824467945708868]}, "properties": {"sample_id": 774.0, "longitude": 85.88427509400489, "latitude": 27.824467945708868}}, {"type": "Feature", "geometry": {"type": "Point", "coordinates": [85.88422540435975, 27.821693934912226]}, "properties": {"sample_id": 775.0, "longitude": 85.88422540435975, "latitude": 27.821693934912226}}, {"type": "Feature", "geometry": {"type": "Point", "coordinates": [85.88392164075111, 27.82273573594954]}, "properties": {"sample_id": 776.0, "longitude": 85.88392164075111, "latitude": 27.82273573594954}}, {"type": "Feature", "geometry": {"type": "Point", "coordinates": [85.89359287734588, 27.803586498185904]}, "properties": {"sample_id": 777.0, "longitude": 85.89359287734588, "latitude": 27.803586498185904}}, {"type": "Feature", "geometry": {"type": "Point", "coordinates": [85.89358509512994, 27.80428842915728]}, "properties": {"sample_id": 778.0, "longitude": 85.89358509512994, "latitude": 27.80428842915728}}, {"type": "Feature", "geometry": {"type": "Point", "coordinates": [85.89610025234106, 27.804434237947184]}, "properties": {"sample_id": 779.0, "longitude": 85.89610025234106, "latitude": 27.804434237947184}}, {"type": "Feature", "geometry": {"type": "Point", "coordinates": [85.90034007509446, 27.8067256496828]}, "properties": {"sample_id": 780.0, "longitude": 85.90034007509446, "latitude": 27.8067256496828}}, {"type": "Feature", "geometry": {"type": "Point", "coordinates": [85.90058493479692, 27.80677260713132]}, "properties": {"sample_id": 781.0, "longitude": 85.90058493479692, "latitude": 27.80677260713132}}, {"type": "Feature", "geometry": {"type": "Point", "coordinates": [85.90076555792825, 27.807005151380167]}, "properties": {"sample_id": 782.0, "longitude": 85.90076555792825, "latitude": 27.807005151380167}}, {"type": "Feature", "geometry": {"type": "Point", "coordinates": [85.90094264348686, 27.807334677132893]}, "properties": {"sample_id": 783.0, "longitude": 85.90094264348686, "latitude": 27.807334677132893}}, {"type": "Feature", "geometry": {"type": "Point", "coordinates": [85.9008387765949, 27.8221065691278]}, "properties": {"sample_id": 784.0, "longitude": 85.9008387765949, "latitude": 27.8221065691278}}, {"type": "Feature", "geometry": {"type": "Point", "coordinates": [85.90004092038254, 27.821525984657463]}, "properties": {"sample_id": 785.0, "longitude": 85.90004092038254, "latitude": 27.821525984657463}}, {"type": "Feature", "geometry": {"type": "Point", "coordinates": [85.89930489481729, 27.819987694995607]}, "properties": {"sample_id": 786.0, "longitude": 85.89930489481729, "latitude": 27.819987694995607}}, {"type": "Feature", "geometry": {"type": "Point", "coordinates": [85.89617982920909, 27.82222853772257]}, "properties": {"sample_id": 787.0, "longitude": 85.89617982920909, "latitude": 27.82222853772257}}, {"type": "Feature", "geometry": {"type": "Point", "coordinates": [85.89580268599755, 27.821557943577314]}, "properties": {"sample_id": 788.0, "longitude": 85.89580268599755, "latitude": 27.821557943577314}}, {"type": "Feature", "geometry": {"type": "Point", "coordinates": [85.8945997253233, 27.82569487748777]}, "properties": {"sample_id": 789.0, "longitude": 85.8945997253233, "latitude": 27.82569487748777}}, {"type": "Feature", "geometry": {"type": "Point", "coordinates": [85.89432613974091, 27.826037129141703]}, "properties": {"sample_id": 790.0, "longitude": 85.89432613974091, "latitude": 27.826037129141703}}, {"type": "Feature", "geometry": {"type": "Point", "coordinates": [85.89503736848445, 27.826567536495432]}, "properties": {"sample_id": 791.0, "longitude": 85.89503736848445, "latitude": 27.826567536495432}}, {"type": "Feature", "geometry": {"type": "Point", "coordinates": [85.89546126004515, 27.82627675959821]}, "properties": {"sample_id": 792.0, "longitude": 85.89546126004515, "latitude": 27.82627675959821}}, {"type": "Feature", "geometry": {"type": "Point", "coordinates": [85.89538272964545, 27.825503875728423]}, "properties": {"sample_id": 793.0, "longitude": 85.89538272964545, "latitude": 27.825503875728423}}, {"type": "Feature", "geometry": {"type": "Point", "coordinates": [85.89735954018357, 27.825721482919647]}, "properties": {"sample_id": 794.0, "longitude": 85.89735954018357, "latitude": 27.825721482919647}}, {"type": "Feature", "geometry": {"type": "Point", "coordinates": [85.89758475795558, 27.821743657378864]}, "properties": {"sample_id": 795.0, "longitude": 85.89758475795558, "latitude": 27.821743657378864}}, {"type": "Feature", "geometry": {"type": "Point", "coordinates": [85.89850760834985, 27.82127870269876]}, "properties": {"sample_id": 796.0, "longitude": 85.89850760834985, "latitude": 27.82127870269876}}, {"type": "Feature", "geometry": {"type": "Point", "coordinates": [85.8985457503784, 27.822601177549902]}, "properties": {"sample_id": 797.0, "longitude": 85.8985457503784, "latitude": 27.822601177549902}}, {"type": "Feature", "geometry": {"type": "Point", "coordinates": [85.89614567826196, 27.82929334225267]}, "properties": {"sample_id": 798.0, "longitude": 85.89614567826196, "latitude": 27.82929334225267}}, {"type": "Feature", "geometry": {"type": "Point", "coordinates": [85.89723630830741, 27.829845485595133]}, "properties": {"sample_id": 799.0, "longitude": 85.89723630830741, "latitude": 27.829845485595133}}, {"type": "Feature", "geometry": {"type": "Point", "coordinates": [85.89775237340714, 27.82964364765947]}, "properties": {"sample_id": 800.0, "longitude": 85.89775237340714, "latitude": 27.82964364765947}}, {"type": "Feature", "geometry": {"type": "Point", "coordinates": [85.89830284406483, 27.828453963145027]}, "properties": {"sample_id": 801.0, "longitude": 85.89830284406483, "latitude": 27.828453963145027}}, {"type": "Feature", "geometry": {"type": "Point", "coordinates": [85.88428426037134, 27.83008554910219]}, "properties": {"sample_id": 803.0, "longitude": 85.88428426037134, "latitude": 27.83008554910219}}, {"type": "Feature", "geometry": {"type": "Point", "coordinates": [85.88361815484204, 27.84908218141845]}, "properties": {"sample_id": 804.0, "longitude": 85.88361815484204, "latitude": 27.84908218141845}}, {"type": "Feature", "geometry": {"type": "Point", "coordinates": [85.8835469289587, 27.85078071892562]}, "properties": {"sample_id": 806.0, "longitude": 85.8835469289587, "latitude": 27.85078071892562}}, {"type": "Feature", "geometry": {"type": "Point", "coordinates": [85.88371474505462, 27.850527534549613]}, "properties": {"sample_id": 807.0, "longitude": 85.88371474505462, "latitude": 27.850527534549613}}, {"type": "Feature", "geometry": {"type": "Point", "coordinates": [85.88479524711425, 27.863190668677305]}, "properties": {"sample_id": 808.0, "longitude": 85.88479524711425, "latitude": 27.863190668677305}}, {"type": "Feature", "geometry": {"type": "Point", "coordinates": [85.88877581231222, 27.85958078169088]}, "properties": {"sample_id": 809.0, "longitude": 85.88877581231222, "latitude": 27.85958078169088}}, {"type": "Feature", "geometry": {"type": "Point", "coordinates": [85.88815368153297, 27.85856208752948]}, "properties": {"sample_id": 810.0, "longitude": 85.88815368153297, "latitude": 27.85856208752948}}, {"type": "Feature", "geometry": {"type": "Point", "coordinates": [85.8853753247686, 27.85901806774333]}, "properties": {"sample_id": 811.0, "longitude": 85.8853753247686, "latitude": 27.85901806774333}}, {"type": "Feature", "geometry": {"type": "Point", "coordinates": [85.89562248966483, 27.809158140524485]}, "properties": {"sample_id": 813.0, "longitude": 85.89562248966483, "latitude": 27.809158140524485}}, {"type": "Feature", "geometry": {"type": "Point", "coordinates": [85.88981519444927, 27.80991734314273]}, "properties": {"sample_id": 814.0, "longitude": 85.88981519444927, "latitude": 27.80991734314273}}, {"type": "Feature", "geometry": {"type": "Point", "coordinates": [85.88785542180737, 27.809284711552102]}, "properties": {"sample_id": 815.0, "longitude": 85.88785542180737, "latitude": 27.809284711552102}}, {"type": "Feature", "geometry": {"type": "Point", "coordinates": [85.91711757473455, 27.85298073729744]}, "properties": {"sample_id": 816.0, "longitude": 85.91711757473455, "latitude": 27.85298073729744}}, {"type": "Feature", "geometry": {"type": "Point", "coordinates": [85.88651243425667, 27.864105737577955]}, "properties": {"sample_id": 820.0, "longitude": 85.88651243425667, "latitude": 27.864105737577955}}, {"type": "Feature", "geometry": {"type": "Point", "coordinates": [85.88860212949308, 27.86532209899133]}, "properties": {"sample_id": 821.0, "longitude": 85.88860212949308, "latitude": 27.86532209899133}}, {"type": "Feature", "geometry": {"type": "Point", "coordinates": [85.89657876298597, 27.82307266982848]}, "properties": {"sample_id": 822.0, "longitude": 85.89657876298597, "latitude": 27.82307266982848}}, {"type": "Feature", "geometry": {"type": "Point", "coordinates": [85.88124424936913, 27.82811797744999]}, "properties": {"sample_id": 823.0, "longitude": 85.88124424936913, "latitude": 27.82811797744999}}, {"type": "Feature", "geometry": {"type": "Point", "coordinates": [85.55687255963632, 27.89758745422579]}, "properties": {"sample_id": 824.0, "longitude": 85.55687255963632, "latitude": 27.89758745422579}}, {"type": "Feature", "geometry": {"type": "Point", "coordinates": [85.56000239076441, 27.898735487374857]}, "properties": {"sample_id": 825.0, "longitude": 85.56000239076441, "latitude": 27.898735487374857}}, {"type": "Feature", "geometry": {"type": "Point", "coordinates": [85.52683751827827, 27.83960547064314]}, "properties": {"sample_id": 826.0, "longitude": 85.52683751827827, "latitude": 27.83960547064314}}, {"type": "Feature", "geometry": {"type": "Point", "coordinates": [85.53227122352239, 27.84362312097316]}, "properties": {"sample_id": 827.0, "longitude": 85.53227122352239, "latitude": 27.84362312097316}}, {"type": "Feature", "geometry": {"type": "Point", "coordinates": [85.53015776185413, 27.81341361499248]}, "properties": {"sample_id": 828.0, "longitude": 85.53015776185413, "latitude": 27.81341361499248}}, {"type": "Feature", "geometry": {"type": "Point", "coordinates": [85.54459337823288, 27.84466918820883]}, "properties": {"sample_id": 829.0, "longitude": 85.54459337823288, "latitude": 27.84466918820883}}, {"type": "Feature", "geometry": {"type": "Point", "coordinates": [85.54406741511723, 27.843244052985035]}, "properties": {"sample_id": 830.0, "longitude": 85.54406741511723, "latitude": 27.843244052985035}}, {"type": "Feature", "geometry": {"type": "Point", "coordinates": [85.53498527995303, 27.83966584232792]}, "properties": {"sample_id": 831.0, "longitude": 85.53498527995303, "latitude": 27.83966584232792}}, {"type": "Feature", "geometry": {"type": "Point", "coordinates": [85.5293902940251, 27.838264621647102]}, "properties": {"sample_id": 832.0, "longitude": 85.5293902940251, "latitude": 27.838264621647102}}, {"type": "Feature", "geometry": {"type": "Point", "coordinates": [85.5053843703777, 27.830752051590007]}, "properties": {"sample_id": 833.0, "longitude": 85.5053843703777, "latitude": 27.830752051590007}}, {"type": "Feature", "geometry": {"type": "Point", "coordinates": [85.5319827358197, 27.817387120830794]}, "properties": {"sample_id": 834.0, "longitude": 85.5319827358197, "latitude": 27.817387120830794}}, {"type": "Feature", "geometry": {"type": "Point", "coordinates": [85.48727703882714, 27.84563792699774]}, "properties": {"sample_id": 835.0, "longitude": 85.48727703882714, "latitude": 27.84563792699774}}, {"type": "Feature", "geometry": {"type": "Point", "coordinates": [85.48714646158366, 27.84883913309666]}, "properties": {"sample_id": 836.0, "longitude": 85.48714646158366, "latitude": 27.84883913309666}}, {"type": "Feature", "geometry": {"type": "Point", "coordinates": [85.48555607222502, 27.8494768470497]}, "properties": {"sample_id": 837.0, "longitude": 85.48555607222502, "latitude": 27.8494768470497}}, {"type": "Feature", "geometry": {"type": "Point", "coordinates": [85.48475495025586, 27.8467439069728]}, "properties": {"sample_id": 838.0, "longitude": 85.48475495025586, "latitude": 27.8467439069728}}, {"type": "Feature", "geometry": {"type": "Point", "coordinates": [85.48414959579009, 27.84752877101096]}, "properties": {"sample_id": 839.0, "longitude": 85.48414959579009, "latitude": 27.84752877101096}}, {"type": "Feature", "geometry": {"type": "Point", "coordinates": [85.4760312258625, 27.870039629202644]}, "properties": {"sample_id": 840.0, "longitude": 85.4760312258625, "latitude": 27.870039629202644}}, {"type": "Feature", "geometry": {"type": "Point", "coordinates": [85.47878427620259, 27.8713217932034]}, "properties": {"sample_id": 841.0, "longitude": 85.47878427620259, "latitude": 27.8713217932034}}, {"type": "Feature", "geometry": {"type": "Point", "coordinates": [85.48028750774594, 27.872912471177067]}, "properties": {"sample_id": 842.0, "longitude": 85.48028750774594, "latitude": 27.872912471177067}}, {"type": "Feature", "geometry": {"type": "Point", "coordinates": [85.47923579734999, 27.87216682600122]}, "properties": {"sample_id": 843.0, "longitude": 85.47923579734999, "latitude": 27.87216682600122}}, {"type": "Feature", "geometry": {"type": "Point", "coordinates": [85.47746205138628, 27.877776169582845]}, "properties": {"sample_id": 844.0, "longitude": 85.47746205138628, "latitude": 27.877776169582845}}, {"type": "Feature", "geometry": {"type": "Point", "coordinates": [85.47381105928308, 27.87668958883472]}, "properties": {"sample_id": 845.0, "longitude": 85.47381105928308, "latitude": 27.87668958883472}}, {"type": "Feature", "geometry": {"type": "Point", "coordinates": [85.47405125933342, 27.876898645375658]}, "properties": {"sample_id": 846.0, "longitude": 85.47405125933342, "latitude": 27.876898645375658}}, {"type": "Feature", "geometry": {"type": "Point", "coordinates": [85.7121319130817, 28.0239858245729]}, "properties": {"sample_id": 847.0, "longitude": 85.7121319130817, "latitude": 28.0239858245729}}, {"type": "Feature", "geometry": {"type": "Point", "coordinates": [85.47324998215844, 27.87622692411593]}, "properties": {"sample_id": 848.0, "longitude": 85.47324998215844, "latitude": 27.87622692411593}}, {"type": "Feature", "geometry": {"type": "Point", "coordinates": [85.47445069022818, 27.866116492769457]}, "properties": {"sample_id": 849.0, "longitude": 85.47445069022818, "latitude": 27.866116492769457}}, {"type": "Feature", "geometry": {"type": "Point", "coordinates": [85.47247897361363, 27.866095527067564]}, "properties": {"sample_id": 851.0, "longitude": 85.47247897361363, "latitude": 27.866095527067564}}, {"type": "Feature", "geometry": {"type": "Point", "coordinates": [85.4659860041353, 27.8626430831114]}, "properties": {"sample_id": 852.0, "longitude": 85.4659860041353, "latitude": 27.8626430831114}}, {"type": "Feature", "geometry": {"type": "Point", "coordinates": [85.46531236145312, 27.863480728257265]}, "properties": {"sample_id": 853.0, "longitude": 85.46531236145312, "latitude": 27.863480728257265}}, {"type": "Feature", "geometry": {"type": "Point", "coordinates": [85.46230623822116, 27.859855939237555]}, "properties": {"sample_id": 854.0, "longitude": 85.46230623822116, "latitude": 27.859855939237555}}, {"type": "Feature", "geometry": {"type": "Point", "coordinates": [85.46303640527296, 27.8591201526702]}, "properties": {"sample_id": 855.0, "longitude": 85.46303640527296, "latitude": 27.8591201526702}}, {"type": "Feature", "geometry": {"type": "Point", "coordinates": [85.4596363823208, 27.844005991687]}, "properties": {"sample_id": 858.0, "longitude": 85.4596363823208, "latitude": 27.844005991687}}, {"type": "Feature", "geometry": {"type": "Point", "coordinates": [85.46370656556974, 27.84272329146615]}, "properties": {"sample_id": 859.0, "longitude": 85.46370656556974, "latitude": 27.84272329146615}}, {"type": "Feature", "geometry": {"type": "Point", "coordinates": [85.46463476435689, 27.84302019710315]}, "properties": {"sample_id": 860.0, "longitude": 85.46463476435689, "latitude": 27.84302019710315}}, {"type": "Feature", "geometry": {"type": "Point", "coordinates": [85.51438690272226, 27.83083959955474]}, "properties": {"sample_id": 861.0, "longitude": 85.51438690272226, "latitude": 27.83083959955474}}, {"type": "Feature", "geometry": {"type": "Point", "coordinates": [85.46768493008226, 27.84127980333872]}, "properties": {"sample_id": 862.0, "longitude": 85.46768493008226, "latitude": 27.84127980333872}}, {"type": "Feature", "geometry": {"type": "Point", "coordinates": [85.46753045476738, 27.840336739978703]}, "properties": {"sample_id": 863.0, "longitude": 85.46753045476738, "latitude": 27.840336739978703}}, {"type": "Feature", "geometry": {"type": "Point", "coordinates": [85.4973379716411, 27.836051828262203]}, "properties": {"sample_id": 864.0, "longitude": 85.4973379716411, "latitude": 27.836051828262203}}, {"type": "Feature", "geometry": {"type": "Point", "coordinates": [85.49783095343656, 27.83558834550521]}, "properties": {"sample_id": 865.0, "longitude": 85.49783095343656, "latitude": 27.83558834550521}}, {"type": "Feature", "geometry": {"type": "Point", "coordinates": [85.49814090318638, 27.835503406813967]}, "properties": {"sample_id": 866.0, "longitude": 85.49814090318638, "latitude": 27.835503406813967}}, {"type": "Feature", "geometry": {"type": "Point", "coordinates": [85.4882897427254, 27.85250595080821]}, "properties": {"sample_id": 867.0, "longitude": 85.4882897427254, "latitude": 27.85250595080821}}, {"type": "Feature", "geometry": {"type": "Point", "coordinates": [85.48844823922181, 27.850632815307613]}, "properties": {"sample_id": 868.0, "longitude": 85.48844823922181, "latitude": 27.850632815307613}}, {"type": "Feature", "geometry": {"type": "Point", "coordinates": [85.48721447586733, 27.854166928397472]}, "properties": {"sample_id": 869.0, "longitude": 85.48721447586733, "latitude": 27.854166928397472}}, {"type": "Feature", "geometry": {"type": "Point", "coordinates": [85.48681159625498, 27.853284257151223]}, "properties": {"sample_id": 870.0, "longitude": 85.48681159625498, "latitude": 27.853284257151223}}, {"type": "Feature", "geometry": {"type": "Point", "coordinates": [85.48783702453791, 27.850978060695084]}, "properties": {"sample_id": 871.0, "longitude": 85.48783702453791, "latitude": 27.850978060695084}}, {"type": "Feature", "geometry": {"type": "Point", "coordinates": [85.53424145970872, 27.800828523466112]}, "properties": {"sample_id": 872.0, "longitude": 85.53424145970872, "latitude": 27.800828523466112}}, {"type": "Feature", "geometry": {"type": "Point", "coordinates": [85.53466328827768, 27.801362539130576]}, "properties": {"sample_id": 873.0, "longitude": 85.53466328827768, "latitude": 27.801362539130576}}, {"type": "Feature", "geometry": {"type": "Point", "coordinates": [85.53564925649437, 27.80073512444796]}, "properties": {"sample_id": 874.0, "longitude": 85.53564925649437, "latitude": 27.80073512444796}}, {"type": "Feature", "geometry": {"type": "Point", "coordinates": [85.53689034849243, 27.80020348257439]}, "properties": {"sample_id": 875.0, "longitude": 85.53689034849243, "latitude": 27.80020348257439}}, {"type": "Feature", "geometry": {"type": "Point", "coordinates": [85.54964341452819, 27.79724535076342]}, "properties": {"sample_id": 876.0, "longitude": 85.54964341452819, "latitude": 27.79724535076342}}, {"type": "Feature", "geometry": {"type": "Point", "coordinates": [85.5506896372733, 27.797389423895066]}, "properties": {"sample_id": 877.0, "longitude": 85.5506896372733, "latitude": 27.797389423895066}}, {"type": "Feature", "geometry": {"type": "Point", "coordinates": [85.5510313243079, 27.79725852018613]}, "properties": {"sample_id": 878.0, "longitude": 85.5510313243079, "latitude": 27.79725852018613}}, {"type": "Feature", "geometry": {"type": "Point", "coordinates": [85.55153217837444, 27.797178710263864]}, "properties": {"sample_id": 879.0, "longitude": 85.55153217837444, "latitude": 27.797178710263864}}, {"type": "Feature", "geometry": {"type": "Point", "coordinates": [85.55550111288292, 27.796981346567204]}, "properties": {"sample_id": 880.0, "longitude": 85.55550111288292, "latitude": 27.796981346567204}}, {"type": "Feature", "geometry": {"type": "Point", "coordinates": [85.63077524994621, 27.83290111478791]}, "properties": {"sample_id": 881.0, "longitude": 85.63077524994621, "latitude": 27.83290111478791}}, {"type": "Feature", "geometry": {"type": "Point", "coordinates": [85.64837907629398, 27.874801892772787]}, "properties": {"sample_id": 882.0, "longitude": 85.64837907629398, "latitude": 27.874801892772787}}, {"type": "Feature", "geometry": {"type": "Point", "coordinates": [85.67117681498851, 27.892580663055103]}, "properties": {"sample_id": 883.0, "longitude": 85.67117681498851, "latitude": 27.892580663055103}}, {"type": "Feature", "geometry": {"type": "Point", "coordinates": [85.66576774118009, 27.89064355031873]}, "properties": {"sample_id": 884.0, "longitude": 85.66576774118009, "latitude": 27.89064355031873}}, {"type": "Feature", "geometry": {"type": "Point", "coordinates": [85.66494704954422, 27.889215414082003]}, "properties": {"sample_id": 885.0, "longitude": 85.66494704954422, "latitude": 27.889215414082003}}, {"type": "Feature", "geometry": {"type": "Point", "coordinates": [85.66512068742162, 27.88920737952841]}, "properties": {"sample_id": 886.0, "longitude": 85.66512068742162, "latitude": 27.88920737952841}}, {"type": "Feature", "geometry": {"type": "Point", "coordinates": [85.66567767515647, 27.889377950798504]}, "properties": {"sample_id": 887.0, "longitude": 85.66567767515647, "latitude": 27.889377950798504}}, {"type": "Feature", "geometry": {"type": "Point", "coordinates": [85.66907271151054, 27.890141197242983]}, "properties": {"sample_id": 888.0, "longitude": 85.66907271151054, "latitude": 27.890141197242983}}, {"type": "Feature", "geometry": {"type": "Point", "coordinates": [85.66737203897198, 27.889614794197207]}, "properties": {"sample_id": 889.0, "longitude": 85.66737203897198, "latitude": 27.889614794197207}}, {"type": "Feature", "geometry": {"type": "Point", "coordinates": [85.6711874525627, 27.89094864874976]}, "properties": {"sample_id": 890.0, "longitude": 85.6711874525627, "latitude": 27.89094864874976}}, {"type": "Feature", "geometry": {"type": "Point", "coordinates": [85.66751890436214, 27.85660453044967]}, "properties": {"sample_id": 891.0, "longitude": 85.66751890436214, "latitude": 27.85660453044967}}, {"type": "Feature", "geometry": {"type": "Point", "coordinates": [85.6476880239978, 27.895711108324445]}, "properties": {"sample_id": 892.0, "longitude": 85.6476880239978, "latitude": 27.895711108324445}}, {"type": "Feature", "geometry": {"type": "Point", "coordinates": [85.64800803438803, 27.89592539860892]}, "properties": {"sample_id": 893.0, "longitude": 85.64800803438803, "latitude": 27.89592539860892}}, {"type": "Feature", "geometry": {"type": "Point", "coordinates": [85.64867602264638, 27.896147461258]}, "properties": {"sample_id": 894.0, "longitude": 85.64867602264638, "latitude": 27.896147461258}}, {"type": "Feature", "geometry": {"type": "Point", "coordinates": [85.64899519746089, 27.896023534131043]}, "properties": {"sample_id": 895.0, "longitude": 85.64899519746089, "latitude": 27.896023534131043}}, {"type": "Feature", "geometry": {"type": "Point", "coordinates": [85.65084976594797, 27.89679141197614]}, "properties": {"sample_id": 896.0, "longitude": 85.65084976594797, "latitude": 27.89679141197614}}, {"type": "Feature", "geometry": {"type": "Point", "coordinates": [85.6519233824232, 27.896529145415407]}, "properties": {"sample_id": 897.0, "longitude": 85.6519233824232, "latitude": 27.896529145415407}}, {"type": "Feature", "geometry": {"type": "Point", "coordinates": [85.65245676171898, 27.8964443202352]}, "properties": {"sample_id": 898.0, "longitude": 85.65245676171898, "latitude": 27.8964443202352}}, {"type": "Feature", "geometry": {"type": "Point", "coordinates": [85.66913615588294, 27.85625231166798]}, "properties": {"sample_id": 899.0, "longitude": 85.66913615588294, "latitude": 27.85625231166798}}, {"type": "Feature", "geometry": {"type": "Point", "coordinates": [85.66961332391594, 27.8563466386001]}, "properties": {"sample_id": 900.0, "longitude": 85.66961332391594, "latitude": 27.8563466386001}}, {"type": "Feature", "geometry": {"type": "Point", "coordinates": [85.65846246484536, 27.838729341440715]}, "properties": {"sample_id": 901.0, "longitude": 85.65846246484536, "latitude": 27.838729341440715}}, {"type": "Feature", "geometry": {"type": "Point", "coordinates": [85.65154538346746, 27.837183709866807]}, "properties": {"sample_id": 902.0, "longitude": 85.65154538346746, "latitude": 27.837183709866807}}, {"type": "Feature", "geometry": {"type": "Point", "coordinates": [85.64965779504088, 27.83708203655696]}, "properties": {"sample_id": 903.0, "longitude": 85.64965779504088, "latitude": 27.83708203655696}}, {"type": "Feature", "geometry": {"type": "Point", "coordinates": [85.65324319328435, 27.83006632670501]}, "properties": {"sample_id": 904.0, "longitude": 85.65324319328435, "latitude": 27.83006632670501}}, {"type": "Feature", "geometry": {"type": "Point", "coordinates": [85.65412309136684, 27.829192322642548]}, "properties": {"sample_id": 905.0, "longitude": 85.65412309136684, "latitude": 27.829192322642548}}, {"type": "Feature", "geometry": {"type": "Point", "coordinates": [85.63970518424946, 27.829679160848176]}, "properties": {"sample_id": 906.0, "longitude": 85.63970518424946, "latitude": 27.829679160848176}}, {"type": "Feature", "geometry": {"type": "Point", "coordinates": [85.64016090344775, 27.83001061046509]}, "properties": {"sample_id": 907.0, "longitude": 85.64016090344775, "latitude": 27.83001061046509}}, {"type": "Feature", "geometry": {"type": "Point", "coordinates": [85.67312725846725, 27.815901189193937]}, "properties": {"sample_id": 908.0, "longitude": 85.67312725846725, "latitude": 27.815901189193937}}, {"type": "Feature", "geometry": {"type": "Point", "coordinates": [85.67776465191969, 27.830000203359173]}, "properties": {"sample_id": 909.0, "longitude": 85.67776465191969, "latitude": 27.830000203359173}}, {"type": "Feature", "geometry": {"type": "Point", "coordinates": [85.52497033734049, 27.919435689062013]}, "properties": {"sample_id": 910.0, "longitude": 85.52497033734049, "latitude": 27.919435689062013}}, {"type": "Feature", "geometry": {"type": "Point", "coordinates": [85.52584993341392, 27.91919052178846]}, "properties": {"sample_id": 911.0, "longitude": 85.52584993341392, "latitude": 27.91919052178846}}, {"type": "Feature", "geometry": {"type": "Point", "coordinates": [85.51961111980606, 27.9088544381919]}, "properties": {"sample_id": 912.0, "longitude": 85.51961111980606, "latitude": 27.9088544381919}}, {"type": "Feature", "geometry": {"type": "Point", "coordinates": [85.51928550666089, 27.914588858950527]}, "properties": {"sample_id": 913.0, "longitude": 85.51928550666089, "latitude": 27.914588858950527}}, {"type": "Feature", "geometry": {"type": "Point", "coordinates": [85.53327130715817, 27.93735098635275]}, "properties": {"sample_id": 914.0, "longitude": 85.53327130715817, "latitude": 27.93735098635275}}, {"type": "Feature", "geometry": {"type": "Point", "coordinates": [85.53276209680324, 27.937472791664472]}, "properties": {"sample_id": 915.0, "longitude": 85.53276209680324, "latitude": 27.937472791664472}}, {"type": "Feature", "geometry": {"type": "Point", "coordinates": [85.53357652099265, 27.937996398104783]}, "properties": {"sample_id": 916.0, "longitude": 85.53357652099265, "latitude": 27.937996398104783}}, {"type": "Feature", "geometry": {"type": "Point", "coordinates": [85.53558208604335, 27.93737281956732]}, "properties": {"sample_id": 917.0, "longitude": 85.53558208604335, "latitude": 27.93737281956732}}, {"type": "Feature", "geometry": {"type": "Point", "coordinates": [85.53593446100156, 27.93765142203192]}, "properties": {"sample_id": 918.0, "longitude": 85.53593446100156, "latitude": 27.93765142203192}}, {"type": "Feature", "geometry": {"type": "Point", "coordinates": [85.52418824041727, 27.93294633581248]}, "properties": {"sample_id": 919.0, "longitude": 85.52418824041727, "latitude": 27.93294633581248}}, {"type": "Feature", "geometry": {"type": "Point", "coordinates": [85.52317299991915, 27.93491520447024]}, "properties": {"sample_id": 920.0, "longitude": 85.52317299991915, "latitude": 27.93491520447024}}, {"type": "Feature", "geometry": {"type": "Point", "coordinates": [85.523717308758, 27.93506766435937]}, "properties": {"sample_id": 921.0, "longitude": 85.523717308758, "latitude": 27.93506766435937}}, {"type": "Feature", "geometry": {"type": "Point", "coordinates": [85.52473141921857, 27.93668844680285]}, "properties": {"sample_id": 922.0, "longitude": 85.52473141921857, "latitude": 27.93668844680285}}, {"type": "Feature", "geometry": {"type": "Point", "coordinates": [85.52544184382816, 27.936239806352404]}, "properties": {"sample_id": 923.0, "longitude": 85.52544184382816, "latitude": 27.936239806352404}}, {"type": "Feature", "geometry": {"type": "Point", "coordinates": [85.54266233688774, 27.92998357539704]}, "properties": {"sample_id": 924.0, "longitude": 85.54266233688774, "latitude": 27.92998357539704}}, {"type": "Feature", "geometry": {"type": "Point", "coordinates": [85.49745115432542, 27.917996093308936]}, "properties": {"sample_id": 925.0, "longitude": 85.49745115432542, "latitude": 27.917996093308936}}, {"type": "Feature", "geometry": {"type": "Point", "coordinates": [85.49878856434229, 27.919024038683087]}, "properties": {"sample_id": 926.0, "longitude": 85.49878856434229, "latitude": 27.919024038683087}}, {"type": "Feature", "geometry": {"type": "Point", "coordinates": [85.64544779805628, 27.89825241330187]}, "properties": {"sample_id": 927.0, "longitude": 85.64544779805628, "latitude": 27.89825241330187}}, {"type": "Feature", "geometry": {"type": "Point", "coordinates": [85.64587853082205, 27.898335868507264]}, "properties": {"sample_id": 928.0, "longitude": 85.64587853082205, "latitude": 27.898335868507264}}, {"type": "Feature", "geometry": {"type": "Point", "coordinates": [85.6511816370404, 27.90123353121776]}, "properties": {"sample_id": 929.0, "longitude": 85.6511816370404, "latitude": 27.90123353121776}}, {"type": "Feature", "geometry": {"type": "Point", "coordinates": [85.65088766056809, 27.900531388156367]}, "properties": {"sample_id": 930.0, "longitude": 85.65088766056809, "latitude": 27.900531388156367}}, {"type": "Feature", "geometry": {"type": "Point", "coordinates": [85.64283608205879, 27.91192941756724]}, "properties": {"sample_id": 931.0, "longitude": 85.64283608205879, "latitude": 27.91192941756724}}, {"type": "Feature", "geometry": {"type": "Point", "coordinates": [85.64378695590904, 27.91180875277872]}, "properties": {"sample_id": 932.0, "longitude": 85.64378695590904, "latitude": 27.91180875277872}}, {"type": "Feature", "geometry": {"type": "Point", "coordinates": [85.64456492901634, 27.91142159729537]}, "properties": {"sample_id": 933.0, "longitude": 85.64456492901634, "latitude": 27.91142159729537}}, {"type": "Feature", "geometry": {"type": "Point", "coordinates": [85.64080157338091, 27.91237371325528]}, "properties": {"sample_id": 934.0, "longitude": 85.64080157338091, "latitude": 27.91237371325528}}, {"type": "Feature", "geometry": {"type": "Point", "coordinates": [85.69864470398956, 27.91849229834722]}, "properties": {"sample_id": 935.0, "longitude": 85.69864470398956, "latitude": 27.91849229834722}}, {"type": "Feature", "geometry": {"type": "Point", "coordinates": [85.69667081582004, 27.910627690519792]}, "properties": {"sample_id": 936.0, "longitude": 85.69667081582004, "latitude": 27.910627690519792}}, {"type": "Feature", "geometry": {"type": "Point", "coordinates": [85.69364081736684, 27.910905613634448]}, "properties": {"sample_id": 937.0, "longitude": 85.69364081736684, "latitude": 27.910905613634448}}, {"type": "Feature", "geometry": {"type": "Point", "coordinates": [85.68258825152746, 27.920795516187265]}, "properties": {"sample_id": 938.0, "longitude": 85.68258825152746, "latitude": 27.920795516187265}}, {"type": "Feature", "geometry": {"type": "Point", "coordinates": [85.6854225225188, 27.91774322584419]}, "properties": {"sample_id": 939.0, "longitude": 85.6854225225188, "latitude": 27.91774322584419}}, {"type": "Feature", "geometry": {"type": "Point", "coordinates": [85.68825083991696, 27.916170653173484]}, "properties": {"sample_id": 940.0, "longitude": 85.68825083991696, "latitude": 27.916170653173484}}, {"type": "Feature", "geometry": {"type": "Point", "coordinates": [85.68016728209912, 27.90394839745364]}, "properties": {"sample_id": 941.0, "longitude": 85.68016728209912, "latitude": 27.90394839745364}}, {"type": "Feature", "geometry": {"type": "Point", "coordinates": [85.69041647971805, 27.927383360051337]}, "properties": {"sample_id": 943.0, "longitude": 85.69041647971805, "latitude": 27.927383360051337}}, {"type": "Feature", "geometry": {"type": "Point", "coordinates": [85.69108902058794, 27.91399336972189]}, "properties": {"sample_id": 944.0, "longitude": 85.69108902058794, "latitude": 27.91399336972189}}, {"type": "Feature", "geometry": {"type": "Point", "coordinates": [85.68440330315869, 27.91830755926901]}, "properties": {"sample_id": 945.0, "longitude": 85.68440330315869, "latitude": 27.91830755926901}}, {"type": "Feature", "geometry": {"type": "Point", "coordinates": [85.67185120713623, 27.9090475301488]}, "properties": {"sample_id": 946.0, "longitude": 85.67185120713623, "latitude": 27.9090475301488}}, {"type": "Feature", "geometry": {"type": "Point", "coordinates": [85.67123295485048, 27.90864389409161]}, "properties": {"sample_id": 947.0, "longitude": 85.67123295485048, "latitude": 27.90864389409161}}, {"type": "Feature", "geometry": {"type": "Point", "coordinates": [85.67369601618955, 27.90710098576828]}, "properties": {"sample_id": 948.0, "longitude": 85.67369601618955, "latitude": 27.90710098576828}}, {"type": "Feature", "geometry": {"type": "Point", "coordinates": [85.67548734686238, 27.90654944896588]}, "properties": {"sample_id": 949.0, "longitude": 85.67548734686238, "latitude": 27.90654944896588}}, {"type": "Feature", "geometry": {"type": "Point", "coordinates": [85.67249896452253, 27.9070291559493]}, "properties": {"sample_id": 950.0, "longitude": 85.67249896452253, "latitude": 27.9070291559493}}, {"type": "Feature", "geometry": {"type": "Point", "coordinates": [85.91625719828501, 27.908641885559327]}, "properties": {"sample_id": 951.0, "longitude": 85.91625719828501, "latitude": 27.908641885559327}}, {"type": "Feature", "geometry": {"type": "Point", "coordinates": [85.91363221900039, 27.91024357859958]}, "properties": {"sample_id": 952.0, "longitude": 85.91363221900039, "latitude": 27.91024357859958}}, {"type": "Feature", "geometry": {"type": "Point", "coordinates": [85.91447035768165, 27.91144816586125]}, "properties": {"sample_id": 953.0, "longitude": 85.91447035768165, "latitude": 27.91144816586125}}, {"type": "Feature", "geometry": {"type": "Point", "coordinates": [85.91415762842546, 27.91520137362251]}, "properties": {"sample_id": 954.0, "longitude": 85.91415762842546, "latitude": 27.91520137362251}}, {"type": "Feature", "geometry": {"type": "Point", "coordinates": [85.91416079310962, 27.91305819981678]}, "properties": {"sample_id": 955.0, "longitude": 85.91416079310962, "latitude": 27.91305819981678}}, {"type": "Feature", "geometry": {"type": "Point", "coordinates": [85.91843960170576, 27.909867528822847]}, "properties": {"sample_id": 956.0, "longitude": 85.91843960170576, "latitude": 27.909867528822847}}, {"type": "Feature", "geometry": {"type": "Point", "coordinates": [85.91788193841523, 27.915053561950888]}, "properties": {"sample_id": 957.0, "longitude": 85.91788193841523, "latitude": 27.915053561950888}}, {"type": "Feature", "geometry": {"type": "Point", "coordinates": [85.91932012484496, 27.914826493002497]}, "properties": {"sample_id": 958.0, "longitude": 85.91932012484496, "latitude": 27.914826493002497}}, {"type": "Feature", "geometry": {"type": "Point", "coordinates": [85.923901485784, 27.917289111403267]}, "properties": {"sample_id": 960.0, "longitude": 85.923901485784, "latitude": 27.917289111403267}}, {"type": "Feature", "geometry": {"type": "Point", "coordinates": [85.91938456524709, 27.92008268065212]}, "properties": {"sample_id": 962.0, "longitude": 85.91938456524709, "latitude": 27.92008268065212}}, {"type": "Feature", "geometry": {"type": "Point", "coordinates": [85.91744752698581, 27.930149094577363]}, "properties": {"sample_id": 983.0, "longitude": 85.91744752698581, "latitude": 27.930149094577363}}, {"type": "Feature", "geometry": {"type": "Point", "coordinates": [85.90879061005829, 27.927474410670857]}, "properties": {"sample_id": 984.0, "longitude": 85.90879061005829, "latitude": 27.927474410670857}}, {"type": "Feature", "geometry": {"type": "Point", "coordinates": [85.91006043990579, 27.929270518801207]}, "properties": {"sample_id": 985.0, "longitude": 85.91006043990579, "latitude": 27.929270518801207}}, {"type": "Feature", "geometry": {"type": "Point", "coordinates": [85.91109892679846, 27.929612773821454]}, "properties": {"sample_id": 986.0, "longitude": 85.91109892679846, "latitude": 27.929612773821454}}, {"type": "Feature", "geometry": {"type": "Point", "coordinates": [85.83777952054302, 27.93281244777581]}, "properties": {"sample_id": 988.0, "longitude": 85.83777952054302, "latitude": 27.93281244777581}}, {"type": "Feature", "geometry": {"type": "Point", "coordinates": [85.80830639743054, 27.944569442287047]}, "properties": {"sample_id": 989.0, "longitude": 85.80830639743054, "latitude": 27.944569442287047}}, {"type": "Feature", "geometry": {"type": "Point", "coordinates": [85.80257326353706, 27.9455985972838]}, "properties": {"sample_id": 990.0, "longitude": 85.80257326353706, "latitude": 27.9455985972838}}, {"type": "Feature", "geometry": {"type": "Point", "coordinates": [85.80063358903341, 27.94024338082772]}, "properties": {"sample_id": 991.0, "longitude": 85.80063358903341, "latitude": 27.94024338082772}}, {"type": "Feature", "geometry": {"type": "Point", "coordinates": [85.80180064436034, 27.93806117598624]}, "properties": {"sample_id": 992.0, "longitude": 85.80180064436034, "latitude": 27.93806117598624}}, {"type": "Feature", "geometry": {"type": "Point", "coordinates": [85.81115197100465, 27.93859011334538]}, "properties": {"sample_id": 993.0, "longitude": 85.81115197100465, "latitude": 27.93859011334538}}, {"type": "Feature", "geometry": {"type": "Point", "coordinates": [85.81052313386142, 27.93928482264493]}, "properties": {"sample_id": 994.0, "longitude": 85.81052313386142, "latitude": 27.93928482264493}}, {"type": "Feature", "geometry": {"type": "Point", "coordinates": [85.81023286436893, 27.94213539321672]}, "properties": {"sample_id": 995.0, "longitude": 85.81023286436893, "latitude": 27.94213539321672}}, {"type": "Feature", "geometry": {"type": "Point", "coordinates": [85.82103340248291, 27.948906942135896]}, "properties": {"sample_id": 996.0, "longitude": 85.82103340248291, "latitude": 27.948906942135896}}, {"type": "Feature", "geometry": {"type": "Point", "coordinates": [85.79953018963207, 27.954669175356955]}, "properties": {"sample_id": 997.0, "longitude": 85.79953018963207, "latitude": 27.954669175356955}}, {"type": "Feature", "geometry": {"type": "Point", "coordinates": [86.01020925863773, 27.755204719428548]}, "properties": {"sample_id": 1000.0, "longitude": 86.01020925863773, "latitude": 27.755204719428548}}, {"type": "Feature", "geometry": {"type": "Point", "coordinates": [85.52769276380671, 28.00409228619636]}, "properties": {"sample_id": 1031.0, "longitude": 85.52769276380671, "latitude": 28.00409228619636}}, {"type": "Feature", "geometry": {"type": "Point", "coordinates": [85.52154710129903, 27.99905282616968]}, "properties": {"sample_id": 1032.0, "longitude": 85.52154710129903, "latitude": 27.99905282616968}}, {"type": "Feature", "geometry": {"type": "Point", "coordinates": [85.57142781850835, 28.03215502718404]}, "properties": {"sample_id": 1033.0, "longitude": 85.57142781850835, "latitude": 28.03215502718404}}, {"type": "Feature", "geometry": {"type": "Point", "coordinates": [85.57514491707494, 28.031157900985257]}, "properties": {"sample_id": 1034.0, "longitude": 85.57514491707494, "latitude": 28.031157900985257}}, {"type": "Feature", "geometry": {"type": "Point", "coordinates": [85.61146999323624, 27.92842805417074]}, "properties": {"sample_id": 1045.0, "longitude": 85.61146999323624, "latitude": 27.92842805417074}}, {"type": "Feature", "geometry": {"type": "Point", "coordinates": [85.61090615148221, 27.926725756113555]}, "properties": {"sample_id": 1046.0, "longitude": 85.61090615148221, "latitude": 27.926725756113555}}, {"type": "Feature", "geometry": {"type": "Point", "coordinates": [85.61256758191864, 27.928047339488817]}, "properties": {"sample_id": 1047.0, "longitude": 85.61256758191864, "latitude": 27.928047339488817}}, {"type": "Feature", "geometry": {"type": "Point", "coordinates": [85.61159929178741, 27.91957937335427]}, "properties": {"sample_id": 1048.0, "longitude": 85.61159929178741, "latitude": 27.91957937335427}}, {"type": "Feature", "geometry": {"type": "Point", "coordinates": [85.6121838673121, 27.91991482452732]}, "properties": {"sample_id": 1049.0, "longitude": 85.6121838673121, "latitude": 27.91991482452732}}, {"type": "Feature", "geometry": {"type": "Point", "coordinates": [85.62759901079028, 27.918978264812765]}, "properties": {"sample_id": 1050.0, "longitude": 85.62759901079028, "latitude": 27.918978264812765}}, {"type": "Feature", "geometry": {"type": "Point", "coordinates": [85.62761947470084, 27.91946744188927]}, "properties": {"sample_id": 1051.0, "longitude": 85.62761947470084, "latitude": 27.91946744188927}}, {"type": "Feature", "geometry": {"type": "Point", "coordinates": [85.62892056619907, 27.918860137028823]}, "properties": {"sample_id": 1052.0, "longitude": 85.62892056619907, "latitude": 27.918860137028823}}, {"type": "Feature", "geometry": {"type": "Point", "coordinates": [85.62448493934264, 27.919516639924137]}, "properties": {"sample_id": 1053.0, "longitude": 85.62448493934264, "latitude": 27.919516639924137}}, {"type": "Feature", "geometry": {"type": "Point", "coordinates": [85.62577021769351, 27.92765702267174]}, "properties": {"sample_id": 1054.0, "longitude": 85.62577021769351, "latitude": 27.92765702267174}}, {"type": "Feature", "geometry": {"type": "Point", "coordinates": [85.63067389444757, 27.9303925251372]}, "properties": {"sample_id": 1055.0, "longitude": 85.63067389444757, "latitude": 27.9303925251372}}, {"type": "Feature", "geometry": {"type": "Point", "coordinates": [85.62563966306446, 27.93782794521324]}, "properties": {"sample_id": 1056.0, "longitude": 85.62563966306446, "latitude": 27.93782794521324}}, {"type": "Feature", "geometry": {"type": "Point", "coordinates": [85.6304051951941, 27.93781885136953]}, "properties": {"sample_id": 1057.0, "longitude": 85.6304051951941, "latitude": 27.93781885136953}}, {"type": "Feature", "geometry": {"type": "Point", "coordinates": [85.62942153219842, 27.93596197656933]}, "properties": {"sample_id": 1058.0, "longitude": 85.62942153219842, "latitude": 27.93596197656933}}, {"type": "Feature", "geometry": {"type": "Point", "coordinates": [85.61807322096989, 27.94149159333229]}, "properties": {"sample_id": 1059.0, "longitude": 85.61807322096989, "latitude": 27.94149159333229}}, {"type": "Feature", "geometry": {"type": "Point", "coordinates": [85.62080927264067, 27.94253608717117]}, "properties": {"sample_id": 1060.0, "longitude": 85.62080927264067, "latitude": 27.94253608717117}}, {"type": "Feature", "geometry": {"type": "Point", "coordinates": [85.62188858744364, 27.942216825008085]}, "properties": {"sample_id": 1061.0, "longitude": 85.62188858744364, "latitude": 27.942216825008085}}, {"type": "Feature", "geometry": {"type": "Point", "coordinates": [85.62257907663927, 27.943089530976422]}, "properties": {"sample_id": 1062.0, "longitude": 85.62257907663927, "latitude": 27.943089530976422}}, {"type": "Feature", "geometry": {"type": "Point", "coordinates": [85.62296660740842, 27.943199016303897]}, "properties": {"sample_id": 1063.0, "longitude": 85.62296660740842, "latitude": 27.943199016303897}}, {"type": "Feature", "geometry": {"type": "Point", "coordinates": [85.62188985218094, 27.94457522315841]}, "properties": {"sample_id": 1064.0, "longitude": 85.62188985218094, "latitude": 27.94457522315841}}, {"type": "Feature", "geometry": {"type": "Point", "coordinates": [85.62438243383302, 27.94404862921273]}, "properties": {"sample_id": 1065.0, "longitude": 85.62438243383302, "latitude": 27.94404862921273}}, {"type": "Feature", "geometry": {"type": "Point", "coordinates": [85.62622651700786, 27.946173040457133]}, "properties": {"sample_id": 1066.0, "longitude": 85.62622651700786, "latitude": 27.946173040457133}}, {"type": "Feature", "geometry": {"type": "Point", "coordinates": [85.62700976227403, 27.950838175408087]}, "properties": {"sample_id": 1067.0, "longitude": 85.62700976227403, "latitude": 27.950838175408087}}, {"type": "Feature", "geometry": {"type": "Point", "coordinates": [85.62689188017201, 27.951435469041208]}, "properties": {"sample_id": 1068.0, "longitude": 85.62689188017201, "latitude": 27.951435469041208}}, {"type": "Feature", "geometry": {"type": "Point", "coordinates": [85.63182023997358, 27.94788323467812]}, "properties": {"sample_id": 1069.0, "longitude": 85.63182023997358, "latitude": 27.94788323467812}}, {"type": "Feature", "geometry": {"type": "Point", "coordinates": [85.62943576422647, 27.966047965091526]}, "properties": {"sample_id": 1070.0, "longitude": 85.62943576422647, "latitude": 27.966047965091526}}, {"type": "Feature", "geometry": {"type": "Point", "coordinates": [85.63141118438186, 27.964386486679835]}, "properties": {"sample_id": 1071.0, "longitude": 85.63141118438186, "latitude": 27.964386486679835}}, {"type": "Feature", "geometry": {"type": "Point", "coordinates": [85.62746300850993, 27.968644860723145]}, "properties": {"sample_id": 1072.0, "longitude": 85.62746300850993, "latitude": 27.968644860723145}}, {"type": "Feature", "geometry": {"type": "Point", "coordinates": [85.6249195432286, 27.96893339101411]}, "properties": {"sample_id": 1073.0, "longitude": 85.6249195432286, "latitude": 27.96893339101411}}, {"type": "Feature", "geometry": {"type": "Point", "coordinates": [85.61559975666879, 27.96955035889194]}, "properties": {"sample_id": 1074.0, "longitude": 85.61559975666879, "latitude": 27.96955035889194}}, {"type": "Feature", "geometry": {"type": "Point", "coordinates": [85.61739527329419, 27.970087887214056]}, "properties": {"sample_id": 1075.0, "longitude": 85.61739527329419, "latitude": 27.970087887214056}}, {"type": "Feature", "geometry": {"type": "Point", "coordinates": [85.61436951281311, 27.973506521187744]}, "properties": {"sample_id": 1076.0, "longitude": 85.61436951281311, "latitude": 27.973506521187744}}, {"type": "Feature", "geometry": {"type": "Point", "coordinates": [85.61818698528995, 27.972590469217035]}, "properties": {"sample_id": 1077.0, "longitude": 85.61818698528995, "latitude": 27.972590469217035}}, {"type": "Feature", "geometry": {"type": "Point", "coordinates": [85.63218416135865, 27.97143844942444]}, "properties": {"sample_id": 1078.0, "longitude": 85.63218416135865, "latitude": 27.97143844942444}}, {"type": "Feature", "geometry": {"type": "Point", "coordinates": [85.62449504670269, 27.97413583311411]}, "properties": {"sample_id": 1079.0, "longitude": 85.62449504670269, "latitude": 27.97413583311411}}, {"type": "Feature", "geometry": {"type": "Point", "coordinates": [85.62638349901773, 27.973464321306302]}, "properties": {"sample_id": 1080.0, "longitude": 85.62638349901773, "latitude": 27.973464321306302}}, {"type": "Feature", "geometry": {"type": "Point", "coordinates": [85.62709801468132, 27.97209105848404]}, "properties": {"sample_id": 1081.0, "longitude": 85.62709801468132, "latitude": 27.97209105848404}}, {"type": "Feature", "geometry": {"type": "Point", "coordinates": [85.62752104226382, 27.97257142642032]}, "properties": {"sample_id": 1082.0, "longitude": 85.62752104226382, "latitude": 27.97257142642032}}, {"type": "Feature", "geometry": {"type": "Point", "coordinates": [85.62799021328287, 27.975863597937145]}, "properties": {"sample_id": 1083.0, "longitude": 85.62799021328287, "latitude": 27.975863597937145}}, {"type": "Feature", "geometry": {"type": "Point", "coordinates": [85.63053934779535, 27.976817397656102]}, "properties": {"sample_id": 1084.0, "longitude": 85.63053934779535, "latitude": 27.976817397656102}}, {"type": "Feature", "geometry": {"type": "Point", "coordinates": [85.61157846280454, 28.01246746624765]}, "properties": {"sample_id": 1086.0, "longitude": 85.61157846280454, "latitude": 28.01246746624765}}, {"type": "Feature", "geometry": {"type": "Point", "coordinates": [85.62082444262842, 28.01115901952346]}, "properties": {"sample_id": 1087.0, "longitude": 85.62082444262842, "latitude": 28.01115901952346}}, {"type": "Feature", "geometry": {"type": "Point", "coordinates": [85.61968656142595, 28.00889009048064]}, "properties": {"sample_id": 1088.0, "longitude": 85.61968656142595, "latitude": 28.00889009048064}}, {"type": "Feature", "geometry": {"type": "Point", "coordinates": [85.60391490782438, 28.011515699801752]}, "properties": {"sample_id": 1089.0, "longitude": 85.60391490782438, "latitude": 28.011515699801752}}, {"type": "Feature", "geometry": {"type": "Point", "coordinates": [85.600837181074, 28.030687997601024]}, "properties": {"sample_id": 1090.0, "longitude": 85.600837181074, "latitude": 28.030687997601024}}, {"type": "Feature", "geometry": {"type": "Point", "coordinates": [85.61702312395475, 28.009396175038404]}, "properties": {"sample_id": 1091.0, "longitude": 85.61702312395475, "latitude": 28.009396175038404}}, {"type": "Feature", "geometry": {"type": "Point", "coordinates": [85.62573461853815, 28.00839357217884]}, "properties": {"sample_id": 1092.0, "longitude": 85.62573461853815, "latitude": 28.00839357217884}}, {"type": "Feature", "geometry": {"type": "Point", "coordinates": [85.59949184606378, 28.031173068589982]}, "properties": {"sample_id": 1093.0, "longitude": 85.59949184606378, "latitude": 28.031173068589982}}, {"type": "Feature", "geometry": {"type": "Point", "coordinates": [85.59691680789409, 28.02772661517284]}, "properties": {"sample_id": 1094.0, "longitude": 85.59691680789409, "latitude": 28.02772661517284}}, {"type": "Feature", "geometry": {"type": "Point", "coordinates": [85.59781297281886, 28.008256599779425]}, "properties": {"sample_id": 1095.0, "longitude": 85.59781297281886, "latitude": 28.008256599779425}}, {"type": "Feature", "geometry": {"type": "Point", "coordinates": [85.60390154295506, 28.00555237787577]}, "properties": {"sample_id": 1096.0, "longitude": 85.60390154295506, "latitude": 28.00555237787577}}, {"type": "Feature", "geometry": {"type": "Point", "coordinates": [85.60825603427064, 28.003522549048924]}, "properties": {"sample_id": 1097.0, "longitude": 85.60825603427064, "latitude": 28.003522549048924}}, {"type": "Feature", "geometry": {"type": "Point", "coordinates": [85.6181378302985, 27.999181121232933]}, "properties": {"sample_id": 1098.0, "longitude": 85.6181378302985, "latitude": 27.999181121232933}}, {"type": "Feature", "geometry": {"type": "Point", "coordinates": [85.61551962590876, 28.000236295501992]}, "properties": {"sample_id": 1099.0, "longitude": 85.61551962590876, "latitude": 28.000236295501992}}, {"type": "Feature", "geometry": {"type": "Point", "coordinates": [85.6151869881589, 27.981573800707658]}, "properties": {"sample_id": 1100.0, "longitude": 85.6151869881589, "latitude": 27.981573800707658}}, {"type": "Feature", "geometry": {"type": "Point", "coordinates": [85.61504404496674, 27.982017877857324]}, "properties": {"sample_id": 1101.0, "longitude": 85.61504404496674, "latitude": 27.982017877857324}}, {"type": "Feature", "geometry": {"type": "Point", "coordinates": [85.61586991470779, 27.98255307410728]}, "properties": {"sample_id": 1102.0, "longitude": 85.61586991470779, "latitude": 27.98255307410728}}, {"type": "Feature", "geometry": {"type": "Point", "coordinates": [85.6180700886886, 27.98276535331303]}, "properties": {"sample_id": 1103.0, "longitude": 85.6180700886886, "latitude": 27.98276535331303}}, {"type": "Feature", "geometry": {"type": "Point", "coordinates": [85.63163469616532, 27.985461179729707]}, "properties": {"sample_id": 1104.0, "longitude": 85.63163469616532, "latitude": 27.985461179729707}}, {"type": "Feature", "geometry": {"type": "Point", "coordinates": [85.62299618350744, 27.9965958931894]}, "properties": {"sample_id": 1105.0, "longitude": 85.62299618350744, "latitude": 27.9965958931894}}, {"type": "Feature", "geometry": {"type": "Point", "coordinates": [85.62159284049572, 27.99862659758862]}, "properties": {"sample_id": 1106.0, "longitude": 85.62159284049572, "latitude": 27.99862659758862}}, {"type": "Feature", "geometry": {"type": "Point", "coordinates": [85.64083666191236, 28.00118092681615]}, "properties": {"sample_id": 1107.0, "longitude": 85.64083666191236, "latitude": 28.00118092681615}}, {"type": "Feature", "geometry": {"type": "Point", "coordinates": [85.65156599993827, 27.98874459753286]}, "properties": {"sample_id": 1108.0, "longitude": 85.65156599993827, "latitude": 27.98874459753286}}, {"type": "Feature", "geometry": {"type": "Point", "coordinates": [85.66382255790496, 28.003703037258404]}, "properties": {"sample_id": 1109.0, "longitude": 85.66382255790496, "latitude": 28.003703037258404}}, {"type": "Feature", "geometry": {"type": "Point", "coordinates": [85.66317535173614, 27.95551060228552]}, "properties": {"sample_id": 1116.0, "longitude": 85.66317535173614, "latitude": 27.95551060228552}}, {"type": "Feature", "geometry": {"type": "Point", "coordinates": [85.66736594406593, 27.9740110393404]}, "properties": {"sample_id": 1117.0, "longitude": 85.66736594406593, "latitude": 27.9740110393404}}, {"type": "Feature", "geometry": {"type": "Point", "coordinates": [85.6660566395297, 27.97617101170397]}, "properties": {"sample_id": 1118.0, "longitude": 85.6660566395297, "latitude": 27.97617101170397}}, {"type": "Feature", "geometry": {"type": "Point", "coordinates": [85.66892816547823, 27.97222372177301]}, "properties": {"sample_id": 1119.0, "longitude": 85.66892816547823, "latitude": 27.97222372177301}}, {"type": "Feature", "geometry": {"type": "Point", "coordinates": [85.6461390189855, 28.01504407739207]}, "properties": {"sample_id": 1122.0, "longitude": 85.6461390189855, "latitude": 28.01504407739207}}, {"type": "Feature", "geometry": {"type": "Point", "coordinates": [85.64479988788572, 28.016198781756657]}, "properties": {"sample_id": 1123.0, "longitude": 85.64479988788572, "latitude": 28.016198781756657}}, {"type": "Feature", "geometry": {"type": "Point", "coordinates": [85.673231618731, 27.99088260909289]}, "properties": {"sample_id": 1124.0, "longitude": 85.673231618731, "latitude": 27.99088260909289}}, {"type": "Feature", "geometry": {"type": "Point", "coordinates": [85.67428848280187, 27.99083922463052]}, "properties": {"sample_id": 1125.0, "longitude": 85.67428848280187, "latitude": 27.99083922463052}}, {"type": "Feature", "geometry": {"type": "Point", "coordinates": [85.66046256618155, 28.001493022232253]}, "properties": {"sample_id": 1127.0, "longitude": 85.66046256618155, "latitude": 28.001493022232253}}, {"type": "Feature", "geometry": {"type": "Point", "coordinates": [85.65292460009033, 27.997566972318644]}, "properties": {"sample_id": 1128.0, "longitude": 85.65292460009033, "latitude": 27.997566972318644}}, {"type": "Feature", "geometry": {"type": "Point", "coordinates": [85.66689296786704, 28.00228893297521]}, "properties": {"sample_id": 1130.0, "longitude": 85.66689296786704, "latitude": 28.00228893297521}}, {"type": "Feature", "geometry": {"type": "Point", "coordinates": [85.66923246123768, 28.00599614152331]}, "properties": {"sample_id": 1131.0, "longitude": 85.66923246123768, "latitude": 28.00599614152331}}, {"type": "Feature", "geometry": {"type": "Point", "coordinates": [85.66632412127187, 28.00481006587269]}, "properties": {"sample_id": 1132.0, "longitude": 85.66632412127187, "latitude": 28.00481006587269}}, {"type": "Feature", "geometry": {"type": "Point", "coordinates": [85.87339552885832, 27.869151840638377]}, "properties": {"sample_id": 1143.0, "longitude": 85.87339552885832, "latitude": 27.869151840638377}}, {"type": "Feature", "geometry": {"type": "Point", "coordinates": [85.87066720038263, 27.86921134554217]}, "properties": {"sample_id": 1144.0, "longitude": 85.87066720038263, "latitude": 27.86921134554217}}, {"type": "Feature", "geometry": {"type": "Point", "coordinates": [85.8720608276748, 27.867768371938336]}, "properties": {"sample_id": 1145.0, "longitude": 85.8720608276748, "latitude": 27.867768371938336}}, {"type": "Feature", "geometry": {"type": "Point", "coordinates": [85.87377344420337, 27.86620568953241]}, "properties": {"sample_id": 1146.0, "longitude": 85.87377344420337, "latitude": 27.86620568953241}}, {"type": "Feature", "geometry": {"type": "Point", "coordinates": [85.87004816547224, 27.85090799187247]}, "properties": {"sample_id": 1147.0, "longitude": 85.87004816547224, "latitude": 27.85090799187247}}, {"type": "Feature", "geometry": {"type": "Point", "coordinates": [85.85998658710929, 27.88242993281217]}, "properties": {"sample_id": 1148.0, "longitude": 85.85998658710929, "latitude": 27.88242993281217}}, {"type": "Feature", "geometry": {"type": "Point", "coordinates": [85.86600631827949, 27.881922288871586]}, "properties": {"sample_id": 1149.0, "longitude": 85.86600631827949, "latitude": 27.881922288871586}}, {"type": "Feature", "geometry": {"type": "Point", "coordinates": [85.86509397472035, 27.88208456718289]}, "properties": {"sample_id": 1150.0, "longitude": 85.86509397472035, "latitude": 27.88208456718289}}, {"type": "Feature", "geometry": {"type": "Point", "coordinates": [85.84564413763086, 27.88560181108046]}, "properties": {"sample_id": 1163.0, "longitude": 85.84564413763086, "latitude": 27.88560181108046}}, {"type": "Feature", "geometry": {"type": "Point", "coordinates": [85.84635254514377, 27.885880076770707]}, "properties": {"sample_id": 1164.0, "longitude": 85.84635254514377, "latitude": 27.885880076770707}}, {"type": "Feature", "geometry": {"type": "Point", "coordinates": [85.84685180027373, 27.886161306718325]}, "properties": {"sample_id": 1165.0, "longitude": 85.84685180027373, "latitude": 27.886161306718325}}, {"type": "Feature", "geometry": {"type": "Point", "coordinates": [85.8488511173265, 27.89717605823669]}, "properties": {"sample_id": 1172.0, "longitude": 85.8488511173265, "latitude": 27.89717605823669}}, {"type": "Feature", "geometry": {"type": "Point", "coordinates": [85.8876815880126, 27.8743384260186]}, "properties": {"sample_id": 1173.0, "longitude": 85.8876815880126, "latitude": 27.8743384260186}}, {"type": "Feature", "geometry": {"type": "Point", "coordinates": [85.90188096565362, 27.877609173610704]}, "properties": {"sample_id": 1174.0, "longitude": 85.90188096565362, "latitude": 27.877609173610704}}, {"type": "Feature", "geometry": {"type": "Point", "coordinates": [85.90301349104088, 27.874269644309976]}, "properties": {"sample_id": 1175.0, "longitude": 85.90301349104088, "latitude": 27.874269644309976}}, {"type": "Feature", "geometry": {"type": "Point", "coordinates": [85.90237507844097, 27.874582313303485]}, "properties": {"sample_id": 1176.0, "longitude": 85.90237507844097, "latitude": 27.874582313303485}}, {"type": "Feature", "geometry": {"type": "Point", "coordinates": [85.90163520708303, 27.87434301209208]}, "properties": {"sample_id": 1177.0, "longitude": 85.90163520708303, "latitude": 27.87434301209208}}, {"type": "Feature", "geometry": {"type": "Point", "coordinates": [85.89600375847832, 27.87438089022511]}, "properties": {"sample_id": 1178.0, "longitude": 85.89600375847832, "latitude": 27.87438089022511}}, {"type": "Feature", "geometry": {"type": "Point", "coordinates": [85.91007859136218, 27.87547365274255]}, "properties": {"sample_id": 1180.0, "longitude": 85.91007859136218, "latitude": 27.87547365274255}}, {"type": "Feature", "geometry": {"type": "Point", "coordinates": [85.90768576397538, 27.87429659694292]}, "properties": {"sample_id": 1181.0, "longitude": 85.90768576397538, "latitude": 27.87429659694292}}, {"type": "Feature", "geometry": {"type": "Point", "coordinates": [85.90765953620287, 27.87209042033844]}, "properties": {"sample_id": 1182.0, "longitude": 85.90765953620287, "latitude": 27.87209042033844}}, {"type": "Feature", "geometry": {"type": "Point", "coordinates": [85.90745283707959, 27.870887521168548]}, "properties": {"sample_id": 1183.0, "longitude": 85.90745283707959, "latitude": 27.870887521168548}}, {"type": "Feature", "geometry": {"type": "Point", "coordinates": [85.90690236346236, 27.870784096784345]}, "properties": {"sample_id": 1184.0, "longitude": 85.90690236346236, "latitude": 27.870784096784345}}, {"type": "Feature", "geometry": {"type": "Point", "coordinates": [85.9107313113691, 27.86867540135337]}, "properties": {"sample_id": 1185.0, "longitude": 85.9107313113691, "latitude": 27.86867540135337}}, {"type": "Feature", "geometry": {"type": "Point", "coordinates": [85.91265066269447, 27.869574330625305]}, "properties": {"sample_id": 1186.0, "longitude": 85.91265066269447, "latitude": 27.869574330625305}}, {"type": "Feature", "geometry": {"type": "Point", "coordinates": [85.91052939799633, 27.870836570184785]}, "properties": {"sample_id": 1187.0, "longitude": 85.91052939799633, "latitude": 27.870836570184785}}, {"type": "Feature", "geometry": {"type": "Point", "coordinates": [85.91168303751613, 27.871682621934124]}, "properties": {"sample_id": 1188.0, "longitude": 85.91168303751613, "latitude": 27.871682621934124}}, {"type": "Feature", "geometry": {"type": "Point", "coordinates": [85.9180139678818, 27.878508822148564]}, "properties": {"sample_id": 1189.0, "longitude": 85.9180139678818, "latitude": 27.878508822148564}}, {"type": "Feature", "geometry": {"type": "Point", "coordinates": [85.91623587493523, 27.87966859614773]}, "properties": {"sample_id": 1190.0, "longitude": 85.91623587493523, "latitude": 27.87966859614773}}, {"type": "Feature", "geometry": {"type": "Point", "coordinates": [85.92596082429428, 27.87379118748204]}, "properties": {"sample_id": 1191.0, "longitude": 85.92596082429428, "latitude": 27.87379118748204}}, {"type": "Feature", "geometry": {"type": "Point", "coordinates": [85.93436420591388, 27.87091230126007]}, "properties": {"sample_id": 1192.0, "longitude": 85.93436420591388, "latitude": 27.87091230126007}}, {"type": "Feature", "geometry": {"type": "Point", "coordinates": [85.93486615894047, 27.87117169828003]}, "properties": {"sample_id": 1193.0, "longitude": 85.93486615894047, "latitude": 27.87117169828003}}, {"type": "Feature", "geometry": {"type": "Point", "coordinates": [85.94123910381347, 27.869435629213893]}, "properties": {"sample_id": 1194.0, "longitude": 85.94123910381347, "latitude": 27.869435629213893}}, {"type": "Feature", "geometry": {"type": "Point", "coordinates": [85.93832036755359, 27.87110062671232]}, "properties": {"sample_id": 1195.0, "longitude": 85.93832036755359, "latitude": 27.87110062671232}}, {"type": "Feature", "geometry": {"type": "Point", "coordinates": [85.94746903576079, 27.867968281018687]}, "properties": {"sample_id": 1196.0, "longitude": 85.94746903576079, "latitude": 27.867968281018687}}, {"type": "Feature", "geometry": {"type": "Point", "coordinates": [85.9514362281984, 27.865010800438057]}, "properties": {"sample_id": 1197.0, "longitude": 85.9514362281984, "latitude": 27.865010800438057}}, {"type": "Feature", "geometry": {"type": "Point", "coordinates": [85.94952474425756, 27.86591986466731]}, "properties": {"sample_id": 1198.0, "longitude": 85.94952474425756, "latitude": 27.86591986466731}}, {"type": "Feature", "geometry": {"type": "Point", "coordinates": [85.96157165224233, 27.85187230843655]}, "properties": {"sample_id": 1199.0, "longitude": 85.96157165224233, "latitude": 27.85187230843655}}, {"type": "Feature", "geometry": {"type": "Point", "coordinates": [85.94127859411176, 27.863706510913183]}, "properties": {"sample_id": 1200.0, "longitude": 85.94127859411176, "latitude": 27.863706510913183}}, {"type": "Feature", "geometry": {"type": "Point", "coordinates": [85.94055608055088, 27.863055393048725]}, "properties": {"sample_id": 1201.0, "longitude": 85.94055608055088, "latitude": 27.863055393048725}}, {"type": "Feature", "geometry": {"type": "Point", "coordinates": [85.90023980685919, 27.86520436200604]}, "properties": {"sample_id": 1202.0, "longitude": 85.90023980685919, "latitude": 27.86520436200604}}, {"type": "Feature", "geometry": {"type": "Point", "coordinates": [85.90174579441691, 27.86761088009401]}, "properties": {"sample_id": 1203.0, "longitude": 85.90174579441691, "latitude": 27.86761088009401}}, {"type": "Feature", "geometry": {"type": "Point", "coordinates": [85.90685479680162, 27.87834365114036]}, "properties": {"sample_id": 1204.0, "longitude": 85.90685479680162, "latitude": 27.87834365114036}}, {"type": "Feature", "geometry": {"type": "Point", "coordinates": [85.90363404251096, 27.868694349224604]}, "properties": {"sample_id": 1205.0, "longitude": 85.90363404251096, "latitude": 27.868694349224604}}, {"type": "Feature", "geometry": {"type": "Point", "coordinates": [85.90198949196801, 27.870013190161025]}, "properties": {"sample_id": 1206.0, "longitude": 85.90198949196801, "latitude": 27.870013190161025}}, {"type": "Feature", "geometry": {"type": "Point", "coordinates": [85.90510172653362, 27.858687600847663]}, "properties": {"sample_id": 1207.0, "longitude": 85.90510172653362, "latitude": 27.858687600847663}}, {"type": "Feature", "geometry": {"type": "Point", "coordinates": [85.8725116470977, 27.88379939778824]}, "properties": {"sample_id": 1208.0, "longitude": 85.8725116470977, "latitude": 27.88379939778824}}, {"type": "Feature", "geometry": {"type": "Point", "coordinates": [85.8717853308399, 27.880886470060453]}, "properties": {"sample_id": 1209.0, "longitude": 85.8717853308399, "latitude": 27.880886470060453}}, {"type": "Feature", "geometry": {"type": "Point", "coordinates": [85.87326318381945, 27.88020628125348]}, "properties": {"sample_id": 1210.0, "longitude": 85.87326318381945, "latitude": 27.88020628125348}}, {"type": "Feature", "geometry": {"type": "Point", "coordinates": [85.87559472629314, 27.88171539684272]}, "properties": {"sample_id": 1211.0, "longitude": 85.87559472629314, "latitude": 27.88171539684272}}, {"type": "Feature", "geometry": {"type": "Point", "coordinates": [85.87500387833919, 27.89181630150584]}, "properties": {"sample_id": 1213.0, "longitude": 85.87500387833919, "latitude": 27.89181630150584}}, {"type": "Feature", "geometry": {"type": "Point", "coordinates": [85.87775886301843, 27.8777741379738]}, "properties": {"sample_id": 1214.0, "longitude": 85.87775886301843, "latitude": 27.8777741379738}}, {"type": "Feature", "geometry": {"type": "Point", "coordinates": [85.89703546822574, 27.87908808830288]}, "properties": {"sample_id": 1215.0, "longitude": 85.89703546822574, "latitude": 27.87908808830288}}, {"type": "Feature", "geometry": {"type": "Point", "coordinates": [85.90049253801283, 27.8793508181366]}, "properties": {"sample_id": 1216.0, "longitude": 85.90049253801283, "latitude": 27.8793508181366}}, {"type": "Feature", "geometry": {"type": "Point", "coordinates": [85.90533197567595, 27.88390605622048]}, "properties": {"sample_id": 1217.0, "longitude": 85.90533197567595, "latitude": 27.88390605622048}}, {"type": "Feature", "geometry": {"type": "Point", "coordinates": [85.90740843964723, 27.88299688287353]}, "properties": {"sample_id": 1218.0, "longitude": 85.90740843964723, "latitude": 27.88299688287353}}, {"type": "Feature", "geometry": {"type": "Point", "coordinates": [85.90889977507572, 27.88514182249381]}, "properties": {"sample_id": 1219.0, "longitude": 85.90889977507572, "latitude": 27.88514182249381}}, {"type": "Feature", "geometry": {"type": "Point", "coordinates": [85.90620933067459, 27.900221140358926]}, "properties": {"sample_id": 1220.0, "longitude": 85.90620933067459, "latitude": 27.900221140358926}}, {"type": "Feature", "geometry": {"type": "Point", "coordinates": [85.91115694516294, 27.89874385208569]}, "properties": {"sample_id": 1221.0, "longitude": 85.91115694516294, "latitude": 27.89874385208569}}, {"type": "Feature", "geometry": {"type": "Point", "coordinates": [85.89677119314618, 27.89322099414437]}, "properties": {"sample_id": 1223.0, "longitude": 85.89677119314618, "latitude": 27.89322099414437}}, {"type": "Feature", "geometry": {"type": "Point", "coordinates": [85.86778034842439, 27.891755231837173]}, "properties": {"sample_id": 1224.0, "longitude": 85.86778034842439, "latitude": 27.891755231837173}}, {"type": "Feature", "geometry": {"type": "Point", "coordinates": [85.86032778391555, 27.88902250863785]}, "properties": {"sample_id": 1225.0, "longitude": 85.86032778391555, "latitude": 27.88902250863785}}, {"type": "Feature", "geometry": {"type": "Point", "coordinates": [85.87030336402343, 27.884738379870992]}, "properties": {"sample_id": 1226.0, "longitude": 85.87030336402343, "latitude": 27.884738379870992}}, {"type": "Feature", "geometry": {"type": "Point", "coordinates": [85.87044823213698, 27.885455609227296]}, "properties": {"sample_id": 1227.0, "longitude": 85.87044823213698, "latitude": 27.885455609227296}}, {"type": "Feature", "geometry": {"type": "Point", "coordinates": [85.86867774163063, 27.886224788259195]}, "properties": {"sample_id": 1228.0, "longitude": 85.86867774163063, "latitude": 27.886224788259195}}, {"type": "Feature", "geometry": {"type": "Point", "coordinates": [85.86932490538335, 27.885870438898007]}, "properties": {"sample_id": 1229.0, "longitude": 85.86932490538335, "latitude": 27.885870438898007}}, {"type": "Feature", "geometry": {"type": "Point", "coordinates": [85.86949807269664, 27.88663915469391]}, "properties": {"sample_id": 1230.0, "longitude": 85.86949807269664, "latitude": 27.88663915469391}}, {"type": "Feature", "geometry": {"type": "Point", "coordinates": [85.86644543529295, 27.88399417896977]}, "properties": {"sample_id": 1231.0, "longitude": 85.86644543529295, "latitude": 27.88399417896977}}, {"type": "Feature", "geometry": {"type": "Point", "coordinates": [85.89329308042545, 27.87945155784731]}, "properties": {"sample_id": 1232.0, "longitude": 85.89329308042545, "latitude": 27.87945155784731}}, {"type": "Feature", "geometry": {"type": "Point", "coordinates": [85.88891395325508, 27.879788218035053]}, "properties": {"sample_id": 1233.0, "longitude": 85.88891395325508, "latitude": 27.879788218035053}}, {"type": "Feature", "geometry": {"type": "Point", "coordinates": [85.93118715494379, 27.902107146677963]}, "properties": {"sample_id": 1234.0, "longitude": 85.93118715494379, "latitude": 27.902107146677963}}, {"type": "Feature", "geometry": {"type": "Point", "coordinates": [85.93101412174448, 27.90025848875241]}, "properties": {"sample_id": 1236.0, "longitude": 85.93101412174448, "latitude": 27.90025848875241}}, {"type": "Feature", "geometry": {"type": "Point", "coordinates": [85.93168716944861, 27.89801265577473]}, "properties": {"sample_id": 1237.0, "longitude": 85.93168716944861, "latitude": 27.89801265577473}}, {"type": "Feature", "geometry": {"type": "Point", "coordinates": [85.93141861133095, 27.89678003662564]}, "properties": {"sample_id": 1238.0, "longitude": 85.93141861133095, "latitude": 27.89678003662564}}, {"type": "Feature", "geometry": {"type": "Point", "coordinates": [85.93322225050753, 27.894467804190583]}, "properties": {"sample_id": 1239.0, "longitude": 85.93322225050753, "latitude": 27.894467804190583}}, {"type": "Feature", "geometry": {"type": "Point", "coordinates": [85.94196239146748, 27.883712253075487]}, "properties": {"sample_id": 1240.0, "longitude": 85.94196239146748, "latitude": 27.883712253075487}}, {"type": "Feature", "geometry": {"type": "Point", "coordinates": [85.94231438525446, 27.88261627895314]}, "properties": {"sample_id": 1241.0, "longitude": 85.94231438525446, "latitude": 27.88261627895314}}, {"type": "Feature", "geometry": {"type": "Point", "coordinates": [85.94454378789878, 27.88334784759564]}, "properties": {"sample_id": 1242.0, "longitude": 85.94454378789878, "latitude": 27.88334784759564}}, {"type": "Feature", "geometry": {"type": "Point", "coordinates": [85.94637291851186, 27.88000334708332]}, "properties": {"sample_id": 1243.0, "longitude": 85.94637291851186, "latitude": 27.88000334708332}}, {"type": "Feature", "geometry": {"type": "Point", "coordinates": [85.94548430207983, 27.87827913571488]}, "properties": {"sample_id": 1244.0, "longitude": 85.94548430207983, "latitude": 27.87827913571488}}, {"type": "Feature", "geometry": {"type": "Point", "coordinates": [85.94903876336343, 27.868822601728503]}, "properties": {"sample_id": 1245.0, "longitude": 85.94903876336343, "latitude": 27.868822601728503}}, {"type": "Feature", "geometry": {"type": "Point", "coordinates": [85.9486210992655, 27.87001444235964]}, "properties": {"sample_id": 1246.0, "longitude": 85.9486210992655, "latitude": 27.87001444235964}}, {"type": "Feature", "geometry": {"type": "Point", "coordinates": [85.9459845167137, 27.872896281357857]}, "properties": {"sample_id": 1247.0, "longitude": 85.9459845167137, "latitude": 27.872896281357857}}, {"type": "Feature", "geometry": {"type": "Point", "coordinates": [85.93058254904895, 27.876117022469785]}, "properties": {"sample_id": 1248.0, "longitude": 85.93058254904895, "latitude": 27.876117022469785}}, {"type": "Feature", "geometry": {"type": "Point", "coordinates": [85.91554778051783, 27.88339409803917]}, "properties": {"sample_id": 1249.0, "longitude": 85.91554778051783, "latitude": 27.88339409803917}}, {"type": "Feature", "geometry": {"type": "Point", "coordinates": [85.9148859682565, 27.88401269978808]}, "properties": {"sample_id": 1250.0, "longitude": 85.9148859682565, "latitude": 27.88401269978808}}, {"type": "Feature", "geometry": {"type": "Point", "coordinates": [85.91678325606493, 27.881559604312475]}, "properties": {"sample_id": 1251.0, "longitude": 85.91678325606493, "latitude": 27.881559604312475}}, {"type": "Feature", "geometry": {"type": "Point", "coordinates": [85.91795596449474, 27.880403433613385]}, "properties": {"sample_id": 1252.0, "longitude": 85.91795596449474, "latitude": 27.880403433613385}}, {"type": "Feature", "geometry": {"type": "Point", "coordinates": [85.94608640741478, 27.87451317105233]}, "properties": {"sample_id": 1253.0, "longitude": 85.94608640741478, "latitude": 27.87451317105233}}, {"type": "Feature", "geometry": {"type": "Point", "coordinates": [85.94775939056484, 27.872384988569763]}, "properties": {"sample_id": 1254.0, "longitude": 85.94775939056484, "latitude": 27.872384988569763}}, {"type": "Feature", "geometry": {"type": "Point", "coordinates": [85.95043608139069, 27.87043455928798]}, "properties": {"sample_id": 1255.0, "longitude": 85.95043608139069, "latitude": 27.87043455928798}}, {"type": "Feature", "geometry": {"type": "Point", "coordinates": [85.9508765150719, 27.869660984602767]}, "properties": {"sample_id": 1256.0, "longitude": 85.9508765150719, "latitude": 27.869660984602767}}, {"type": "Feature", "geometry": {"type": "Point", "coordinates": [85.95974598040067, 27.86848072100836]}, "properties": {"sample_id": 1257.0, "longitude": 85.95974598040067, "latitude": 27.86848072100836}}, {"type": "Feature", "geometry": {"type": "Point", "coordinates": [85.96080881872878, 27.866290828270824]}, "properties": {"sample_id": 1258.0, "longitude": 85.96080881872878, "latitude": 27.866290828270824}}, {"type": "Feature", "geometry": {"type": "Point", "coordinates": [85.96405845095761, 27.86755167897109]}, "properties": {"sample_id": 1259.0, "longitude": 85.96405845095761, "latitude": 27.86755167897109}}, {"type": "Feature", "geometry": {"type": "Point", "coordinates": [85.96894597758103, 27.86911476784257]}, "properties": {"sample_id": 1260.0, "longitude": 85.96894597758103, "latitude": 27.86911476784257}}, {"type": "Feature", "geometry": {"type": "Point", "coordinates": [85.96810383820863, 27.87166728809551]}, "properties": {"sample_id": 1261.0, "longitude": 85.96810383820863, "latitude": 27.87166728809551}}, {"type": "Feature", "geometry": {"type": "Point", "coordinates": [85.95816669815751, 27.909025098722225]}, "properties": {"sample_id": 1262.0, "longitude": 85.95816669815751, "latitude": 27.909025098722225}}, {"type": "Feature", "geometry": {"type": "Point", "coordinates": [85.95643937752742, 27.91272037959352]}, "properties": {"sample_id": 1263.0, "longitude": 85.95643937752742, "latitude": 27.91272037959352}}, {"type": "Feature", "geometry": {"type": "Point", "coordinates": [85.95712358396261, 27.91114974498214]}, "properties": {"sample_id": 1264.0, "longitude": 85.95712358396261, "latitude": 27.91114974498214}}, {"type": "Feature", "geometry": {"type": "Point", "coordinates": [85.4892068780708, 27.864232272043623]}, "properties": {"sample_id": 1265.0, "longitude": 85.4892068780708, "latitude": 27.864232272043623}}, {"type": "Feature", "geometry": {"type": "Point", "coordinates": [85.48939698736523, 27.864139682058948]}, "properties": {"sample_id": 1266.0, "longitude": 85.48939698736523, "latitude": 27.864139682058948}}, {"type": "Feature", "geometry": {"type": "Point", "coordinates": [85.49010649365654, 27.86450967534231]}, "properties": {"sample_id": 1267.0, "longitude": 85.49010649365654, "latitude": 27.86450967534231}}, {"type": "Feature", "geometry": {"type": "Point", "coordinates": [85.48979496436313, 27.864079839156584]}, "properties": {"sample_id": 1268.0, "longitude": 85.48979496436313, "latitude": 27.864079839156584}}, {"type": "Feature", "geometry": {"type": "Point", "coordinates": [85.49023381438708, 27.86341417823889]}, "properties": {"sample_id": 1269.0, "longitude": 85.49023381438708, "latitude": 27.86341417823889}}, {"type": "Feature", "geometry": {"type": "Point", "coordinates": [85.48708260565782, 27.86422720585396]}, "properties": {"sample_id": 1270.0, "longitude": 85.48708260565782, "latitude": 27.86422720585396}}, {"type": "Feature", "geometry": {"type": "Point", "coordinates": [85.7882739404903, 27.997994701088786]}, "properties": {"sample_id": 1271.0, "longitude": 85.7882739404903, "latitude": 27.997994701088786}}, {"type": "Feature", "geometry": {"type": "Point", "coordinates": [85.7859926047759, 28.005188915821822]}, "properties": {"sample_id": 1272.0, "longitude": 85.7859926047759, "latitude": 28.005188915821822}}, {"type": "Feature", "geometry": {"type": "Point", "coordinates": [85.65955823681871, 27.966054177544567]}, "properties": {"sample_id": 1280.0, "longitude": 85.65955823681871, "latitude": 27.966054177544567}}, {"type": "Feature", "geometry": {"type": "Point", "coordinates": [85.66321470889696, 27.966840804512263]}, "properties": {"sample_id": 1281.0, "longitude": 85.66321470889696, "latitude": 27.966840804512263}}, {"type": "Feature", "geometry": {"type": "Point", "coordinates": [85.66148217774608, 27.967310686901143]}, "properties": {"sample_id": 1282.0, "longitude": 85.66148217774608, "latitude": 27.967310686901143}}, {"type": "Feature", "geometry": {"type": "Point", "coordinates": [85.70785300450076, 27.750648609576672]}, "properties": {"sample_id": 1285.0, "longitude": 85.70785300450076, "latitude": 27.750648609576672}}, {"type": "Feature", "geometry": {"type": "Point", "coordinates": [85.70795647584227, 27.7499593606906]}, "properties": {"sample_id": 1286.0, "longitude": 85.70795647584227, "latitude": 27.7499593606906}}, {"type": "Feature", "geometry": {"type": "Point", "coordinates": [85.70896133129015, 27.74965720114756]}, "properties": {"sample_id": 1287.0, "longitude": 85.70896133129015, "latitude": 27.74965720114756}}, {"type": "Feature", "geometry": {"type": "Point", "coordinates": [85.70876125433446, 27.749248603671383]}, "properties": {"sample_id": 1288.0, "longitude": 85.70876125433446, "latitude": 27.749248603671383}}, {"type": "Feature", "geometry": {"type": "Point", "coordinates": [85.67615251265866, 27.75804495678515]}, "properties": {"sample_id": 1289.0, "longitude": 85.67615251265866, "latitude": 27.75804495678515}}, {"type": "Feature", "geometry": {"type": "Point", "coordinates": [85.67579129497496, 27.763836944407387]}, "properties": {"sample_id": 1290.0, "longitude": 85.67579129497496, "latitude": 27.763836944407387}}, {"type": "Feature", "geometry": {"type": "Point", "coordinates": [85.68274616264387, 27.76316987230065]}, "properties": {"sample_id": 1291.0, "longitude": 85.68274616264387, "latitude": 27.76316987230065}}, {"type": "Feature", "geometry": {"type": "Point", "coordinates": [85.77906547762538, 28.09747487672773]}, "properties": {"sample_id": 1294.0, "longitude": 85.77906547762538, "latitude": 28.09747487672773}}, {"type": "Feature", "geometry": {"type": "Point", "coordinates": [85.78751784846087, 28.108260734398343]}, "properties": {"sample_id": 1301.0, "longitude": 85.78751784846087, "latitude": 28.108260734398343}}, {"type": "Feature", "geometry": {"type": "Point", "coordinates": [85.78779892561191, 28.109771356153367]}, "properties": {"sample_id": 1302.0, "longitude": 85.78779892561191, "latitude": 28.109771356153367}}, {"type": "Feature", "geometry": {"type": "Point", "coordinates": [85.7898680631824, 28.11007218224676]}, "properties": {"sample_id": 1308.0, "longitude": 85.7898680631824, "latitude": 28.11007218224676}}, {"type": "Feature", "geometry": {"type": "Point", "coordinates": [85.8270274120825, 28.01090085491704]}, "properties": {"sample_id": 1312.0, "longitude": 85.8270274120825, "latitude": 28.01090085491704}}, {"type": "Feature", "geometry": {"type": "Point", "coordinates": [85.83235872689549, 28.014380637851925]}, "properties": {"sample_id": 1313.0, "longitude": 85.83235872689549, "latitude": 28.014380637851925}}, {"type": "Feature", "geometry": {"type": "Point", "coordinates": [85.83118313387656, 28.016774354428275]}, "properties": {"sample_id": 1314.0, "longitude": 85.83118313387656, "latitude": 28.016774354428275}}, {"type": "Feature", "geometry": {"type": "Point", "coordinates": [85.82855597454487, 28.01391300355812]}, "properties": {"sample_id": 1315.0, "longitude": 85.82855597454487, "latitude": 28.01391300355812}}, {"type": "Feature", "geometry": {"type": "Point", "coordinates": [85.82962509320556, 28.018827369666667]}, "properties": {"sample_id": 1316.0, "longitude": 85.82962509320556, "latitude": 28.018827369666667}}, {"type": "Feature", "geometry": {"type": "Point", "coordinates": [85.80226829896242, 27.99641714342204]}, "properties": {"sample_id": 1319.0, "longitude": 85.80226829896242, "latitude": 27.99641714342204}}, {"type": "Feature", "geometry": {"type": "Point", "coordinates": [85.79864485169173, 27.99510406408576]}, "properties": {"sample_id": 1320.0, "longitude": 85.79864485169173, "latitude": 27.99510406408576}}, {"type": "Feature", "geometry": {"type": "Point", "coordinates": [85.76655996067275, 28.056920891840907]}, "properties": {"sample_id": 1324.0, "longitude": 85.76655996067275, "latitude": 28.056920891840907}}, {"type": "Feature", "geometry": {"type": "Point", "coordinates": [85.77090727319148, 28.055787245066146]}, "properties": {"sample_id": 1325.0, "longitude": 85.77090727319148, "latitude": 28.055787245066146}}, {"type": "Feature", "geometry": {"type": "Point", "coordinates": [85.62960558483054, 27.936942835103807]}, "properties": {"sample_id": 1328.0, "longitude": 85.62960558483054, "latitude": 27.936942835103807}}, {"type": "Feature", "geometry": {"type": "Point", "coordinates": [85.59380158540561, 28.024054410603032]}, "properties": {"sample_id": 1329.0, "longitude": 85.59380158540561, "latitude": 28.024054410603032}}, {"type": "Feature", "geometry": {"type": "Point", "coordinates": [85.59233217521914, 28.033738765423102]}, "properties": {"sample_id": 1330.0, "longitude": 85.59233217521914, "latitude": 28.033738765423102}}, {"type": "Feature", "geometry": {"type": "Point", "coordinates": [85.59115073689982, 28.032956940219023]}, "properties": {"sample_id": 1331.0, "longitude": 85.59115073689982, "latitude": 28.032956940219023}}, {"type": "Feature", "geometry": {"type": "Point", "coordinates": [85.59165302682527, 28.029579340270736]}, "properties": {"sample_id": 1332.0, "longitude": 85.59165302682527, "latitude": 28.029579340270736}}, {"type": "Feature", "geometry": {"type": "Point", "coordinates": [85.58169310350776, 28.03303849663033]}, "properties": {"sample_id": 1333.0, "longitude": 85.58169310350776, "latitude": 28.03303849663033}}, {"type": "Feature", "geometry": {"type": "Point", "coordinates": [85.62757235562523, 27.97441756736801]}, "properties": {"sample_id": 1334.0, "longitude": 85.62757235562523, "latitude": 27.97441756736801}}, {"type": "Feature", "geometry": {"type": "Point", "coordinates": [85.62812371063845, 27.97491260524356]}, "properties": {"sample_id": 1335.0, "longitude": 85.62812371063845, "latitude": 27.97491260524356}}, {"type": "Feature", "geometry": {"type": "Point", "coordinates": [85.5920215793238, 28.00689840223]}, "properties": {"sample_id": 1336.0, "longitude": 85.5920215793238, "latitude": 28.00689840223}}, {"type": "Feature", "geometry": {"type": "Point", "coordinates": [85.59291126148415, 28.007104897349755]}, "properties": {"sample_id": 1337.0, "longitude": 85.59291126148415, "latitude": 28.007104897349755}}, {"type": "Feature", "geometry": {"type": "Point", "coordinates": [85.58559752161331, 28.00440073381087]}, "properties": {"sample_id": 1338.0, "longitude": 85.58559752161331, "latitude": 28.00440073381087}}, {"type": "Feature", "geometry": {"type": "Point", "coordinates": [85.58905601119808, 28.003183903126548]}, "properties": {"sample_id": 1339.0, "longitude": 85.58905601119808, "latitude": 28.003183903126548}}, {"type": "Feature", "geometry": {"type": "Point", "coordinates": [85.63179473441565, 27.99155994557817]}, "properties": {"sample_id": 1340.0, "longitude": 85.63179473441565, "latitude": 27.99155994557817}}, {"type": "Feature", "geometry": {"type": "Point", "coordinates": [85.62900342323962, 27.99635859174744]}, "properties": {"sample_id": 1341.0, "longitude": 85.62900342323962, "latitude": 27.99635859174744}}, {"type": "Feature", "geometry": {"type": "Point", "coordinates": [85.59634251555647, 28.016341275678545]}, "properties": {"sample_id": 1342.0, "longitude": 85.59634251555647, "latitude": 28.016341275678545}}, {"type": "Feature", "geometry": {"type": "Point", "coordinates": [85.59796429625287, 28.01368356606953]}, "properties": {"sample_id": 1343.0, "longitude": 85.59796429625287, "latitude": 28.01368356606953}}, {"type": "Feature", "geometry": {"type": "Point", "coordinates": [85.6626442193543, 27.99913772205616]}, "properties": {"sample_id": 1349.0, "longitude": 85.6626442193543, "latitude": 27.99913772205616}}, {"type": "Feature", "geometry": {"type": "Point", "coordinates": [85.51613461122638, 27.97307710044046]}, "properties": {"sample_id": 1354.0, "longitude": 85.51613461122638, "latitude": 27.97307710044046}}, {"type": "Feature", "geometry": {"type": "Point", "coordinates": [85.52000179184326, 27.973638132581485]}, "properties": {"sample_id": 1355.0, "longitude": 85.52000179184326, "latitude": 27.973638132581485}}, {"type": "Feature", "geometry": {"type": "Point", "coordinates": [85.52145765471812, 27.97420590590029]}, "properties": {"sample_id": 1356.0, "longitude": 85.52145765471812, "latitude": 27.97420590590029}}, {"type": "Feature", "geometry": {"type": "Point", "coordinates": [85.52104603680806, 27.976091542574576]}, "properties": {"sample_id": 1357.0, "longitude": 85.52104603680806, "latitude": 27.976091542574576}}, {"type": "Feature", "geometry": {"type": "Point", "coordinates": [85.52306867805515, 27.975667341220365]}, "properties": {"sample_id": 1358.0, "longitude": 85.52306867805515, "latitude": 27.975667341220365}}, {"type": "Feature", "geometry": {"type": "Point", "coordinates": [85.56301368555641, 27.98686451829776]}, "properties": {"sample_id": 1359.0, "longitude": 85.56301368555641, "latitude": 27.98686451829776}}, {"type": "Feature", "geometry": {"type": "Point", "coordinates": [85.5647047398843, 27.987498697932644]}, "properties": {"sample_id": 1360.0, "longitude": 85.5647047398843, "latitude": 27.987498697932644}}, {"type": "Feature", "geometry": {"type": "Point", "coordinates": [85.56536096821492, 27.98923217528213]}, "properties": {"sample_id": 1361.0, "longitude": 85.56536096821492, "latitude": 27.98923217528213}}, {"type": "Feature", "geometry": {"type": "Point", "coordinates": [85.53974245108007, 27.99279746045538]}, "properties": {"sample_id": 1362.0, "longitude": 85.53974245108007, "latitude": 27.99279746045538}}, {"type": "Feature", "geometry": {"type": "Point", "coordinates": [85.55313749597622, 28.01163742891151]}, "properties": {"sample_id": 1368.0, "longitude": 85.55313749597622, "latitude": 28.01163742891151}}, {"type": "Feature", "geometry": {"type": "Point", "coordinates": [85.55646333730189, 28.006004795566355]}, "properties": {"sample_id": 1369.0, "longitude": 85.55646333730189, "latitude": 28.006004795566355}}, {"type": "Feature", "geometry": {"type": "Point", "coordinates": [85.55802048487276, 28.00683329577921]}, "properties": {"sample_id": 1370.0, "longitude": 85.55802048487276, "latitude": 28.00683329577921}}, {"type": "Feature", "geometry": {"type": "Point", "coordinates": [85.54376850699214, 28.011299997500384]}, "properties": {"sample_id": 1371.0, "longitude": 85.54376850699214, "latitude": 28.011299997500384}}, {"type": "Feature", "geometry": {"type": "Point", "coordinates": [85.54337361326375, 28.00704802849415]}, "properties": {"sample_id": 1372.0, "longitude": 85.54337361326375, "latitude": 28.00704802849415}}, {"type": "Feature", "geometry": {"type": "Point", "coordinates": [85.54188739251923, 28.007086855197887]}, "properties": {"sample_id": 1373.0, "longitude": 85.54188739251923, "latitude": 28.007086855197887}}, {"type": "Feature", "geometry": {"type": "Point", "coordinates": [85.54236259656503, 28.007281917574613]}, "properties": {"sample_id": 1374.0, "longitude": 85.54236259656503, "latitude": 28.007281917574613}}, {"type": "Feature", "geometry": {"type": "Point", "coordinates": [85.52304450331441, 28.00123087589065]}, "properties": {"sample_id": 1375.0, "longitude": 85.52304450331441, "latitude": 28.00123087589065}}, {"type": "Feature", "geometry": {"type": "Point", "coordinates": [85.52064382167578, 27.993340525687685]}, "properties": {"sample_id": 1376.0, "longitude": 85.52064382167578, "latitude": 27.993340525687685}}, {"type": "Feature", "geometry": {"type": "Point", "coordinates": [85.49991886155817, 27.99379165001636]}, "properties": {"sample_id": 1377.0, "longitude": 85.49991886155817, "latitude": 27.99379165001636}}, {"type": "Feature", "geometry": {"type": "Point", "coordinates": [85.51148061823604, 28.022614495114443]}, "properties": {"sample_id": 1378.0, "longitude": 85.51148061823604, "latitude": 28.022614495114443}}, {"type": "Feature", "geometry": {"type": "Point", "coordinates": [85.51015617774615, 28.02476834256094]}, "properties": {"sample_id": 1380.0, "longitude": 85.51015617774615, "latitude": 28.02476834256094}}, {"type": "Feature", "geometry": {"type": "Point", "coordinates": [85.50929180884154, 28.02466368813524]}, "properties": {"sample_id": 1381.0, "longitude": 85.50929180884154, "latitude": 28.02466368813524}}, {"type": "Feature", "geometry": {"type": "Point", "coordinates": [85.511195778223, 28.024870628685484]}, "properties": {"sample_id": 1382.0, "longitude": 85.511195778223, "latitude": 28.024870628685484}}, {"type": "Feature", "geometry": {"type": "Point", "coordinates": [85.51480693909362, 28.02373237429905]}, "properties": {"sample_id": 1383.0, "longitude": 85.51480693909362, "latitude": 28.02373237429905}}, {"type": "Feature", "geometry": {"type": "Point", "coordinates": [85.51489350427634, 28.0245104668081]}, "properties": {"sample_id": 1384.0, "longitude": 85.51489350427634, "latitude": 28.0245104668081}}, {"type": "Feature", "geometry": {"type": "Point", "coordinates": [85.5296465339668, 28.017366917267086]}, "properties": {"sample_id": 1385.0, "longitude": 85.5296465339668, "latitude": 28.017366917267086}}, {"type": "Feature", "geometry": {"type": "Point", "coordinates": [85.52861112828417, 28.017299941563607]}, "properties": {"sample_id": 1386.0, "longitude": 85.52861112828417, "latitude": 28.017299941563607}}, {"type": "Feature", "geometry": {"type": "Point", "coordinates": [85.52908339645403, 28.01627138652144]}, "properties": {"sample_id": 1387.0, "longitude": 85.52908339645403, "latitude": 28.01627138652144}}, {"type": "Feature", "geometry": {"type": "Point", "coordinates": [85.50994964018184, 28.01932698236141]}, "properties": {"sample_id": 1388.0, "longitude": 85.50994964018184, "latitude": 28.01932698236141}}, {"type": "Feature", "geometry": {"type": "Point", "coordinates": [85.5079134146701, 28.02014847273057]}, "properties": {"sample_id": 1389.0, "longitude": 85.5079134146701, "latitude": 28.02014847273057}}, {"type": "Feature", "geometry": {"type": "Point", "coordinates": [85.50762791608128, 28.022200814511404]}, "properties": {"sample_id": 1390.0, "longitude": 85.50762791608128, "latitude": 28.022200814511404}}, {"type": "Feature", "geometry": {"type": "Point", "coordinates": [85.97503217757493, 27.870134616204503]}, "properties": {"sample_id": 1422.0, "longitude": 85.97503217757493, "latitude": 27.870134616204503}}, {"type": "Feature", "geometry": {"type": "Point", "coordinates": [85.97159925063943, 27.86876595886904]}, "properties": {"sample_id": 1423.0, "longitude": 85.97159925063943, "latitude": 27.86876595886904}}, {"type": "Feature", "geometry": {"type": "Point", "coordinates": [85.9721307998537, 27.8688500129257]}, "properties": {"sample_id": 1424.0, "longitude": 85.9721307998537, "latitude": 27.8688500129257}}, {"type": "Feature", "geometry": {"type": "Point", "coordinates": [85.9634759603246, 27.87118921374004]}, "properties": {"sample_id": 1425.0, "longitude": 85.9634759603246, "latitude": 27.87118921374004}}, {"type": "Feature", "geometry": {"type": "Point", "coordinates": [85.92413601419364, 27.90639874257202]}, "properties": {"sample_id": 1427.0, "longitude": 85.92413601419364, "latitude": 27.90639874257202}}, {"type": "Feature", "geometry": {"type": "Point", "coordinates": [85.93056983118913, 27.914116011536613]}, "properties": {"sample_id": 1428.0, "longitude": 85.93056983118913, "latitude": 27.914116011536613}}, {"type": "Feature", "geometry": {"type": "Point", "coordinates": [85.93043108353415, 27.912360053035574]}, "properties": {"sample_id": 1429.0, "longitude": 85.93043108353415, "latitude": 27.912360053035574}}, {"type": "Feature", "geometry": {"type": "Point", "coordinates": [85.92880714750693, 27.911040392315616]}, "properties": {"sample_id": 1430.0, "longitude": 85.92880714750693, "latitude": 27.911040392315616}}, {"type": "Feature", "geometry": {"type": "Point", "coordinates": [85.93357549872194, 27.916867069728]}, "properties": {"sample_id": 1431.0, "longitude": 85.93357549872194, "latitude": 27.916867069728}}, {"type": "Feature", "geometry": {"type": "Point", "coordinates": [85.92000496241324, 27.893680414546985]}, "properties": {"sample_id": 1432.0, "longitude": 85.92000496241324, "latitude": 27.893680414546985}}, {"type": "Feature", "geometry": {"type": "Point", "coordinates": [85.9161895876325, 27.890701059212933]}, "properties": {"sample_id": 1433.0, "longitude": 85.9161895876325, "latitude": 27.890701059212933}}]}