Aspect,DEM,Slope,LULC,NDVI,Rainfall,TWI,River,Road
2.1080159465828108,-1.5976254582472544,-0.27551270103897446,-0.7579083129470764,0.43368567600661245,2.266966958954111,-1.1425044519367071,-1.1603384002069093,-0.44535463815524956
-0.15908713113581668,-0.7019990697163548,1.5468463033331294,0.23480569182045072,0.6812302549203274,-0.09891707410436705,-1.9702958501211407,-0.7514680219833082,-0.41045132353107655
1.8514244116440814,-0.383707230099989,-0.10298137274522376,-0.7579083129470764,0.5913354133715975,-0.35295891178085986,-0.5215658895175093,-0.9653986727702807,0.15144533595147386
-0.33189337580883865,-0.518740131755417,2.1479452541421855,1.7238766989717411,-0.554490964158556,-0.09891707410436705,-1.7352467591453975,-0.5914752652871166,-0.47643213774926835
-0.12545789646803165,-0.08332791825424121,0.5921485439121235,-0.7579083129470764,0.9160831892982184,-0.6623150274259871,-0.5038988477512807,-0.4403709950740466,-0.5385871369373059
0.04534812931150149,-0.7516029927734509,-0.8449517452784786,-0.7579083129470764,0.46797028619995473,-0.09891707410436705,0.09787605138905091,-0.5559213193546295,-0.49463691552680017
-1.7451132110837828,-0.8480550653844708,-0.8788631139894298,-0.7579083129470764,-1.2357122191250058,-0.09891707410436705,-0.5869775483510058,-0.5203673734221425,-0.4690957352743578
0.42204866838068245,0.6097491177935164,0.13505814308518083,-0.7579083129470764,0.1189848146390207,4.747397439269201,1.1147555168370367,0.24867596053569108,-0.2880323250376831
0.7230478476825922,-1.2379970160833085,0.5398018053543266,0.23480569182045072,-1.4624339841911878,0.46859608772944983,-0.7238423470901404,-1.1282905064307451,-0.47643213774926835
-0.30340171667748317,1.204996194478668,-1.532311338567009,0.23480569182045072,-0.660730478491727,0.22190263840635543,2.032195405314804,1.3945101176907782,0.726461793161409
-1.5949677262265887,-0.22249448016442713,-0.4910850819024557,-0.7579083129470764,1.4927064068849285,-0.09891707410436705,0.2816490577195915,-0.09501704844746564,-0.33959404604803484
0.7583965903863397,-1.2531537703507545,-1.138862820149549,0.23480569182045072,-1.754290711956278,2.3655006418015163,-0.6632087225002962,-1.124784454274422,-0.4690957352743578
-2.025167219990696,-0.7226673709901449,-0.03327048838065936,-0.7579083129470764,0.9803160723072234,-0.09891707410436705,-0.45851042747721976,-0.3603746167259508,-0.22781214099711825
0.48301258490093146,-0.37130624933571504,-0.1177583360055311,1.7238766989717411,-0.20152951477477118,0.08170565004282924,-0.11327003275476678,-0.6699387628414409,-0.5075096373432871
0.17694286549125496,0.35484006875010654,1.162898487113471,0.23480569182045072,0.42869732077488726,0.07735218044195717,-0.496727877235021,0.1494095652587134,0.20985816433020635
-0.5069280555773412,-0.2679647429667651,-0.06522477191880793,0.23480569182045072,-0.9833823830664691,-0.7747497412082993,0.14833153500021537,-0.8847953192301347,-0.3123395248087785
0.9268222423138821,-0.16737901010098716,-1.7152189918402752,-0.7579083129470764,1.6725614635209323,0.07735218044195717,1.3761141781185693,-0.2999439274961762,-0.5385871369373059
-0.45389847210994677,1.4929745255601419,0.7125890924233557,0.23480569182045072,-0.9720595573758646,0.22190263840635543,0.46090664490172434,1.4704734206042547,0.9701926621902107
1.394200644565749,-0.06265961698045122,-0.268311239953957,-0.7579083129470764,-2.3472511095967383,0.07735218044195717,0.5261984642877191,0.42669831005065356,0.4283177340938193
-0.39438924903706274,-0.030968221693973234,2.2894971849302577,0.23480569182045072,-0.7860770464863697,-0.8234158408385128,-1.294231386492056,1.2423331069641972,-0.1911301286225655
2.0669529264931077,0.6607309276021984,0.8297814509452288,-0.7579083129470764,1.108512883644082,0.04460631664282216,0.31830872255687365,0.4958087095926636,-0.009356389063839461
-0.5056913505000218,0.12197720773207268,0.8476378176653689,0.23480569182045072,1.6088472749918001,-0.8234158408385128,-0.06311331456181532,1.2537490018927908,-0.29586410580513167
-0.6381011093363508,0.05308287015277272,0.06931086567539106,-0.7579083129470764,0.05982042043567051,-0.8234158408385128,-0.2743685379439691,1.282944699342921,-0.26062153028551355
0.7571003667207036,0.17433690429234067,0.480654364022519,0.23480569182045072,-0.7007293156206235,-0.8234158408385128,-0.06616427214352379,1.425416884122382,-0.4265356186378599
-0.32581681136356344,-1.0988304541731226,1.0035991061583969,0.23480569182045072,-0.8989842323681398,1.1040994800924067,-1.6016372152642988,0.08404970743013725,-0.4265356186378599
-0.2623918073777676,-1.3055134669110227,0.6510039484698512,0.23480569182045072,-0.06037135280095466,1.1040994800924067,-1.9521077201291994,-0.3603746167259508,-0.4506866941162945
0.15120791513677406,-0.21560504640649714,-1.235522702013183,0.23480569182045072,-1.4414025976254445,1.1040994800924067,0.5100241521215197,-0.3959285626584378,-0.5385871369373059
0.19259021610086402,-0.11639720029230519,0.02091466798631627,-0.7579083129470764,-1.0644102541213112,1.1040994800924067,-0.35144204654757255,-0.38704007617531605,-0.5075096373432871
-0.09842450436387841,-0.17840210411367516,-0.16917933261571266,-0.7579083129470764,0.11723803154222193,1.1040994800924067,0.38673146688469967,-0.2181588329960026,-0.41427713856123083
0.14566307472583895,0.008990494102020744,0.02293376831381561,0.23480569182045072,-1.1732197858157984,1.1040994800924067,-0.2656299767966388,-0.3070436978272202,-0.47643213774926835
0.10874269625523908,-0.07230482424155321,-0.9443713015260834,0.23480569182045072,-0.7964536733994823,1.1040994800924067,-0.4302792377329327,-0.2892667248609767,-0.49463691552680017
-0.03282380639191711,-0.17013478360415915,-0.023096102686325552,-0.7579083129470764,-1.1947670222000497,1.1040994800924067,0.13709450073357235,-0.29815521134409845,-0.5385871369373059
1.1199850764600883,-0.21009349940015315,0.2689896204616182,-0.7579083129470764,0.8256991733403864,0.46859608772944983,-0.2656337472109605,0.10260887521409011,-0.5075096373432871
-2.0411411711520113,-0.22662814041918514,0.6072598624640232,-0.7579083129470764,0.24339285907457206,0.46859608772944983,-0.5063385271016505,-0.11255209208629388,-0.5075096373432871
2.143907750194863,-0.34374851430399506,1.078974821383365,-0.7579083129470764,0.23695318981803667,0.46859608772944983,-0.8974952856689817,-0.22126654317751013,-0.4265356186378599
2.104260730308774,-0.21147138615173913,1.7465933137927643,-0.7579083129470764,-0.2874598644918233,0.46859608772944983,-1.1248456506367694,-0.24340151424086195,-0.3996043336114097
-2.0303552778875305,-0.21147138615173913,1.0544086294429516,-0.7579083129470764,-0.2156356537562255,0.46859608772944983,-0.8346670793264234,-0.19210515981235773,-0.3521221393731933
-1.9955916521976917,-0.3396148540492371,-0.9505883207843543,-0.7579083129470764,0.8616021811591021,0.46859608772944983,0.5739926708142059,-0.15060477085110904,-0.44031145423724843
1.541824857943869,0.010368380853606744,0.008299459410929398,-0.7579083129470764,0.9074006924102211,1.1040994800924067,0.3640871753667293,-0.30477828921802425,-0.3996043336114097
1.0408348424696188,-0.15360014258512716,0.12073488503682352,-0.7579083129470764,-0.17630901547521088,1.1040994800924067,-0.11599341916972027,-0.4137055356246813,-0.5075096373432871
-1.7960226266020625,-0.7557366530282088,-1.5649116132999068,-0.7579083129470764,-0.37301359177869425,2.3655006418015163,0.7064483143031856,-0.555855966369538,-0.4265356186378599
-0.4581647103006484,0.06961751117180472,0.9299051132180843,0.23480569182045072,-1.2018684777704134,1.1040994800924067,-0.5014623081641456,-0.02978720917697385,-0.44535463815524956
0.21489896598007655,-1.5618004027060184,-0.49582056301536465,-0.7579083129470764,-0.4887759052325715,2.150571559385074,-1.4033544711394919,-1.1603384002069093,-0.5075096373432871
0.47061608290080503,0.18260422480185665,-0.3287392552269941,-0.7579083129470764,1.4193925060325185,1.6256675764572788,0.1946210469763265,-0.1470509411310285,-0.21412851564520677
-0.30739377503587734,-0.0984846725216872,1.089313313218192,0.23480569182045072,0.6798258509716154,1.1040994800924067,-0.7455812998206167,-0.03150061685044563,-0.4690957352743578
-0.2541627156018211,-0.22249448016442713,0.034352942474892685,-0.7579083129470764,0.28815086834029957,1.1040994800924067,-0.10825833097773985,-0.06705456278293268,-0.4265356186378599
0.42141318730418414,-0.1053741062796172,-0.035857475910909625,-0.7579083129470764,0.4105228866583531,1.1040994800924067,0.03029619056350357,0.16416538894809793,-0.33959404604803484
-0.14738833979210564,0.5146749319340824,-0.9078219485460366,0.23480569182045072,-0.7276304730584563,0.46859608772944983,0.9022433383107816,0.8932674886770483,0.3271318251217444
-0.06462102687232597,-0.3106792322659311,1.180237573337287,0.23480569182045072,-1.5721709291635855,1.1040994800924067,-0.6273195943650283,0.981786842225435,-0.49463691552680017
-0.6132717534032752,1.25597800428735,-0.6921319729080844,0.23480569182045072,-0.8308250189280353,-0.8234158408385128,1.3370843150452096,1.6188597920837733,0.1707699812404559
0.023882128139322393,0.41408919906830455,1.2273152664323388,-0.7579083129470764,-0.5294335766682189,0.46859608772944983,-0.8673501117136574,0.7477279654968971,-0.19673464140309949
0.5544416683598454,0.3107476926993546,-0.09947108096997996,-0.7579083129470764,0.3538993654555394,0.46859608772944983,0.3867030720344546,1.1224630501438868,-0.3996043336114097
-0.4032560399735442,0.8467456390663083,0.480830171135596,0.23480569182045072,0.4627216176168859,-0.8234158408385128,0.859241238207903,1.6625223236584983,-0.09908492283224904
-0.8389799184846934,1.185705779956464,-1.8591361767281274,0.23480569182045072,-0.7186183174892312,-0.8234158408385128,2.348331579618421,1.657816478759675,0.18958195645921672
-0.6828224893638252,1.04240555779152,0.9901390873624344,0.23480569182045072,-0.24233392779857799,-0.8234158408385128,0.03618005944428263,1.6551238930917804,0.19289032921117016
0.4026000146398305,-1.2049277340452447,-0.4268116394977441,0.23480569182045072,-0.9675286022225207,2.3655006418015163,-1.231177555351375,-1.1603384002069093,-0.4265356186378599
-0.19310625568648737,0.0820184919360787,0.1924808610580847,0.23480569182045072,-2.221223894646688,-0.4462496940701457,0.01818730057553005,0.7159535157182328,0.004158060379033414
-0.3022248998691528,-0.03785765545190323,1.9166396480339574,-0.7579083129470764,0.7288541800022077,1.1164002292686068,0.0726849587615187,-0.3709126885750201,-0.31883602988477744
-0.14193394791910882,-0.30792345876275906,-0.22017343874278236,1.7238766989717411,-0.8055826211032484,1.1164002292686068,-0.16069550150977976,-0.38744885026177917,-0.5075096373432871
-1.3424971449741603,0.23909758161688263,0.11646471260034437,-0.7579083129470764,1.507265705789144,-0.5615137004501347,0.17212532115202722,0.6210216237913377,-0.3573757317925081
-0.3186574522277338,0.20189463932406065,2.0530170187128998,-0.7579083129470764,1.0773802655890905,-0.4462496940701457,-2.168323986403416,0.7360572172865114,-0.03268209647091301
0.6841939160664943,-0.33823696729765107,0.3977597988311884,1.2275196965879778,-1.5127592104400307,-0.2616817826730611,-0.4406979854733573,-0.23414275440165608,-0.5075096373432871
0.5644926697181126,-0.423665945895983,-0.4156251196748819,0.23480569182045072,-0.7266828251138536,-0.2616817826730611,0.38365126126424254,-0.2139754380904731,-0.49463691552680017
0.7904842566486576,-0.38508511685157504,-1.0191762043051553,1.7238766989717411,-0.3521276586525676,-0.2616817826730611,-0.370605634467279,-0.22219244224433818,-0.5075096373432871
0.6963518508057905,-0.3685504758325431,-0.5956210834286885,1.7238766989717411,-2.076272993980224,-0.4398016087819244,-0.05899514270932164,-0.20231788111207574,-0.5385871369373059
0.49822297295532175,-0.20182617889063714,-0.5498780812730683,1.7238766989717411,-0.43721169477704525,-0.2616817826730611,0.14094285598815023,-0.2533207245874503,-0.5385871369373059
-0.11710619393561544,-1.3757856912419084,-1.6754324672867196,-0.7579083129470764,-0.15886979213944016,-0.43845300475572235,0.07709305389816645,-0.729178085841844,-0.44031145423724843
1.370687351827748,-0.14395493532402517,-1.6818849686182467,-0.7579083129470764,-0.3623568462303936,-0.30348619427082457,0.8718172233183527,0.7951286260798781,-0.5385871369373059
-1.3042076171638748,-0.14671070882719717,0.16137090019998795,-0.7579083129470764,1.275196889794942,-0.5615137004501347,-0.9984557200092776,-0.4059158376569561,0.014732012362758558
-1.0749606468742612,-0.20182617889063714,0.6810799333839296,-0.7579083129470764,0.5787118796899706,-0.5615137004501347,-0.8531089143596793,-0.4448290404463706,-0.04134714343300569
-0.5888847327178626,-0.470514095449907,1.966479940756125,-0.7579083129470764,0.3556788353216103,0.15202968263377753,-1.7563354700811646,0.6289870045769341,-0.14303514424275468
0.6809280337763186,-0.467758321946735,0.5706835972470329,1.7238766989717411,-0.8353708951353327,0.15202968263377753,-0.5295780568874325,1.0418547573775516,-0.47643213774926835
-0.26697572449327256,-0.30103402500482906,0.06994213314630544,-0.7579083129470764,0.6996913020876196,-0.30348619427082457,-0.1829719983412355,0.8751250044279739,-0.22781214099711825
0.05162284259738336,-0.21698293315808315,1.3756165132231553,-0.7579083129470764,0.03864862567876949,-0.5615137004501347,-0.7603030591129244,-0.2493660974695844,-0.41427713856123083
-0.18658250085404696,0.04481554964325673,0.4591387131428976,-0.7579083129470764,-0.4637049385096798,-0.5615137004501347,-0.012018394132700169,0.22218559926063028,-0.5075096373432871
0.5157899520717545,0.0999310197066967,0.29690073043141924,-0.7579083129470764,-0.2578094760266674,-0.5615137004501347,0.290893121631591,0.40186209258014494,-0.5075096373432871
0.12000082823700355,0.0861521521908367,-0.49111482187444083,0.23480569182045072,-0.8622798888101334,-0.5615137004501347,0.5031373095643573,0.37106295742589157,-0.5075096373432871
0.2984753866656674,-1.0409592106065106,-0.6516689371229553,-0.7579083129470764,0.19222491531450372,-0.8743377872034618,-0.1435094849667017,-0.04927758981668916,-0.44535463815524956
0.6611459280686249,-1.0988304541731226,-0.7892471201133465,-0.7579083129470764,-0.25390617125076886,-1.7808215300762789,-0.4742904522405255,-0.08483153574917619,-0.47643213774926835
-1.737783429157804,-1.4295232745537625,-0.5808132100991377,-0.7579083129470764,0.36799439415581253,-0.43845300475572235,-1.1900579343949875,-0.980360266246526,-0.49463691552680017
2.090352111130112,-1.4901502916235465,-1.3298867555477025,0.23480569182045072,-1.5083843359517808,-0.6374380252322176,-0.32482435258455905,-0.8472163102433424,-0.5075096373432871
1.7553437886556957,-1.6155379860178725,-0.020200892036588744,-0.7579083129470764,0.42708874528215196,2.266966958954111,-1.9650757379332533,-1.1425614272406657,-0.4265356186378599
2.339172465419571,0.12473298123524468,0.33665507731036887,-0.7579083129470764,1.1475674005454448,0.09506215029545824,-0.053590065889980075,1.0707425305259974,-0.22165758321015885
-0.27575650305988897,1.389633019191192,0.2238303018217372,0.23480569182045072,-1.0334241092901992,-1.462760557122411,1.2776994818543121,-0.8003821322861426,0.8319975405184796
0.966981146704872,-0.04199131570666123,-0.6934297082757709,-0.7579083129470764,1.6650864448731766,0.09506215029545824,0.15796680340714944,0.2000937468955883,-0.056134604116808574
-1.8948475740647848,0.7847407352449384,-0.3813426351168031,-0.7579083129470764,1.3640168787304752,0.09506215029545824,0.17475425141692597,0.8432810294992192,0.5875166851298773
0.9413488443505313,-1.6472293813043504,0.35577885437758133,-0.7579083129470764,-0.17083062706868835,-1.6590368034742387,-0.8799085548362325,-0.012036761340599483,-0.47643213774926835
2.18167531354057,-0.7336904650028329,-1.2822475132767173,0.23480569182045072,0.7878615811019126,-1.3944582739635378,1.0419741126067623,-0.2038034410464238,-0.5075096373432871
-0.5280551827994776,-1.5907360244893245,-1.3430940333358472,0.23480569182045072,-1.522789218049437,-2.745907553941474,-1.1471649186464774,-1.0714535353756915,-0.4265356186378599
0.7744642679208926,0.7599387737163903,-0.5783150524524223,0.23480569182045072,-0.8908699163331981,0.09506215029545824,0.9950636812830322,0.7882076000826279,-0.4067364727057888
1.9617618930048821,-0.19080308487794914,1.6970874738702926,-0.7579083129470764,1.1485594359419156,0.09506215029545824,-1.2570584962841866,0.1604918874814121,-0.09038106373952207
1.7896262490722723,-0.15635591608829916,0.7889818171820956,-0.7579083129470764,1.2598044808207152,0.09506215029545824,-0.3089554694947577,0.16595364870374105,-0.20243258203896797
1.5937504516954697,-0.425043832647569,-1.790106581492275,-0.7579083129470764,0.978335275558495,0.09506215029545824,0.3653895891410247,0.10981356701442782,-0.1842491238310196
0.7409210456229729,-0.39197455060950503,0.6106229170009162,-0.7579083129470764,0.2333318822272843,0.09506215029545824,-0.4363338698679946,0.17958435402390985,-0.5385871369373059
1.2557689107968242,0.5849471562649684,0.9054429624255649,-0.7579083129470764,0.9120033008262545,0.09506215029545824,-0.18262475221118363,0.44267247577608254,-0.44031145423724843
0.6699502429714077,0.7475377929521163,-0.27736613509630303,0.23480569182045072,-0.3856350858917955,0.09506215029545824,0.506594001010587,0.7630692837615327,-0.3996043336114097
0.9443605095647294,-0.5697219415640989,-0.5717857147342597,0.23480569182045072,-0.4444903781177463,0.09506215029545824,0.13081463143789626,0.3637454717747887,-0.5385871369373059
2.0738517839815223,-0.7984511423273748,-0.5500657843749389,-0.7579083129470764,0.7069140046395676,-0.30348619427082457,-0.5299488126417918,0.3293782984221717,-0.16436448630354974
0.5076796510186596,-0.562832507806169,0.10910431330439242,0.23480569182045072,0.35631947453019525,0.07735218044195717,-0.42964784007639767,-0.5444618487755172,-0.5075096373432871
2.2879415016521127,-0.7019990697163548,-0.792046772820313,-0.7579083129470764,0.3439498134571976,-0.30348619427082457,0.48161654933559206,0.46297277533988906,-0.22626213140198237
0.909690130895522,0.8495014125694803,0.6064122245084066,-0.7579083129470764,1.1259925226403809,-0.14941685883161138,0.11329676073469802,2.58400444666902,0.20856662704129073
0.16062848772107108,-0.1384433883176812,-0.08831956655676496,-0.7579083129470764,1.0164786420572998,-0.030048053404467347,-0.018229717154905737,0.5477549034256556,-0.44535463815524956
0.04525632527776258,0.7461599062005303,0.22627443997835572,1.7238766989717411,-0.43813282833080996,0.16091335141974672,0.5070546584716856,0.044895792549127254,-0.47643213774926835
0.05995384301212466,-0.3203244395270331,0.21599884087116894,0.23480569182045072,0.14108198310530667,-0.915234262128354,0.36583756405969575,1.6365421963861368,-0.4265356186378599
-0.19396145030950432,-0.18529153787160516,-0.45242604356548805,-0.7579083129470764,0.46297581226265117,-0.915234262128354,-1.122577391084192,1.6553904616748545,-0.38012236007373235
-1.070484121994197,-0.44984579417611703,0.7686606405871051,0.23480569182045072,-0.7144429450065366,-0.915234262128354,-0.08828202703993336,1.9068978571871638,-0.5075096373432871
0.4310360984433788,-0.2762320634762811,0.36175005570348084,-0.7579083129470764,-0.00324142820227974,-0.915234262128354,-0.3652080956188794,1.5632104735958656,-0.5385871369373059
0.2543862838155271,-0.15222225583354118,-0.546358233703548,0.23480569182045072,-0.44531769151931533,-0.915234262128354,0.043450152661677795,1.588331733149197,-0.49463691552680017
1.352316686928705,-0.044747089209833224,0.14161624569427964,-0.7579083129470764,0.6430810380802248,-0.915234262128354,-0.04242107154430708,2.0803043047773717,-0.2880323250376831
-1.6154021211587029,-0.615192204366437,2.3107620449641595,-0.7579083129470764,1.5154121718647982,-0.915234262128354,-2.1610517972533816,1.0511984892695634,-0.49463691552680017
2.071880153726728,0.18673788505661465,-0.40938401591470847,-0.7579083129470764,1.8282911081372648,-1.2858119114911908,0.1393273558900698,1.6588815834822253,0.5875166851298773
-1.5344733534515187,-1.0822958131540907,-1.3684140604349946,-0.7579083129470764,0.6951708668140413,2.266966958954111,0.19889537247366804,0.03548515470725638,-0.4265356186378599
1.2699647718582323,-1.1401670567207027,-0.3731734060909724,-0.7579083129470764,1.1672866468018492,2.150571559385074,-0.3252882950942285,-0.9914571570275957,-0.20387222272241254
1.9349765566321602,-1.4915281783751324,-0.017236158108080685,-0.7579083129470764,0.6610320857703071,-0.06850825086727573,-1.4475544665740547,-1.0625650488925698,-0.3996043336114097
2.1690250873720296,0.8674139403400983,2.3254761154968273,0.23480569182045072,0.9906902302689625,-0.35295891178085986,0.43826774536220364,0.2806110957566149,0.39632405554019023
2.3180556892562723,0.8412340920599642,0.5792004426667177,0.23480569182045072,0.663433946073941,-0.35295891178085986,0.21986974070902576,0.48755918704511964,0.43280224351363505
2.3561379740814004,0.3107476926993546,-0.5579844175712594,-0.7579083129470764,1.8635893302151687,-0.14941685883161138,-0.10089205427386412,2.9152822395656726,-0.0021063149661581008
-1.9420442742637076,0.37137470976913856,1.5467414821203964,-0.7579083129470764,2.2033625537999066,-0.14941685883161138,2.544017314155865,2.8806690406088387,-0.07242464302702445
1.731593653833338,0.3892872375397565,-1.1510068695622138,-0.7579083129470764,1.636268951786608,-0.14941685883161138,-0.19852852514273941,2.7554812683284684,0.10133774611607586
-1.7534913704296806,0.5201864789404265,0.466474247872108,-0.7579083129470764,1.5313087836477928,-0.14941685883161138,0.10594132756569134,2.802311965765932,-0.10684471449525124
2.1795600007309575,-0.418154398889639,0.6492765923921172,-0.7579083129470764,-1.4533782999357896,-0.14941685883161138,-0.22538437354655547,1.6573118149426889,-0.5385871369373059
-0.45723015755987606,1.22842026925563,-2.5520451025268462,-0.7579083129470764,1.4985542792317907,-1.6672741601419907,2.1371744520476628,2.2806196202247566,0.857135166642367
1.4561713247848522,1.1388576304025402,-2.009158539077967,-0.7579083129470764,1.5680545089777345,-1.6672741601419907,1.9550358805690167,2.222019774478353,0.7729422592982175
-0.11007585335458349,-0.022700901184457237,1.6212651715250295,-0.7579083129470764,-0.08712995513339153,-0.14941685883161138,-1.044375217802986,2.724540338576164,-0.3712296798298592
1.9245552584666643,-0.6647961274235329,-1.3641972249318781,-0.7579083129470764,1.4983517178734462,-0.14941685883161138,0.5471744657104092,1.3728802474827926,-0.21412851564520677
-1.9303568197939616,-0.44984579417611703,-0.0001551758378495577,-0.7579083129470764,1.83288416278494,-0.14941685883161138,-0.5847247834231882,1.7242459402647676,-0.0860919126802513
-1.7605561652494148,-0.34374851430399506,1.1241907922321739,-0.7579083129470764,1.4105488295581114,-0.14941685883161138,-0.4921467619461657,1.6601563771150738,0.07435696460484607
-1.0844483781141119,-0.35614949506826904,2.395403175329883,-0.7579083129470764,1.5355198485796917,-0.14941685883161138,0.5564732071435415,1.5885185566934243,0.05188535534905059
-1.7713866752742928,-0.37819568309364504,-0.11708845532508884,-0.7579083129470764,1.7343650593969142,-0.14941685883161138,-0.1584547296071984,1.568875680448724,-0.10350214262104321
-1.591798823499571,-0.8604560461487448,-1.1418060047868808,-0.7579083129470764,1.2268518698934125,1.1040994800924067,0.10386829150357761,1.114645362405354,-0.19673464140309949
-2.0211960720034226,-0.9693090995240388,-0.6241265052976593,-0.7579083129470764,1.6516397842727448,1.1040994800924067,0.0406166749564149,0.9666858868255517,-0.4690957352743578
-1.7580851333737708,-1.1070977746826387,-1.6046552342873206,-0.7579083129470764,1.0298950311669772,1.1040994800924067,-1.243004641060894,0.6352238720436875,-0.47643213774926835
-1.8386951624048895,-1.0450928708612688,0.9761908454853986,-0.7579083129470764,0.9471795781754462,1.1040994800924067,-1.280131388916521,0.6174477790602636,-0.4506866941162945
-2.028865141182436,-1.3096471271657806,0.6949248166698053,-0.7579083129470764,0.7912794685686252,1.1040994800924067,-1.6479235163450536,-0.40943224427057967,-0.49463691552680017
2.1725013179650134,-1.2187066015611046,0.21317305599209738,-0.7579083129470764,1.2645600568761977,1.1040994800924067,-1.5352937402932478,-0.34836652451691574,-0.38012236007373235
1.9700121798060681,-1.2393749028348946,0.5570028201016498,-0.7579083129470764,0.915259740342278,1.1040994800924067,-1.7717517826571285,-0.3572204841032709,-0.3712296798298592
1.8141082283998313,-1.2683105246182005,0.6169277910616736,-0.7579083129470764,1.2053952332900002,1.1040994800924067,-1.7581025639307544,0.04079182187278456,-0.34203577153719095
0.3232658029012107,-0.498071830481627,0.9605411846865238,0.23480569182045072,-0.1914989704368055,0.5744920382169726,-0.7996008355635558,-0.17423703490436815,-0.5075096373432871
0.07192336383519725,-0.20595983914539515,0.8510499187790106,0.23480569182045072,0.1601415899621208,0.5744920382169726,-0.7842509360995065,-0.16474855577388803,-0.3019079513316812
-1.7731498056296424,-0.8480550653844708,-0.8468957643652294,-0.7579083129470764,-1.0647233278900508,1.1040994800924067,0.5490842352261192,-0.10189916151540533,-0.5075096373432871
-1.7262065092092174,-1.2572874306055126,-1.3967282689103198,-0.7579083129470764,1.4074027951067705,1.1040994800924067,-0.5250520747960061,0.12876795991240417,-0.44535463815524956
-1.806353291389283,-1.2476422233444107,-0.7487982230034232,-0.7579083129470764,1.580608053255206,1.1040994800924067,-0.5243350092754762,0.13786757532406735,-0.41045132353107655
-1.7478395321093554,-1.2187066015611046,-0.32935618900649305,-0.7579083129470764,0.9176782929041113,1.1040994800924067,-0.7980785842129262,0.22697752680939506,-0.3573757317925081
1.8399466893426886,1.439236942248288,0.5749187642738641,0.23480569182045072,0.7770656618381413,-1.6672741601419907,0.6251381542822095,1.9991778633692923,0.05839213573050724
-1.0758731420015581,1.0107141625050422,-0.9820796358405895,0.23480569182045072,1.1754595735954847,-1.6672741601419907,1.448310213855845,2.414214815315566,0.6341510422685731
0.2196306321378001,1.100276801358132,0.28377184915958825,-0.7579083129470764,1.347780034713632,-1.6672741601419907,0.756063552637334,2.3703716160223003,0.5719715615373554
0.583064687356927,1.0437834445431062,1.0052602542329259,0.23480569182045072,1.803242522995303,-1.6672741601419907,0.15022833044480305,2.3511537790343744,0.6801898274015231
-0.4464871139821761,-1.2627989776118567,-2.0471791918523654,-0.7579083129470764,-0.2909275603688548,3.0212169020563096,0.1549295454804956,-1.0243707021356785,-0.3123395248087785
0.19093244473725487,-0.0957288990185152,0.32847863268477745,-0.7579083129470764,0.24070384899162148,-0.852273191141861,0.04666941160542942,0.8786153035737196,-0.5075096373432871
0.9917582544361955,-0.04888074946459122,-0.4996398579749347,0.23480569182045072,-1.960380309159251,-0.852273191141861,0.33577466774156606,1.003145502600785,-0.5385871369373059
1.113689044922076,-0.032346108445559234,-0.8040117973524407,0.23480569182045072,-0.5499604920609154,-0.852273191141861,0.7900748177249548,1.0280531829148152,-0.5075096373432871
2.1909594739566134,-1.6568745885654523,-0.647860075530606,-0.7579083129470764,-0.8126279348662911,-0.06850825086727573,-1.3131634041133171,-1.1603384002069093,-0.5075096373432871
1.176701115596384,-1.2903567126435767,-0.6945917123614811,-0.7579083129470764,0.504476415900948,-0.35295891178085986,-0.2891145268672777,-1.1603384002069093,-0.4506866941162945
1.803970721764135,-1.3647625972292206,1.1861479296057489,-0.7579083129470764,0.42662447507820944,-0.35295891178085986,-3.242178290771309,-1.1603384002069093,-0.5075096373432871
1.407686225827867,0.5518778742269045,0.8991958131628897,0.23480569182045072,-0.9167428628696515,0.09506215029545824,-0.1149187143902227,0.4438548916796605,-0.5385871369373059
1.0518842280981573,-0.7240452577417309,-1.9640035107947005,-0.7579083129470764,1.3858716605793036,-0.852273191141861,0.9492003452670883,0.5394088941896961,0.20985816433020635
0.4952461809512556,-0.488426623220525,-2.4574175820929733,0.23480569182045072,0.3584637051252827,-0.852273191141861,2.014443479991179,0.8816160583730669,-0.24540259213583612
0.9358445455867104,0.7406483591941864,0.8748211271404362,-0.7579083129470764,0.9002108913189685,-0.852273191141861,0.3224642004634104,1.1915020470097557,-0.3123395248087785
1.0714575874526249,0.6235279853093764,0.3191029358774161,-0.7579083129470764,1.190423565833542,-0.852273191141861,0.2687874172835808,1.2947510289302477,-0.1748343302138052
1.1945744367636548,0.5877029297681404,1.1789391554128668,-0.7579083129470764,0.6420134849754365,-0.852273191141861,-0.43499706444666764,1.3155319193037798,-0.16565714180908073
0.30153893040094437,0.3672410495143805,-0.7153114045810667,-0.7579083129470764,1.1219633013444306,-0.852273191141861,0.023975126158272273,1.5137816297732873,-0.33959404604803484
0.6159551768136187,-0.22249448016442713,-0.009964296171349021,0.23480569182045072,-1.4944528484435786,1.1040994800924067,-0.7411626280249693,-0.22333002337211655,-0.41427713856123083
0.29321384487696756,-0.13568761481450917,0.8580429075358204,0.23480569182045072,-1.5225113536741988,1.1040994800924067,-0.6130273403357595,-0.20367955627557682,-0.41427713856123083
0.9432469081514434,-0.16186746309464317,0.7555351720989449,0.23480569182045072,-0.9235202954086624,1.1040994800924067,-0.6871704119196093,-0.17784899294845014,-0.3996043336114097
0.9292915859811206,-0.22938391392235713,2.821000505954703,-0.7579083129470764,0.7879821303363702,0.09506215029545824,-2.245585269435269,-0.11025484915269529,-0.33959404604803484
-2.0221504556477514,0.6538414938442684,1.398637299209518,0.23480569182045072,1.4554252411440585,0.09506215029545824,0.013776454157514998,0.7280623383884051,0.7461583501365922
-1.7918862941997737,0.7516714532068743,-0.08774963168381211,-0.7579083129470764,1.2905649849654255,0.09506215029545824,0.3454366975907237,0.6406935723932233,0.4505369825590531
-2.0037755776213078,0.2638995431454306,0.6551455077160094,-0.7579083129470764,1.556340569185843,1.1040994800924067,-0.17029071408949623,0.009873970371073744,-0.12396157740088505
2.369299961527951,-0.05852595672569322,0.564422601833466,-0.7579083129470764,1.4011836676153218,1.1040994800924067,-0.2436475263291869,-0.09279453973455996,-0.16436448630354974
1.9892885623534067,-0.04061342895507523,1.9930486566462107,-0.7579083129470764,0.8151576097409485,1.1040994800924067,-1.1716769797674786,-0.20960268444691835,-0.44031145423724843
1.7974151743938358,-0.6937317492068389,-1.1873561359110718,-0.7579083129470764,-0.44646704205656684,1.1040994800924067,0.278077399325728,-0.3837776297352405,-0.2899671401851558
-1.7444746986257675,-0.434689039908671,-0.1962927287795902,-0.7579083129470764,0.2826019538010627,1.1040994800924067,0.20996026316040453,-0.30473211884422907,-0.5075096373432871
2.2583984706873874,-0.04336920245824723,1.8453144194852003,-0.7579083129470764,1.427454168995776,0.09506215029545824,-1.2526296359844113,0.8885685962232541,-0.41045132353107655
-1.5758169611718578,0.31488135295411257,-0.36144220599431814,-0.7579083129470764,1.7176126875986992,0.09506215029545824,0.6536436019742583,1.0773193151037614,-0.4067364727057888
1.9345596800601619,-1.5218416869100244,-0.22741341552922237,-0.7579083129470764,0.7532726458153501,1.4407485191062017,-1.353369542026304,-1.1425614272406657,-0.5385871369373059
1.180636982492516,-1.1580795844913205,0.49610042789843023,-0.7579083129470764,-0.12588068367009367,-1.6590368034742387,-1.7469206816080105,-0.8398594624452683,-0.4067364727057888
0.25640535642332707,-0.9183272897153567,-0.6089455659588838,0.23480569182045072,-1.1848650243520773,-0.8743377872034618,-0.5805163401064981,-0.2675873842461775,-0.5385871369373059
1.1623138831733697,-1.2407527895864805,0.05473408655437715,-0.7579083129470764,0.919681041850922,-1.1011519341588685,-1.1248491067795796,0.3484281807995332,-0.47643213774926835
-0.7510989360453234,-0.8659675931550888,1.7097591396383982,-0.7579083129470764,0.22349257427505825,-0.45620114264770095,-1.5166363793099893,0.43958916675500764,-0.44031145423724843
-0.22631368470663735,-1.3055134669110227,0.4997887694731629,0.23480569182045072,-0.36101056998467207,-0.8743377872034618,-1.6927309410071962,-0.2677201386174229,-0.5075096373432871
-0.729602621057977,-1.2958682596499205,1.4241127542278247,-0.7579083129470764,1.1336307067702152,-1.1011519341588685,-1.1435704145629964,0.47209693536762065,-0.4265356186378599
-0.6297331408543322,-1.1952825267841427,-0.7199864306689574,-0.7579083129470764,1.0468701453173734,-0.5595604221658743,-1.3371217814858511,1.1924424607986537,-0.12396157740088505
0.2611753461441284,-0.07092693748996722,0.756956450235499,-0.7579083129470764,0.891584697256859,3.0212169020563096,-0.3432781752782338,-0.5914752652871166,-0.25206674780874827
2.3490378870801054,0.10406467996145469,0.07944098269011508,-0.7579083129470764,0.8743505579036625,2.3655006418015163,0.32807050691427914,-0.17003973424426008,0.18425706531500788
0.6330170489041514,-1.1952825267841427,-0.5414489931477646,0.23480569182045072,-0.37596533049150627,2.3655006418015163,-0.6154754380669301,-1.1603384002069093,-0.4506866941162945
-1.9976542904405092,0.0957973594519387,2.086043013831651,-0.7579083129470764,0.5159860231302489,2.3655006418015163,-1.3134228515151276,-0.1266337899493985,0.10209193009384068
-1.5311361967276325,0.18673788505661465,1.5979593693481382,-0.7579083129470764,0.7976377697755453,2.3655006418015163,-0.8821643821772113,-0.0750327257809643,0.1140403545370881
-1.4660698598454769,0.23083026110736662,1.6718674900867405,-0.7579083129470764,0.77386745737082,2.3655006418015163,-0.9471630688459394,-0.06647660260912026,0.17619535372512563
-1.6276217925703527,0.35484006875010654,1.5796413017514483,-0.7579083129470764,0.9640078433919703,4.747397439269201,-0.29141659477081894,0.04105489589928263,-0.4067364727057888
-0.7228685918588628,0.5532557609784905,1.8312956792483455,-0.7579083129470764,0.6028059467617685,4.747397439269201,-0.29750501805499685,0.0964948457175456,-0.5075096373432871
-1.0072938652356125,0.4595594618706425,1.933492948879321,0.23480569182045072,-0.3115408353867703,4.747397439269201,-2.168886605589616,0.07285701822859789,-0.5075096373432871
-0.856700807987891,0.6317953058188924,2.7591570630314046,0.23480569182045072,0.3803049614144122,4.747397439269201,-1.486246859792682,0.0966834131331635,-0.44535463815524956
-1.0613234965363056,0.5808134960102105,-0.06423233442746233,-0.7579083129470764,1.15420029208339,4.747397439269201,-0.07614091349958671,0.08607970569254786,-0.5075096373432871
-0.8287718767766319,0.7268694916783264,-1.5008521036772753,-0.7579083129470764,-0.706251501077599,4.747397439269201,1.5770532898863683,0.14215094215669918,-0.44031145423724843
-0.408748139275164,-0.21147138615173913,-0.44126760607682686,-0.7579083129470764,0.37018607155555733,-0.5615137004501347,0.08602418687130224,0.5818049504849558,-0.3019079513316812
-0.7525494397783973,-0.30103402500482906,-2.0964385312857305,-0.7579083129470764,1.52364183086717,-0.5615137004501347,0.8495804454360416,0.5318389478926839,-0.5075096373432871
-0.575782806057949,-0.2886330442405551,-1.235379462607132,-0.7579083129470764,0.9253386975963078,-0.5615137004501347,0.8037417393821858,0.49292008565373824,-0.41045132353107655
0.1260342632704551,0.36999682301755255,-0.1948247442608039,-0.7579083129470764,0.8575576094263513,-0.5615137004501347,0.6559224161299592,0.5991554039815596,-0.47643213774926835
0.25203166438373936,0.4320017268389225,0.14175909506791137,-0.7579083129470764,0.9807929556323137,-0.5615137004501347,0.28315433331179973,0.5060809624459836,-0.5075096373432871
0.08012448310690376,0.04757132314642872,-0.5375698282118058,0.23480569182045072,0.20407802882186585,-0.5615137004501347,0.25581484936521354,0.48796665236509223,-0.5075096373432871
-0.18037186555144558,-0.06128173022886522,0.27980131912936884,-0.7579083129470764,0.8887740644823319,-0.5615137004501347,-0.13769356434350855,0.44739692172148643,-0.47643213774926835
-0.017700416522519875,-0.0860836917574132,-0.7931690911073423,-0.7579083129470764,0.8706843261324824,-0.5615137004501347,0.8594786537667023,0.4449380078238505,-0.4265356186378599
-0.2793148027622284,-1.2559095438539265,-0.0973887953905264,-0.7579083129470764,-0.2687324926133219,0.8432759916035442,-1.028507904190714,-1.0089729296775143,-0.5385871369373059
-0.022405958579367505,-1.2352412425801367,-0.5865796444048141,0.23480569182045072,-0.277574129519203,0.8432759916035442,-0.893535174525504,-0.9285550303693947,-0.49463691552680017
-0.1418179914147487,-1.1856373195230405,-0.6959762299425006,0.23480569182045072,-0.2966779091364616,0.8432759916035442,-0.7770448049600763,-0.7239870364813695,-0.5385871369373059
0.0013351806799525956,-1.1194987554469127,-0.0037376236106956328,0.23480569182045072,0.3301797202268283,0.8432759916035442,-0.8153734523248082,-0.6155242060121194,-0.5075096373432871
0.13801684614396564,-1.1043420011794667,-0.5579768119390801,0.23480569182045072,-0.8111900927283238,0.8432759916035442,-0.4952793311200029,-0.5880827574415053,-0.5385871369373059
0.06639577518899109,-1.1057198879310526,-0.4058824998689028,0.23480569182045072,-0.35552837080537725,0.8432759916035442,-0.9765004473876606,-0.6057509749052127,-0.5075096373432871
0.01350137162094097,-0.7006211829647688,-0.07157693741042538,-0.7579083129470764,0.2900957579483995,-0.30348619427082457,-0.5925470537130342,-0.4492594815571684,-0.5385871369373059
0.03369727322835992,-0.6758192214362209,-0.32284020989869755,0.23480569182045072,-0.05386029864600904,-0.30348619427082457,-0.3095403383676612,-0.4581479680402901,-0.5075096373432871
0.19795908851155897,-0.5669661680609269,-0.7533693054515247,0.23480569182045072,-0.9109877372178655,-0.5615137004501347,-0.1981253164314839,-0.4848134274896554,-0.47643213774926835
0.3617995910546868,-0.6262152983791249,-0.6673573086394632,-0.7579083129470764,0.09954617007350791,1.1164002292686068,0.07474822376046115,-0.573698292320873,-0.49463691552680017
0.4395780632953832,-0.7502251060218649,-1.227700991873101,0.23480569182045072,0.037287750416229996,-0.30348619427082457,0.4093576091650845,-0.5381443463883859,-0.5075096373432871
0.7898129165469004,-0.7474693325186929,-0.9156296175190173,-0.7579083129470764,0.23839913655725198,-0.30348619427082457,0.15751129927693758,-0.5292558599052642,-0.5075096373432871
0.7886507637385902,-0.7309346914996608,-0.7149262475668386,0.23480569182045072,0.008318631511611016,-0.30348619427082457,0.2823726031266693,-0.5381443463883859,-0.5385871369373059
0.73177687095502,-0.7130221637290428,-0.8348343043173873,0.23480569182045072,0.16168484558916796,-0.30348619427082457,0.3966428055018803,-0.5381443463883859,-0.5075096373432871
-0.10116962981300626,-0.8136078965948208,0.12942919520736745,0.23480569182045072,-0.35839042217590145,-0.30348619427082457,-0.6364658154547687,-0.4670364545234119,-0.5075096373432871
0.4315742302760469,-0.8535666123908148,-0.9372056259155526,0.23480569182045072,0.3835439572522528,-0.30348619427082457,0.21994634204993266,-0.47592494100653365,-0.5385871369373059
0.19071408668653647,-0.9403734777407328,0.37691909905346205,-0.7579083129470764,-0.9917295856233654,-0.30348619427082457,0.2314671178807065,-0.25371277892848965,-0.47643213774926835
-0.23766571557928676,-0.7640039735377249,-0.5718261805977795,-0.7579083129470764,1.5940740360837793,-0.30348619427082457,-0.45467841629634764,-0.2181588329960026,-0.47643213774926835
-0.16693976475998876,-0.6758192214362209,0.1357157377444096,-0.7579083129470764,0.8958706894956604,-0.5615137004501347,-0.31236617291454627,-0.23593580596224611,-0.5075096373432871
-1.1343781891402975,-0.6978654094615969,-2.2770401178788715,-0.7579083129470764,1.4145384939592283,-0.5615137004501347,0.07490285535982037,-0.2803782383778549,-0.33011293194846164
-0.05626920111301844,-0.6220816381243669,0.8916173857444528,0.23480569182045072,0.3040605226272893,-0.5615137004501347,-1.1068349968082292,-0.29815521134409845,-0.34955008687145045
0.0240466360387068,-0.616570091118023,-0.8298243378892755,0.23480569182045072,-0.2240277268206936,-0.5615137004501347,-0.24744119126846237,0.10182668039638076,-0.5385871369373059
0.035089244188244335,-0.5545651872966529,0.021661970102023538,0.23480569182045072,-0.21273184490377467,-0.5615137004501347,-0.6491024059584538,0.0751612209470155,-0.5385871369373059
-0.2106020096599659,-0.7212894842385589,-0.41563594307452195,1.7238766989717411,-0.8365948509423508,-0.5615137004501347,-0.08492311779049896,0.04849576149765021,-0.5075096373432871
-0.04156379685763713,-0.7695155205440688,-0.12843254824541805,0.23480569182045072,0.13434716681391762,-0.5615137004501347,-0.16762964124406884,-0.0048351574010803535,-0.47643213774926835
-0.6723438906940495,-1.5342426676742984,-0.18659096486955012,0.23480569182045072,-1.4882225033252368,-0.21108484293878219,-1.5827975056818309,-1.1603384002069093,-0.5385871369373059
0.3803475794497705,-0.473269868953079,-0.38943093241559407,1.7238766989717411,-0.5053215828625344,-0.5615137004501347,-0.017436057177837753,0.30626186950818124,-0.47643213774926835
-0.46841546244910426,-1.5728234967187065,0.2631866206166158,-0.7579083129470764,0.9817217644044787,-0.21108484293878219,-1.8278839636054283,-1.1070074813081787,-0.5385871369373059
-0.43808291679422584,-0.20733772589698113,-1.2329376646450303,-0.7579083129470764,0.6040731092178241,-0.30348619427082457,0.5476263163458951,0.4485022068808253,-0.5385871369373059
0.10117718128692146,-0.8466771786328848,-0.4845757333457911,-0.7579083129470764,-0.21655195675295483,-0.30348619427082457,-0.5084096449004174,0.222385594467171,-0.5075096373432871
0.09327377818368879,-0.9624196657661087,-0.7368983338853474,1.7238766989717411,-2.0268139939535117,-0.30348619427082457,0.09643708200638498,0.22936729434780562,-0.41427713856123083
0.13263454200215985,-0.9775764200335547,-0.8828036115233506,1.7238766989717411,-0.7131867854859503,-0.30348619427082457,-0.6393708240381856,0.201573818572225,-0.44535463815524956
-0.028050612771951748,-1.0698948323898168,0.2445024100861472,-0.7579083129470764,1.3850068298514278,-0.30348619427082457,-1.2030863923009512,-0.06287124742285868,-0.31448410033841395
-0.27923199429152706,-1.0933189071667786,0.10535736935863453,-0.7579083129470764,-0.8501258315994757,-0.30348619427082457,-1.5415010574046832,-0.0351458828263377,-0.33959404604803484
-0.21656840926475418,-1.0602496251287148,0.3637762741226356,0.23480569182045072,-1.2560074287985787,-0.30348619427082457,-0.9505901961675397,-0.005929643313560856,-0.31883602988477744
-0.17255755549035132,-1.0933189071667786,-0.033848516426316574,1.7238766989717411,-2.1402804509942506,-0.30348619427082457,-1.4023476237536905,-0.02494079706440918,-0.33011293194846164
0.3762112224021037,-1.3289375416879845,-0.5866644764560491,-0.7579083129470764,0.14552818881910967,-0.21108484293878219,-0.36612803526913584,-1.1603384002069093,-0.5075096373432871
-0.2381523385715481,-1.0698948323898168,0.7914073312906842,1.7238766989717411,-2.1402804509942506,-0.30348619427082457,-1.4023476237536905,-0.02494079706440918,-0.33011293194846164
0.11566730816385741,-0.8439214051297128,-0.6798192344739975,0.23480569182045072,-2.0406549353537313,-0.30348619427082457,-0.011371476235693616,0.39636524949930774,-0.4265356186378599
-0.8288059983027289,-0.8701012534098468,-2.614508355718738,1.7238766989717411,0.05710269537478812,-0.30348619427082457,0.4912153578713613,0.4433869562948259,-0.5075096373432871
-0.03713070945662382,-0.8232531038559228,-0.07539457473221274,0.23480569182045072,-1.8561253486747247,-0.30348619427082457,0.1447046285813875,0.47999078096480197,-0.3996043336114097
0.8573726756307809,-0.028212448190801234,1.1675197862355797,-0.7579083129470764,0.38468074834121274,-0.30348619427082457,-0.6580536174757423,0.6440243558668082,-0.3210446397791745
0.17694286549125496,-0.15360014258512716,0.07359663940864918,-0.7579083129470764,1.3888067607067718,-0.30348619427082457,-0.7680195997026691,0.5640279775187123,-0.44535463815524956
0.36555714863965155,0.10957622696779869,0.663424530867922,-0.7579083129470764,-0.7351710262633231,-0.30348619427082457,-0.6373500465962736,0.4573661397212512,-0.41427713856123083
0.0712557205401676,-1.0836736999056766,0.5023892131218842,-0.7579083129470764,-0.6761604584651171,-0.30348619427082457,-0.804088731975521,-0.21109964503986534,-0.4690957352743578
-0.055711476204693425,-1.4322790480569345,-0.2919858177834586,0.23480569182045072,-1.008331673424929,0.8432759916035442,-0.9414870837896276,-1.1603384002069093,-0.5385871369373059
0.2761183318452125,-1.4322790480569345,-1.1425864596582433,0.23480569182045072,-1.4578924554852222,0.8432759916035442,-0.5977741654058321,-1.1603384002069093,-0.41427713856123083
0.199753888177876,-1.4281453878021766,-0.9543300968005545,0.23480569182045072,-1.4578924554852222,0.8432759916035442,-0.5977741654058321,-1.1603384002069093,-0.41427713856123083
-0.408227998568571,-0.9445071379954907,-0.5346580411842411,-0.7579083129470764,-0.17547923312226837,0.8432759916035442,-0.5815857788026949,-0.5825867788039948,-0.1911301286225655
-0.0013270130715829296,-0.9004147619447388,0.41774847278857974,-0.7579083129470764,0.6360908463402396,0.8432759916035442,-0.85838733964602,-0.5914752652871166,-0.14548440613707614
-0.201435161244083,-0.9734427597787967,-0.22929025153171906,0.23480569182045072,-0.3920677776770579,0.8432759916035442,-0.2386822808348547,-0.6181407247364819,-0.19532493440987808
-0.3314835231696232,-0.9872216272946567,0.7023370902775469,-0.7579083129470764,-0.188194332696141,-0.30348619427082457,-0.8326590486238227,-0.5648098058377512,-0.27124837694317133
-0.3916542281929908,-1.2269739220706206,0.9848736496995687,-0.7579083129470764,0.14509478050733687,-0.30348619427082457,-1.6669860640818253,-0.5470328328715077,-0.38319963896721204
-0.07763452591531204,-1.2366191293317226,0.03627043935711987,-0.7579083129470764,-0.37447188327477776,-0.30348619427082457,-1.1901078702787835,-0.4579229791104006,-0.4265356186378599
0.35081342082119277,-0.5972796765958189,0.2627520269932195,1.7238766989717411,-1.1407571007175812,-0.30348619427082457,-0.10151075275301433,0.44375639031079167,-0.41045132353107655
-0.20403352346611964,-0.21560504640649714,0.44510641927946587,-0.7579083129470764,0.6589318669170964,-0.30348619427082457,-0.05663999619531572,0.7506861936642693,-0.44535463815524956
-0.9851073441095083,-0.6207037513727809,0.14313941980042105,-0.7579083129470764,1.4527789009815857,-0.30348619427082457,0.5925640248355538,0.2084885181938419,-0.5075096373432871
-1.20555786137198,-0.6248374116275389,-2.4292679185446127,0.23480569182045072,0.9847161730377685,-0.30348619427082457,0.32992136064028127,0.21737700467696366,-0.5385871369373059
-1.913023528153478,-0.38508511685157504,-0.7796308708112761,-0.7579083129470764,1.2094366383242503,-0.5615137004501347,0.301118427174011,0.42181219378876417,-0.41427713856123083
-0.055991817381546974,-0.04612497596141923,1.2778721462171805,0.23480569182045072,-0.34281885320852284,-0.5615137004501347,-0.3618648211439136,-0.26282130441949886,-0.31448410033841395
-0.7967939317379933,-0.007544146917011246,-0.18744240564125664,-0.7579083129470764,1.372220506397713,-0.30348619427082457,0.398248569213618,0.5288482421894872,-0.5385871369373059
-0.45863629961221675,-0.11639720029230519,0.2945308934507102,-0.7579083129470764,-0.2556634742273337,-0.30348619427082457,0.1579768070412528,0.47516726600502085,-0.5075096373432871
0.26810907684267526,-0.10812987978278919,0.5404980132230832,-0.7579083129470764,0.006565998073513811,-0.5615137004501347,-0.37735009759479327,-0.09531373336633167,-0.4506866941162945
0.5303648590496466,-1.3110250139173665,-0.9326771545092786,-0.7579083129470764,0.1431952981353682,-0.21108484293878219,-0.2648952522099231,-0.9086199782500888,-0.49463691552680017
-0.5841162217197523,-1.5259753471647823,-0.8923819301726271,0.23480569182045072,-1.3630081852476477,-0.43845300475572235,-0.7869546400904921,-1.098118994825057,-0.5075096373432871
-0.5875839496572621,-1.4019655395220425,-0.7286846411636966,0.23480569182045072,-0.07961591631936234,-0.43845300475572235,-1.0227568009805275,-1.0270111029600828,-0.5385871369373059
-1.055718891083272,-1.6389620607948343,-0.613397981043361,0.23480569182045072,-1.1571788477231622,-0.21108484293878219,-0.8584676580673727,-1.1603384002069093,-0.5385871369373059
-1.353217403899728,1.039649784288348,0.14730535607279632,-0.7579083129470764,0.9540622631849689,0.37932382158821604,0.5917383175567046,-0.9971674784998382,0.44858218989846177
-0.35410563903245706,-1.5948696847440824,-0.6434015174355224,0.23480569182045072,0.6517516732670584,-0.21108484293878219,-0.9220325772820044,-1.124784454274422,-0.5385871369373059
-0.6268338585646576,-1.5618004027060184,-1.4102265108833898,0.23480569182045072,0.4770354705508556,-0.21108484293878219,-0.4626499059117407,-1.1336729407575439,-0.5075096373432871
1.543421878450252,-1.1883930930262125,2.005185100426696,1.7238766989717411,-2.462411326319886,0.8432759916035442,-0.7406075777124992,-1.1603384002069093,-0.41427713856123083
0.2451551109625818,-1.0368255503517527,-0.9443671086775739,0.23480569182045072,-2.011603750652369,0.15202968263377753,-0.11826148179457113,0.43785991542461294,-0.5385871369373059
-0.39577111539189164,-1.2173287148095187,-0.49270761676745745,0.23480569182045072,-1.0871976555150766,-0.21108484293878219,-0.6777324166694837,-1.0447880759263264,-0.5385871369373059
-0.38728756008618553,-1.5177080266552665,-0.18330240652477656,0.23480569182045072,-1.753287727297194,-0.21108484293878219,-0.49095823605886013,-1.098118994825057,-0.5075096373432871
-0.1536958314309737,-1.5066849326425784,-0.4635643943845459,0.23480569182045072,-1.7602684189416766,-0.21108484293878219,-0.7505973776090159,-1.0892305083419351,-0.5385871369373059
0.007657089865058861,-1.5149522531520945,-0.7485968687668713,0.23480569182045072,-0.22317915896816967,-0.21108484293878219,-0.501788944385504,-1.0714535353756915,-0.49463691552680017
-0.6885519236573656,-1.2779557318793027,-0.7253959853108174,0.23480569182045072,-0.3219488072477562,0.5281467866476304,-0.8581437128627529,-0.9025722921963781,-0.5385871369373059
-1.6008245648026562,-0.8025848025821328,-2.629046375368067,-0.7579083129470764,0.07531040666200983,0.5281467866476304,2.090084515741291,-0.39856866140725855,-0.5075096373432871
-0.2028035958678007,-0.8838801209257068,-0.5046208644959005,0.23480569182045072,-1.9092226169146687,-0.8743377872034618,-0.3124467005573182,-0.3283741661396318,-0.5385871369373059
0.11327646002613788,-0.8949032149383948,-1.6791441132985154,0.23480569182045072,-1.8374498247750684,-0.8743377872034618,-0.056973986801834,-0.3408122341466755,-0.5385871369373059
0.7745395595512476,-1.6527409283106944,0.9951710906222462,-0.7579083129470764,0.2269893608400133,-0.43845300475572235,-2.3684244669401777,-1.1425614272406657,-0.47643213774926835
0.36408803764604797,-1.1498122639818047,0.0634926545660296,1.7238766989717411,-1.4723259988879542,0.8432759916035442,-1.0104343906794013,-1.0956292418603981,-0.5385871369373059
-0.35166599304593127,-1.3027576934078506,-0.7399786149181234,0.23480569182045072,-0.1003211329395154,1.2230872990991148,-0.9525145453151431,-1.1425614272406657,-0.3521221393731933
-0.18643204082022785,-1.5659340629607763,-0.6854603708649191,0.23480569182045072,-0.5335924715841375,1.2230872990991148,-1.0405268552046336,-1.1425614272406657,-0.44031145423724843
-0.2487444292078651,-1.5866023642345664,-1.4636808440043811,0.23480569182045072,-1.3600669127417455,1.2230872990991148,-1.0703770053323636,-1.1336729407575439,-0.41427713856123083
-0.44806072137928366,-1.4171222937894885,0.39752441426603785,-0.7579083129470764,1.3181845535801102,-0.21108484293878219,-1.9418219066919602,-1.1514499137237875,-0.49463691552680017
-0.4209036094766417,-1.4157444070379024,0.4888625962902975,-0.7579083129470764,0.25650642593099615,-0.21108484293878219,-1.688257925411123,-1.1603384002069093,-0.5075096373432871
-0.7844798685278953,-1.2131950545547605,-1.3902529506822532,-0.7579083129470764,-0.3016403940516205,1.2230872990991148,0.15580105072268016,-1.0270111029600828,-0.5385871369373059
-0.46523904288174023,-1.2917345993951626,-0.8994205527225151,1.7238766989717411,-0.9589722902188544,-0.21108484293878219,-0.6722423597540651,-1.1158959677913003,-0.5385871369373059
-0.7512296181631491,-0.8439214051297128,-1.1957823963013345,-0.7579083129470764,0.19409165724434463,1.2230872990991148,0.8256935917352795,-0.6938833662973182,-0.5385871369373059
-0.08652214219635969,-1.3248038814332266,-1.4638210606591813,0.23480569182045072,-1.9310375198315282,1.2230872990991148,-0.03310868106302523,-1.0675398769228097,-0.5385871369373059
0.8114060878705135,-1.2903567126435767,-1.390263579065684,0.23480569182045072,-1.8872684866094822,-0.21108484293878219,-1.3236821565711934,-1.0646064710117131,-0.07973335427714352
0.4146466754966219,-0.8659675931550888,-0.347957517647824,0.23480569182045072,-1.148040882979597,-0.21108484293878219,-0.386526409715939,-0.6161771562098085,-0.33011293194846164
-0.0006320134067680833,-0.5366526595260349,-1.866913520680494,0.23480569182045072,-1.4577112559235448,-0.5595604221658743,1.228428659285366,0.8217940855292434,-0.4690957352743578
0.17694286549125496,-0.6592845804171888,-2.590352867916028,1.7238766989717411,-1.9935414928047643,-0.5595604221658743,2.371883332023175,0.7920961088357874,-0.49463691552680017
-0.5284876475731776,-0.7791607278051709,-1.3410244238100264,-0.7579083129470764,0.7103021573440855,-0.5595604221658743,0.4838449356162833,0.27070792357569423,-0.33011293194846164
-0.6196614373783897,-0.7943174820726169,-0.9536166299972361,0.23480569182045072,1.0221760157160864,-0.5595604221658743,0.1378988516039031,0.27959641005881597,-0.31448410033841395
-1.617600304052462,0.19776097906930265,-0.25733816537265003,-0.7579083129470764,1.4659966468514034,-1.2858119114911908,0.2718404690074306,1.7068013284258634,0.48366893737067673
-0.021857845368534856,-0.6344826188886409,-0.3322346282621934,1.7238766989717411,-1.4705343989564394,-0.21108484293878219,-0.4685049099483186,-0.21426767361081028,-0.5385871369373059
-0.6380477520925805,-1.0919410204151927,-0.3481784710134545,-0.7579083129470764,1.3326249671084034,-1.1011519341588685,-0.40069966848577315,0.802629052988443,-0.5075096373432871
0.22890025178071416,-1.0244245695874787,-0.2523052845398946,-0.7579083129470764,-0.011181629492528818,-0.8743377872034618,-0.6774454297520007,0.8098202434119638,-0.47643213774926835
-0.550883826931501,-0.9197051764669427,-0.571345563148886,-0.7579083129470764,0.4863392844192975,-1.1011519341588685,0.39089018249516966,0.6912423568598561,-0.41045132353107655
-1.276635230638817,-1.1498122639818047,-0.7288244677860771,0.23480569182045072,-1.4322845455114357,-1.1011519341588685,-0.7101709156541175,1.0108734271142583,-0.5075096373432871
-0.5783731585320756,-1.0051341550652748,0.18456612818595888,0.23480569182045072,-0.8256761281841721,-1.1011519341588685,-0.939057277643753,1.2255042340780986,-0.5075096373432871
-0.9320991528303783,-1.0437149841096827,-1.7857134513355575,0.23480569182045072,0.21204560326864785,-1.1011519341588685,0.6472944983577295,1.206904355779065,-0.44535463815524956
-1.1913341510332232,-1.0450928708612688,-1.468659022790306,-0.7579083129470764,0.6176481016168255,-1.1011519341588685,-0.4715857136739547,1.218988402721073,-0.41427713856123083
-0.8588831562261663,-0.9017926486963248,-0.712540906797456,0.23480569182045072,-0.7694513963010456,-1.1011519341588685,-0.46342750286949835,1.133735018861015,-0.5075096373432871
-0.8315027571971689,-0.9513965717534207,-0.4839001971952662,0.23480569182045072,-1.4817783255488017,-1.1011519341588685,-0.2995822181518301,1.1463051900751229,-0.5075096373432871
0.015403255455471882,0.37826414352706855,-0.9617633346508427,-0.7579083129470764,0.29586666341983414,-0.26066558756378155,1.0327872959577626,0.8232483939676501,-0.47643213774926835
0.391014468808879,0.17433690429234067,-0.07539730495914908,-0.7579083129470764,0.746608087292396,-0.26066558756378155,0.26775046709566713,0.8533501252060349,-0.16436448630354974
0.3715088842444201,0.2790562974128766,-0.27557929907459944,-0.7579083129470764,-0.17396458512744056,-0.26066558756378155,0.1617292072002328,0.8244031122217048,-0.27488580847427174
-0.15546536958465124,0.2776784106612906,-0.32509996022901017,-0.7579083129470764,0.17773786007439238,-0.26066558756378155,0.4895886471782092,0.8550560845231481,-0.1842491238310196
-0.24190459740020284,-0.38508511685157504,0.5946364632078273,-0.7579083129470764,0.7694576955262047,-0.26066558756378155,-0.8092509382485608,0.9651996263334531,-0.16307628059841048
-0.6988912759403964,-0.3203244395270331,0.40423384945389124,-0.7579083129470764,0.15662607157044023,-0.3119673637419407,-0.4074824309487252,1.075553263468526,-0.25206674780874827
-0.14418567289697476,-0.32859176003654905,-0.5501488612802866,0.23480569182045072,-0.2939856786821541,-0.3119673637419407,-0.2482690677600428,1.0906082830398645,-0.25206674780874827
-0.26503588677633744,-0.8425435183781268,1.1009099521301289,0.23480569182045072,-0.9379746102066457,-0.3119673637419407,-1.4028955251714466,1.329707275091215,-0.29586410580513167
-0.6920492753394537,-0.7378241252575909,-1.7660567924752417,-0.7579083129470764,0.8311249086752248,-0.3119673637419407,-0.29595488496761424,1.297147282083661,-0.26062153028551355
-0.959232531233828,-0.6895980889520809,0.07649760303657321,-0.7579083129470764,0.6595048246543321,-0.3119673637419407,-0.032262193139356014,1.3035526181328718,-0.20243258203896797
-0.9667590572138569,-0.615192204366437,-0.5771589963611086,-0.7579083129470764,0.21889946595452756,-0.3119673637419407,0.37514639479323725,1.3042258956307524,-0.25206674780874827
-0.917235155566377,-0.6413720526465709,-0.17310354629612035,-0.7579083129470764,0.2734360254995494,-0.3119673637419407,-0.30421019024414014,1.3101012517108102,-0.19532493440987808
-1.172154674112907,-0.6083027706085069,0.17648153619515322,-0.7579083129470764,1.2058389467901147,-0.3119673637419407,-0.620553863690439,1.3487508212803332,-0.2899671401851558
0.6212128985686997,0.8674139403400983,-0.9807567433818472,0.23480569182045072,-0.6120021807258791,-2.148966371798711,-0.08364197761374313,-0.6912654212256237,-0.3573757317925081
-1.327210159084371,-0.482915076214181,-1.1635675711069795,-0.7579083129470764,0.6274339514045284,-0.3119673637419407,0.5296621955406697,1.3106768285357075,-0.3996043336114097
-1.255822640055766,-0.5531873005450669,0.18924017919280095,-0.7579083129470764,1.023025979062865,-0.3119673637419407,-0.46342184600930897,1.3175573801706597,-0.33011293194846164
-0.3837187860981177,-1.2297296955737926,-0.4503788609037863,-0.7579083129470764,0.6439316991741307,-0.3119673637419407,-0.17420872948552185,1.3599354773824757,-0.16565714180908073
0.7987864219709225,-0.8797464606709487,-0.3785987570458216,-0.7579083129470764,1.3655967392452788,-0.5595604221658743,-0.5710283294816285,0.6603048470825036,-0.29586410580513167
-1.2474030641518281,-0.5504315270418949,-1.3023673356351555,-0.7579083129470764,1.054878994190379,-0.4146037637434977,0.4104140992011991,0.010852507724244804,-0.4690957352743578
-0.778505089494524,0.3107476926993546,-0.5182280230221085,-0.7579083129470764,0.4870561927561828,-0.26066558756378155,0.43182586329573497,0.6658508460220958,-0.5075096373432871
-0.9649282260046335,-0.1122635400375472,-0.436460066474421,0.23480569182045072,1.3379289187330978,-0.4146037637434977,-0.8201440566428749,0.14069435793435844,-0.04037691813286102
-0.669161679462812,-0.20044829213905113,0.08508182655672211,-0.7579083129470764,0.5243949494714845,-0.4146037637434977,0.23430342151843458,0.13591868178680308,-0.17616432664771034
-0.7185557615807027,-0.2927667044953131,-0.6068941904486737,-0.7579083129470764,1.3187610000529821,-0.4146037637434977,0.3311518417838051,0.14505923476835225,-0.3123395248087785
-1.5522246183833293,-0.448467907424531,-0.690761594002271,-0.7579083129470764,0.30836277774144283,-0.4146037637434977,-0.7089344168649921,0.0947964641384034,-0.5075096373432871
-1.2789838365983277,-0.480159302711009,-0.1028812319215244,-0.7579083129470764,1.1377299711431768,-0.4146037637434977,-0.4222328706569982,0.04551837322663047,-0.5385871369373059
-1.5473918445616017,-0.5090949244943149,0.018190974093042045,-0.7579083129470764,1.115894189485354,-0.4146037637434977,-0.31340093276114694,0.035386049200925786,-0.5075096373432871
-1.3899167749414545,-0.527007452264933,-0.05182735332617054,-0.7579083129470764,1.0710374221646832,-0.4146037637434977,-0.015348555146318424,-0.011520863910364875,-0.5385871369373059
-1.3742082791485688,-0.584878695831545,-2.4742006283487807,-0.7579083129470764,0.9358609926404611,-0.4146037637434977,1.4416270339041082,-0.018418659896613173,-0.47643213774926835
-0.9320991528303783,-0.6399941658949849,-0.9509342795404258,0.23480569182045072,-1.418611063421771,-0.4146037637434977,-0.399160176318685,-0.0655741506796961,-0.4690957352743578
-0.9800356456689671,-0.6565288069140169,-1.347912688862208,-0.7579083129470764,1.058250615655265,-0.4146037637434977,-0.09626159937809448,-0.06647660260912026,-0.4690957352743578
-1.2818078272576472,-0.5380305462776209,1.652702759615483,-0.7579083129470764,0.9664220484524721,-0.4146037637434977,-1.5054396496028208,-0.03820438438319657,-0.5075096373432871
-1.508637923890178,-0.500827603984799,1.2986549261806162,-0.7579083129470764,0.6593956003924798,-0.4146037637434977,-0.11421594273886412,-0.12950386844607206,-0.5075096373432871
1.036793246901073,0.007612607350434746,-0.4141979910520353,0.23480569182045072,0.8215563266083961,-0.26066558756378155,0.40549132446700165,0.38559402289874084,-0.5075096373432871
0.8994220037554457,-0.2541858754509051,-0.7270034064195646,-0.7579083129470764,1.362573883998337,-0.26066558756378155,0.0013658435365605625,0.19357388050803,-0.4690957352743578
1.088839356551998,-0.12328663405023518,-0.4054776462174916,1.7238766989717411,1.150894044157047,-0.26066558756378155,0.06017208161869466,0.24539196558856718,-0.4506866941162945
1.1767208318989317,-0.383707230099989,-0.6941442476682428,-0.7579083129470764,1.4808460475420135,-0.4146037637434977,0.32324960510409345,0.0988185369006494,-0.44535463815524956
1.3772607670972319,-0.518740131755417,-0.7033299986873209,-0.7579083129470764,1.561526064817462,-0.4146037637434977,0.212972018810331,0.05517634460530243,-0.47643213774926835
1.5882000660744426,-0.465002548443563,-0.7188113604971946,-0.7579083129470764,1.3382251928979254,-0.4146037637434977,0.17612651559983467,0.02025873538574507,-0.4265356186378599
-1.9071443978328424,-0.6510172599076729,0.17619915272345585,-0.7579083129470764,1.5998307719212437,-0.4146037637434977,-0.5031240154605416,-0.02229968741602058,-0.2880323250376831
-1.977418216866649,-0.6799528816909789,-1.6791301696395196,-0.7579083129470764,0.5682266189164205,-0.4146037637434977,-0.12489751315523846,-0.03757090739107977,-0.3019079513316812
2.3337424724709774,-0.600035450098991,-0.6798162117227465,-0.7579083129470764,1.3986633513186133,-0.4146037637434977,-0.2559359335192999,0.021963955943822763,-0.26062153028551355
2.031588410747321,-0.5545651872966529,0.11820854754780105,-0.7579083129470764,1.4124846484535558,-0.26066558756378155,-0.4197775648264014,0.046468008709784146,-0.2880323250376831
1.7680488507906973,-0.506339150991143,-0.8571005725882821,1.7238766989717411,0.5375541382554634,-0.26066558756378155,-1.0582824380764793,0.13069705042703256,-0.41045132353107655
1.5416713172377765,-0.36717258908095707,-0.4786298841271577,1.7238766989717411,-0.842971883975996,-0.26066558756378155,0.2665491705033044,0.16010303407911208,-0.44535463815524956
2.3551326891052375,-1.0671390588866447,-0.6210711863397291,-0.7579083129470764,0.40695965309773535,-0.4146037637434977,-0.4055983127076532,-0.6425125399851488,0.017344076366278747
-1.774024889072855,-1.0147793623263768,-0.6369055274892242,0.23480569182045072,-0.954099707337407,-0.4146037637434977,0.15423385599638995,-0.6760178297877549,-0.009356389063839461
0.6399207122413126,-1.1360333964659446,0.6109719960163431,-0.7579083129470764,0.9605987582736332,-0.4146037637434977,-1.6161211579864618,-0.7976489399044865,-0.07973335427714352
0.3552245738356215,-0.7405798987607628,0.417760661301688,-0.7579083129470764,0.9711252398005505,-0.4146037637434977,-0.6144516176755211,-0.4225404789515037,-0.26062153028551355
0.38568096251587947,-0.29414459124689907,0.19610777252675052,1.7238766989717411,-0.4558353706978569,-0.26066558756378155,-0.6214694693450551,0.1355834205474474,-0.47643213774926835
0.6075681081635067,-1.3468500694586025,-0.5319363949611687,0.23480569182045072,-0.5423167259540623,-0.4146037637434977,-0.8250484400372509,-1.1425614272406657,-0.5075096373432871
0.5873153989593717,-1.3606289369744624,-0.8145188807005841,1.7238766989717411,-0.16797898823221777,-0.4146037637434977,-1.3703498410954107,-1.1336729407575439,-0.5385871369373059
0.8052388284335177,-0.18253576436843316,-0.959108481479605,0.23480569182045072,0.5035865199493449,-0.4398016087819244,0.4307101224410359,-0.07114513797979492,-0.5075096373432871
0.6880270117355957,-0.21698293315808315,-0.45591702873596757,-0.7579083129470764,0.22138698813625265,-0.4398016087819244,0.17646604052942913,-0.0751419242794975,-0.47643213774926835
0.9391657567509109,-0.2486743284445611,-0.10240997525069814,0.23480569182045072,0.382360470778619,-0.26066558756378155,0.5058691550201497,0.07621587891155841,-0.33959404604803484
0.670320909459309,0.0737511714265627,-0.27618891974623305,-0.7579083129470764,0.6938275425753965,-0.26066558756378155,0.06353540593562375,1.026030539285787,-0.27124837694317133
-0.0682052042217594,-0.18804731137477715,0.13511781804535966,-0.7579083129470764,-0.44912352638881364,-0.5595604221658743,-0.13277334965180945,0.7880859591390186,-0.44535463815524956
0.11677782890486996,-0.6193258646211949,0.1361479911732888,-0.7579083129470764,0.7249129821900108,-0.5615137004501347,-0.7889418794122893,0.05205245938733672,-0.09038106373952207
0.12547419705120283,0.3603516157564506,-1.2310502002591028,1.7238766989717411,-0.9016174226809053,0.5744920382169726,1.0105803789190584,-0.3548629900417315,-0.5075096373432871
0.10454521866967349,0.3011024854382526,-0.36381799096942363,1.7238766989717411,0.14873970415470608,0.5744920382169726,0.5592365076929319,-0.38291334369092406,-0.5385871369373059
-0.17741577566505468,-0.503583377487971,-0.7779981951033681,0.23480569182045072,0.8713065555514773,1.1164002292686068,0.36693661461256777,-0.37131310742484036,-0.3019079513316812
0.5044092093335201,0.6938002096402623,-0.1405261859678664,-0.7579083129470764,1.2416534480693735,0.5744920382169726,0.6474826272025154,0.015699392749989424,-0.4506866941162945
0.5732845387049119,0.38515357728499855,-1.1727390859427476,-0.7579083129470764,0.1840220927401051,0.5744920382169726,0.9343499330549463,-0.4202951645300034,-0.4506866941162945
0.43169819652831687,0.4223565195778205,-0.13952234002825165,-0.7579083129470764,1.0391611130176883,0.16091335141974672,0.4869343164971631,-0.1353452086721716,-0.38319963896721204
0.035028863011691364,-0.40850919162853705,0.021709554057199477,-0.7579083129470764,0.8987994562261272,0.5744920382169726,-0.1358116161832628,-0.9113021062875267,-0.3019079513316812
-0.01770596173261149,0.14953494276379267,0.5785027721763883,-0.7579083129470764,1.4072774689881342,1.6256675764572788,-0.2185658383270227,-0.2626012654116114,-0.47643213774926835
1.9273586702351997,-0.7460914457671068,-0.8354015089634038,-0.7579083129470764,1.0708069509212461,-0.3119673637419407,0.6493665837097852,1.174560585026465,-0.3996043336114097
0.7473124547745607,-0.2445406681898031,0.37072694436193204,-0.7579083129470764,-0.05619667806538735,-0.3119673637419407,-0.020186703767836867,1.096462145905774,-0.49463691552680017
0.3481448192713289,-0.32859176003654905,-1.096910348062563,0.23480569182045072,-0.37143421431959434,-0.3119673637419407,0.49761931189837016,1.1700220611377279,-0.5385871369373059
0.3655307780849937,0.4581815751190565,0.6633962535175103,0.23480569182045072,-0.502959011089454,-0.26066558756378155,-0.02165706123347243,1.027114330961482,-0.47643213774926835
0.10045852205904893,0.39755455804927253,0.08978678763280684,1.7238766989717411,-0.4547078113401198,-0.26066558756378155,0.9909972823043646,0.8972262321686477,-0.5075096373432871
0.9240822923941729,-0.38784089035474706,-1.41707548016931,0.23480569182045072,-0.8900109359466203,-0.3119673637419407,0.9939347363313785,1.1903260007076575,-0.5075096373432871
1.8453897443417202,-0.9279724969764588,0.7376269310670152,-0.7579083129470764,0.6660861365777117,-0.3119673637419407,-1.2278238325002053,1.552106714691166,-0.34955008687145045
-0.15275770511036443,-0.8687233666582608,1.3615757361546,0.23480569182045072,-0.2460676263496835,-0.3119673637419407,-1.161144850890904,1.4528766258308883,-0.38319963896721204
-0.09041352418486837,-0.15773380283988517,0.38201809038131795,-0.7579083129470764,-0.28655789214763205,0.11882348915846226,-0.38570064811021865,0.31809240330843214,-0.38319963896721204
1.9900757357326337,-1.2021719605420726,-0.5201764299735783,-0.7579083129470764,-0.28170425578433383,-1.1011519341588685,-1.0354184016554027,1.4084341934152795,-0.5075096373432871
-0.16582369880888426,-0.7281789179964888,0.013726077971141462,-0.7579083129470764,1.3893452067976335,-0.3119673637419407,-0.5256396480878247,1.3817687339659142,-0.44535463815524956
-0.7301137662015325,2.3293517837728435,-1.4318026167880302,3.7093047085067954,-1.2515410957637951,0.07735218044195717,2.7443088342462336,1.7072284053715046,3.6755951466055583
-0.27906354313163284,-0.8563223858939868,0.47595037802748325,-0.7579083129470764,0.9369137857098642,-0.3119673637419407,-1.1831452560098494,1.3462147880334272,-0.38319963896721204
0.0031233260941600483,-0.026834561439215237,0.26270200533542243,0.23480569182045072,-0.6659999184700477,0.11882348915846226,-0.29632182011497826,0.8673277926442745,-0.5075096373432871
-0.40593610162426386,-1.2076835075484167,0.9314236069351922,0.23480569182045072,-0.47664310247286895,2.5187973636133685,-1.3129220060565103,-1.018122616476961,-0.49463691552680017
-1.2581399587076707,-1.2338633558285506,3.1907385635600707,-0.7579083129470764,0.48155595949729024,1.3991379548796135,-2.272336149744323,-1.124784454274422,-0.31883602988477744
-0.6109420258034542,-1.1222545289500847,2.252788113674437,-0.7579083129470764,0.7711417887272574,1.3991379548796135,-2.749464214871186,-1.1603384002069093,-0.3712296798298592
-2.0022274005576803,-0.8962811016899808,-0.5579795421660165,1.7238766989717411,1.0145574758515286,-0.09891707410436705,-0.3350984644669893,-0.5825867788039948,-0.02887824561465335
-1.864145162896796,-0.7612482000345528,0.213985883554276,-0.7579083129470764,1.108059133319905,-0.09891707410436705,-0.01675332733391709,-0.5078363086578633,0.045306069307407534
-1.6488125788043402,-0.7405798987607628,0.47248289231027646,-0.7579083129470764,1.1921274106455837,-0.09891707410436705,-0.23015528437303084,-0.4915720795169591,0.03445364131980932
-1.0098142864491393,-0.425043832647569,-0.8597753174129129,1.7238766989717411,0.7533807429472279,-0.09891707410436705,0.6094389710559314,0.0364757584018412,-0.2730608640109055
-1.1136123631623522,-1.3137807874205385,-0.4222602536868265,-0.7579083129470764,-0.3235921627511451,2.5187973636133685,-1.7975832006426737,-1.0447880759263264,-0.21412851564520677
-0.9586475238918525,-0.504961264239557,0.13658277981289507,0.23480569182045072,0.6363361312919181,-0.09891707410436705,-0.3318866638652518,-0.1470509411310285,-0.44031145423724843
0.11998333001849229,-0.06541539048362321,-0.49110965394488276,-0.7579083129470764,0.3545353887985129,1.6256675764572788,0.40090439971375047,-0.3781515896921943,-0.5385871369373059
0.006594874065288697,-0.05990384347727922,-0.18057637243698518,-0.7579083129470764,0.4607031425232822,1.6256675764572788,0.21745837463450474,-0.38704007617531605,-0.5385871369373059
0.14736151096345282,-0.19769251863587914,0.18021746172506115,1.7238766989717411,-0.15806346482454642,1.6256675764572788,-0.28771830539006993,-0.47592494100653365,-0.44535463815524956
-1.8060449653855006,-0.050258636216177224,-0.7484216467024234,-0.7579083129470764,1.6200436474337934,-0.4398016087819244,0.3005122488026455,0.15662818217545782,-0.44535463815524956
0.41455881472339273,-0.23902912118345912,0.3892846868803869,1.7238766989717411,0.39686180299841195,1.6256675764572788,-0.36761073399972255,-0.4848134274896554,-0.44031145423724843
1.2031813421871764,-0.3313475335397211,-1.0116918722079162,-0.7579083129470764,1.1297247720243757,1.6256675764572788,0.2588292034930287,-0.6431995650893362,-0.3627862512952831
-0.3998616320361347,0.18811577180820066,-0.05174281379925014,-0.7579083129470764,1.7266886601936455,1.6256675764572788,0.25756806800932985,-0.3956185620356712,-0.19673464140309949
-0.04720832782333076,0.6276616455641344,-1.1204525098856541,-0.7579083129470764,1.1781541656554544,1.6256675764572788,1.396946330343795,-0.28976571141038904,-0.47643213774926835
0.6379041041713313,-0.544919980035551,-0.22597751117693765,-0.7579083129470764,0.5784872587878319,-0.2616817826730611,-0.5739834426655029,-0.9019600202933814,-0.25206674780874827
0.33407156896639123,-0.8921474414352227,0.29802265868602945,-0.7579083129470764,0.5615685548090364,-0.2616817826730611,-1.119807975626538,-0.7658257538158748,-0.44031145423724843
0.24197265327756232,-0.9293503837280448,-0.07748612358162892,-0.7579083129470764,1.1716733293184076,-0.2616817826730611,-0.8798925446638495,-0.7744306562501403,-0.4265356186378599
0.4557950918217365,-0.7061327299711129,-0.5512670842269115,1.7238766989717411,-0.32412642235924277,-0.2616817826730611,0.14065323128870547,-0.42969616075039346,-0.47643213774926835
0.2924023958002291,-0.7819165013083428,-0.10858126320778576,-0.7579083129470764,1.083620164475791,-0.2616817826730611,-0.13592061042739148,-0.41487041279824155,-0.3521221393731933
0.9778747735432817,-0.7557366530282088,-0.3210306544885589,1.7238766989717411,-1.7069706289119144,-0.2616817826730611,-0.29256752697615596,-0.7391891915508406,-0.41427713856123083
0.5710101399791163,-0.7309346914996608,-1.011460875507484,1.7238766989717411,0.052389950258351387,-0.2616817826730611,0.4185557333193483,-0.7643266503283647,-0.5075096373432871
0.9257468412367826,-0.657906693665603,-0.6955049732716737,-0.7579083129470764,0.7303980260306708,-0.2616817826730611,0.062490662322911776,-0.7447600686905087,-0.47643213774926835
1.0178967728584545,-0.5931460163410609,-0.7694855425321927,0.23480569182045072,0.31808078503922843,-0.2616817826730611,0.17832302390128527,-0.7244399181433271,-0.47643213774926835
0.9178752306714084,-0.5531873005450669,0.08423594374699289,1.7238766989717411,-1.607305663722274,-0.2616817826730611,-0.39826432658446176,-0.6675281323684621,-0.5385871369373059
0.31298559952582383,-1.2435085630896525,-1.342983556653032,0.23480569182045072,-0.4462793480793199,-0.2616817826730611,-0.010987168764329465,-1.0092341299938392,-0.5075096373432871
0.6092659282666661,-1.2297296955737926,-0.925641067170117,-0.7579083129470764,0.10170972289673628,-0.2616817826730611,-0.1396734980029479,-1.0270111029600828,-0.49463691552680017
-1.7665710546357825,-0.8521887256392288,0.5930490312605781,1.7238766989717411,-0.3891979974152772,-0.2616817826730611,-1.0502039011417006,-0.8001627136324708,-0.4265356186378599
-1.8505909196110546,-0.7226673709901449,-0.21962446811237585,-0.7579083129470764,1.2409819469686194,-0.2616817826730611,-0.5448742504616155,-0.752532160581835,-0.3573757317925081
0.47036913621139215,0.8260773377925184,0.6725064357553161,-0.7579083129470764,0.2520535111101994,-0.3315790271973976,0.12628625896125736,0.6706898153161734,0.8602456077247911
0.16501487213042385,0.9376861646709842,0.7793675180421229,-0.7579083129470764,1.1478116120400044,-0.3315790271973976,0.10269367552370422,0.4129237073056424,0.43280224351363505
0.17694286549125496,0.6579751540990264,-0.9555809307697994,0.23480569182045072,1.363286498506747,-0.3315790271973976,0.55529342046418,0.2529309506094507,0.23022774350006991
0.9652345287529064,0.9239072971551242,0.4357965404428904,0.23480569182045072,0.6664908299115533,0.04460631664282216,0.3519585340426725,0.8653786754074397,1.935540991854917
-0.11675980314522634,0.8811928078559583,-0.3286902086502454,1.7238766989717411,-0.10081095142288903,-0.3315790271973976,0.8457269520949335,0.26181943709257244,0.4372661446998513
0.16186531602528154,0.4512921413611265,0.126737971513014,-0.7579083129470764,-0.6459202053131023,-0.3315790271973976,0.1949341436947647,0.21737700467696366,0.03445364131980932
1.1017230976788406,0.49814029091505047,-0.013146180649397628,-0.7579083129470764,0.45920819246658706,-0.3315790271973976,0.08672591143637225,0.11071516687950253,-0.11588744272402196
-1.5667971717276044,0.7392704724426004,-0.1861947894394724,-0.7579083129470764,1.1454151190219655,-0.6623150274259871,0.6930572767924317,-0.07299636676437216,0.4558928500712945
-0.38547255120975676,1.341406982885682,0.407092787088618,0.23480569182045072,-0.37186724692137574,0.07735218044195717,0.5099217969814602,1.5501690819454035,2.4727247533791794
-0.5604153037176298,0.7571830002132184,1.8364655589684402,0.23480569182045072,-0.8895719993306849,-0.45982363648137264,-0.9731176666639243,-0.7479087961636809,-0.14303514424275468
-1.065559174458058,1.229798156007216,0.8681737071072788,1.7238766989717411,-0.2355030907679,0.37932382158821604,0.6604819469997636,-0.8398594624452683,0.47226795550432493
-1.9450336600560265,0.8343446583020343,0.762972992830162,0.23480569182045072,1.9041407830688963,0.09506215029545824,0.07510203942175529,1.0140731783320747,0.7049012548890891
0.5334479958605808,-0.8921474414352227,0.042568975391060276,0.23480569182045072,-1.2597367261754964,0.46859608772944983,-0.7023854220071416,-1.0013363202601226,-0.5385871369373059
0.83147642127608,-0.6813307684425649,-0.22184794542767844,-0.7579083129470764,-0.2692326699578929,0.46859608772944983,-0.3031679675760584,-0.946275298909254,-0.5075096373432871
0.6735442784721151,-0.6331047321370549,0.09718619017070586,0.23480569182045072,-1.0287936446619292,0.46859608772944983,-0.13918577167854268,-0.9185454266719607,-0.4265356186378599
-0.28797913191692054,-0.42917749290232704,-0.142423401164281,0.23480569182045072,-0.5294955151439817,0.46859608772944983,-0.4446665590160608,-0.9653986727702807,-0.41045132353107655
1.4336316477120472,0.18949365855978664,-1.3906420080206763,1.7238766989717411,0.7802373519146245,0.46859608772944983,0.7632103111245738,-0.48780236104272146,-0.47643213774926835
-2.0411411711520113,-1.6789207765908283,-0.14499664005174429,-0.7579083129470764,0.7730251155695859,2.150571559385074,-1.3318207501205228,-1.0892305083419351,-0.25716840898315674
-0.1817804721416052,0.5215643656920125,0.8935170386434892,-0.7579083129470764,-0.4241654336819789,0.16091335141974672,-0.2592834409952481,-0.05759277466213116,-0.49463691552680017
0.7173009151705407,0.3520842952469346,-0.2735282160887031,1.7238766989717411,0.7951581375036442,0.16091335141974672,0.7503334182751723,-0.09839673041230593,-0.19673464140309949
0.92550790429528,0.43337961359050853,0.13681075376207566,-0.7579083129470764,1.4328770059963931,0.16091335141974672,-0.2676814296762843,-0.0655019866606647,-0.34203577153719095
0.724070384423485,1.301448267089688,0.06227409577949538,1.7238766989717411,-1.0912660043230125,0.16091335141974672,0.9588634983670716,0.242381923228841,-0.33959404604803484
0.43174551565443187,1.189839440211222,0.6569495051641701,0.23480569182045072,-0.9994434484800855,0.16091335141974672,1.1956098017562455,0.21027659111634942,-0.20387222272241254
0.8419939596433877,0.8908380151170603,-0.16752559515715365,-0.7579083129470764,0.26166309923897174,0.16091335141974672,1.1420148942394348,0.1181831763281157,-0.12396157740088505
0.9244617079913298,1.06996329282324,0.3351244925882575,0.23480569182045072,0.07896949994334876,0.16091335141974672,0.49801069172896223,0.14409052436363473,-0.21412851564520677
0.9327165541874797,1.1319681966446102,0.18784610581750497,0.23480569182045072,-0.6544545114458302,0.16091335141974672,0.6237430162831529,0.14702471801099745,-0.3712296798298592
0.33618601918776697,-0.9224609499701147,1.124427736927003,-0.7579083129470764,-0.345614028200537,0.5744920382169726,-1.9307955879507432,-1.0503938943415516,-0.47643213774926835
0.6333625771063042,-0.6496393731560869,-0.5404953638821569,-0.7579083129470764,0.05729833293471519,0.5744920382169726,-0.5867061775919286,-1.088677131187714,-0.4067364727057888
0.6297388439248837,-0.7254231444933169,0.40766710982628995,-0.7579083129470764,0.06590799575719279,0.5744920382169726,-0.5523993584983242,-1.0714535353756915,-0.38319963896721204
0.6438532520113902,-0.7047548432195269,0.5089848563513573,-0.7579083129470764,-0.31414906782152074,0.5744920382169726,-0.32198995638123895,-1.0714535353756915,-0.3627862512952831
0.639725890526761,-0.7722712940472408,0.7729226223427753,-0.7579083129470764,-0.8602100487933886,0.5744920382169726,-0.8314501043672888,-1.0714535353756915,-0.4690957352743578
0.6042126399236292,-1.0354476636001666,-0.3913235647310797,-0.7579083129470764,-0.5575186499625331,0.5744920382169726,-1.46849172933661,-1.007415096487859,-0.5385871369373059
-0.5533197761112989,1.346918529892026,0.6757351241237016,1.7238766989717411,-1.418616967435925,-0.4568129878705658,0.39435083811382265,1.3675102762308997,0.5307679030392324
-0.5962782722372055,1.213263514988184,1.142780224884711,-0.7579083129470764,-1.0216384088899069,-0.4568129878705658,0.4196618898907598,1.3198519646754503,0.3626603512892382
0.11439646923775183,0.7282473784299124,0.031021675580186737,0.23480569182045072,-0.7218873701264025,-0.4568129878705658,0.5443178145080052,1.191938714453534,-0.03651476561496593
-0.1603327085492831,0.6455741733347524,-0.6627734526296242,0.23480569182045072,0.2893309197511533,-0.4568129878705658,0.4942796088218818,1.1487699558975664,-0.20387222272241254
-0.05741459506416286,1.0864979338422722,-0.10819776383134073,1.7238766989717411,0.09309329729440932,-0.4568129878705658,0.8087499294599164,1.1916700056207334,0.24823230793642595
0.01443666372305911,1.0065805022502843,-1.325442726160244,0.23480569182045072,0.4974656674571356,-0.4568129878705658,1.5482974294858312,1.1800357052384334,0.25373674738056173
-0.16878065128351152,0.9914237479828382,-0.7200044696683578,-0.7579083129470764,0.8952792146231234,-0.4568129878705658,1.7274186634733766,1.1659671770807778,0.2408325876393902
-0.26737633511566855,0.9679996732058762,-0.9806355408074966,-0.7579083129470764,1.4511489636921835,-0.4568129878705658,1.4216771546175704,1.152120554640895,0.23835035291316314
0.01169437249242237,0.4320017268389225,0.40497832383455756,-0.7579083129470764,0.9909371254063192,-0.030048053404467347,0.09721509422325769,0.9677070887767697,-0.4067364727057888
0.24937316743893168,-0.05439229647093522,-0.36380580245631544,-0.7579083129470764,0.15911595535782694,-0.030048053404467347,0.08811898694638413,0.7730248977900599,-0.17616432664771034
-0.11985033356961594,-0.2610753092088351,-0.5229136774934297,-0.7579083129470764,1.321068127765869,-0.030048053404467347,0.2648466402294259,0.6691574203437798,-0.5075096373432871
-0.6528993034405981,-0.12466452080182118,0.7994151844029593,-0.7579083129470764,0.3026855314036357,-0.030048053404467347,-0.5855127069411368,0.7320535626781085,-0.38012236007373235
-0.8345883585459216,0.03654822913374073,2.348750715080161,-0.7579083129470764,0.9106656122374845,-0.030048053404467347,-1.5648511738643782,0.7798168438301779,-0.3712296798298592
-0.2011052828570778,0.7819849617417663,1.0261578987438953,0.23480569182045072,-0.9327957163363081,-0.030048053404467347,2.115317842826152,1.2127709721858204,0.25556308223007707
-1.075271252575526,0.8949716753718183,1.4106788676039674,-0.7579083129470764,-0.42632200903393397,-0.030048053404467347,1.289238333877624,1.3087097204393385,0.45443502375075107
-1.4277347134401714,-0.3244580997817911,0.8258538244811503,-0.7579083129470764,0.17421176813009012,-0.35295891178085986,-0.40940884922357873,-0.4126481312362102,-0.230935587063766
-1.1602595330411964,0.6813992288759884,-0.9803544249411624,-0.7579083129470764,0.6638831878782185,-0.030048053404467347,0.9711534793366003,1.2836559805133272,0.23835035291316314
-1.0412258067609539,0.5532557609784905,-0.6909937607999614,-0.7579083129470764,1.5878426175083187,-0.030048053404467347,0.539604211705063,1.3326245799417424,0.1707699812404559
-2.0411411711520113,0.13437818849634667,-3.3842453799644328,0.23480569182045072,0.4699223679707513,-0.030048053404467347,1.5323978200625883,1.3753896122006724,-0.3573757317925081
-0.7339500657697979,0.3162592397056986,0.3651199358077147,-0.7579083129470764,-0.2685639061727919,-0.030048053404467347,0.3252773630689555,1.6453979259916083,0.021670454559923825
-0.6889792745150922,0.16055803677648067,-0.7211684239161656,1.7238766989717411,-1.2983604647350278,-0.030048053404467347,0.4120518074919361,1.6378977531630843,0.08062765573438554
-1.0670455372163907,0.05032709664960072,1.4047616857681648,-0.7579083129470764,1.476509012417206,-0.030048053404467347,-0.22413412348565784,1.5393189767905715,-0.2880323250376831
-0.7744946703293821,0.043437662891670725,-0.5836022344226733,-0.7579083129470764,0.1935755927344127,-0.030048053404467347,-0.33790711372398424,1.5668196004946562,-0.13338611673528294
0.8667681099293291,0.5367211199594585,-1.8255070939807685,-0.7579083129470764,1.2883572057088961,-0.030048053404467347,0.8957358045418832,1.9111449502314113,1.1681307421349707
1.6158345589525265,0.9928016347344242,0.14113211795361075,-0.7579083129470764,1.3249481385222868,0.04460631664282216,0.6727185768058696,1.053769131318514,2.7432909930810934
0.2882494031222871,1.2973146068349302,0.36269364163428697,0.23480569182045072,0.8580627246736693,-0.030048053404467347,0.7893961064677837,1.1597098165933977,0.21371947268108266
-0.295644214213105,-1.2517758835991686,0.020552035344312946,0.23480569182045072,-1.3341581127375195,1.1040994800924067,-0.1792462120522675,-1.039441913439435,-0.4690957352743578
1.7192183468584505,-0.3754399095904731,1.079043369581087,-0.7579083129470764,0.7473197893622551,0.46859608772944983,-0.9473697683294967,-0.026333325463718842,-0.4690957352743578
1.8119160220102821,-0.34926006131033904,0.9893914927224127,-0.7579083129470764,0.8667340039347745,0.46859608772944983,-1.169572465289648,-0.044028007531490734,-0.4506866941162945
-1.066659220913342,2.989359537782537,-0.8237312514322915,0.23480569182045072,-1.5658702726039526,-2.0358409321806827,2.4027873387768244,1.2843993713797048,0.031919918761807824
-0.14543001804153155,2.6944917729431332,-1.0646576897235194,-0.7579083129470764,-1.8180749972352768,-1.0991632636934738,2.2361531462802824,2.172891435887895,0.03948777121181784
-1.023229135475867,1.4475042627578039,-0.6993243657393484,1.7238766989717411,-1.4173318782459834,0.22190263840635543,0.9817066627998817,1.6502370067488286,1.5507825369580022
1.4580399373588337,-0.7144000504806288,-0.8006286561459447,-0.7579083129470764,-0.3628707101532314,-0.35295891178085986,-0.057448336109286166,-1.0566817260047778,0.08373930745302437
2.266495340009372,-0.7943174820726169,-0.3944187645039007,-0.7579083129470764,1.2061956565907392,4.747397439269201,-0.2687278212337434,-0.6536946706689688,-0.5075096373432871
0.4180535293500149,-1.4557031228338964,-0.810920149074225,1.7238766989717411,-0.8784419665386423,-0.21108484293878219,-0.6483952263360953,-1.1603384002069093,-0.5385871369373059
2.1924990707318255,-0.531141112519691,-0.14727247921936035,-0.7579083129470764,0.5382613318054229,4.747397439269201,-0.20388175047978208,-0.5469684269309432,-0.5075096373432871
2.192499440412498,-0.503583377487971,-0.1472728692517802,-0.7579083129470764,0.35082315938978625,4.747397439269201,-0.21118505248038472,-0.555855966369538,-0.5075096373432871
2.3094692394966443,-0.5766113753220289,0.7150326455313444,-0.7579083129470764,-0.24370183420524644,4.747397439269201,-0.5084499596507809,-0.5648098058377512,-0.4690957352743578
2.037666453915288,-0.7433356722639348,0.3913081750726053,-0.7579083129470764,1.1612834988827316,4.747397439269201,-0.22313920448668814,-0.6270292112196035,-0.47643213774926835
-0.3594724165860063,-1.3399606357006726,-0.9911368711774524,0.23480569182045072,-0.3344582324376396,0.5281467866476304,-0.4762661729219314,-1.0727969607614563,-0.47643213774926835
-1.2134728478029595,-1.1952825267841427,-1.6275456519374747,-0.7579083129470764,-0.05031649465924462,0.5281467866476304,0.26869752489217774,-1.0479069512537709,-0.47643213774926835
-0.9060933497696453,-0.6083027706085069,-1.5216194773601412,0.23480569182045072,1.3720127924451972,0.5281467866476304,0.8290509500528913,-0.5362425771428972,-0.4690957352743578
0.17694286549125496,-0.3465042878071671,-0.3181921935558553,0.23480569182045072,-0.5962615422622669,-0.5615137004501347,-0.19408733997457742,-0.10078010650114545,-0.5385871369373059
-0.13276796209146233,-0.6055469971053349,-0.30122656337368336,0.23480569182045072,0.5471559974929798,-0.5615137004501347,0.03575479414185713,-0.10260850871541971,-0.4265356186378599
0.08071091988081422,-0.507717037742729,0.7630402734225207,0.23480569182045072,0.02000181675704461,-0.5615137004501347,-0.8385423060062478,-0.013723643884202113,-0.5075096373432871
-0.09545695437663139,-0.535274772774449,-0.49375173355438284,0.23480569182045072,-0.01378921785300789,-0.5615137004501347,-0.9401867960088236,0.004053329082041407,-0.5075096373432871
-0.20410302343260112,-0.504961264239557,0.4452706229280631,0.23480569182045072,0.22604096147542752,-0.5615137004501347,-0.6245975517719111,0.012941815565163167,-0.5075096373432871
0.2313013277503805,-0.8480550653844708,-0.3698978163241461,-0.7579083129470764,0.17580177281466794,-0.30348619427082457,-0.46711107263500246,-0.10260850871541971,-0.5075096373432871
-0.14185557561648074,-0.1274202943049932,-0.6959110945284485,-0.7579083129470764,1.481721183458231,-0.5615137004501347,0.5147822163860687,0.4691420358257331,-0.34203577153719095
-0.15391394302791017,-0.032346108445559234,-0.4631562254575685,-0.7579083129470764,0.7739646052400844,-0.5615137004501347,0.10741597039876527,0.48018342657234525,-0.38319963896721204
-0.6068532836264405,-0.06679327723520921,0.9779986457496492,1.7238766989717411,0.04705325819152916,-0.09891707410436705,-0.638005364466702,-0.6092522382533601,-0.1842491238310196
-0.8783993383032448,0.0999310197066967,0.728731071643709,-0.7579083129470764,1.0770418045594878,-0.09891707410436705,-0.8710201085781583,-0.6092522382533601,-0.19673464140309949
-1.0382805608409642,0.0007231735925047493,-0.6221529412551333,-0.7579083129470764,1.0288494839331277,-0.09891707410436705,-0.16460710212774846,-0.673739427431552,-0.49463691552680017
-1.0293774179716602,0.022769361617880738,0.3882598766982258,-0.7579083129470764,1.1998737455801518,-0.09891707410436705,0.49097433053823913,-0.6634569003732018,-0.47643213774926835
-0.9200983323770109,0.024147248369466738,0.4162736627024533,-0.7579083129470764,1.1998737455801518,-0.09891707410436705,0.49097433053823913,-0.6634569003732018,-0.47643213774926835
-0.9179169699538632,0.024147248369466738,-0.04564007403988409,-0.7579083129470764,1.2908001257473298,-0.09891707410436705,0.13552623074118827,-0.6705029503010675,-0.44031145423724843
-1.200264034137858,-0.050258636216177224,-0.7701625413042904,-0.7579083129470764,1.2899657812016314,-0.09891707410436705,0.6405979741465659,-0.6816787542309288,-0.33011293194846164
-0.7389536936757924,-0.2900109309921411,1.0551777733741494,0.23480569182045072,0.5159675596678033,-0.09891707410436705,-0.6366340502359356,-0.38073148531120987,-0.5385871369373059
-1.1694507187680372,-0.3175686660238611,0.04885239766874691,-0.7579083129470764,1.5391844164923372,-0.09891707410436705,-0.6378196563655697,-0.37830311266081584,-0.44031145423724843
-1.2586570433873687,-0.36579470232937106,-0.07217973251471886,-0.7579083129470764,1.5391844164923372,-0.09891707410436705,-0.6378196563655697,-0.37830311266081584,-0.44031145423724843
2.3154836975888937,-0.416776512138053,-0.016583048821675616,-0.7579083129470764,1.2988277064470606,-0.09891707410436705,-0.20696550712444498,-0.2944519921218435,-0.5075096373432871
-1.584880939779197,-0.23213968742552912,-0.31274110046132086,-0.7579083129470764,1.5228195627140604,-0.09891707410436705,0.45025885560936074,-0.17047861685583524,-0.33011293194846164
-1.604682244236497,-0.15911168959147118,-0.4413471726903991,-0.7579083129470764,1.3134913990560937,-0.09891707410436705,-0.1396664742476227,-0.1387423030138791,-0.2899671401851558
-0.3776600895520266,-0.8452992918812988,3.0049675847873587,0.23480569182045072,0.22114438682737184,-0.09891707410436705,-3.03958372023575,-0.4848134274896554,-0.25206674780874827
0.05710767151243842,-1.0616275118803007,0.7773996094696795,0.23480569182045072,0.31336079408723877,-0.09891707410436705,-0.8673983149430494,-0.502590400455899,-0.1748343302138052
-0.05675077180275169,-0.7943174820726169,1.3828336731130562,1.7238766989717411,-0.5371534508848052,-0.09891707410436705,-1.5853769830588704,-0.6270292112196035,-0.38012236007373235
0.4745407361498634,-0.540786319780793,0.380414374580556,1.7238766989717411,-1.23606522549857,0.08170565004282924,-0.3393329956223327,-0.915138581524175,-0.3210446397791745
0.7065928680298632,-0.549053640290309,-0.2320109226737431,0.23480569182045072,-0.330388756499729,0.08170565004282924,-0.17167576139701107,-0.9402698139164728,-0.41427713856123083
0.7001187736344654,-0.6689297876782909,0.6382732902983013,0.23480569182045072,0.30885012727344235,0.08170565004282924,-0.897699465927487,-0.8324267257297283,-0.05513470142174335
0.3935953328124044,-0.2596974224572491,0.09733391494958048,0.23480569182045072,-0.6989699194026769,0.08170565004282924,-0.08459401471222014,-0.7076359947064573,-0.27124837694317133
0.2956596522080394,-0.3533937215650971,0.5106504897987106,1.7238766989717411,-1.154719557463665,0.08170565004282924,-0.5484688911643002,-0.7578950582079287,-0.21412851564520677
-0.900396200921527,-0.49256028347528297,0.7720488522150543,0.23480569182045072,0.4877422928737551,0.08170565004282924,-0.8386479634586719,-0.9559032110951087,-0.41427713856123083
-1.581135211975761,-0.471891982201493,0.3691832935537688,0.23480569182045072,0.49358114818081883,0.08170565004282924,-0.8149512562259211,-0.947014724611987,-0.44535463815524956
-0.8434379716538082,-0.39473032411267706,-2.4222210565598634,0.23480569182045072,-0.3520486522086133,0.08170565004282924,2.0347726152788574,-0.9218352802867297,-0.5385871369373059
-0.631332502671643,-0.3533937215650971,-0.2607327150274155,0.23480569182045072,0.6441106444758584,0.08170565004282924,1.5172842966456237,-0.9025722921963781,-0.5075096373432871
-0.9098242903461701,-0.40713130487695104,0.6250938023200435,0.23480569182045072,0.021783540883065333,0.08170565004282924,-0.5435557571326347,-0.9114607786794999,-0.47643213774926835
-0.7972837586294187,-0.433311153157085,-0.8283383143710891,-0.7579083129470764,0.8711949160111077,0.08170565004282924,0.36342804976347604,-0.9381262381288652,-0.5075096373432871
-1.5003270587494137,-0.561454621054583,0.25384407656490965,-0.7579083129470764,1.0117813010505192,0.08170565004282924,-0.5450920954413322,-0.9914571570275957,-0.5075096373432871
-1.4205647075009655,-0.498071830481627,-1.8036097963786937,-0.7579083129470764,1.0710843322407808,0.08170565004282924,-0.37477003467515546,-0.9559032110951087,-0.5075096373432871
-1.7342572300605503,-0.5242516787617609,-0.4383029696564241,-0.7579083129470764,1.0273544802035763,0.08170565004282924,-0.008232918830685276,-0.9736801840613523,-0.5075096373432871
-1.151608339873077,-0.0888394652605852,-0.6747351618861861,-0.7579083129470764,-0.16472319279046538,-0.6623150274259871,-1.6313789632620919,-0.42495378045302246,-0.2730608640109055
-1.1516769033151872,0.7475377929521163,0.7097892447001792,-0.7579083129470764,1.253302390032713,-0.09891707410436705,0.10396817910980675,0.0061886789172889665,0.27716022954338765
-0.6884783572034836,-1.3220481079300546,2.0681808941333237,-0.7579083129470764,1.287252618333505,1.3991379548796135,-1.6032155513449018,-1.0803420218588133,-0.38319963896721204
-1.1720677498640488,-1.2228402618158627,-0.499896889339366,-0.7579083129470764,1.4209028601988705,1.3991379548796135,-0.9080400957366221,-1.0625650488925698,-0.3210446397791745
-0.9727587280791951,-1.3027576934078506,0.08008297605256556,-0.7579083129470764,1.325855209787793,1.3991379548796135,-1.204312405138205,-1.0803420218588133,-0.3996043336114097
-0.3567604391705372,-1.0202909093327206,-0.062796332567073,-0.7579083129470764,0.09897927736899487,1.3991379548796135,-0.7622324279833292,-1.0003456435107174,-0.11588744272402196
-0.6382736269836453,-1.0285582298422367,0.07083169958701535,0.23480569182045072,-0.27687992480038276,1.3991379548796135,-0.5533162139072314,-1.034636218872902,-0.13338611673528294
-0.7900302541489225,-1.2007940737904865,-0.3163944366264063,0.23480569182045072,-0.23771913564424474,1.3991379548796135,-0.9077291686766882,-1.0714535353756915,-0.5075096373432871
-0.9081075549152537,-1.2104392810515885,0.41783964286663106,0.23480569182045072,-0.8814611720313797,1.3991379548796135,-0.4696124325447508,-1.124784454274422,-0.5385871369373059
-0.8202707493162802,-1.2145729413063466,1.721859115387663,0.23480569182045072,-0.8771978297377879,0.08170565004282924,-3.1920633206734217,-1.124784454274422,-0.5075096373432871
-1.322187800690956,-0.9665533260208667,0.3358572659963394,-0.7579083129470764,1.0237314550814338,0.08170565004282924,-0.8706418246543457,-0.985030044237525,-0.2899671401851558
-1.1412967136405043,-0.8191194436011648,0.6976192581316188,-0.7579083129470764,-0.06684429922817703,0.08170565004282924,-1.1212409600431235,-0.9132128989214826,-0.11588744272402196
-1.1033614877870053,-0.7212894842385589,0.3900865935348209,0.23480569182045072,-0.5216708715125868,0.08170565004282924,-1.1893218419581317,-0.8712233831386924,-0.056134604116808574
-1.0690081719081472,-0.6854644286973229,0.5748579192164264,0.23480569182045072,-0.20817925958948388,0.08170565004282924,-0.873089285064846,-0.8450789332808818,0.06482875599485835
-1.0856154599980592,-0.504961264239557,0.2600933710058921,-0.7579083129470764,1.3461566455126552,0.08170565004282924,-0.4935827502516252,-0.7955854108268153,0.17008888927526664
-1.0943387408973697,-0.493938170226869,-0.6562731723267116,0.23480569182045072,1.1778403404667315,0.08170565004282924,0.23267451422466473,-0.7573065470351379,0.24392430832358858
-1.0195253048153454,-0.6813307684425649,1.299026237043953,0.23480569182045072,-0.017877103580508806,0.08170565004282924,-0.41699107448472716,-0.76035650846643,0.22581828135512294
-0.6140047069504948,-0.03923554220348923,2.2731741331591646,0.23480569182045072,-0.7145260842603988,0.08170565004282924,-1.1911485639654054,-0.686239495833554,0.15632687969217485
-0.3503666887080222,-0.22662814041918514,1.0890878744797372,-0.7579083129470764,-0.4780417097531391,-0.6623150274259871,-1.2173465199877977,-0.315932184310342,-0.41427713856123083
-0.27400347730959496,-0.2376512344318731,1.2569841550085936,0.23480569182045072,-0.019275120459363228,-0.6623150274259871,-0.9328221912734129,-0.3337091572765855,-0.47643213774926835
-0.361660310034373,-0.21973870666125514,1.2746294166816943,0.23480569182045072,-0.26765839142010794,-0.6623150274259871,-0.6110523940862138,-0.34259764375970725,-0.49463691552680017
-0.2391513389762742,-0.28725515748896907,0.12238423463066345,0.23480569182045072,-0.6485336976877355,-0.6623150274259871,-0.8985398612159113,-0.3603746167259508,-0.44535463815524956
0.13634983276353738,-0.0998625592732732,0.4286838117333025,-0.7579083129470764,1.206570507816674,-0.45982363648137264,0.14826292078865885,-0.5957970426703558,-0.47643213774926835
-0.9428529171475886,-0.15222225583354118,0.7225787977670697,0.23480569182045072,0.09829017157148931,0.08170565004282924,-0.48838072732354343,-0.6809365818817212,-0.38012236007373235
-0.6587462961880808,-0.3106792322659311,-0.1634269394771371,-0.7579083129470764,1.0377884833996969,-0.45982363648137264,0.22684570703379364,-0.6584733267354484,-0.10572765590778069
-0.05156464487129817,1.2766463055611401,0.32583655307527737,0.23480569182045072,0.6499038778553666,-0.45982363648137264,0.7874934059854227,-0.5144077392655582,0.46218555819073226
-0.6083943098335876,0.30661403244459656,-0.4424913327929192,0.23480569182045072,-0.5934500507220448,-0.45982363648137264,-0.8252884225345264,-0.7832318562048872,1.1886621561177393
-0.3933398488339486,0.12059932098048669,-2.1841997259910166,1.7238766989717411,-2.3759655293307462,0.37932382158821604,2.1314028588164717,-1.1603384002069093,-0.218624695410615
-1.1936858130196288,0.4237344063294065,0.5061303065813503,-0.7579083129470764,1.0721366422544805,0.37932382158821604,-0.45909353205244124,-0.9825686705444739,0.47750928501602274
-0.1786892023558698,1.1195672158803363,-0.4843297203972091,0.23480569182045072,-0.5711471541989139,0.37932382158821604,0.027628981599678953,-0.9719947483618667,0.6015802106252586
-0.5699977964366015,0.2900793914255646,1.1057433313803247,0.23480569182045072,-0.10453413009422846,0.37932382158821604,-0.7774061341371494,-1.1336729407575439,-0.07973335427714352
-1.389402807902097,0.8439898655631363,-0.6393483980404793,1.7238766989717411,-0.982158480932307,0.37932382158821604,1.659542466454667,-0.9728355724349418,0.3232183193006351
-1.6445206970976376,1.312471361102376,-0.4664967556222371,1.7238766989717411,-0.7067700882117601,0.37932382158821604,0.02035405789662487,-0.7976489399044865,1.2284632023641788
2.117038742763203,0.9445755984289143,-1.1307181631661445,-0.7579083129470764,1.0882503070669247,0.37932382158821604,1.2638875142038581,-1.0048533889037123,0.5469032576953727
-1.8715264413404922,0.9555986924416022,-0.7483124376249717,0.23480569182045072,0.8949593244016784,0.37932382158821604,1.2378393061742121,-0.9770975570979799,0.6112803480413883
-1.1051148832179718,0.9597323526963603,0.9035353138619294,-0.7579083129470764,0.42436082237863965,0.37932382158821604,1.7013259440360347,-1.0197990890154864,0.4081296054851926
-1.5377686500005576,0.4650710088769865,-0.021111325211739654,-0.7579083129470764,1.1904557695471105,0.37932382158821604,0.4136689782568517,-1.1603384002069093,-0.23250926260043894
-1.3876741071400718,0.5436105537173884,-0.13257732525903707,-0.7579083129470764,1.3224400059638775,0.37932382158821604,0.5373130843479594,-1.1603384002069093,-0.31448410033841395
-1.4746489159916494,1.1168114423771642,-1.0878818776166364,0.23480569182045072,0.12891402462495824,0.37932382158821604,1.1519206072036174,-0.9455384185844409,0.568051161662823
-1.4896645439449332,0.8467456390663083,-0.31459248684844754,-0.7579083129470764,1.187761231159997,0.37932382158821604,0.8637966729502418,-1.039441913439435,0.23336193864152904
-1.590782904042721,-0.20595983914539515,-0.8809811850433696,-0.7579083129470764,1.135110199044398,-0.09891707410436705,0.6200629187709565,-0.37603334182367454,-0.38319963896721204
-1.6409990573953481,-0.0943510122669292,0.32281604451078505,-0.7579083129470764,-0.4490918594038048,-0.09891707410436705,-0.1443342127699878,-0.36136283672454766,-0.3712296798298592
-0.006772655835323775,-0.465002548443563,0.11445126774292763,0.23480569182045072,-0.07490703564855354,0.08170565004282924,-0.25453996763823267,-0.8746596237895155,-0.5075096373432871
0.1140389880271795,-0.561454621054583,-0.7445567179497753,-0.7579083129470764,-0.01187685399561211,0.08170565004282924,0.5899288038841455,-0.8846519938207147,-0.44535463815524956
-0.5819301027386148,-0.477403529207837,0.6090861892681984,0.23480569182045072,-0.08429694077793462,0.08170565004282924,-0.6423991463833586,-0.9231639988142327,-0.5075096373432871
-0.41029204899155874,-0.482915076214181,-0.08955743194806276,0.23480569182045072,-0.4399672592013704,0.08170565004282924,-0.229219856182569,-0.9075238430782574,-0.5075096373432871
0.2918919900180191,-0.9031705354479108,0.5997522259297204,-0.7579083129470764,0.015538972457897229,0.08170565004282924,-1.2386503635189943,-0.9933389009199195,-0.20387222272241254
0.10456629046802163,-0.8921474414352227,0.24325138110069222,0.23480569182045072,-0.17831101300203825,0.08170565004282924,-0.6415504475413454,-0.9466446919390968,-0.0936250586561017
0.3931524553664212,-0.9789543067851407,0.9523081853601091,-0.7579083129470764,0.8007967393851688,0.08170565004282924,-1.7702907710683016,-1.0646064710117131,-0.3712296798298592
-0.6727247850138977,-0.7006211829647688,1.0973502237457171,0.23480569182045072,-1.836295858372205,0.08170565004282924,-0.8405564803491289,-1.0223519832575811,-0.49463691552680017
-0.6764901058929905,-0.7199115974869729,0.4378720979631078,0.23480569182045072,-0.8494045757612584,0.08170565004282924,-0.6375156627704077,-1.018122616476961,-0.5075096373432871
-0.7149972154245813,-0.8935253281868087,1.1268513008734937,-0.7579083129470764,-0.0706604392860174,0.08170565004282924,-1.446393946844058,-1.1070074813081787,-0.25206674780874827
-0.46864823804606087,-1.0795400396509187,0.26437582946358473,1.7238766989717411,-0.3359150210937565,0.08170565004282924,-1.0618943421250442,-1.1603384002069093,-0.25206674780874827
-0.40008417980114447,-0.9555302320081788,2.3881851378670382,0.23480569182045072,-0.5885530466911415,0.08170565004282924,-1.430590178734574,-1.1603384002069093,-0.1592379097449743
-0.5409876478389914,-1.1539459242365626,0.7595018018049705,-0.7579083129470764,0.43971222529092313,0.08170565004282924,-1.8243905639484626,-1.1603384002069093,-0.29586410580513167
-0.26556526949974957,-0.6455057129013289,1.653470148400793,0.23480569182045072,-1.1009362427790053,0.08170565004282924,-1.6300270685159208,-0.7781334814326735,-0.2899671401851558
0.32221430784095084,1.9903916428826878,-0.7010683957030157,0.23480569182045072,-1.1103491198907316,0.04460631664282216,1.1869312487879895,1.2063703059133288,3.085640965958649
-0.4952727633261265,-0.9431292512439048,-0.033863337658256484,-0.7579083129470764,0.7971604033947514,0.08170565004282924,-0.3967390124979277,-0.9025722921963781,0.02080785575503183
-0.15203005031945435,-1.1057198879310526,-0.013841608453315208,0.23480569182045072,-0.21452210301389066,0.08170565004282924,-0.8931101575004254,-0.9203492651626216,-0.010269643838986932
0.003026592984784333,-0.8935253281868087,-0.2363256563141466,0.23480569182045072,-0.5312099335086448,0.08170565004282924,-1.2589807643806872,-0.7425795355001864,-0.1911301286225655
0.13982076460021156,-0.453979454430875,-0.43456967684534725,0.23480569182045072,-0.8703793374639776,-0.6623150274259871,-0.12569533590312285,-0.6270292112196035,-0.5075096373432871
0.40604642432521026,-0.496693943730041,-0.6869289404323338,0.23480569182045072,0.09761255176515693,-0.6623150274259871,0.20815970163556136,-0.6181407247364819,-0.5075096373432871
-0.12670113257057045,-0.506339150991143,-0.5803362004501236,0.23480569182045072,0.10180407977749172,-0.6623150274259871,0.11374381995110563,-0.6359176977027253,-0.5075096373432871
0.16215132563911766,-0.5104728112459009,0.17839415767213684,0.23480569182045072,-0.30216139646429907,-0.6623150274259871,-0.3030659801682092,-0.6448061841858471,-0.5075096373432871
0.3291572805563172,-0.5228737920101749,-1.1841902427622217,0.23480569182045072,-0.3113546442494897,-0.6623150274259871,1.9070252765152456,-0.6092522382533601,-0.5385871369373059
0.06638702607973546,-0.520118018507003,-0.40587762446365927,0.23480569182045072,-0.1799169048519764,-0.6623150274259871,0.02543719483918643,-0.6270292112196035,-0.47643213774926835
0.007204477494692639,-0.527007452264933,0.5524876097976377,0.23480569182045072,-0.4457823374332493,-0.6623150274259871,-0.5248250289079391,-0.6714716436352124,-0.47643213774926835
0.31529253015082365,-0.8728570269130188,0.3817723699570512,0.23480569182045072,0.16236187499408491,-0.09891707410436705,-1.052131997373023,-0.6803601301183342,-0.23250926260043894
-0.29222651639331065,-0.0860836917574132,-1.0924575429456664,-0.7579083129470764,1.2773051595765448,-0.6623150274259871,0.35220756487792115,-0.6003637517702383,-0.49463691552680017
0.3556307296681091,-0.16875689685257317,-0.8773693873309586,-0.7579083129470764,0.6353483360510671,-0.6623150274259871,0.6237792117791148,-0.5292558599052642,-0.5075096373432871
0.1997601727493134,-0.18115787761684715,-0.9543293167357154,0.23480569182045072,0.075149388094168,-0.6623150274259871,0.5392057390834026,-0.5470328328715077,-0.5075096373432871
0.27865483416800496,-0.15635591608829916,-0.6630176129242135,0.23480569182045072,-0.010779244091493214,-0.6623150274259871,0.45351792482625447,-0.5825867788039948,-0.5075096373432871
0.45459954452598594,-0.513228584749073,-1.1311665054323268,0.23480569182045072,0.8679074535843464,-0.6623150274259871,0.5610502263434991,-0.5914752652871166,-0.5075096373432871
0.3957514337229126,-0.42917749290232704,0.26132158309480813,-0.7579083129470764,0.72082311056684,-0.6623150274259871,-0.04032758657948148,-0.5648098058377512,-0.49463691552680017
0.30854154493151825,-0.423665945895983,0.22620930456430421,-0.7579083129470764,0.46673634724173035,-0.6623150274259871,-0.43417476253353454,-0.573698292320873,-0.49463691552680017
-0.33881133346534703,-0.5518094137934809,-1.1494734571050618,0.23480569182045072,-0.16162090171672197,0.08170565004282924,0.5326442779839432,-0.9466446919390968,-0.5075096373432871
-0.7098566824427697,-0.39335243736109105,-0.3052508203696851,0.23480569182045072,-0.999389131549867,0.08170565004282924,0.02243813195259854,-0.7336910490170647,-0.5385871369373059
-0.6586512266417324,-0.500827603984799,-1.1815057471271042,0.23480569182045072,-0.4131286843135724,0.08170565004282924,0.6068944419133718,-0.76035650846643,-0.33959404604803484
-0.25081365516027154,-0.014433580674941243,0.4527576852522387,0.23480569182045072,-0.2315601217514566,-0.6623150274259871,0.1647568147974147,-0.47592494100653365,-0.47643213774926835
0.2862659430859644,-0.529763225768105,0.4099551375070142,0.23480569182045072,-0.9053239627669015,0.08170565004282924,-0.9646203482568678,-0.6993351828926295,-0.009356389063839461
0.20765445706261756,-0.05163652296776322,0.07620186095450873,0.23480569182045072,-0.6659393218156832,0.08170565004282924,0.306006209357082,-0.7692449949495518,-0.5075096373432871
0.4004511841158867,-0.32996964678813506,-0.6259744789011152,0.23480569182045072,-1.4266165845777077,0.08170565004282924,0.4308927337877094,-0.7890379019964789,-0.31883602988477744
-0.330367457218519,-0.1384433883176812,0.3979647608676207,1.7238766989717411,-0.665344733917501,0.08170565004282924,-0.5255982251545519,-0.8492413732976476,-0.5075096373432871
-0.340729236795698,-0.19631463188429316,0.7347978309123782,-0.7579083129470764,0.5025023282592135,0.08170565004282924,-0.5591430566913694,-0.8403528868145258,-0.5385871369373059
0.3641805810411323,-0.434689039908671,0.06359045519521181,0.23480569182045072,-0.7667417221685552,0.08170565004282924,-0.297632623607691,-0.8523039288490325,-0.27488580847427174
-0.725811545758681,0.6979338698950204,0.2561870013086752,-0.7579083129470764,1.6934858264119175,0.08170565004282924,0.3006111053626161,-0.6536167074878444,-0.4506866941162945
-0.505847035354016,0.4526700281127125,0.29683266977422146,-0.7579083129470764,0.8503156383191182,0.08170565004282924,0.5306706439289041,-0.7459976200144849,-0.2730608640109055
-0.5001179214503918,0.4512921413611265,-0.20138811230756612,-0.7579083129470764,0.6948390075457199,0.08170565004282924,0.22723549504095003,-0.7532107878623041,-0.24376008883713365
-1.0597577756602174,0.3520842952469346,-1.0687472771497828,-0.7579083129470764,0.9206085088016882,0.08170565004282924,0.7173218743990891,-0.7513714194117952,-0.16565714180908073
-0.5936791706538233,-0.9334840439828027,-0.415885563822984,-0.7579083129470764,0.1912939596281008,0.08170565004282924,-0.5116355446678823,-1.1514499137237875,-0.3712296798298592
-1.0325783596903182,-0.9899774007978287,-0.4808862216738002,-0.7579083129470764,0.36273928483002993,0.08170565004282924,-0.42163519903522645,-1.1603384002069093,-0.2899671401851558
-0.4211662059812021,-0.8962811016899808,0.4193594041891017,0.23480569182045072,-0.4086706168986045,0.08170565004282924,-1.275561267368494,-1.1603384002069093,-0.24540259213583612
-0.44003828109941784,-0.8480550653844708,0.28296623719717034,0.23480569182045072,-0.5643478768075326,0.08170565004282924,-1.2554910526133363,-1.1514499137237875,-0.16436448630354974
-0.38157562401115647,-0.8149857833464068,0.7726297079957525,0.23480569182045072,-0.6523723266722178,0.08170565004282924,-1.3384975792204674,-1.1336729407575439,-0.07658689147786
-0.8964854723111431,-0.644127826149743,2.26517710344653,0.23480569182045072,-0.866540171750936,0.08170565004282924,-1.5707030213999555,-1.0892305083419351,-0.047208723437018825
-0.759686125166297,-0.6372383923918129,2.565802781435013,0.23480569182045072,-0.6472737273943768,-0.45982363648137264,-1.9492724790804383,-1.1070074813081787,0.024250318970992377
-0.5906190279807357,-0.8067184628368909,1.70889804556431,0.23480569182045072,-1.3989954594502005,-0.45982363648137264,-1.8045223617236714,-1.1425614272406657,0.08683547802922673
-0.6539622586017141,0.8894601283654743,0.5862419904597517,1.7238766989717411,-0.36098421661240193,-0.45982363648137264,0.22018499578396344,-0.7070255895676995,0.16598851140880708
-0.12051218520077205,1.419946527726084,0.10517454166200674,0.23480569182045072,-0.9638929103063746,-0.45982363648137264,0.3412578821920863,-0.277733623009384,0.7592473482310905
0.27153158051121606,1.5232880340950339,-0.47615707858770834,-0.7579083129470764,-0.020640557914657912,-0.45982363648137264,1.302119099830832,-0.21811690710579562,0.8031548906575162
-1.2996428248618412,2.892907465171517,-1.599266351363692,3.7093047085067954,-1.8691277053736268,-1.3014383690867182,2.463867663113125,0.25382510664073804,4.243411043480734
-0.9066918627788662,3.072032742877697,0.25824617746727524,3.7093047085067954,-1.431874109182008,-1.3014383690867182,1.3696255006790488,0.27343811474087265,4.34067927124848
-1.41299916788727,2.857082409630281,0.1776216009572688,0.23480569182045072,-0.9831564203429318,-1.3014383690867182,1.1985310132799194,0.1956438387991678,4.003514619462239
-0.18714848196406375,2.7303168284843693,-2.8076381736577236,1.7238766989717411,-1.0126264143392496,-1.3014383690867182,3.2663385583997258,0.07083730332074137,3.633212699813324
-0.5016942398390997,2.3665547260656656,-1.0813890079296937,1.7238766989717411,-2.3862827403923252,-1.3014383690867182,1.2458234073067183,-0.02730911366202433,3.3046078012204374
-0.570935429849647,1.9835022091247576,-2.5645903490369903,-0.7579083129470764,0.732340554033109,-1.3014383690867182,2.873689536577731,-0.2854205155419402,2.4352876339913014
-0.7942753589278303,2.2990382752379515,0.779829998983511,0.23480569182045072,-0.6825261665261576,-1.3014383690867182,0.7284036643160168,-0.2262011805195394,2.708528272122596
-0.6330220665731106,1.8333125532018837,0.27645581605135144,0.23480569182045072,0.0922824614596166,-1.3014383690867182,0.8642725369805818,-0.3977394112079346,2.0594992639205403
-0.7929042749259574,1.9697233416088977,0.5291943861662746,0.23480569182045072,-0.6887817378867944,-1.3014383690867182,2.036763093160994,-0.38744885026177917,2.196409398338516
-0.651935299472895,2.1750284675952116,-0.08007837654954122,0.23480569182045072,-0.7017202238871194,-1.3014383690867182,1.0478817971525076,-0.3323721867401651,2.384185198891917
-0.9974834643818757,1.61422855969971,1.4758240324661973,0.23480569182045072,-0.891380345193255,-1.3014383690867182,0.9326015448457521,-0.7129904917102932,1.1341215681288321
-1.8294960531889624,1.515020713585518,-0.9871540551260192,1.7238766989717411,-0.8137553332054606,-0.23861903457491465,1.3561138135553932,-0.7336910490170647,1.13209946896367
-1.0836507797399133,1.1044104616128902,1.8130957914747556,-0.7579083129470764,0.5483233821098296,0.37932382158821604,0.5021999671322616,-1.0803420218588133,0.032765741399268085
-0.9632304551922303,1.31798290810872,0.8226523408740236,0.23480569182045072,0.2743889333840341,0.37932382158821604,0.2791117907890931,-1.0092341299938392,0.31023262711046423
-0.7090712958534614,1.1994846474723242,-1.151732232354326,-0.7579083129470764,0.2389728993873268,0.37932382158821604,1.2537963000749819,-1.0330746412182212,0.29820014859992744
-0.8876544787864752,1.20775196798184,-1.1800494635809022,0.23480569182045072,0.2866014940076741,0.37932382158821604,2.2465147792779367,-1.0282015490892098,0.25373674738056173
-1.2381086142903928,1.1085441218676482,1.90732733149476,0.23480569182045072,-0.03019164263044827,0.37932382158821604,-1.4099410855071761,-1.018122616476961,0.031919918761807824
-1.1757853819363537,1.246332797026248,-1.1288346966125165,-0.7579083129470764,0.8463394458048431,0.37932382158821604,0.3033978559077046,-1.0003456435107174,0.24577349115881583
-0.9320991528303783,1.1016546881097182,-0.23292457361635482,-0.7579083129470764,0.3176519389202108,0.37932382158821604,0.9343388513169593,-1.0270111029600828,0.073568611736428
-1.3228145326581986,1.484707205050626,-0.6279350743656941,-0.7579083129470764,0.7008925542765718,0.37932382158821604,1.2174030177045057,-0.9340744738056962,0.6074944195769245
-0.5349699365568219,1.189839440211222,-0.7871596666043349,0.23480569182045072,-0.8014881872873225,0.37932382158821604,-0.19544863057992318,-0.9770975570979799,0.48083064570799916
-0.5485433785921695,1.177438459446948,-0.017737252258996698,-0.7579083129470764,-0.00854752674121212,0.37932382158821604,0.7884963164838091,-0.9950029943847416,0.4187814550816762
-1.1387591515664497,0.9611102394479463,-0.11580398105966476,-0.7579083129470764,1.342685943955691,0.37932382158821604,0.977569912500371,-1.0764845864325983,0.12066618422027946
-1.460192972254256,0.9693775599574622,0.4840213188836073,-0.7579083129470764,0.8297870590678874,0.37932382158821604,0.14989936715791516,-1.084917091406505,0.10209193009384068
-1.4426315506706038,2.0758206214810198,0.12055108225914742,0.23480569182045072,-0.179757711161237,-0.23861903457491465,1.6210698492741802,-0.7362914489121113,1.2719272843168044
-1.8991018099563102,1.8250452326923678,0.02180881730795448,-0.7579083129470764,-0.06906957583574488,0.37932382158821604,1.2387671760898378,-0.5701402204787317,1.2086760118162876
-0.38143514535550227,1.5935602584259199,0.10594436814993913,0.23480569182045072,-0.6953676656757859,-1.3014383690867182,0.08638927204378927,-0.45764184424979554,1.8241205196029278
-1.4200185289523204,1.9738570018636556,-0.19787040991635235,-0.7579083129470764,1.1729723734508952,-1.3014383690867182,1.5624141269000216,-0.5674023967252179,1.6434871368696247
-0.7235707879741077,1.488840865305384,0.8490952713088291,0.23480569182045072,-1.284768136003555,-1.3014383690867182,0.34292948353507874,-0.8051324155147319,0.8376233606875453
-0.7301280605208798,1.240821250019904,-0.46714294183319666,-0.7579083129470764,0.5481580697135124,0.37932382158821604,-0.09022104253633464,-1.0270111029600828,0.12577392327349543
-1.67723466403308,0.6800213421244024,-0.835359873002625,-0.7579083129470764,1.2506638324343524,0.37932382158821604,1.151894976352625,-1.1070074813081787,0.1429956400375893
-1.3500915443257102,1.6707219165147358,-1.4077506825926895,-0.7579083129470764,0.16987714828380115,0.37932382158821604,2.1431311951076406,-0.6937140233859816,1.4831230479459558
2.1563176839261007,2.3748220465751815,-1.2558060454634845,-0.7579083129470764,-0.8949675168476251,-0.23861903457491465,1.967779297123174,-0.2954105635203545,0.25556308223007707
-0.5194325043339177,2.2990382752379515,0.46202592812803533,3.7093047085067954,-1.4141832674975572,-1.3014383690867182,1.3145596239060764,-0.11217514984719766,3.0470614486449645
-1.212219211350827,1.674855576769494,0.996167525945891,0.23480569182045072,-0.4822515402093514,-0.23861903457491465,0.9016968879084329,0.05903755195026342,0.7049012548890891
-1.416920567946408,1.60733912594178,-0.5611854136378623,0.23480569182045072,-0.3116065846353055,-0.23861903457491465,1.4041253040292823,0.060009037393559915,0.7977453456055008
-1.6630738240540728,1.7961096109090617,-0.09817363812660795,0.23480569182045072,-0.2557759725333987,-0.23861903457491465,1.6365077171215665,0.19817596637171075,0.5060977000103483
-0.33068698454668644,2.0331061321818535,0.3990695276957739,1.7238766989717411,-1.5636570723889733,-0.23861903457491465,1.6888234743412294,0.281268888386135,-0.06829923080669091
-1.6943698684464017,1.44199271575146,-0.5728293439806605,0.23480569182045072,0.46202816431804883,0.37932382158821604,1.3858571620882452,-0.031395639607853694,1.2783173550802287
2.0215372861621637,1.4475042627578039,-0.8938044759145447,-0.7579083129470764,0.6505116692761119,0.37932382158821604,1.691771993564211,-0.05569583818421693,0.9965281009779511
-1.5243874419150525,1.464038903776836,-0.6903945734955486,0.23480569182045072,0.16366344175080277,0.37932382158821604,0.4688782581545787,-0.3692631032090725,0.9615260540479046
2.2111357824883746,0.9900458612312523,0.11463429045576468,-0.7579083129470764,1.0018209071352764,0.37932382158821604,1.522517957373058,-0.6450361101094314,-0.13338611673528294
-1.3694583754109881,0.9211515236519523,-0.8761333745936535,-0.7579083129470764,0.5770254785561119,0.37932382158821604,0.037646943592115005,-0.5798583026048276,0.07671596280977377
2.1332036463146955,1.0603180855621381,0.9742495566255841,-0.7579083129470764,0.9323518076457825,0.37932382158821604,0.03741655097016301,-0.4892135240716265,0.27181490346674
1.2859848838128882,0.2514985623811566,0.41284430265424993,-0.7579083129470764,0.5846869030325718,-0.14941685883161138,0.2907291057885637,2.6489251219782677,-0.17616432664771034
-0.43365944109070453,2.0827100552389495,-0.4285438709807224,0.23480569182045072,-0.7181217898988641,-0.23861903457491465,1.5037892048031856,0.23956294866865763,0.2747888659027839
-0.7100479921909301,1.9228751920549738,0.8155106522572902,0.23480569182045072,-0.5487972402539735,-0.23861903457491465,0.5520859357526733,0.17240115636784387,0.4558928500712945
-1.1597490656455414,1.7161921793170738,-0.3668617064628748,-0.7579083129470764,0.5832644113314053,-0.23861903457491465,1.1173198399862472,0.0924337811166061,0.7551479325808462
-0.8896460101841535,1.7919759506543038,-0.03817748625003087,0.23480569182045072,-0.3235398853894527,-0.23861903457491465,0.4491711325360406,0.13292874690799053,0.5819280460571538
-1.9573665609609399,1.8154000254312657,-0.7368539676976322,-0.7579083129470764,0.7579400373685119,0.37932382158821604,1.3936084613094404,-0.42495378045302246,-0.44031145423724843
-0.4781917910675005,1.8691376087431197,1.0931571802201885,0.23480569182045072,-0.3918135830312924,-1.3014383690867182,0.33725802157509993,-0.432947328938919,2.0483230446232175
-1.555459385883546,-1.0919410204151927,-0.4556618500255282,0.23480569182045072,-0.9658181556491978,-1.7808215300762789,-0.19700438739559167,-0.24482429244536788,-0.5075096373432871
-0.9728003787683275,-1.1029641144278806,0.0772679170650294,-0.7579083129470764,0.5255451587744312,-0.8743377872034618,-0.9603965367768176,-0.0048351574010803535,-0.5075096373432871
0.6253773513474975,0.9266630706582962,1.4514194114555503,0.23480569182045072,-1.432892229586469,-0.14941685883161138,-0.04449968124284609,2.405939043713502,0.5486812939314805
1.4797648382288449,1.0355161240335902,-1.6230551111839941,0.23480569182045072,-1.1385456717068478,-1.6672741601419907,2.0332358148915413,2.3669687370218906,0.37542954703462483
0.6788350250339639,0.38653146403658456,1.3700322240573721,-0.7579083129470764,1.3405232498981574,-0.14941685883161138,0.3858044635858752,2.7240217208759403,-0.3019079513316812
0.6860403478001087,0.12473298123524468,0.4668745186425909,-0.7579083129470764,0.439546751876038,-0.14941685883161138,-0.32635690236816756,2.7924405953980336,-0.47643213774926835
-0.1665888145746354,0.6896665493855044,0.13498852229830496,0.23480569182045072,1.1326372222066343,-0.14941685883161138,0.42944474563363816,2.531209588929698,0.27716022954338765
0.5650768884079864,1.258733777790522,1.7810217679838296,0.23480569182045072,-1.2202916855742625,-0.14941685883161138,0.4013605098082175,2.503120072209758,0.05839213573050724
0.4195944816210275,0.6841550023791604,0.6392857169511442,0.23480569182045072,0.3072823431512269,-0.14941685883161138,0.08372274477279544,2.7457140387476136,0.1429956400375893
0.6002491702039294,-0.011677807171769245,0.07804271646630996,-0.7579083129470764,1.3489474193304816,-0.14941685883161138,0.18649074457457895,1.9061894364700982,-0.5385871369373059
0.5216646708696953,0.4402690473484385,1.6915573992108157,0.23480569182045072,-1.175854962024234,-0.14941685883161138,-0.4376069284082634,2.688376246984813,0.004158060379033414
0.5001703275126036,0.7654503207227343,-0.40923580359530937,-0.7579083129470764,0.8774737813912254,-0.14941685883161138,0.30760870025787823,2.3595022471093077,1.1085203415456883
0.7216685690924729,0.9032389958813343,0.470275601340382,0.23480569182045072,-0.27044047023527107,-0.14941685883161138,0.29601680285801407,2.3061713282105774,1.2846850305291655
0.6368290727749047,0.8054090365187283,0.18139584717238935,-0.7579083129470764,0.047840800006841176,-0.14941685883161138,-0.5942845336995285,2.5461604632548647,0.5235179547682954
0.2651600108890672,1.33176177562458,0.19946341644767354,0.23480569182045072,1.172738359798966,-0.14941685883161138,0.6668523853785595,2.3421313235897463,1.269792242983007
1.7597758902415819,1.204996194478668,0.29290094796973914,-0.7579083129470764,1.078818590782761,-0.30804322674357776,0.5836923528326887,2.22879848672896,1.0460606316984293
1.2215611258761478,0.5449884404689744,1.8177286940613429,-0.7579083129470764,1.5782528883362466,-0.8234158408385128,-0.19162238285081926,2.7829552568920564,-0.07138987484165817
0.47102753748960235,0.5808134960102105,-0.01757538880491591,-0.7579083129470764,0.5189050214009331,-0.8234158408385128,0.7681881741694194,1.4085572145038465,-0.49463691552680017
0.7203829429394566,0.6745097951180584,-0.10358758063318732,0.23480569182045072,-0.27785537528436566,-0.8234158408385128,0.8690622072029622,1.4685056720752236,-0.3996043336114097
0.648722192925604,0.8439898655631363,0.8005547616245497,-0.7579083129470764,0.8889418995028786,0.46859608772944983,0.0838183850863988,1.0532516726364674,0.4268182684135592
0.5040644204927127,0.7089569639077083,-0.1411871934107659,-0.7579083129470764,0.8492220002063396,0.46859608772944983,0.7587623046455038,1.0515378422991049,0.37542954703462483
0.4705924233377477,1.289047286325414,0.8992698218144847,0.23480569182045072,-1.0553331543963904,-0.8234158408385128,0.21255873660145083,1.2268946239649499,-0.009356389063839461
0.5919147194362425,1.229798156007216,0.7910831168419988,0.23480569182045072,-0.96568397350933,-0.8234158408385128,1.0053300084829004,1.2253552156717895,0.1140403545370881
0.004563232314614295,0.5504999874753185,0.5081229822124299,0.23480569182045072,-0.5672816351136023,0.46859608772944983,0.07755032577208659,0.6701288054678245,-0.27124837694317133
0.4800065881237164,0.5022739511698084,-0.24850032327174063,0.23480569182045072,-0.8123542569738169,0.46859608772944983,1.0063831827539806,0.4535522926711187,0.05106695926303856
-0.12098747131906823,-0.41402073863488104,1.0739980077109084,0.23480569182045072,-0.14472924885732397,0.46859608772944983,-0.6200428880609664,-0.04356807453979365,-0.26062153028551355
-0.1323811528808501,0.8357225450536203,1.1735240428090292,0.23480569182045072,-1.4262173658751731,0.46859608772944983,-0.2089925743568146,0.060009037393559915,-0.16565714180908073
-0.24895083425016387,0.7695839809774924,1.9841565025308892,0.23480569182045072,-0.5043308356146066,0.46859608772944983,-0.8757389254205531,-0.06893504709196531,-0.23250926260043894
0.010241527448421132,0.8026532630155563,1.7638083697071882,0.23480569182045072,-0.6805336690948326,0.46859608772944983,0.2040042613816333,0.004460364189774232,-0.20243258203896797
0.34953814572701386,1.0065805022502843,0.9039819009822248,0.23480569182045072,-0.6606936589125473,0.46859608772944983,0.3723074921816704,0.09894401967908731,-0.010269643838986932
0.3860337611045966,0.36586316276279457,0.7314686116878741,0.23480569182045072,-1.6908848203117066,0.46859608772944983,0.0852943691028227,-0.2358930738418375,-0.49463691552680017
-0.18635613305541837,0.2638995431454306,-1.1534781149719853,0.23480569182045072,-0.6240023578585363,0.46859608772944983,1.1524354878016634,-0.2865047888714511,-0.5075096373432871
0.015098145673542325,0.6662424746085424,0.6812607134103541,0.23480569182045072,-0.8862464828490572,0.46859608772944983,0.02956225166529819,-0.22130860969295355,-0.38319963896721204
-0.07754629546141002,0.38515357728499855,0.20343657919672536,0.23480569182045072,-0.995563867106516,0.46859608772944983,-0.31752538997163743,-0.2405625603880356,-0.5075096373432871
-0.2168424658701707,-0.495316056978455,-1.0120509945581446,0.23480569182045072,-1.0243877472629421,0.46859608772944983,0.4650489699027016,-0.19890158692198645,-0.07973335427714352
0.8543767834586217,-0.2500522151961471,1.0233678993393107,-0.7579083129470764,0.7446297058221856,0.46859608772944983,-0.19755940455490814,-0.1858424241419117,-0.06829923080669091
-0.1416405446918173,-0.404375531373779,-2.457163622233845,0.23480569182045072,-0.268512004521091,0.46859608772944983,2.105671239897604,-0.3307040034024612,-0.47643213774926835
-0.510911241599589,0.008990494102020744,1.1465723150830225,-0.7579083129470764,-0.08143564082739388,0.46859608772944983,0.2682266589553927,-0.15087866058956706,-0.26062153028551355
-0.531345464014056,-0.2500522151961471,0.360088517596532,0.23480569182045072,0.25882611309217507,0.46859608772944983,0.09841909846024469,-0.2236673497719726,-0.34203577153719095
-0.03100078776757847,-0.419532285641225,-0.4476557520591412,0.23480569182045072,-0.9772137617324668,0.46859608772944983,0.23277630357974716,-0.5148359738749811,-0.09038106373952207
-0.36399151635688537,-0.586256582583131,0.7041439154607486,0.23480569182045072,-1.4484111454821633,0.46859608772944983,-0.882894032196564,-0.5930746636119462,-0.22626213140198237
0.14793069597263395,-0.34926006131033904,0.23098583658936211,0.23480569182045072,-1.4902088820509836,0.46859608772944983,-0.31553277742536034,-0.6071059773903208,-0.28231551012484724
0.7805909857107739,-0.19769251863587914,1.5769379870520914,-0.7579083129470764,-0.1349967498884325,0.46859608772944983,-0.36238979605310634,-0.695070492467563,-0.4506866941162945
-0.017552544253410317,-0.40024187111902104,1.4995462917589795,0.23480569182045072,-0.49346406818098454,0.46859608772944983,-1.2764400712363355,-0.6383336999673027,-0.3573757317925081
0.613445045045484,0.39755455804927253,2.0644255644905467,0.23480569182045072,-0.5367407602954277,-0.14941685883161138,-0.4954178432050029,2.803926571265396,-0.12396157740088505
0.4271152652279393,0.2900793914255646,0.40713598317907423,0.23480569182045072,0.4462173754317141,-0.14941685883161138,0.12831819747270404,2.883922949613492,-0.3627862512952831
-0.4554969713390213,1.422702301229256,-0.23604658811801468,-0.7579083129470764,0.5059279446171825,-0.3315790271973976,0.9765242122017553,0.7329092206980258,0.465557605707374
-1.3530904925247647,-1.5163301399036804,-0.5645827910276687,-0.7579083129470764,0.5905467444263102,-0.06850825086727573,-1.4723805243027237,-1.0340092714358733,-0.29586410580513167
-1.7160870429903525,-1.4019655395220425,-0.2732500254655156,-0.7579083129470764,0.531510628348674,-0.06850825086727573,-0.8946304827771748,-1.0658524928368038,-0.31448410033841395
-1.3698384934014234,-1.5700677232155344,-0.43654684868775323,-0.7579083129470764,0.5481494820565607,-0.06850825086727573,-0.7497832782172053,-1.0710102165915212,-0.28231551012484724
-0.980097998475775,-1.7919074902208803,1.0393362166248943,-0.7579083129470764,-1.2619017281658356,-0.06850825086727573,-2.3061417389192256,-1.1425614272406657,-0.5075096373432871
-1.385655749248239,-1.3730299177387366,2.824288966791373,-0.7579083129470764,0.8789084568306919,-0.06850825086727573,-1.4648872488882356,-1.1158959677913003,-0.38319963896721204
-1.5708183855683915,-1.6238053065273883,0.400730383245989,-0.7579083129470764,1.2157764760687242,-0.06850825086727573,-1.247234017979588,-1.1514499137237875,-0.3521221393731933
1.7549983836804341,-0.6730634479330488,-0.018492550039303036,-0.7579083129470764,0.12406988835716298,-0.35295891178085986,-0.45421262331873336,-1.0330746412182212,0.15144533595147386
1.8188493830281565,-0.7598703132829668,1.0160185184592088,-0.7579083129470764,-0.37692398137157795,-0.35295891178085986,0.005118318129064419,-1.0358995894432046,0.059200503430080195
1.3149981623735278,-1.0767842661477467,-0.10664923761793392,-0.7579083129470764,0.34360684390769547,-0.35295891178085986,-0.5636086543324206,-1.1603384002069093,-0.5075096373432871
1.3965261824512785,-1.1291439627080146,0.6570182483781023,-0.7579083129470764,0.34308347988935556,-0.35295891178085986,-1.574020504006971,-1.1603384002069093,-0.47643213774926835
1.2803620407799976,-1.2090613943000026,2.3859724839513765,-0.7579083129470764,-0.08172160980387977,-0.35295891178085986,-2.87235517089048,-1.1603384002069093,-0.5075096373432871
1.1886984856968053,-1.2820893921340606,0.3880353155327153,-0.7579083129470764,0.12548540258705648,-0.35295891178085986,-2.324030683537215,-1.1603384002069093,-0.49463691552680017
1.1467055954881844,-1.2448864498412386,2.5055037693847155,1.7238766989717411,-1.7362061798734554,-0.35295891178085986,-2.849669389975563,-1.1603384002069093,-0.5385871369373059
1.5055899906674823,-0.9913552875494147,0.7094522566897559,-0.7579083129470764,-0.5460940605370528,-0.35295891178085986,-2.121358792104891,-1.1070074813081787,-0.27488580847427174
1.5135676995859426,-0.8439214051297128,0.16052384729300048,0.23480569182045072,0.40739885807795095,-0.35295891178085986,-0.22820435164729,-1.0447880759263264,-0.10350214262104321
0.9498055361940158,-0.7626260867861389,-1.2700746014650113,1.7238766989717411,-0.357059979422684,-0.35295891178085986,0.31427760766833596,-1.0003456435107174,0.05270261870528725
1.4280834801750566,-0.9045484221994967,-1.3086931739384593,1.7238766989717411,-0.6559965325971909,-0.35295891178085986,0.23583704593078592,-1.0447880759263264,-0.0860919126802513
1.2470112988857018,-0.6372383923918129,0.19695921329845703,0.23480569182045072,-0.48426368190595315,-0.35295891178085986,-0.771543582902277,-0.9814610602667746,0.23835035291316314
1.2481899640973964,-0.7419577855123488,-0.7953813549905847,1.7238766989717411,-0.987922891988172,-0.35295891178085986,0.08416946503884232,-1.0132077691431676,0.18958195645921672
1.12894391788409,-0.511850697997487,-0.04136112587396682,1.7238766989717411,-0.990950577792149,-0.35295891178085986,-0.26925082795121075,-0.9505625867248123,-0.0631928063465853
1.0124215556408913,-0.6978654094615969,-0.1654006010277677,0.23480569182045072,-0.18043624340612088,0.46859608772944983,-0.162427053125687,-1.053676562409448,0.11477987601114135
1.5451132907550837,-0.7061327299711129,-1.4678377120230037,0.23480569182045072,-0.5113991750328507,0.46859608772944983,0.20535903661851396,-1.053676562409448,0.11477987601114135
1.3241692005037022,-0.402997644622193,0.25366524670058177,0.23480569182045072,0.06614989931894696,0.46859608772944983,-1.2149186922628863,-0.9914571570275957,0.10209193009384068
1.2660662427100497,-0.40713130487695104,2.0003542563872267,-0.7579083129470764,-0.83079383499873,0.46859608772944983,-1.2185839485429923,-0.9914571570275957,0.15979280651267558
1.2960535066165573,-0.7309346914996608,0.9056081411552112,-0.7579083129470764,0.3022443942006064,0.46859608772944983,-1.118349372518904,-1.0447880759263264,0.1437037781786921
1.3365181369239312,-0.6069248838569209,1.394556877545112,-0.7579083129470764,0.7375833186020239,0.46859608772944983,-1.7035900427175514,-1.0434286135798247,-0.03268209647091301
1.6966713993990812,-0.3754399095904731,0.11475003257624232,-0.7579083129470764,0.90946226680715,0.46859608772944983,-0.27983678313168464,-0.9215042556722953,-0.38319963896721204
0.6062142143129179,-0.444334247169773,-0.1724459516368916,0.23480569182045072,-0.8211965379539694,0.46859608772944983,-0.5856574201462666,-0.9203492651626216,0.1869243961576883
0.7441737426358193,-0.40161975787060705,0.06583265406664886,-0.7579083129470764,0.7406729428817638,0.46859608772944983,-0.26319342333557566,-0.9019600202933814,0.18958195645921672
0.6160202406120269,-0.390596663857919,1.5014579381549142,-0.7579083129470764,0.39856414497048664,0.46859608772944983,-1.243089742954074,-0.8430804380407043,0.09527197051698817
0.8789869187527425,-1.2655547511150285,-0.2673045662793013,-0.7579083129470764,0.3208766041055136,-0.35295891178085986,-0.908083787498699,-1.1603384002069093,-0.4506866941162945
0.9804916197989569,-1.2848451656372326,2.9602181902203433,0.23480569182045072,-0.32729773672573453,-0.35295891178085986,-3.427467081861965,-1.1603384002069093,-0.5075096373432871
1.2429848602247398,-1.2917345993951626,-1.1043109206977202,-0.7579083129470764,0.9455441662547371,-0.35295891178085986,-1.6535180744793248,-1.1603384002069093,-0.4690957352743578
1.8442157617518817,-1.2889788258919905,-1.0409124185179883,-0.7579083129470764,0.0990457780375132,0.46859608772944983,-0.8936492344779776,-1.1514499137237875,-0.38319963896721204
1.9581806731008309,-1.0602496251287148,-1.084250188250832,-0.7579083129470764,1.0864592438639693,2.3655006418015163,-0.009116913607886705,-1.1070074813081787,-0.41427713856123083
0.7204397505361727,-0.7846722748115148,-0.10337559801320419,0.23480569182045072,-1.1862063090221957,2.3655006418015163,-1.065391522039872,-1.1085100631058435,-0.4690957352743578
0.6435048895907465,-0.6606624671687749,1.3023477531281724,0.23480569182045072,-0.6952090623864622,2.3655006418015163,-1.0161444415870753,-1.0434286135798247,-0.4690957352743578
0.22675807550888064,-0.7777828410535849,-0.13825132188129932,0.23480569182045072,-1.4992243653372774,0.46859608772944983,0.38294238427290317,-1.0522052951457186,-0.5385871369373059
0.591719404814127,-1.1387891699691166,2.0403985923700527,0.23480569182045072,-0.6167928051562952,2.3655006418015163,-0.48570402405240454,-1.124784454274422,-0.5385871369373059
0.5366836875624794,-1.0382034371033386,1.7816891134535455,-0.7579083129470764,-1.3552740877242355,2.3655006418015163,-2.085127589839427,-1.0803420218588133,-0.41045132353107655
0.09899027365368213,-0.6799528816909789,0.037002432700362735,0.23480569182045072,-0.680076698399299,0.46859608772944983,0.15321617706605903,-0.9926307726582876,-0.4506866941162945
0.8882004701602856,-1.0313140033454087,-0.21269651726151304,-0.7579083129470764,-0.39265678359822176,0.46859608772944983,-0.648542843575748,-1.0309200835138874,-0.4690957352743578
0.9796881804701283,-1.1194987554469127,-1.5968212381260254,0.23480569182045072,-1.1963761344213444,0.46859608772944983,0.1407355646668752,-1.1100575276733062,-0.49463691552680017
1.0424555225390597,-1.1181208686953266,-0.7252199831815311,-0.7579083129470764,-0.5537914458269971,0.46859608772944983,-0.4186241046275784,-1.0843951384049126,-0.5075096373432871
1.0336221260900187,-1.4736156506045144,0.1934091382164271,0.23480569182045072,0.5224425993364079,0.46859608772944983,-1.5492381989927826,-1.1603384002069093,-0.5075096373432871
0.9990733723621542,-1.4529473493307246,-0.2865472057263483,-0.7579083129470764,0.3952644988054256,0.46859608772944983,-1.1724318168673467,-1.1603384002069093,-0.4690957352743578
-0.19363699390569974,-1.4350348215601065,-0.1802668817121344,0.23480569182045072,-0.018657345887411685,0.46859608772944983,-1.1965958486212591,-1.140463140213561,-0.49463691552680017
0.12713751362490322,-1.3633847104776344,-1.1595497496458984,0.23480569182045072,-0.389474251604837,0.46859608772944983,-0.834795343087077,-0.9773132615201413,-0.3210446397791745
-0.0015993445005262875,-1.3647625972292206,-0.8774989756023279,0.23480569182045072,-0.389474251604837,0.46859608772944983,-0.834795343087077,-0.9773132615201413,-0.3210446397791745
-0.21733697538345126,-1.3537395032165325,-0.32961595059786136,0.23480569182045072,-0.1790702155494108,0.46859608772944983,-1.2297581099024584,-0.9651961379339007,-0.3521221393731933
-0.19299633729978274,-1.3220481079300546,0.07214191599212537,0.23480569182045072,0.03763458441136067,0.46859608772944983,-1.3997249459538343,-0.9530250518026465,-0.38012236007373235
1.8051327513455546,-0.2776099502278671,0.782431222697072,-0.7579083129470764,0.20932777086205362,0.46859608772944983,0.10147297918870454,-0.6081065277402219,-0.3019079513316812
1.9062480554164476,-0.33548119379447905,-0.6911692753887239,0.23480569182045072,0.20149046043665494,0.46859608772944983,0.12066857645486993,-0.6449594567374793,-0.41427713856123083
1.592286516231285,-0.3754399095904731,-1.5968507830818002,-0.7579083129470764,0.025647449782698523,0.46859608772944983,0.0910123180429278,-0.6919396191723164,-0.5075096373432871
1.4927355775406803,-0.2955224779984851,0.07165466799210028,-0.7579083129470764,0.39021688874073496,0.46859608772944983,-0.46369991021101903,-0.7303707860917372,-0.5385871369373059
1.2492871763341886,-0.3478821745587531,-0.7220518473462688,-0.7579083129470764,-0.7065599053078713,0.46859608772944983,0.3417297512167786,-0.7410693313353549,-0.5385871369373059
0.5057363629487782,-0.32308021303020507,-1.2938064165520702,-0.7579083129470764,-1.0780109558183117,0.46859608772944983,0.09895987959498903,-0.7505994187609694,-0.5385871369373059
0.4973568111390126,-0.2734762899731091,0.31538319669291626,-0.7579083129470764,-0.8608214899683381,0.46859608772944983,-0.0990989438191259,-0.754863611261791,-0.5385871369373059
0.40259742687512096,-0.20044829213905113,-0.4268149547733102,-0.7579083129470764,-0.43396437964653284,0.46859608772944983,0.2454710119893477,-0.7230826803532467,-0.5385871369373059
0.4927446750654857,-0.20595983914539515,-0.8472172485869788,-0.7579083129470764,-1.2018201722000608,0.46859608772944983,0.26464131177917233,-0.718946507015684,-0.5385871369373059
0.667390820446903,-0.2831214972342111,-0.06353710163975398,-0.7579083129470764,-0.5604381312889206,0.46859608772944983,0.06956871787511411,-0.7295447188285268,-0.5385871369373059
0.5513515076161287,-0.1315539545597512,-1.2154790334846464,0.23480569182045072,0.513137067936576,0.46859608772944983,0.9433596841276345,-0.6598921408391094,-0.38319963896721204
-0.023510317975833958,-0.3106792322659311,0.6766557956498641,0.23480569182045072,-0.6103930685045843,0.46859608772944983,-0.18373199295440035,-0.7011381635530682,-0.5075096373432871
0.208229064054999,-0.39335243736109105,0.022934743394863906,1.7238766989717411,-2.5368563557749537,0.46859608772944983,0.2460426244410628,-0.6800310397333645,-0.5385871369373059
0.01682196665068702,-0.2707205164699371,-0.018286222889402515,0.23480569182045072,-0.8634101318106677,0.46859608772944983,-0.00878282925212999,-0.6569015562932683,-0.41427713856123083
0.44504724239529075,0.14815705601220666,0.22418289112893955,0.23480569182045072,0.4165788486677222,0.46859608772944983,-0.39177819827709864,-0.6475720997882838,-0.41427713856123083
0.5834675160633592,0.2804341841644626,0.6677706621180933,-0.7579083129470764,0.3349380872708205,0.46859608772944983,0.6330379069023881,-0.6081065277402219,-0.33011293194846164
0.7236038474144445,0.25012067562957063,0.060495352930496134,0.23480569182045072,-1.2866127647167458,0.46859608772944983,-0.12264080917492617,-0.5931443049769616,-0.29586410580513167
0.6590523031918154,0.16469169703123865,1.0344672469164216,0.23480569182045072,-0.1810343737127954,0.46859608772944983,-0.8807853311038272,-0.5997996875139692,-0.38319963896721204
1.3823367291881985,1.158148044924744,0.04454292946600615,-0.7579083129470764,1.0800595072122585,0.04460631664282216,1.053866178548846,0.9769313976380382,2.3131015662974472
0.23980657098888922,-0.36441681557778505,-0.7445693940034084,1.7238766989717411,-1.7866967721914708,0.46859608772944983,-0.10475622646199932,-0.9215042556722953,-0.4506866941162945
1.1272659373103695,-0.9555302320081788,0.7910194440495202,-0.7579083129470764,-0.23575921763647953,-0.35295891178085986,-1.2828134297566194,-1.1425614272406657,-0.19532493440987808
1.177596482185842,-0.8838801209257068,2.5787001784658865,0.23480569182045072,-1.150878835237801,0.46859608772944983,-2.384601928986466,-1.1158959677913003,-0.09908492283224904
1.4120281253295963,-0.9197051764669427,0.29424782742227906,-0.7579083129470764,0.07646061596495662,-0.35295891178085986,-1.3768810837564551,-1.1514499137237875,-0.22626213140198237
1.4120281253295963,-0.9197051764669427,0.29424782742227906,0.23480569182045072,-1.1545439398790063,-0.35295891178085986,-0.8636772750681508,-1.1425614272406657,-0.19673464140309949
1.2859848838128882,-0.7323125782512468,-0.9511125243561243,0.23480569182045072,-0.2867304503795018,-0.35295891178085986,0.31547474143090204,-1.0330746412182212,0.032765741399268085
0.8883032413873168,-0.35063794806192505,-0.2120760731902387,1.7238766989717411,-1.4573342041105164,-0.35295891178085986,1.0361862427854553,-0.8963638194054939,-0.12982644935126988
0.7261786733003144,-0.471891982201493,-0.4068747423440385,0.23480569182045072,-0.6860522047976036,-0.35295891178085986,0.16756606728469534,-0.9402698139164728,-0.04134714343300569
1.0949567090981693,-0.6647961274235329,0.4646259817443375,0.23480569182045072,-0.8393638872535186,-0.35295891178085986,-0.7375724112497883,-0.9770975570979799,0.2079200204606445
0.3288782948752639,-1.0106457020716186,2.803229556334428,-0.7579083129470764,-1.3258391957757072,0.46859608772944983,-3.6439432649944186,-1.0909171015328067,-0.47643213774926835
0.5493006424704703,-1.0065120418168607,-0.7420910305019813,0.23480569182045072,-0.8422478908221253,0.46859608772944983,-0.5128690065573198,-1.0223519832575811,-0.49463691552680017
0.563748379296928,-1.3137807874205385,1.0466928131047561,0.23480569182045072,-1.038813991157265,0.46859608772944983,-1.6333748117246243,-1.1070074813081787,-0.33011293194846164
0.6897518185278674,-1.4474358023243805,0.28750972485159415,2.7165907037392683,-1.8862186992200123,0.46859608772944983,-0.623458385120893,-1.1425614272406657,-0.5385871369373059
0.8187728378637693,0.4375132738452665,0.48086439648040485,-0.7579083129470764,0.3169606325356117,-0.35295891178085986,0.12734960572096404,-0.24120700718679008,-0.4690957352743578
0.45736956180708044,-1.3344490886943285,0.7886712538680919,0.23480569182045072,-1.4427145769162157,2.3655006418015163,-2.1246628787303945,-1.1603384002069093,-0.5075096373432871
0.7747292057363806,-1.3564952767197045,-0.2136413707976827,0.23480569182045072,-0.8258409038519298,2.3655006418015163,-0.680211831571677,-1.1603384002069093,-0.47643213774926835
0.9162111747363623,-0.9389955909891468,0.6505970471482374,-0.7579083129470764,0.17709400049445054,2.3655006418015163,-1.4662971692602043,-1.1336729407575439,-0.5075096373432871
1.5636988633518996,-0.547675753538723,0.4713975295949922,-0.7579083129470764,0.3227774819717368,-0.35295891178085986,-0.26724730061597374,-1.0214958028587044,0.11699343519111317
-1.8171118369098613,-0.42917749290232704,-1.120583365762387,-0.7579083129470764,-0.3445181358278087,-0.35295891178085986,0.6088254027890276,-0.9770975570979799,0.21307729876156237
1.088041585660152,-0.2776099502278671,-0.0015368656838274154,0.23480569182045072,0.8810800605823123,0.46859608772944983,-0.10976623514841498,-0.70877179332548,-0.5075096373432871
0.5544931772002522,-0.7240452577417309,1.02500662054972,0.23480569182045072,-0.8593657747693405,0.46859608772944983,-1.553847075840797,-1.032146825102253,-0.4690957352743578
-0.010824109555143912,-0.9665533260208667,0.2770759675983112,0.23480569182045072,-0.5645773819395628,1.1164002292686068,-1.5839265183206577,-0.8397362250103109,-0.4690957352743578
0.08289795074094451,-0.7929395953210309,1.1515097354811128,0.23480569182045072,0.10061146891834637,1.1164002292686068,-1.1251641764380877,-0.7744306562501403,-0.44535463815524956
-0.9320991528303783,-0.40850919162853705,-0.6519107572230275,1.7238766989717411,0.3590439086980708,0.5281467866476304,0.2587398540825285,-0.3690633871500972,-0.5385871369373059
-0.15994552965799763,-0.8039626893337188,-0.6634918923462907,-0.7579083129470764,1.423268759689019,0.5281467866476304,-0.08585466109511991,-0.5842300671421624,-0.44031145423724843
-0.014056720584769518,-0.8852580076772928,0.22865734304511662,0.23480569182045072,-0.6437188131264312,0.5281467866476304,-1.0042711716781405,0.16583450640661718,-0.31883602988477744
-0.6677270227079112,-1.1718584520071806,-1.934296886581862,-0.7579083129470764,-0.02685426444765628,0.5281467866476304,0.6375619835491798,-0.9025722921963781,-0.5075096373432871
-0.8954088389651347,-1.1580795844913205,-0.7215524108331355,-0.7579083129470764,0.8434092299072662,0.5281467866476304,-0.43983462372202925,-0.8576074591481195,-0.4265356186378599
-1.298135636758942,-0.8315204243654388,-0.6021784059729481,-0.7579083129470764,1.1424580130235584,0.5281467866476304,-0.17599209488249984,-0.5576885288528584,-0.2880323250376831
-1.1964854047545455,-0.5090949244943149,-0.39319425772297,1.7238766989717411,0.47416037667633626,0.5281467866476304,-0.014452781704320823,-0.3996064953207824,-0.4690957352743578
-0.2690485240255159,-0.2776099502278671,-0.4915753526537317,0.23480569182045072,-0.7306084577978263,0.15202968263377753,0.22084941234723413,0.3489779036184497,-0.5075096373432871
0.3949030165788966,-0.7557366530282088,-0.5659664310357446,0.23480569182045072,-0.615713121986063,0.5281467866476304,-0.1332604958058566,0.028361670549383523,-0.5075096373432871
1.7320065871448262,-0.34512640105558107,-0.5844956036794725,1.7238766989717411,-0.38446093849509644,0.15202968263377753,0.2566350190276261,0.6406058370086913,-0.1592379097449743
1.758534132861734,-0.532518999271277,-1.5031022007052064,-0.7579083129470764,0.8834008748734657,-0.30348619427082457,0.6909245968133824,0.6106799850272303,-0.0860919126802513
1.9312383456690707,-0.602791223602163,-1.4743531060821706,-0.7579083129470764,0.8552282611511023,-0.30348619427082457,0.775683760595611,0.6554382024899523,-0.20822878475768453
-1.5317680302881593,-0.5394084330292069,-0.8903371852135479,-0.7579083129470764,1.299322570178893,0.15202968263377753,0.47591588032152704,0.7101548304616394,-0.16436448630354974
-1.2525452853420453,-0.535274772774449,-0.8544415265685352,-0.7579083129470764,0.4611549069517894,0.15202968263377753,0.31237301079214147,0.7176791128921599,-0.22165758321015885
-0.8341825107806614,-0.22938391392235713,-1.9480678587242477,-0.7579083129470764,0.7529798603861586,-0.30348619427082457,1.5702862587121476,0.8751250044279739,-0.2899671401851558
0.4499906123516231,-0.14946648233036916,-1.533901110708775,-0.7579083129470764,-0.5780527038450707,-0.30348619427082457,0.8819134593598336,0.7862401395967563,-0.5385871369373059
-0.44682364662129126,-0.03785765545190323,-0.5632033438681034,-0.7579083129470764,1.2119864746917304,-0.30348619427082457,-0.19771913004564745,0.7329092206980258,-0.49463691552680017
0.6331525984841685,-0.09710678577010119,-2.1860105490065185,-0.7579083129470764,0.2406338595874663,-0.30348619427082457,1.2149420942989517,0.7684631666305128,-0.5075096373432871
0.1123613771341315,0.1123320004709707,-0.8102323269024869,-0.7579083129470764,-0.36432288294373655,-0.30348619427082457,0.8199101639805584,0.8330818114003229,-0.5385871369373059
-0.44591780574610435,0.11646566072572868,-0.4694532013618315,1.7238766989717411,-0.8621092091282214,-0.30348619427082457,0.0832976570598176,0.9471515479644126,-0.41045132353107655
-0.5019183895536916,0.0875300389424227,0.09583414278860782,-0.7579083129470764,-2.084874122818606,-0.30348619427082457,0.41767685145683314,0.9385492822871275,-0.3712296798298592
1.1941717312841136,1.567380410145786,-1.2481029051789219,0.23480569182045072,-0.15440619642030992,-0.23861903457491465,1.0706478221861684,0.5538494846505291,0.6718405801121801
-0.039639608955849136,0.10406467996145469,-1.5925912390287518,-0.7579083129470764,-0.7977573333975821,-0.30348619427082457,0.6373051856947815,0.9644746974048862,-0.47643213774926835
-0.13529090945625333,-0.36441681557778505,-0.16892941934293607,-0.7579083129470764,0.04101543760746959,-0.30348619427082457,-0.07345721716652459,0.9285315686504367,-0.31448410033841395
1.1173320014984809,1.22842026925563,-1.037627760497409,0.23480569182045072,0.21119719643469165,0.04460631664282216,-0.40476893141650716,1.0520557018303796,2.597007828415408
0.431520256897822,-0.3465042878071671,-1.394081313895576,-0.7579083129470764,1.5204803386333168,-0.30348619427082457,0.9347993007273846,0.9907487860202463,-0.4067364727057888
0.2597509665119307,-0.11777508704389118,-0.12632091272639925,-0.7579083129470764,0.30875351613273777,-0.30348619427082457,0.31774980671723285,1.2077552488192567,-0.4690957352743578
0.4956439573551605,-0.05852595672569322,-0.6960795885336601,-0.7579083129470764,0.06603117496159185,-0.30348619427082457,0.10597347783797575,1.2330423557753218,-0.5075096373432871
0.6618827016494632,-0.23213968742552912,0.05926080281476378,1.7238766989717411,-0.7207660368199552,-0.30348619427082457,-0.08979541506503748,1.3383383085110143,-0.5385871369373059
0.07777577856588051,-0.2776099502278671,-0.5998680489362087,-0.7579083129470764,0.724332241888663,-0.30348619427082457,0.3369319759805979,1.3143190396107622,-0.5075096373432871
0.4078834908151149,-0.35890526857144106,-1.188126449939528,-0.7579083129470764,-0.43131691235408515,0.15202968263377753,0.7122897047984251,1.5232780549453429,-0.5385871369373059
0.5938083470690814,-0.35614949506826904,-1.12951481564397,-0.7579083129470764,-0.17020426483978562,0.15202968263377753,0.6012941498354345,1.4088186147580155,-0.5075096373432871
0.24927754337157393,-0.32170232627861906,-1.0821787260710187,0.23480569182045072,-0.095223016717378,0.15202968263377753,0.08938916865100104,1.3722564172331833,-0.41045132353107655
0.6418694222943947,-0.20733772589698113,-0.14241023757012383,-0.7579083129470764,0.3053699792938311,0.15202968263377753,0.35580188209754365,0.12812428790978253,-0.22781214099711825
0.7363426737175592,-0.476025642456251,-0.5431901953763904,-0.7579083129470764,1.2877494142881516,0.15202968263377753,0.2860765235347218,1.2970669087934894,-0.47643213774926835
0.774780344896114,-0.5380305462776209,-1.8725287199155207,-0.7579083129470764,0.40727111668079674,0.15202968263377753,0.3519824673631248,1.3093815920450698,-0.5075096373432871
1.083602953049047,-0.2969003647500711,-0.6954425680845585,-0.7579083129470764,0.4722888041894603,0.15202968263377753,0.2129135602922367,0.4853763337620857,-0.41427713856123083
1.2576210109674215,-0.2762320634762811,-0.0450505400378531,-0.7579083129470764,-1.0541167664620608,0.15202968263377753,-0.08572436276475259,0.47364490971942186,-0.47643213774926835
1.077017584771144,-0.22662814041918514,-1.004747735011645,-0.7579083129470764,-2.1683932194822337,0.15202968263377753,0.31042219745635236,0.46991760961359463,-0.49463691552680017
1.7319851456658057,-0.544919980035551,1.3096568631609637,-0.7579083129470764,-0.7388335546074426,-0.30348619427082457,-1.2954669016496352,0.5330990677225229,-0.24540259213583612
1.675315316613607,-0.474647755704665,-1.2703533771368285,0.23480569182045072,-0.1848094540358361,-0.30348619427082457,0.13994778484388937,0.551451179334955,-0.25716840898315674
1.450977927466834,-0.7626260867861389,-1.2930067525840487,-0.7579083129470764,1.1051953644179904,-0.30348619427082457,0.4690235022188946,0.5513588697156285,-0.41045132353107655
1.538709682141294,-0.7571145397797948,-1.208410963487088,1.7238766989717411,1.0667731137596845,-0.30348619427082457,1.4514413593879414,0.5773777566862566,-0.4506866941162945
1.1689659171992632,-0.549053640290309,-0.47314651584991235,-0.7579083129470764,0.5925916802378959,-0.30348619427082457,0.4616086059588177,0.5629509430574281,-0.1842491238310196
0.17694286549125496,-1.4005876527704566,-0.08904551439750602,0.23480569182045072,-0.27722176721991,-0.6374380252322176,-1.303405982885569,0.049018500619036134,-0.47643213774926835
0.22598199254983722,-1.3206702211784684,0.7012371988546366,0.23480569182045072,-0.6848617945255524,-0.6374380252322176,-1.6808263201237692,0.03191216647603572,-0.41427713856123083
0.528438083383149,-1.3551173899681186,0.43276052808972376,-0.7579083129470764,-0.28665611347401515,-0.6374380252322176,-1.5474933579077097,0.004358618748732482,-0.49463691552680017
0.5279625508110709,-1.3950761057641126,0.3224032927028794,-0.7579083129470764,1.0717209459851698,-0.6374380252322176,-1.3853945562842387,-0.04035383211721747,-0.4690957352743578
-0.3618957966229301,-1.4942839518783044,-0.888990890809637,-0.7579083129470764,-1.53878066976889,-0.6374380252322176,-0.7485997014804608,-0.4581479680402901,-0.5385871369373059
0.2972217995042912,-1.5039291591394064,-0.22045679729552803,0.23480569182045072,-1.8318040307308467,-0.6374380252322176,-0.8732409611339395,-0.4937019139727772,-0.5075096373432871
0.19199995929333508,-1.5011733856362344,0.1267365088914412,0.23480569182045072,-1.8287893874308647,-0.6374380252322176,-1.2981871196699695,-0.502590400455899,-0.5385871369373059
0.21680750406671706,-1.5011733856362344,-0.621077036826021,-0.7579083129470764,-0.7710816556275835,-0.6374380252322176,-1.3066910351954166,-0.5203673734221425,-0.5385871369373059
0.34097855942960736,-1.5204638001584385,-0.36651623524732785,0.23480569182045072,-2.0677807673665587,-0.6374380252322176,-1.366472296853988,-0.6536946706689688,-0.5385871369373059
-0.3837848357116532,-0.044747089209833224,-0.4501304102525832,-0.7579083129470764,1.1769559728192907,-0.5595604221658743,0.38121710766546485,0.24845165769497476,-0.4265356186378599
2.318038683945325,-0.7681376337924828,-1.2236460198240653,-0.7579083129470764,1.435695099297897,-0.4146037637434977,1.8305888632182001,-0.15029184494932027,-0.3996043336114097
0.17694286549125496,0.2473649021263986,1.5796338911354784,0.23480569182045072,0.31891539794920604,-0.26066558756378155,-1.3243420736128044,0.2906917048395054,-0.0936250586561017
0.01672474063374745,-0.13982127506926717,-0.018199050643651092,0.23480569182045072,-0.1176912793096819,-0.26066558756378155,-0.0027651416040959955,0.18332325612049566,-0.0642096937796627
0.3129619399627661,-0.2996561382532431,-1.3429978903444473,0.23480569182045072,0.3274585064303091,-0.26066558756378155,0.29578761093370287,0.17973175216023723,-0.21412851564520677
0.3129619399627661,-0.2996561382532431,-1.3429978903444473,0.23480569182045072,0.08648273366453828,-0.26066558756378155,0.45078329527442734,0.1875794012627493,-0.1842491238310196
0.3715637202108814,-0.2762320634762811,-0.7931910304309376,-0.7579083129470764,0.5181452821250013,-0.26066558756378155,0.4258644724291338,0.20331302269321821,-0.16436448630354974
0.5803264626136906,-0.13568761481450917,0.08983115382052195,1.7238766989717411,1.088845378020811,-0.26066558756378155,0.738680049969079,0.2873665878109574,-0.14548440613707614
0.08864808715216009,-0.22662814041918514,-0.29732165629803925,0.23480569182045072,-0.18901821103492947,-0.26066558756378155,0.09273322776130563,0.246852465063839,-0.22165758321015885
-0.203128914859842,-0.053014409719349224,-0.5039071051682676,0.23480569182045072,-0.30717095247412357,-0.26066558756378155,0.05811618848125578,0.3255549655942832,-0.0039096169490367635
0.4678262260902717,0.2914572781771506,-0.143985090971845,-0.7579083129470764,0.5480126162738961,-0.26066558756378155,0.38844418653552254,0.6935237455525116,-0.41427713856123083
0.1380132725641291,-0.644127826149743,-0.5579761293823458,0.23480569182045072,-0.2659593234922461,-0.2616817826730611,0.21171485940732512,-0.4182695435866839,-0.5385871369373059
-0.07137669471348661,-0.6317268453854689,-0.6627344493876771,0.23480569182045072,-0.22759922600112706,-0.2616817826730611,-1.3314170665925809,-0.4158248497621655,-0.5075096373432871
0.4119589737786649,-0.586256582583131,1.133727572428777,0.23480569182045072,0.20966188439032465,-0.2616817826730611,-1.1450947653878578,-0.393400557779668,-0.5385871369373059
0.598034659747123,-0.5959017898442329,0.19772913729449335,0.23480569182045072,0.25936214390451895,-0.2616817826730611,-0.6463562407026631,-0.385866052498377,-0.5075096373432871
0.5495485749750105,-0.36992836258412903,-0.7415796980000541,1.7238766989717411,0.22316785349657808,-0.2616817826730611,-0.07634451142856108,-0.34521039529665726,-0.5075096373432871
0.36415704470496596,-0.3533937215650971,0.06356588315278548,1.7238766989717411,-0.26729765615528744,-0.2616817826730611,-0.060048073325348436,-0.3095936890559043,-0.5385871369373059
0.2869970482298201,-0.34512640105558107,-0.8578598682008883,1.2275196965879778,-0.7946965314414856,-0.2616817826730611,0.4766507179561351,-0.2897203371790603,-0.5385871369373059
0.19070965051846317,0.32728233371838655,0.37691870902104285,1.7238766989717411,-1.3599903215763092,-0.26066558756378155,0.2774148159029136,0.7478728806196808,-0.38319963896721204
0.17694286549125496,0.33417176747631655,-0.14499664005174429,-0.7579083129470764,-1.3179322716561455,-0.26066558756378155,0.16969085547387772,0.7505208193183853,-0.38319963896721204
0.25198422203073334,0.12059932098048669,0.1417389108902034,-0.7579083129470764,0.8825802169060342,-0.3119673637419407,0.3377963312710515,0.8644424326788229,-0.34203577153719095
-0.07757241956228593,-0.19080308487794914,0.6565209570432762,-0.7579083129470764,0.9260525465804048,-0.5595604221658743,-0.3230271026000762,0.729379747195197,-0.4265356186378599
-0.42088487898922117,-0.11501931354071919,-0.21346351601440378,-0.7579083129470764,0.6854266134896972,-0.5595604221658743,0.5221119126521783,0.6890222352495801,-0.3573757317925081
-0.24052223813781046,-0.6124364308632649,-0.7189478718440093,-0.7579083129470764,-0.3387268346711144,-0.5595604221658743,0.3320865671445066,0.9388880280710125,-0.16307628059841048
-0.21451643507707743,-0.7460914457671068,-0.06687958196652054,0.23480569182045072,-0.07762637089511469,-0.5595604221658743,-0.6271300968834579,0.9765986824712145,-0.18698536565326035
-0.13309599207510378,-0.6744413346846349,0.9714393730432922,-0.7579083129470764,0.9209395093043141,-0.5595604221658743,-1.1323862132176103,0.5599913620321528,-0.5385871369373059
-0.08913492196463452,-0.6675519009267049,-0.4370435549739502,-0.7579083129470764,0.37168837479351724,-0.5595604221658743,-0.7495585796976652,0.572916464001834,-0.5385871369373059
-0.4479749554632002,-1.0836736999056766,0.39710941977171965,-0.7579083129470764,-0.13585202684794986,-0.3119673637419407,-0.28823159730073333,1.7275444001430174,-0.47643213774926835
-0.9943746963776292,-1.0244245695874787,-1.8677555031660285,-0.7579083129470764,1.101214234000969,-0.3119673637419407,0.7439898926522188,1.5171475695991536,-0.5075096373432871
0.20707701585174498,-0.9954889478041727,0.12862426580168326,-0.7579083129470764,0.8949623837544672,1.1164002292686068,-0.8727316055314857,-0.4670364545234119,-0.12396157740088505
0.15117895681740706,-1.0299361165938228,0.5644284523197586,-0.7579083129470764,-0.05820618979204753,1.1164002292686068,-1.1963955905649388,-0.4937019139727772,-0.12163872695961746
-1.0962005267015935,-0.3037897985080011,0.6997126596350277,-0.7579083129470764,1.460191015042171,-0.5615137004501347,0.23622966992399808,-0.4277523854696529,-0.05513470142174335
-0.4076297320131319,-0.558698847551411,1.2104983361100898,1.7238766989717411,-1.3956217984167882,-0.5615137004501347,-0.4706403751895037,-0.34521039529665726,-0.5385871369373059
-0.7826476078867373,0.16606958378282466,1.4501283066389945,-0.7579083129470764,0.8007595440959977,1.1164002292686068,-0.2752415835833441,-0.544205340413112,-0.24540259213583612
-0.6922678305531976,0.24598701537481263,-1.3087865867029225,-0.7579083129470764,0.15167131554653748,1.1164002292686068,1.2653689876872982,-0.5243300804197637,-0.27488580847427174
-0.3505086460863672,0.16606958378282466,-0.3194883687938638,-0.7579083129470764,0.79704017619743,0.5744920382169726,0.43272521904655437,-0.5396063153329012,-0.16436448630354974
-1.1670970235379314,-0.03923554220348923,-1.492104456573368,-0.7579083129470764,1.654965622791508,1.1164002292686068,1.635761528660734,-0.6068918090787365,-0.34955008687145045
-1.1800113865471684,-0.07230482424155321,-0.0655723883126614,-0.7579083129470764,1.4863665691404546,0.5744920382169726,1.255753524274054,-0.6100412979202203,-0.38319963896721204
0.08269351732890046,-0.19907040538746515,0.4490105462902709,0.23480569182045072,-0.5492045098849003,1.1164002292686068,-0.023291561194820853,-0.3323721867401651,-0.5075096373432871
0.7264288238888913,-0.08470580500582721,-0.40595660602860234,-0.7579083129470764,0.5845391416601493,1.1164002292686068,0.3149676147375755,-0.2699799914000715,-0.44031145423724843
0.749963558105913,-0.03785765545190323,-0.4915180178880693,-0.7579083129470764,0.42369876770053205,1.1164002292686068,0.6877790775282129,-0.2801986913117486,-0.38319963896721204
0.38834512789766973,0.17433690429234067,-0.25672142660936104,0.23480569182045072,0.21555092381769847,1.1164002292686068,0.3869210223929522,-0.28596248413699804,-0.4067364727057888
0.6806767741457235,0.17158113078916865,-0.3201014997572728,-0.7579083129470764,1.283514303916788,1.1164002292686068,0.034394080695601695,-0.30810912959122133,-0.4067364727057888
-0.5467028001358738,-0.40713130487695104,-0.476335615927721,-0.7579083129470764,0.48935285426216024,1.1164002292686068,-0.627424460388096,-0.9089340375388947,-0.3996043336114097
-0.8737446889523489,0.36172950250803654,-0.8647778732250547,-0.7579083129470764,1.2595335402438943,-0.5615137004501347,0.9777487742590049,0.35135772582552227,-0.2880323250376831
-0.8931473790628859,0.2514985623811566,-0.8693819134126014,0.23480569182045072,0.07860216291724635,-0.5615137004501347,1.4011167428806997,0.3304915901798805,-0.3573757317925081
0.3043927419678679,-0.520118018507003,-1.2001429587510262,0.23480569182045072,-0.6621003171212094,-0.2616817826730611,0.6982777006771052,-0.5215412364086527,-0.49463691552680017
0.6963626947721919,-0.503583377487971,-1.0439049422563835,0.23480569182045072,-0.9685831664961697,-0.2616817826730611,0.49260948797813076,-0.5139797883760966,-0.5075096373432871
1.1905754776993696,-0.2307618006739431,-0.34570966330630504,-0.7579083129470764,-0.2245085282642681,-0.2616817826730611,0.03947801746612396,-0.3929886131588923,-0.49463691552680017
1.300164232470912,-0.2707205164699371,-0.04506614133463207,0.23480569182045072,0.16573016874190286,-0.2616817826730611,-0.06684133434758575,-0.3956185620356712,-0.4690957352743578
0.7622455823243705,-0.9582860055113507,-0.5341316924341643,0.23480569182045072,-0.419497290708834,-0.2616817826730611,0.19305729657863774,-0.8173533701700425,-0.4265356186378599
0.6836573861834084,-0.9017926486963248,-0.23286704383448253,0.23480569182045072,-0.22902300585083624,-0.2616817826730611,0.5480509440263621,-0.7904235553090253,-0.38012236007373235
0.8859132558378336,-0.8769906871677767,-1.0571155353200936,2.7165907037392683,-0.8188450227892142,-0.2616817826730611,0.8911679253241673,-0.7727963122768712,-0.3521221393731933
0.6267052443241011,-1.0285582298422367,-1.1407959183285543,0.23480569182045072,-0.9511681496184312,-0.2616817826730611,0.055542391396568885,-0.8659429254101315,-0.5075096373432871
1.357042684649446,1.1691711389374322,-0.6371697744534163,0.23480569182045072,-0.18309380119548635,-0.4398016087819244,0.6242704802790338,0.8268894478649979,0.09068426890969179
0.5842280724341461,1.319360794860306,1.7310692434329589,0.23480569182045072,-1.1167124126732544,-0.4398016087819244,-0.39774714770926534,0.8240846363672112,-0.10350214262104321
0.9574536131792525,0.9900458612312523,0.2645461761227884,-0.7579083129470764,1.0415527754786922,-0.4398016087819244,0.6309509885135342,0.7262415471652537,0.11477987601114135
0.9531370984170541,0.21705139359150663,0.7394359989366287,-0.7579083129470764,0.7253981848077724,-0.4398016087819244,-0.3408784816290176,0.3070158503076944,-0.19673464140309949
0.9922572001175493,0.4168449725714765,0.0716944512988864,-0.7579083129470764,1.4601001468970525,-0.4398016087819244,-0.4123203057567201,0.4254034607916565,0.1221295674219368
1.006484607263034,0.6510857203410964,1.6016556090793648,-0.7579083129470764,1.5914907615270444,-0.4398016087819244,-0.4901352463988437,0.5263675500116176,-0.05314107467295744
2.3067207869214617,0.5863250430165544,-1.517292555206629,0.23480569182045072,0.9216143381221376,-0.4398016087819244,1.681775590042215,0.3598266779502851,0.35133701962510244
2.2092226850067704,0.8798149211043723,-0.4079961830581235,-0.7579083129470764,0.5694336677738154,-0.4398016087819244,1.117333730461687,0.5942092066554036,0.8302347299144398
2.2460945120823457,0.4306238400873365,-0.7650681328573631,-0.7579083129470764,1.5589958727152586,-0.4398016087819244,1.0910360092139633,0.4922509243669074,-0.07242464302702445
1.2049652978870922,0.8991053356265762,0.0947714019536526,-0.7579083129470764,1.3142318161038844,-0.4398016087819244,0.09251486035030615,0.6223738176815063,-0.14303514424275468
0.932586549817554,0.3176371264572846,0.1869141233511779,-0.7579083129470764,0.9636181784577944,-0.4398016087819244,0.15859007585465323,0.3874327167966589,0.059200503430080195
-1.9279822868966001,0.0985531329551107,-1.43072134941315,-0.7579083129470764,1.085230296481348,-0.4398016087819244,1.0190434327428401,0.04273064050475878,-0.09689287824099933
-1.913679501861937,0.15091282951537865,-1.2001360356755804,-0.7579083129470764,1.2274293898234034,-0.4398016087819244,1.212565877777672,0.020526383798975485,-0.17616432664771034
-1.976542413778394,0.2790562974128766,-0.8102267689405097,-0.7579083129470764,1.5484467412431322,-0.4398016087819244,1.1470369433269771,0.12237829796625023,-0.1204821410762916
2.1659004230988543,0.3520842952469346,-0.6869008580981321,-0.7579083129470764,1.4582012012536436,-0.4398016087819244,0.6264425954229447,0.17855211271297924,-0.03268209647091301
2.0949287578590523,0.2735447504065326,-1.0993225035607845,0.23480569182045072,1.4734834735274671,-0.4398016087819244,1.4277908166446556,0.08090301403304678,-0.20822878475768453
0.20975325746884582,-0.7144000504806288,1.0196239781448038,0.23480569182045072,-1.646793481589698,-0.7747497412082993,-1.3931618145174314,-1.1425614272406657,-0.33959404604803484
0.5673880087472777,-0.426421719399155,-1.6210582427044047,0.23480569182045072,0.2304813168479327,-0.7747497412082993,1.046540420201923,-1.053676562409448,-0.14918718313716847
1.5163846663124798,-0.36717258908095707,0.2861517294750989,-0.7579083129470764,1.4942894877710888,-0.7747497412082993,0.0577687466321343,-1.0803420218588133,-0.0631928063465853
0.845616707009681,-0.14257704857243916,1.7875311165404948,-0.7579083129470764,-0.8085915750805001,-0.7747497412082993,-1.2970312758971514,-1.034636218872902,-0.3123395248087785
1.149083011894793,-0.396108210864263,-0.5295123434741535,0.23480569182045072,-0.3870654138299304,-0.7747497412082993,0.20389805933392205,-1.069693268159422,-0.07658689147786
-0.26830657491525856,-0.7157779372322148,2.1892996115139116,0.23480569182045072,0.32522550093148533,-0.7747497412082993,-0.2913094129083768,-1.1603384002069093,-0.14918718313716847
0.6602944302523359,-0.0943510122669292,1.2237789399930952,0.23480569182045072,-1.4831347459642972,-0.7747497412082993,0.9957715542616454,-1.0803420218588133,-0.33011293194846164
-0.17331552409642867,-0.14257704857243916,1.9601565401554433,0.23480569182045072,-1.617266111310373,-0.7747497412082993,-1.0526348562698271,-1.1070074813081787,-0.22781214099711825
-0.10432017173327629,-0.547675753538723,2.4830944567239803,0.23480569182045072,-1.4203277360463835,-0.7747497412082993,-0.8733435731456795,-1.1603384002069093,-0.20822878475768453
-0.6211614783216153,-0.445712133921359,-0.7852635239970739,0.23480569182045072,-0.5491557212588445,-0.7747497412082993,0.3568445501672174,-1.1336729407575439,-0.20387222272241254
-1.3353723386585454,-0.0034104866622532487,-2.5219254827358397,0.23480569182045072,-0.3614052264944512,-0.7747497412082993,2.4648587578075514,-1.0783906039177211,-0.25206674780874827
-1.062563109768251,-0.0929731255153432,0.4648990044379676,0.23480569182045072,-1.3177213373322731,-0.7747497412082993,-0.38553407052036764,-1.0330746412182212,-0.31448410033841395
0.4210310607154268,0.3589737290048646,0.9066269058348704,1.7238766989717411,-1.5144270944385876,-2.148966371798711,-0.2462341200221836,-0.9843553463392989,-0.4690957352743578
0.6077435832561834,0.16882535728599665,-0.5314875651544623,1.7238766989717411,-2.2205173451710003,-2.148966371798711,0.5890778564000514,-0.9971674784998382,-0.4506866941162945
-0.7672314309245027,-0.23627334768028713,-1.291361498330613,0.23480569182045072,-0.7148656724199762,-2.148966371798711,0.9407436652786834,-1.1425614272406657,-0.02887824561465335
-0.08307930609081648,-0.2555637622024911,-0.1925415919853225,0.23480569182045072,-1.499685737206999,-2.148966371798711,0.04191000745924711,-1.1603384002069093,-0.05314107467295744
-0.15789219997452061,0.11784354747731468,1.4072996267216655,0.23480569182045072,-0.3120063400663996,-2.148966371798711,-0.7022223540023135,-0.9201847199701368,-0.4690957352743578
-0.32011522634737183,0.9528429189384302,-1.2020373462123992,0.23480569182045072,0.31002985664716004,-2.148966371798711,1.6075104317994082,-0.7410693313353549,-0.26062153028551355
-0.22344828981196704,0.6331731925704784,-0.7584940389190659,-0.7579083129470764,0.9397415401254381,-2.148966371798711,1.038764540544587,-0.8616799636551175,-0.218624695410615
-1.4084276104289244,0.4940066306602925,1.1574470039865181,0.23480569182045072,0.6768242501756287,-2.148966371798711,-0.14294717613471156,-0.7806220911969263,0.33213763019507875
-1.7181480127410669,0.5739240622522804,1.159651077188951,-0.7579083129470764,1.1960157406946728,-2.148966371798711,-0.4543875054003012,-0.6767524531370122,0.4732229439954798
-1.8561541577968053,0.7874965087481103,-0.6672324982652322,-0.7579083129470764,0.996297970258318,-2.148966371798711,1.8103729738849532,-0.7369440443651146,0.30681225148926194
-1.9615356261222647,0.4361353870936805,-0.6088871586040678,-0.7579083129470764,1.246977043959345,-2.148966371798711,0.6166048440620856,-0.7313825842114543,0.35187949096872057
-1.9687208173112394,1.04240555779152,0.7517639486350747,-0.7579083129470764,0.7959001647371131,-2.148966371798711,0.5333252205733237,-0.6536167074878444,0.284233315951647
0.17694286549125496,0.6938002096402623,-0.8205596053052538,0.23480569182045072,0.09896188736366762,-2.148966371798711,1.1235623846538934,-0.6257714920264377,0.10809373859561906
-0.7038839366530985,0.38653146403658456,0.8712776826095379,0.23480569182045072,-1.3423632432447234,-2.148966371798711,-0.09044183859974729,-0.6994208791880654,-0.10684471449525124
-0.32749996746670307,1.2118856282365982,0.5722529901948814,0.23480569182045072,-0.07901000344857571,-2.148966371798711,0.21804405573064986,-0.42953398201151094,0.6606178291686455
-0.6680281152931964,1.426835961484014,-0.3901980286765894,1.7238766989717411,-1.3814513056810533,-2.148966371798711,1.2646034781193896,-0.30519393475813633,1.063336636704917
-0.816236300907408,1.30420404059286,-0.8387612482247313,0.23480569182045072,-0.2528287960133424,-2.148966371798711,1.4897449035164594,-0.3905215746589432,1.0002983446537745
-0.6248308670661233,0.6731319083664724,-0.17676107530971427,0.23480569182045072,-0.4472725106057653,-2.148966371798711,0.6351433053764796,-0.38852291229337144,0.14015569944827594
-0.8914691520353835,0.3079919191961826,0.08208452492118797,0.23480569182045072,-0.8827654761037507,-2.148966371798711,0.25408241319132524,-0.4205087104111417,-0.13457964221506197
-1.093359111759897,0.40031033155244455,0.7475472106400632,-0.7579083129470764,0.667296996207879,-2.148966371798711,-0.16038808110067773,-0.347928790687689,0.061619074226037726
-0.1201218024103229,0.15366860301855068,-0.19561309728866083,0.23480569182045072,-1.5332663742217387,-0.7747497412082993,-0.018846890832078675,-0.7676322317970332,-0.05314107467295744
-0.5825480855966019,0.7957638292576263,-0.24184997799543625,0.23480569182045072,0.014857595551648752,-0.7747497412082993,0.7338962795396557,-0.6192346750246431,-0.07973335427714352
-0.36392546674334947,0.8246994510409323,0.2540497211580758,0.23480569182045072,-0.5297737552292118,-0.7747497412082993,0.649220961039553,-0.6117668222172442,0.15144533595147386
-0.29232263336823194,0.7668282074743203,1.3520306677690832,0.23480569182045072,-1.3654785857883258,-0.7747497412082993,0.13315823355570894,-0.6145824348784428,0.26342914304509785
-0.20746391365567934,0.5766798357554525,1.862069042128438,1.7238766989717411,-2.568555796759746,-2.148966371798711,-0.3523530463787997,-0.9572603112769285,-0.07973335427714352
1.1216612086304447,1.1237008761350942,-0.1623881856359791,0.23480569182045072,0.1813813882275065,-0.24574928680537722,0.8808092647661243,0.42076320437722203,0.5870877748792904
1.889203927998208,-0.3120571190175171,-2.315176025233223,-0.7579083129470764,1.2234828247256118,-0.9874905227520393,1.0316342051047624,-0.6074631089379744,-0.44535463815524956
-2.0411411711520113,-0.423665945895983,-0.14499664005174429,1.7238766989717411,1.0220429070333379,-0.9874905227520393,-0.12226961704891885,-0.7958020743382881,-0.5075096373432871
-1.5215859524860158,-0.006166260165425247,-1.043497065853721,1.7238766989717411,0.2997262784909915,-0.9874905227520393,0.9506761427226592,-0.8051324155147319,-0.4690957352743578
-1.791491832599235,0.12473298123524468,-0.08718925260513646,1.7238766989717411,0.2785593142911255,-0.9874905227520393,0.49000176697792097,-0.7354538704461066,-0.44031145423724843
1.9968157537586473,0.04205977614008473,-0.6104490434278418,-0.7579083129470764,1.2817688626413875,-0.9874905227520393,0.13720550477845403,-0.46851945503588655,-0.44535463815524956
1.8211223030312613,-0.014433580674941243,-1.9384868098480348,1.7238766989717411,1.2399829341008757,-0.9874905227520393,1.895597149458491,-0.49965414461841223,-0.4506866941162945
1.981393661905648,-0.15222225583354118,-0.9690300286580166,-0.7579083129470764,1.26575932316948,-0.9874905227520393,0.7290912975659453,-0.5345359261395053,-0.4506866941162945
0.3161559809755327,0.4581815751190565,1.48099947014827,-0.7579083129470764,-0.3349008724806355,-0.9874905227520393,-0.938568401651428,-0.2656425832136773,0.2027268641433688
0.6037458564608067,-0.14533282207561118,0.9673745526756646,0.23480569182045072,-0.8841348316775295,-0.9874905227520393,-0.22903045019198612,-0.9717851282058982,-0.41045132353107655
1.8635620139463753,0.17709267779551266,1.9490103886879955,-0.7579083129470764,1.1026383895606697,-1.2858119114911908,-1.1982048967759598,2.858447034044772,-0.1911301286225655
-1.5971985149556862,-0.03372399519714523,2.373904880892928,-0.7579083129470764,2.416021064496536,-1.2858119114911908,-1.6363796054963229,2.77656883248705,-0.4265356186378599
1.2301488079046854,0.7833628484933524,1.1253416803939293,-0.7579083129470764,2.4950346469405384,-1.2858119114911908,-0.6292869766968047,2.5201497736628498,-0.13338611673528294
2.0317404727307222,-0.5518094137934809,0.5640111176309239,-0.7579083129470764,0.7461438170884536,2.3655006418015163,-0.723505968311358,-0.7071127399694737,-0.258889640591137
2.2903656210503813,-0.460868888188805,0.15657993697540934,-0.7579083129470764,1.1784187191624176,2.3655006418015163,-0.8748988744791333,-0.6322396143523563,-0.10572765590778069
-0.8503089059287398,-0.3106792322659311,-0.42249203045209704,-0.7579083129470764,0.8137163325402003,2.3655006418015163,0.25380444145894676,-0.2804231308688581,-0.33011293194846164
-1.1268102096341615,-0.430555379653913,-1.3552991228221598,-0.7579083129470764,-1.1823103574275622,2.3655006418015163,0.269407693432458,-0.3957218816116574,-0.44031145423724843
-0.23012139563620823,-0.12053086054706319,-0.1612297893501489,0.23480569182045072,-0.959073409879459,2.3655006418015163,0.13137208014764418,-0.5012704633448667,-0.056134604116808574
1.3916038842932943,1.1939731004659802,-0.20364737509735423,-0.7579083129470764,0.9888095333965755,0.04460631664282216,0.8059284591921846,0.9710643170027362,2.2447148371092096
-0.6886048619297068,-0.44984579417611703,-0.7248733418687255,-0.7579083129470764,0.24786198309786522,2.3655006418015163,0.4963184637849068,-0.7655254777507928,-0.3019079513316812
-0.30096034551448425,-0.480159302711009,-0.10310257531957477,-0.7579083129470764,-0.05877029150805219,2.3655006418015163,-0.21956441172495106,-0.7658257538158748,-0.4265356186378599
-0.34028426449256904,-0.0957288990185152,0.43272327999366406,0.23480569182045072,-0.14005675838284723,2.3655006418015163,-0.20494500034217095,-0.645342837690238,-0.27488580847427174
-0.7614726686309222,-0.2762320634762811,0.9412768009320915,-0.7579083129470764,1.126359644975059,2.3655006418015163,-0.7933892525336373,-0.6498884779949601,-0.10239364402366954
-0.9320991528303783,-0.2831214972342111,0.13341337637226922,-0.7579083129470764,1.2883697114843322,2.3655006418015163,-0.42677773001175384,-0.6425888310883578,-0.10350214262104321
-0.8597422941096926,-0.2913888177437271,-0.09604123338125206,-0.7579083129470764,1.1611321414289606,2.3655006418015163,-0.22111412371404549,-0.6352401999218316,-0.10350214262104321
-0.770054435768695,-0.23489546092870112,0.5416581646548014,-0.7579083129470764,0.36759694665752446,2.3655006418015163,-0.4743739270382011,-0.6105440164220238,-0.04037691813286102
-0.891418444169768,-0.17840210411367516,0.07865613995403353,-0.7579083129470764,0.3784654316225362,2.3655006418015163,-0.26101457019200724,-0.5878757060051581,0.05514765913828727
-0.7344761213671552,-0.14119916182085318,-0.1985961627408835,-0.7579083129470764,0.6774280698050337,2.3655006418015163,-0.02317521177736165,-0.5630215271033259,0.08296285494306935
-0.42077988967815333,-0.06265961698045122,-2.4966688846589093,1.7238766989717411,-0.9546267211099518,-0.8234158408385128,2.404369604161173,1.6352283739457554,-0.218624695410615
-0.38916824889547735,-0.04199131570666123,-0.01596182468556221,-0.7579083129470764,1.5846821987315844,3.0212169020563096,-0.5134261541655005,-0.6323144211784067,-0.33959404604803484
0.136411322982109,-0.1122635400375472,0.42866967305809706,-0.7579083129470764,0.18863130291741978,3.0212169020563096,-0.5811711275650014,-0.6196728749009567,-0.3712296798298592
0.7497516078535226,0.15504648977013666,2.4248411647138104,0.23480569182045072,-0.7517943148429855,3.0212169020563096,-1.4079408233545276,-0.47592494100653365,-0.38319963896721204
0.9634434258933169,-0.23489546092870112,0.3120370110581651,0.23480569182045072,-0.8450631394622635,3.0212169020563096,-0.2547600239117552,-0.34259764375970725,-0.010269643838986932
0.7808661513582088,0.020013588114708738,3.602693827757139,0.23480569182045072,-0.40696639637657145,3.0212169020563096,0.8807236003505164,-0.3248206707934637,-0.24376008883713365
0.6714571846205248,0.3327938807247306,1.1687900243176936,0.23480569182045072,0.9438178861889102,3.0212169020563096,-0.6446881859140853,-0.13816245464790675,0.08991639625534104
0.6356635928405395,0.3093698059477686,1.1489827154353567,0.23480569182045072,0.15294636791241714,3.0212169020563096,-0.4305641063526506,-0.16482791409727204,0.02080785575503183
0.1512105029014836,0.0971752462035247,0.5644235769145151,0.23480569182045072,-0.47362497043725044,3.0212169020563096,-0.10582576455862122,-0.23593580596224611,-0.16436448630354974
-1.0838929945167146,-0.9968668345557588,1.685143706105026,0.23480569182045072,-0.28534408051038773,2.5187973636133685,-2.443012581600971,-0.9292377516457434,-0.5075096373432871
-0.8682321339868357,-1.0726506058929888,-0.3609914260255137,-0.7579083129470764,-0.3348674342913805,2.5187973636133685,0.1094596705133758,-0.9559032110951087,-0.47643213774926835
-1.2207302955439656,-1.0630053986318866,0.48840723344056475,-0.7579083129470764,1.1979334718376633,2.5187973636133685,-0.5197587705352895,-0.8020320551109326,-0.07973335427714352
-1.2254954794160207,2.0579080937104015,-0.05907444820426594,0.23480569182045072,-1.0920345996201752,-0.4568129878705658,1.2239342180883566,3.1724682783430187,2.2611489081083294
0.1947174819188958,1.592182371674334,-0.317349333497377,0.23480569182045072,-0.6970253518317129,-0.4568129878705658,1.2120162289020646,2.916522679583673,2.298841335773741
0.2528412650571144,1.446126376006218,-1.9948467869859838,0.23480569182045072,0.3722136173618158,-0.4568129878705658,2.2157206534579017,2.851156772332956,2.358796000825653
-1.1100496272919396,0.21016195983357663,-1.4527211280334411,-0.7579083129470764,1.1040637259232016,-0.030048053404467347,-0.06926411844274227,1.2131537975374416,-0.10350214262104321
-0.9412662477000431,0.6621088143537844,1.1636301879324,0.23480569182045072,0.24309781938543082,-0.030048053404467347,0.3686039010923381,1.1459626531575406,0.08296285494306935
0.3162607238328186,1.6638324827568058,-0.9780301242454267,0.23480569182045072,-0.6076879565648494,0.22190263840635543,1.783044039100434,1.6260142710786119,0.5649923332692913
-0.049110334884752284,1.5329332413561358,-0.4263242939896151,0.23480569182045072,-0.12891856731670048,0.22190263840635543,1.3638400615667416,1.511195246623723,0.6079156956641217
-0.5244043397020536,1.1457470641604701,0.31760345624075803,0.23480569182045072,-0.6554718267574519,0.22190263840635543,0.37676786318019084,1.391911210852836,0.8277629742363949
-1.2253572188444033,2.932866180967511,-1.5136767596619185,3.7093047085067954,-1.2067772898296252,-1.0991632636934738,2.3806891990899763,1.6129975788883057,-0.10239364402366954
-1.1292064797550818,2.7509851297581593,-0.19174202552540567,1.7238766989717411,-1.6436216841675029,-1.0991632636934738,1.5657496190505573,1.6128693825270801,0.20011659547114313
-1.0318684495717014,2.9397556147254407,-0.9213625090366192,3.7093047085067954,-1.345775173024426,-1.0991632636934738,1.408326444602118,1.46176511231401,-0.006626031744682524
-0.5055466821300761,2.8543266361271087,-1.1876241856913536,0.23480569182045072,-1.0206954841566278,-2.0358409321806827,2.296036187817305,1.4262111663815231,0.11033010564689232
-1.4744007000652597,2.841925655362835,-1.087035604774488,3.7093047085067954,-1.8820298011776193,-2.0358409321806827,2.250244299029326,1.3995457069321577,0.11033010564689232
-0.11625740711092653,3.0058941788015687,-2.1130803370516364,3.7093047085067954,-1.224471995959704,-1.0991632636934738,3.551203407225881,1.488669178103105,-0.19532493440987808
-0.754325262503512,2.8653497301397968,-1.4506753104852081,3.7093047085067954,-0.657709823831879,-1.0991632636934738,1.8908649028520936,1.497319058246497,0.05514765913828727
-0.6751127989331258,2.5181222687401252,0.1453681625533857,0.23480569182045072,-1.3493737233242566,-1.0991632636934738,1.166649662203541,2.3342387611864024,0.2747888659027839
0.7499445811647105,0.24185335512005462,1.4058612846667597,-0.7579083129470764,1.1445115364920955,1.6256675764572788,0.3280147061362535,-0.496790410385045,-0.4690957352743578
0.2917333970093992,0.18122633805027066,0.8975859543515207,0.23480569182045072,0.10271233184582873,-0.2616817826730611,-0.523547180789051,-0.5683358397923521,-0.5075096373432871
0.3085783897719045,-0.0805721447510692,-0.8449248330415348,-0.7579083129470764,0.8634402081110113,-0.2616817826730611,0.4431727094870518,-0.5878757060051581,-0.38319963896721204
0.050456869755454645,0.0916636991971807,0.010181268326774974,-0.7579083129470764,0.5967765528160925,-0.2616817826730611,0.14198569783199996,-0.6006459970746791,-0.5385871369373059
-0.1957282774715817,-0.5531873005450669,1.1414677657931893,0.23480569182045072,-1.4994253165099434,-0.2616817826730611,-0.9668680000956105,-0.7052860865891968,-0.4690957352743578
-0.014694542972195402,-0.544919980035551,0.621325796623634,0.23480569182045072,-1.708823737936345,-0.2616817826730611,-0.7754944447465696,-0.7183204823363116,-0.5075096373432871
-0.5266831745959228,-0.9954889478041727,1.1084976428185276,-0.7579083129470764,-0.045509124297773165,-0.2616817826730611,-0.9707073726006317,-1.1070074813081787,-0.3996043336114097
-0.4818064547497487,-0.9610417790145227,1.5008675265799396,-0.7579083129470764,0.38674554310949855,-0.2616817826730611,-1.826564714671677,-1.1070074813081787,-0.4506866941162945
-0.5640106947141377,-1.1691026785040086,0.08437947567735837,-0.7579083129470764,1.4853092138782964,-0.2616817826730611,-1.0438034877936877,-1.1425614272406657,-0.31448410033841395
-0.5383565812001033,-0.6799528816909789,-0.2975731297004932,-0.7579083129470764,0.8157446297664421,-0.2616817826730611,-0.7540825152125239,-1.0609621002401677,-0.47643213774926835
-0.5097041109760914,-0.7571145397797948,-0.14839323737671234,-0.7579083129470764,0.5841687989541143,-0.2616817826730611,-0.05458385562561565,-0.9114607786794999,-0.47643213774926835
0.5864984046725417,-0.9004147619447388,-0.2927721231411136,-0.7579083129470764,0.8851025727712694,-0.2616817826730611,-1.1226807036202338,-1.0714535353756915,-0.3712296798298592
0.2615541456068308,-0.3258359865333771,-0.18243487691576657,-0.7579083129470764,1.7156106363990156,-0.3618703391402669,-0.27892573802380005,-0.9019600202933814,-0.44031145423724843
-0.73380773871078,-0.520118018507003,0.3631717238724547,0.23480569182045072,-0.20192095091319368,-0.3618703391402669,-0.966855654047008,-1.0609621002401677,-0.5075096373432871
-0.7431604132781773,-0.503583377487971,0.8231798597213585,0.23480569182045072,-0.31959181745169435,-0.2616817826730611,-0.6405191108467883,-1.0270111029600828,-0.44535463815524956
0.23557261824360992,-0.03785765545190323,0.8297892515936179,-0.7579083129470764,1.2317216081134945,-0.3618703391402669,-0.794758641639374,-0.6341129752965985,-0.1911301286225655
0.01383778103316516,0.10819834021621269,1.2360987965188375,-0.7579083129470764,1.3141756742965636,-0.3618703391402669,-0.7005319941857385,-0.7097350898120117,-0.3712296798298592
0.2862957639935682,0.07788483168132071,0.4099736640469394,-0.7579083129470764,1.0796545991869937,-0.3618703391402669,0.09141805603277041,-0.7459976200144849,-0.4265356186378599
0.2565257490957604,0.19500520556613066,0.48876157789365443,-0.7579083129470764,1.448699656583892,-0.3618703391402669,0.07774548607139374,-0.7545714473312837,-0.5075096373432871
0.1436669223197509,0.20602829957881863,0.9816744087788538,-0.7579083129470764,1.1065292959068442,-0.3618703391402669,0.20843225550016561,-0.7623366290034638,-0.49463691552680017
-0.02655032537494453,0.41408919906830455,-0.38933342431072643,-0.7579083129470764,1.5343742551423563,-0.3618703391402669,0.044859730214610476,-0.7090343066352629,-0.5075096373432871
-0.5220662326736497,0.2556322226359146,-0.17962761857662024,-0.7579083129470764,0.19092388528634566,-0.3618703391402669,0.3747781872570258,-0.792350765875898,-0.41045132353107655
-0.9791017829987839,0.0957973594519387,0.4770011253655395,-0.7579083129470764,1.5245574897896281,-0.3618703391402669,0.6541723130241474,-0.781351013893802,-0.4506866941162945
-0.5787901583309645,0.021391474866294738,0.18755523914068403,-0.7579083129470764,-0.7671964386041391,-0.3618703391402669,-0.041681633854817345,-0.8047989408820387,-0.4506866941162945
-1.2882580772496512,0.03654822913374073,-2.0298891522052975,0.23480569182045072,0.02765352644657811,-0.3618703391402669,1.7535888161972129,-0.8047989408820387,-0.5075096373432871
-0.7155648600976255,-0.390596663857919,0.6043287688316948,-0.7579083129470764,1.2435951173061164,-0.3618703391402669,-0.3481379481824931,-0.9647916975782305,-0.47643213774926835
-0.5071237398801296,-0.506339150991143,-0.06412536803642212,0.23480569182045072,-0.21539815136865967,-0.3618703391402669,-0.24929750774184342,-1.0270111029600828,-0.3521221393731933
-1.1131544520356764,-0.7681376337924828,1.087649824949146,-0.7579083129470764,1.1108516783419777,-0.3618703391402669,-1.2870843006011843,-1.098118994825057,-0.1911301286225655
-1.5610003692927954,-0.41402073863488104,-0.31738463143133944,-0.7579083129470764,1.2978446344175334,-0.3618703391402669,-0.16669447129070245,-0.9647916975782305,-0.4690957352743578
-1.5232884182429631,-0.2720984032215231,0.7354398242748287,-0.7579083129470764,0.8307542439320543,-0.3618703391402669,-0.6182274380645681,-0.8847953192301347,-0.4265356186378599
0.27122375973768637,0.05032709664960072,0.4490272201762028,-0.7579083129470764,1.462585200127404,-0.3618703391402669,-0.14372921173402517,-0.573698292320873,-0.04134714343300569
-0.4873550166127902,0.0021010603440907486,1.5289790157052445,0.23480569182045072,-0.5482300255123242,-0.3618703391402669,-0.8009523101586098,-0.6359176977027253,-0.10239364402366954
0.1484069679060575,0.2638995431454306,-1.4562168911010596,-0.7579083129470764,1.587642954484195,-0.3618703391402669,1.5228808855866869,-0.5292558599052642,-0.44535463815524956
0.08858117495038814,0.022769361617880738,-2.2396052937985194,-0.7579083129470764,1.3974215224505644,-0.3618703391402669,-0.011899055081083318,-0.6625831571520906,-0.3521221393731933
0.17694286549125496,-0.8067184628368909,1.5208220727006267,-0.7579083129470764,1.6221957679387053,-0.3618703391402669,-1.638971975512501,-1.124784454274422,-0.41427713856123083
-0.02028793477815519,-0.3272138732849631,1.1988932139930295,0.23480569182045072,-0.3650509552346592,-0.3618703391402669,-0.9928626741772009,-0.8670183462638911,-0.41427713856123083
0.2974141566810243,-0.39197455060950503,-0.22033110934835334,-0.7579083129470764,1.2550902328643114,-0.3618703391402669,0.1475783587967556,-0.9292377516457434,-0.47643213774926835
0.5558595169668242,-0.507717037742729,0.8467012523181129,0.23480569182045072,0.05149737066395043,-0.3618703391402669,-1.3447997653191694,-0.9559032110951087,-0.4690957352743578
-0.472392671967142,-0.527007452264933,1.0014736244884865,0.23480569182045072,-0.11740751092028956,-0.3618703391402669,-1.0369944186204323,-0.9647916975782305,-0.49463691552680017
-0.8822990997203364,-0.36717258908095707,0.31603533089827235,0.23480569182045072,-0.9400281336751827,-0.3618703391402669,-0.43405478213864424,-0.9790481361119349,-0.5075096373432871
-1.0459624019943146,-0.7584924265313808,-0.4021674410734366,0.23480569182045072,0.06388345563086759,-0.3618703391402669,0.2574334802022517,-1.039441913439435,-0.3712296798298592
-0.3908554714860174,1.0258709167724882,0.8686170764601125,0.23480569182045072,0.21624190816516148,0.07735218044195717,0.09745955065079438,0.3109679104305081,0.8376233606875453
0.5498773443199975,0.6993117566466064,-0.7409008465739642,-0.7579083129470764,1.3678958160297734,0.07735218044195717,0.5008338730715002,0.27731761806806643,0.4081296054851926
-0.27970419973755023,0.5753019490038664,1.35609968098522,1.7238766989717411,-1.134043968259995,0.07735218044195717,-0.2926935172308658,0.11024890199773725,0.23897165448374405
-0.205283537047659,0.31488135295411257,1.7060733332743927,1.7238766989717411,-0.6654204126443866,0.07735218044195717,-0.9196051682596963,0.056118440549372775,0.01210755891430495
1.2792098693498521,0.06272807741387472,1.9508177014117216,-0.7579083129470764,1.2407324218613212,0.22190263840635543,-1.0459723957169094,0.3888358043899488,0.35782500945826173
0.4932649389989696,0.8508792993210663,-0.8463500115022837,1.7238766989717411,-2.1853792828952425,0.22190263840635543,0.6773067404437388,0.9785387913309213,0.6618252853893813
0.785463253751043,0.4388911605968525,0.08556127390835737,-0.7579083129470764,1.5813528178043283,0.07735218044195717,0.2789799245615014,0.10800844458851815,0.21371947268108266
0.8556946950570604,0.4581815751190565,0.4428260947390254,-0.7579083129470764,1.2316247822813662,0.07735218044195717,0.08143569140229127,-0.02174444497874594,0.08606287413334113
0.5574177210025661,0.8233215642893463,-0.5030210490193331,-0.7579083129470764,1.6482567841623974,0.22190263840635543,0.9729186925612214,1.0088347642960382,0.5316706934406157
0.7568958100817686,0.3961766712976865,0.3402814037304049,-0.7579083129470764,0.9787916558526135,0.22190263840635543,0.11231501688270283,0.962391473866342,0.14015569944827594
-0.5925953901481413,0.3259044469668006,0.28916307227773397,0.23480569182045072,-1.236751540307566,0.22190263840635543,-1.1370244052583531,0.44943496778901293,0.30966352227675925
-1.3662815861629511,-0.22111659341284112,-0.5243892676443951,-0.7579083129470764,1.5232357420390745,0.22190263840635543,0.3093775356453144,0.2415931817202537,-0.037477513138060324
-1.478901599224349,-0.2982782515016571,0.40638273306896977,-0.7579083129470764,1.4317640993283298,0.22190263840635543,-0.9043270447962783,0.09975935315387961,-0.41045132353107655
-1.4427887881834238,-0.460868888188805,0.5600986049230999,-0.7579083129470764,1.5088635467106897,0.07735218044195717,-0.6610620957961255,-0.20591194242917196,-0.4690957352743578
-1.505123542251764,-0.43606692666025704,0.02060741994787733,-0.7579083129470764,1.7858868682962423,0.07735218044195717,-0.2543616312886158,-0.1321514164217125,-0.41045132353107655
0.48687217435158164,0.0930415859487667,-0.30083965121356754,0.23480569182045072,1.2702045090990208,-0.3618703391402669,-0.12878289118649905,-0.5163677078602853,-0.5075096373432871
0.34124904245518695,0.10406467996145469,-0.3662763653093529,0.23480569182045072,-0.12717387746128342,-0.3618703391402669,0.4365998425541972,-0.5100194072770576,-0.5075096373432871
-0.45300236615914286,0.16055803677648067,-1.0623844832747342,-0.7579083129470764,1.1407439703688875,0.07735218044195717,1.0013557808211981,-0.5276929209117567,-0.49463691552680017
-0.6588459867428388,0.021391474866294738,-1.1799672642484986,-0.7579083129470764,0.9683349490384277,0.07735218044195717,1.0242470147005753,-0.5878067054993691,-0.4690957352743578
1.2253074698140387,-0.540786319780793,1.6701758219753873,0.23480569182045072,0.6102337332962904,0.07735218044195717,-1.0460036347130808,-0.7993957987546942,-0.34203577153719095
0.582475662818307,-0.49944971723321296,1.3778956676663374,0.23480569182045072,-1.1080057630000801,0.07735218044195717,-1.2260049084659956,-0.3612639597285028,-0.4506866941162945
0.7817135826870975,-0.445712133921359,1.3475020013466,-0.7579083129470764,0.18471125221046625,0.07735218044195717,-1.2158401571916035,-0.2778679037278421,-0.44031145423724843
-0.8000769425660071,0.3024803721898386,0.675116922738839,0.23480569182045072,-0.6616418972585653,0.07735218044195717,-0.2888596729823691,-0.2816360950822911,0.5491253488533507
0.36574987549705756,-0.25831953570566313,0.6636331982123389,-0.7579083129470764,0.840487279629505,0.07735218044195717,-0.04310387681779602,-0.5066870572700714,-0.4690957352743578
-0.14991017811487795,0.6510857203410964,0.7345713195847704,0.23480569182045072,-0.726478438878407,0.04460631664282216,-0.5947713936812844,0.12935005300468602,0.5056353477695359
0.06750974628294991,0.8715476005948563,-1.3573488406945875,0.23480569182045072,1.084215557466812,0.07735218044195717,1.8045102240467714,0.4317679338251859,1.6862232544687143
-0.5603255945410368,-0.007544146917011246,0.1636272377466305,0.23480569182045072,-0.28308311145361537,0.07735218044195717,-0.3806201271655267,0.5485641469364415,0.8035147517415233
-0.23913593561490862,0.2887015046739786,1.030838677809973,-0.7579083129470764,0.2542889855603972,0.07735218044195717,0.16116158732569094,0.5284740315862253,1.0460606316984293
-0.4370363508096028,0.4512921413611265,1.9053722939921587,0.23480569182045072,-0.10758038670636336,0.07735218044195717,-0.9676618457883414,0.6973552747655387,0.9010761449660852
-1.0189074451842492,1.260111664542108,0.33167933622706586,-0.7579083129470764,0.3033071167483596,0.07735218044195717,0.5998679299290359,0.7890588741593753,2.040096365219713
-0.5082244024698684,0.2680332034001886,2.5352934705029013,-0.7579083129470764,0.21270969751528152,0.07735218044195717,0.11519478789814447,0.049018500619036134,0.20011659547114313
1.1057444840372745,0.2749226371581186,0.046009548871323594,-0.7579083129470764,1.446658853582215,-0.3315790271973976,0.46625696317955595,-0.4403709950740466,0.08683547802922673
1.3136838243549254,0.4154670858198905,0.01984714925422281,-0.7579083129470764,1.5738806974907942,-0.3315790271973976,0.4159713746530524,-0.2253558072970401,0.1869243961576883
1.8260760240464313,0.21705139359150663,-0.8808059629789221,-0.7579083129470764,1.6683044546243424,-0.3315790271973976,0.8939748848152409,-0.23311971029839285,-0.017633313968741408
1.2493379458132496,0.5670346284943505,0.36792036857952015,-0.7579083129470764,0.6182290566095977,-0.3315790271973976,0.19766803734504512,-0.19590689670207556,0.22581828135512294
1.019002241296939,0.6317953058188924,-0.10268260791190839,0.23480569182045072,1.4409682963761334,0.04460631664282216,0.5581199083961587,0.8199597372840597,1.9314387671939774
0.8819283446391132,1.167793252185846,-0.041829749825962055,0.23480569182045072,0.4208669878207616,0.04460631664282216,0.9788299993649172,0.5067445724130416,0.9223859182714077
0.37814489877449275,-0.14533282207561118,0.4912723140858972,-0.7579083129470764,0.7911562893642268,0.07735218044195717,-0.08780211263662449,0.20293638342332213,-0.4506866941162945
0.6842223814782978,-0.12466452080182118,1.1170004470711117,1.7238766989717411,0.36085000030069114,0.07735218044195717,-0.5599824777189517,0.22936729434780562,-0.2730608640109055
0.6556177232879643,0.0007231735925047493,0.365690358221192,-0.7579083129470764,-0.27785108145589005,0.04460631664282216,0.10925863169622596,0.13655848530482176,-0.47643213774926835
0.6293664522605092,0.07788483168132071,0.02809799256382834,-0.7579083129470764,0.09317649022112767,0.04460631664282216,0.11410759930134502,0.1690476005346047,-0.47643213774926835
0.14819501765366713,-0.04061342895507523,2.6055519603844033,1.7238766989717411,-2.1902440832125776,0.04460631664282216,-1.543421021787476,-0.09002289371863326,0.20011659547114313
0.1564448115472889,0.38377569053341254,1.1991818379834385,-0.7579083129470764,0.8654972203151851,0.04460631664282216,-0.6216436082565047,-0.0005356590815802412,0.31646778096521744
0.7625241983247509,-0.1053741062796172,-0.5330176623360485,0.23480569182045072,-1.3115129980848697,0.07735218044195717,0.316666428859662,-0.25066792107959085,-0.5075096373432871
0.9379661429677596,0.0971752462035247,3.583586042019125,0.23480569182045072,-1.538179641127994,-0.3315790271973976,-2.419213975943464,-0.18159535296583743,-0.34955008687145045
-0.23009650380424163,0.23083026110736662,0.6690922869714725,0.23480569182045072,-1.6486577008953094,0.04460631664282216,-0.24979510753661024,0.1665491997211416,0.1429956400375893
0.3287163747405887,0.8302109980472763,1.427776621268235,0.23480569182045072,0.11390924101638113,0.04460631664282216,0.6519010025447528,0.31043083930086457,0.3885437993950173
-0.11184378955867919,0.7489156797037023,1.529237022150725,0.23480569182045072,-1.0339215493191172,0.04460631664282216,0.17618537343137747,0.21645917776582724,0.4187814550816762
-1.149368432354051,1.079608500084342,-1.3307543826648172,0.23480569182045072,-0.6400671803720689,0.04460631664282216,3.493806506726289,0.4946634125061062,1.0463653423576509
-0.017904603480782,0.8205657907861743,-1.3758743080303308,0.23480569182045072,-0.3243969335532163,0.04460631664282216,1.6848022818970636,0.802629052988443,2.186681004735153
-0.37903148162112676,1.413057093968154,0.5784662066370623,0.23480569182045072,-0.6244521363913731,0.04460631664282216,0.4880123616461827,1.0280531829148152,2.764996384858907
-1.0905283312988876,1.61422855969971,0.7960204397319839,3.7093047085067954,-1.3218214067980738,0.07735218044195717,0.48458929209966606,1.4493369737411492,2.5649645242526478
-1.2676677386870718,2.0703090744746757,-0.2658197128583732,1.7238766989717411,-0.8971458297062389,-1.115049032629202,1.3799001987733246,2.1597225001905898,5.2719080625602865
0.026903897958576287,1.100276801358132,0.6707831750179859,0.23480569182045072,-1.2727438060857217,-0.23861903457491465,0.5081610284773033,0.9056372762407784,1.805653567850149
1.1287062132114964,0.04481554964325673,1.720628855628545,-0.7579083129470764,0.5038913817711249,4.747397439269201,-1.0591998938504363,0.3304385951390594,-0.3019079513316812
0.9394746865664589,0.3589737290048646,0.5413102557366327,0.23480569182045072,0.07538340174609763,4.747397439269201,0.7106698247170157,0.24429559440984464,-0.38319963896721204
0.6137167603399729,0.43475750034209454,0.749045910211883,-0.7579083129470764,-0.047841639271522934,4.747397439269201,-0.16562631414925336,0.2178070256222169,-0.41427713856123083
0.8673091992073793,0.4940066306602925,2.1765874798822864,-0.7579083129470764,1.5739448365536508,4.747397439269201,-1.4438559485626672,0.2349558126005714,-0.3996043336114097
-0.39283659021141243,-0.8880137811804648,-0.781411661330478,0.23480569182045072,-0.2249025406997759,1.072809322148656,-0.3111046233147928,-1.0566817260047778,-0.3573757317925081
-0.3147215853316012,-0.7571145397797948,-1.3111780704829124,1.7238766989717411,-1.4867856272986764,1.072809322148656,0.49578303963049003,-0.985030044237525,-0.5075096373432871
-0.07763809949514859,-0.9348619307343887,-1.6367829847440285,0.23480569182045072,-0.4526823587752434,1.072809322148656,0.44595143139640064,-1.052938409395675,-0.3573757317925081
0.2348959793855427,-1.0754063793961606,0.2380021297832353,1.7238766989717411,-1.6919709978975086,1.072809322148656,-1.0920985587714047,-1.1158959677913003,-0.5075096373432871
2.278285935386822,-0.8577002726455728,0.5555059731838228,-0.7579083129470764,0.9327946087073462,1.072809322148656,-1.5081327265460458,-0.9557100743594394,-0.20243258203896797
-1.6307812437948364,-0.480159302711009,-0.8145475480834153,-0.7579083129470764,0.9545378046886603,1.072809322148656,-0.15318694298148963,-0.4736776501846809,-0.28231551012484724
-1.7555701464661337,-0.7033769564679409,-0.6094001487437781,-0.7579083129470764,1.342001883406645,1.072809322148656,0.727670716010887,-0.6552564614673608,-0.5075096373432871
-1.9051306486267303,-0.7006211829647688,-1.3430031557821105,-0.7579083129470764,1.089250071354652,1.072809322148656,-0.34806954822474007,-0.6316415407905343,-0.5075096373432871
0.06385187925274327,-0.7956953688242028,0.3145249303538689,0.23480569182045072,-0.7966209716914696,2.3655006418015163,-0.8165752460255572,-0.9684623478875605,-0.41045132353107655
-0.04570187908177711,-0.7364462385060049,0.21332565617621554,0.23480569182045072,-0.5080020052885336,2.3655006418015163,-0.23493471073602334,-0.9061214711408022,-0.41045132353107655
-0.40596505994363125,-0.474647755704665,-0.9287949668220689,0.23480569182045072,-0.4771515991101119,2.3655006418015163,0.4258926120520978,-0.8074755620814331,-0.5385871369373059
-0.27261002762701936,-0.504961264239557,-1.1412999377226167,0.23480569182045072,-1.005288422492727,2.3655006418015163,0.5851597480200043,-0.8188539008018819,-0.5385871369373059
-0.3716717555606534,-0.616570091118023,0.6736644420087271,1.2275196965879778,-1.8090688530259178,2.3655006418015163,-0.8386783982269193,-0.8447032515584026,-0.5385871369373059
-0.20268320319536764,0.1054425667130407,0.652788736821353,0.23480569182045072,-1.0321672520224856,2.3655006418015163,-0.3083196871419394,-0.5390974141735361,0.073568611736428
-0.046697552360448216,-0.01718935417811324,1.0019739385745634,-0.7579083129470764,0.6371997275441075,2.3655006418015163,0.14111339937776676,-0.5351042921951678,0.014732012362758558
-0.4683945138776471,-0.006166260165425247,0.2630796542255756,-0.7579083129470764,0.45873426114857435,2.3655006418015163,-0.1640527180817219,-0.25371277892848965,-0.047208723437018825
-0.7184961813789407,0.07788483168132071,-0.6075864004851304,-0.7579083129470764,0.4830555790924524,2.3655006418015163,0.10752143518667352,-0.16482791409727204,-0.41427713856123083
-1.3209435787732902,0.026903021872638735,-0.15787726568858138,-0.7579083129470764,1.2672610896788807,2.3655006418015163,0.24292598288700043,-0.18260488706351555,-0.47643213774926835
-1.4192868939328336,-0.035101881948731234,-0.3785507830582265,-0.7579083129470764,-0.0012254757329057198,2.3655006418015163,0.5998773736922254,-0.20922881243623181,-0.5075096373432871
-0.24396569037780813,0.05446075690435872,-0.4813072616706195,-0.7579083129470764,-0.32578233731092326,2.3655006418015163,0.3033419349326012,-0.36607367242045113,0.05839213573050724
-0.2255696407392347,0.05997230391070272,0.9505225194356637,0.23480569182045072,0.5100753535419281,1.072809322148656,0.09347180319017089,-0.004083299306627616,-0.31883602988477744
-0.392116452260849,0.022769361617880738,0.2226720030440116,0.23480569182045072,0.37564975359955033,1.072809322148656,-0.02425262112089202,-0.013999289000589082,-0.38319963896721204
-0.2995540802352526,0.007612607350434746,0.10057781458232576,-0.7579083129470764,0.7164273036647707,1.072809322148656,0.04181754948563538,-0.023654227129674008,-0.44031145423724843
-0.3146079701381687,-0.2844993839857971,0.4687574001475894,-0.7579083129470764,-0.025502620916339598,2.3655006418015163,0.39181845454613073,-0.48475495313570743,-0.3712296798298592
-0.24869292036745871,-0.35752738181985505,0.2709358822347808,-0.7579083129470764,-0.7683046220608795,2.3655006418015163,0.007329713880575595,-0.5201205186292456,-0.38319963896721204
-0.36483290956811854,-0.404375531373779,-0.18820901436172818,1.7238766989717411,-1.2789579956744235,2.3655006418015163,-0.07955295556888321,-0.5556599497939365,-0.41427713856123083
-0.2117650250565125,-0.587634469334717,-0.5576033558974361,0.23480569182045072,-0.2743772668732805,2.3655006418015163,-0.4532071558652858,-0.5114788869390207,-0.5075096373432871
-0.4795034180945021,-0.630348958633883,-0.3094257273877084,0.23480569182045072,0.0407099317114185,2.3655006418015163,-0.18951735843897466,-0.5381443463883859,-0.5075096373432871
-0.5559939844846997,-0.562832507806169,-0.6647694435362692,0.23480569182045072,-0.7795516616788866,2.3655006418015163,0.14513185526676184,-0.5470328328715077,-0.5075096373432871
-1.7243226781142071,-0.2982782515016571,0.08228012617955308,-0.7579083129470764,1.3593213089279415,-0.24574928680537722,-0.1875242944577051,0.08588953382531539,-0.44535463815524956
2.1916589097895014,-1.1677247917524227,-0.38947130077100933,-0.7579083129470764,1.1222179253730433,-0.35295891178085986,-1.6189043929035833,-1.1425614272406657,-0.47643213774926835
1.6352172863067334,-1.1181208686953266,1.121273837275051,-0.7579083129470764,-0.2599380341478182,-0.35295891178085986,-0.6557043687779618,-1.1070074813081787,-0.5385871369373059
-2.0031441433159074,-0.7185337107353869,-0.495812274826451,-0.7579083129470764,0.8737156080178079,-0.35295891178085986,-0.248966331034231,-1.0589940616630962,-0.13338611673528294
2.357029890317913,-0.7488472192702789,-0.495812274826451,-0.7579083129470764,0.808173536706541,-0.35295891178085986,-0.6399228824052435,-1.0783906039177211,-0.1911301286225655
1.4264450554333232,-0.7240452577417309,0.7277243004609479,1.7238766989717411,0.12659176116669463,-0.35295891178085986,-1.8395554126876774,-1.1007126202268642,-0.20387222272241254
-1.8134006496039516,-0.9665533260208667,-0.23678784473122017,-0.7579083129470764,0.7561911610303308,-0.35295891178085986,-0.4108274055819779,-1.1425614272406657,-0.218624695410615
2.164022322054272,-1.0754063793961606,0.6232277897171868,-0.7579083129470764,-0.2491685756020286,-0.35295891178085986,-2.7318032506136984,-1.1603384002069093,-0.4265356186378599
1.8120207648675684,-0.7819165013083428,-0.9284313590990162,-0.7579083129470764,0.5484181147005761,-0.35295891178085986,-0.5659956906393231,-1.0212115802534711,-0.3123395248087785
-1.8702921391875458,-0.6771971081878069,0.3108125042772344,1.7238766989717411,0.25062581314200605,-0.35295891178085986,-0.45862138228508936,-0.9914571570275957,-0.25206674780874827
-1.9955650105438738,-0.402997644622193,-0.9505824702980624,-0.7579083129470764,0.28895359957384464,-0.35295891178085986,0.29893375917031717,-0.9203492651626216,-0.41427713856123083
2.2746678706423844,-0.2610753092088351,-0.22040453295131915,-0.7579083129470764,-0.33246981414336685,-0.35295891178085986,-0.03578210885199531,-0.8847953192301347,-0.5385871369373059
2.1527864941397645,-0.2693426297183511,-0.6027832487474435,-0.7579083129470764,0.5760051575645573,-0.35295891178085986,-0.17623572507372232,-0.8889846847222768,-0.5075096373432871
-1.7247405774693996,-0.15635591608829916,-0.35485221823492696,-0.7579083129470764,0.56397465526829,-0.35295891178085986,0.23913458164081808,-0.795910454398917,-0.3521221393731933
2.0390223193961314,-0.24591855494138912,-0.21170583491605546,-0.7579083129470764,0.6941477011611215,-0.35295891178085986,-0.09549655867885128,-0.8101726424250973,-0.47643213774926835
-1.5972156188481463,-0.36441681557778505,-0.9816026261915761,0.23480569182045072,-1.0613753761546374,-0.35295891178085986,0.5583123128710583,-0.8671530512326223,-0.5075096373432871
-2.01453083051936,-0.444334247169773,-1.3081637049290267,1.7238766989717411,-1.1536619338372271,-0.35295891178085986,0.7659471661265267,-0.8859446175905966,-0.47643213774926835
-1.5612886339587353,-0.8218752171043368,1.5795648553972323,0.23480569182045072,-0.2780140322465456,-0.35295891178085986,-2.3076209820984803,-0.9144950113393453,-0.47643213774926835
-1.8334009285220276,-0.9334840439828027,0.40102563778752826,-0.7579083129470764,0.869757234891708,-0.35295891178085986,-1.062952487574125,-0.9779619055168624,-0.4506866941162945
-1.7623378905426048,-0.8025848025821328,-0.551341385402821,1.7238766989717411,0.18828264404518727,-0.35295891178085986,-0.4140715280727239,-0.6054661328600834,-0.38012236007373235
2.3122127629961904,-0.533896886022863,-0.12631798748325299,-0.7579083129470764,0.9431739192632564,-0.35295891178085986,-0.7643561010569097,-0.35545171620894817,-0.21412851564520677
-1.8255203223936158,-0.572477715067271,0.6494681958181824,-0.7579083129470764,-0.20686427461877943,-0.35295891178085986,-0.3968891947087539,-0.34836652451691574,-0.16307628059841048
2.365463785186576,-0.507717037742729,-1.531614643157728,1.7238766989717411,-2.3612502571071476,-0.35295891178085986,0.9647869740926653,-0.15060477085110904,0.2181994325409243
-1.7451589898737612,-0.615192204366437,-0.8789335148411445,0.23480569182045072,-0.0010099255434223207,-0.35295891178085986,0.25877366279660113,-0.2536692089632446,-0.009356389063839461
-1.6625241458617253,-0.22800602717077112,0.8460001690441127,1.7238766989717411,-0.8108166369966436,-0.35295891178085986,-0.6948999693350015,0.04289480357309611,0.059200503430080195
1.9917183501886586,-0.0998625592732732,0.08964315819433674,0.23480569182045072,0.19686063988265665,-0.35295891178085986,-0.6630687925864927,0.20794009260485896,-0.0631928063465853
-1.8046621994743683,-0.21836081990966913,-0.5434296752819461,-0.7579083129470764,-0.15370222324170738,-0.35295891178085986,-0.5224378394687825,0.14130146611398944,0.02852401326026045
2.1511329124904472,1.0024468419955261,-0.2154657474397613,0.23480569182045072,0.7272890795227899,-0.35295891178085986,0.540024751504726,0.7372649933350528,0.2289704820203226
2.311354610927791,-0.12466452080182118,-0.7368970662799839,-0.7579083129470764,1.370542692920806,-0.35295891178085986,0.7816271445079886,-0.02894893581091224,-0.07658689147786
-2.0411411711520113,-0.05852595672569322,0.07359663940864918,-0.7579083129470764,0.9905270647868833,-0.35295891178085986,-0.01468810183187242,-0.02894893581091224,-0.13338611673528294
-1.6530225023058893,-0.42091017239281103,0.29322194465096374,1.7238766989717411,-1.8019495243945236,-0.35295891178085986,-0.42901540697600155,-0.8402294594180774,-0.11588744272402196
-1.647610303320345,-0.6455057129013289,0.36382405309402077,1.7238766989717411,-0.39547230060263955,-0.35295891178085986,-0.694391593641496,-0.9038012198544081,-0.0936250586561017
2.3185260462989317,-1.0450928708612688,0.08979380821635763,-0.7579083129470764,0.8186671167727626,-0.35295891178085986,-1.121414366120472,-1.124784454274422,-0.4506866941162945
0.9687610359173874,-0.602791223602163,-0.5342005331562011,-0.7579083129470764,1.6019558949796138,-0.35295891178085986,0.024061660721009244,-0.9133727989714078,-0.24540259213583612
1.0700685739381226,-0.657906693665603,-0.04368805928853422,-0.7579083129470764,1.3713154210278766,-0.35295891178085986,-0.41879726942782686,-0.9770975570979799,-0.10350214262104321
-0.968784414393094,-0.411264965131709,0.36500019585493715,0.23480569182045072,-0.13491774344447818,-0.35295891178085986,-0.11013156633153201,-0.5924482756376178,-0.24540259213583612
0.21164442056386604,-0.484292962965767,0.8641108369017485,0.23480569182045072,-0.7364797315098818,1.072809322148656,-0.8658886350020573,-0.7798945650986384,-0.3712296798298592
0.5363550414443835,-0.7212894842385589,1.4568165825680917,0.23480569182045072,-0.17326469108589027,1.072809322148656,-0.8073111100360726,-0.8382610538375658,-0.4506866941162945
0.3085233073516612,-0.7736491807988268,1.0267670318750046,0.23480569182045072,-1.4775750968538706,1.072809322148656,-1.2740228712388204,-0.8894217648161805,-0.41045132353107655
0.27821220317580364,-0.500827603984799,-0.17400530124993846,0.23480569182045072,-0.05484396107695229,1.072809322148656,-0.17651668335050916,-0.897864539813771,-0.47643213774926835
0.5146748719357778,-0.9031705354479108,2.9073400324910152,0.23480569182045072,-0.845683973387004,1.072809322148656,-1.470612765234379,-0.9839069811441712,-0.3996043336114097
0.4315759554525197,0.2831899576676346,-0.13969902471427234,1.7238766989717411,-2.243030392394306,1.072809322148656,0.5737794329236797,-0.5825867788039948,-0.4265356186378599
0.3715437574545516,-0.9210830632185287,0.5784491427187106,0.23480569182045072,-0.2839287809719182,1.072809322148656,-1.1013798381519997,-1.048965983793238,-0.38012236007373235
-0.10067795451821679,-1.0602496251287148,0.692668479123162,-0.7579083129470764,-0.8827586596510454,-0.35295891178085986,-1.01401580150503,-1.1603384002069093,-0.3712296798298592
-0.04015519026747787,-1.1043420011794667,0.46189721742960976,1.7238766989717411,-1.3874823634852635,-0.35295891178085986,-1.1925280570831245,-1.1603384002069093,-0.31448410033841395
0.3606310304480485,-0.8866358944288788,0.11442269786820074,0.23480569182045072,-0.21940402497227307,-0.35295891178085986,-1.3468169334371194,-1.1336729407575439,-0.4690957352743578
-0.4415617351519189,-1.0382034371033386,0.049446222027392336,0.23480569182045072,-0.21762637998330425,-0.35295891178085986,-0.3731438205175053,-1.1603384002069093,-0.4506866941162945
-0.3262525416498729,-1.0244245695874787,1.7235221161161844,1.7238766989717411,-0.7366453659433346,-0.35295891178085986,-1.970715617128218,-1.1603384002069093,-0.27488580847427174
-0.05721940366893829,-0.5090949244943149,-0.10845625781734551,0.23480569182045072,-1.8584448748173354,-0.7747497412082993,-0.21338258264625243,-0.947014724611987,-0.5075096373432871
-0.1019176170409187,-0.7984511423273748,-0.5512544081732788,1.7238766989717411,-1.2348121253307727,-0.7747497412082993,-0.48223266635126416,-1.1158959677913003,-0.47643213774926835
-0.556218873560637,-0.34374851430399506,-2.7791823834141303,0.23480569182045072,-2.8180897547118557,-0.7747497412082993,1.8360177545264318,-0.8916178288841626,-0.41045132353107655
0.38571238537306507,-0.14395493532402517,0.19614502062281022,-0.7579083129470764,-0.06906313509303104,-0.7747497412082993,0.03795044835587344,-0.8117555761385659,-0.3996043336114097
0.1609688403938047,0.2873236179223926,-0.03327048838065936,0.23480569182045072,-1.3288536243842655,1.072809322148656,0.4098214384623399,-0.4823618469051056,-0.41045132353107655
0.28265440936674546,-0.20044829213905113,-0.28822678283269715,1.7238766989717411,-0.21763099584891596,1.072809322148656,0.37602485909513866,-0.37281649137451994,-0.2880323250376831
0.7749240274509323,-0.37819568309364504,0.6257425237417295,0.23480569182045072,-1.2522041165533098,1.072809322148656,-1.172611153857552,-0.7136974821299696,-0.3573757317925081
0.774925999081187,-0.34512640105558107,-1.295157976393644,-0.7579083129470764,0.5244715406369209,1.072809322148656,0.762608321735898,-0.6994208791880654,-0.26062153028551355
-0.37238363730952506,-0.3051676852595871,-0.40654262973885796,0.23480569182045072,-0.6243519291693198,1.072809322148656,-1.2281263030281095,-0.6383336999673027,-0.22781214099711825
-0.10321371747966379,-0.34512640105558107,-1.3630544299428267,0.23480569182045072,-0.75321868509411,1.072809322148656,0.7603975455517246,-0.6634569003732018,-0.28231551012484724
-0.010806241655959772,-0.3037897985080011,0.2770571485340721,0.23480569182045072,0.31822140792180975,1.072809322148656,0.22967576265510353,-0.6493470505444033,-0.1842491238310196
-0.049855611121064576,-0.575233488570443,0.16491122447153075,-0.7579083129470764,-0.3810705315306286,1.072809322148656,0.9289982405903181,-0.6375019399405959,-0.5385871369373059
0.4134487868899437,-0.7998290290789608,0.23168613979852326,-0.7579083129470764,-0.7019699100129854,-0.35295891178085986,0.14766982603722595,-1.1514499137237875,-0.41427713856123083
0.15611209894179257,-0.7667597470408969,2.1873175642662623,0.23480569182045072,-1.6458507715478428,-0.35295891178085986,-1.7595402075633102,-1.1336729407575439,-0.2899671401851558
1.132461183031752,0.13162241499317467,0.019630681261416,-0.7579083129470764,-0.31568867369436393,-0.7747497412082993,0.15751026547365152,-0.8045767981178944,-0.5075096373432871
0.3882796944185886,0.20465041282723265,-2.806147859782923,-0.7579083129470764,0.561149799186937,-0.7747497412082993,1.9201128352188448,-0.7780301409092832,-0.41045132353107655
1.80544932122834,0.1123320004709707,2.3787919871089063,-0.7579083129470764,0.7272316495669263,-0.7747497412082993,-0.683747547779779,-0.7972135382347424,-0.44535463815524956
0.9499097861437378,0.2363418081137106,-0.2695445224643258,-0.7579083129470764,0.4680768804918656,-0.7747497412082993,0.44354150526696506,-0.7380651258274376,-0.47643213774926835
0.9151478498945738,0.10406467996145469,1.2590162239140401,0.23480569182045072,-0.2352588256004845,-0.7747497412082993,-0.5531028275597726,-0.726347181823217,-0.5385871369373059
0.9785813565358433,0.20465041282723265,0.9449916647113478,0.23480569182045072,-1.0789828638938022,-0.7747497412082993,-0.43243815581199013,-0.6286612643103544,-0.38319963896721204
0.8251636308809023,0.5890808165197264,0.10993420478492281,1.7238766989717411,-2.1364001718735537,-0.35295891178085986,0.30002469121310277,-0.3142497261571126,-0.07658689147786
0.6552729344471574,0.5546336477300764,0.36459436712247695,-0.7579083129470764,-0.1591001560371655,-0.35295891178085986,0.46225483996150807,-0.2992096457557813,-0.1842491238310196
0.34721002007677493,0.6014817972840004,-0.18065223374257208,1.7238766989717411,-2.240397126939542,-0.35295891178085986,0.7591281210672914,-0.22506010719023356,-0.22781214099711825
1.2318229684447872,0.5890808165197264,0.0838434736248998,-0.7579083129470764,1.0855508844499204,-0.35295891178085986,0.40048156235024196,-0.1491973669367627,-0.44535463815524956
0.7278743985463281,0.3879093507881705,-0.3166265059159914,0.23480569182045072,-0.7761390341520567,-0.35295891178085986,0.578746427154748,-0.15968271371473275,-0.44535463815524956
0.8883301048495384,-0.13430972806292318,1.4066566582781668,0.23480569182045072,-0.37891782062430146,-0.35295891178085986,-0.897902463013544,0.07448960597059823,-0.037477513138060324
1.1805384009797766,-0.13706550156609518,0.16573214520641377,-0.7579083129470764,1.2760398219975915,-0.35295891178085986,-0.11266352207644009,0.0491818102629853,-0.16436448630354974
0.6413607416886579,0.03792611588532673,0.06353058521882304,0.23480569182045072,1.1408091828888631,-0.35295891178085986,-0.4295319978869257,-0.0751419242794975,-0.34955008687145045
0.593908776985185,-0.7832943880599288,1.7855624279032125,0.23480569182045072,-0.3503075047616887,-0.35295891178085986,-1.8448017525209315,-0.5605795828504773,-0.31883602988477744
0.6133872516336403,-1.0161572490779627,-0.44138549337561245,1.7238766989717411,-1.2196844308820767,-0.35295891178085986,-0.6972327470839075,-1.053676562409448,-0.4265356186378599
0.2084528440889184,-0.9307282704796308,1.1299257314199784,1.7238766989717411,-1.751661761799132,-0.35295891178085986,-1.781659179791261,-1.0714535353756915,-0.47643213774926835
1.0292347558655386,-1.0299361165938228,1.4954397379224686,1.7238766989717411,-1.0831557137522672,-0.35295891178085986,-1.6655900317184766,-0.9969255644726998,-0.4506866941162945
0.7611390048438674,-1.0409592106065106,-0.7271489860201324,0.23480569182045072,-0.11087037175735426,-0.35295891178085986,-1.6698949989334275,-0.9496231471238001,-0.4265356186378599
0.44896351621576636,0.20878407308199065,0.33732330035302843,1.7238766989717411,-1.1895530799547787,-0.35295891178085986,0.41018201277261895,-0.0980991844076453,-0.5075096373432871
0.37546237258595483,0.11646566072572868,-0.09342752863026893,0.23480569182045072,-0.3846698869232985,-0.35295891178085986,-0.04365916476765848,-0.011520863910364875,-0.44031145423724843
1.138379277695298,0.0957973594519387,1.4825148436060216,-0.7579083129470764,-0.7254547901697836,-0.35295891178085986,-0.8162193552290765,0.08788489338112002,-0.230935587063766
0.6699255975932227,0.14402339575744869,-0.5952193500366327,0.23480569182045072,0.8589104874333544,-0.35295891178085986,0.7347252191105417,0.11595664712518743,-0.20822878475768453
0.67035307167784,0.5160528186856684,-0.27608653623612184,0.23480569182045072,-0.7710557853110168,-0.35295891178085986,1.2164655246700584,0.3955530120921358,-0.38319963896721204
-0.12305608113701985,0.2638995431454306,-1.5000887127242648,0.23480569182045072,-0.8377203170587058,-0.35295891178085986,1.4887734997841389,0.4576835545266072,-0.20822878475768453
-0.04909357602758647,0.33692754097948857,0.5219414408018866,0.23480569182045072,-0.04677440820387021,-0.35295891178085986,1.6099476078189185,0.5401524203949903,-0.3521221393731933
0.9135053586654396,0.7117127374108804,0.3573392765797825,0.23480569182045072,-0.11922310261841268,-1.210715023519009,0.405803024660577,0.6698482360559557,-0.5075096373432871
0.0746090939228995,0.6593530408506124,-1.2133294673128339,0.23480569182045072,0.16158281349001286,-0.35295891178085986,1.4505654118756883,0.6191579046429607,-0.5075096373432871
0.7245970561552967,0.9404419381741562,-0.49835694383918805,-0.7579083129470764,0.13046946399030582,-0.7747497412082993,0.46004581536564615,-0.2458604305961831,-0.17616432664771034
1.3164001147115771,1.1237008761350942,-0.23400106309409635,-0.7579083129470764,0.5278721991168743,-0.7747497412082993,1.1343864596980522,-0.34235614446131823,-0.34203577153719095
0.5404878249122138,1.149880724415228,0.34978356854977993,0.23480569182045072,-0.09682831816590073,-0.7747497412082993,1.1480114020530503,-0.30699740488252975,-0.3627862512952831
0.47343933419877937,-0.507717037742729,-0.5233994628718812,-0.7579083129470764,0.9452379089387032,-0.30348619427082457,0.05636201239218323,0.44158782783029055,-0.5075096373432871
0.4003580245863479,-0.49944971723321296,-0.6260850530920355,-0.7579083129470764,1.4739217660691313,-0.30348619427082457,0.14609190665949895,0.4327104930037235,-0.5385871369373059
-0.011244190026305861,-0.462246774940391,-1.3052227629781066,-0.7579083129470764,0.9940361961087063,-0.30348619427082457,0.5548101680682975,0.41452984546328514,-0.5385871369373059
0.2923707264892612,-0.48567084971735297,-0.10860173990980827,-0.7579083129470764,0.6460342796330031,-0.30348619427082457,-0.05716571654372856,0.4243069927049957,-0.5075096373432871
0.6797331026150226,-0.557320960799825,-0.023059829671314827,-0.7579083129470764,1.4895227477615687,-0.30348619427082457,-0.3337496002273346,0.407667203678186,-0.44535463815524956
0.34877734290244505,-0.586256582583131,-0.484452970641762,-0.7579083129470764,1.1442498813193536,-0.30348619427082457,-0.02063109246368056,0.5126107697338901,-0.31883602988477744
-1.0381636185214769,-0.2652089694635931,-0.6193643069640169,0.23480569182045072,-0.5642651669365182,0.37932382158821604,0.33385113171247044,-1.1603384002069093,0.2181994325409243
-0.7564881408930211,-0.08332791825424121,1.438734874617602,0.23480569182045072,-0.1536703415652749,0.37932382158821604,-0.3791991516131865,-1.1603384002069093,-0.0631928063465853
-0.20528600158547758,0.9555986924416022,0.33651788340681976,0.23480569182045072,-0.44642743148887787,0.07735218044195717,-0.40309105993572464,1.7264635774825967,2.262700820548843
-0.9426582186599276,1.247710683777834,0.7734835864700808,0.23480569182045072,-0.4112029022421898,0.07735218044195717,-0.04983756790850527,1.7827171905389834,2.424388026211651
0.15789667077616276,1.1512586111668142,-0.49863191669491547,0.23480569182045072,-0.7582237862568912,0.07735218044195717,0.3674465795011331,2.0395167337169244,2.9814113112807177
-0.6590504201548828,1.6211179934576398,-1.1783518474751522,0.23480569182045072,-0.4840297755997353,0.07735218044195717,2.3274605953967256,2.190809613719799,3.3894907941525796
-0.4216472837633718,1.289047286325414,-1.9917562676021965,1.7238766989717411,-1.238600033466385,0.07735218044195717,2.563274808529229,2.066622914462346,3.508653186793837
-1.4918337685193248,1.085120047090686,0.6763596635353805,0.23480569182045072,0.8422235965193945,0.07735218044195717,-0.025228760797540647,1.4577697821463282,2.120492063090378
-1.2170837160969676,1.0616959723137243,-0.7419906946620725,-0.7579083129470764,1.3454436552942541,0.07735218044195717,3.4237104631734443,0.8726393682492214,1.6786133261179952
0.35643885161879296,0.22531871410102264,0.6084041200746478,-0.7579083129470764,0.7085121675982492,-0.3315790271973976,-0.20339829936089832,-0.5519476340577261,-0.4265356186378599
0.4623083723684485,0.35484006875010654,-0.09217844980691121,-0.7579083129470764,1.1125520344183826,-0.3315790271973976,0.5494411663995307,-0.4246852448882004,-0.5385871369373059
0.24936010538849374,0.35070640849534856,-0.3638106778615583,-0.7579083129470764,1.1209459860328086,-0.3315790271973976,0.7239039166391154,-0.4834114371069734,-0.5075096373432871
-1.4059201896523903,2.4120249888680036,-0.4127441452084552,3.7093047085067954,-0.9147702243950269,-1.3014383690867182,2.376241104429033,-0.4750020840773798,1.9825241390812378
-1.2502057981724632,1.8553587412272599,-0.6868170011279461,0.23480569182045072,-1.0919245702654838,-1.3014383690867182,1.6301304911128691,-0.08633849209456747,3.011600647147063
0.6642802040392927,-1.3730299177387366,-1.0440996659418045,-0.7579083129470764,0.7555113406369048,-1.3944582739635378,-0.4519795554944323,0.5996717038529238,-0.3573757317925081
0.5669213485113461,-1.4446800288212085,-1.621869315120696,0.23480569182045072,-0.24327395419763595,-1.3944582739635378,-1.4433320633021367,0.5932182930026376,-0.34955008687145045
0.5070433073539246,-1.3647625972292206,0.10784821389748393,0.23480569182045072,-0.4371460528742219,-1.3944582739635378,-1.3217457573792102,0.6058778958808044,-0.258889640591137
0.6399329117035142,-1.4226338407958325,0.4382027479467148,0.23480569182045072,-0.643680437034429,-1.3944582739635378,-0.8270203458300232,0.5934885977046661,-0.25206674780874827
0.8640131263289272,-1.5686898364639483,0.1423906550631403,0.23480569182045072,0.3810372201880986,-1.1011519341588685,-1.652910853023893,0.15362524461581858,-0.47643213774926835
0.7544470453053144,-1.5342426676742984,0.10799593867635925,-0.7579083129470764,-0.12113922357572515,-1.1011519341588685,-1.726959374623515,0.30386270928723397,-0.3210446397791745
2.076582368657521,-1.1387891699691166,-1.22898575866284,-0.7579083129470764,0.01496816163490002,-1.1011519341588685,-0.14689739644259162,0.41470541745786954,-0.5385871369373059
-0.9603929095749089,2.4822972131988896,1.0866034654758088,3.7093047085067954,-1.1349846924061802,-0.7128039400453039,1.537616696917568,0.1853796275098,0.3854133539815858
-0.48966027135207346,2.2563237859387857,2.735915421187515,3.7093047085067954,-1.2512767032753993,-0.7128039400453039,-0.8848800792748038,0.18370539155732996,0.17687063256317634
-0.26619298728211954,1.6831228972790098,0.5523145329114969,0.23480569182045072,-0.7405785664999954,-0.7128039400453039,0.6356765670869412,0.04699162579003225,-0.26062153028551355
-0.3846661544355461,2.5567030977845335,1.8488126202554405,3.7093047085067954,-1.2878635032788817,-0.7128039400453039,0.036165452187754105,0.056118440549372775,0.5636788083401598
-0.4107844636476933,3.5184680503915606,1.7608841016422008,1.7238766989717411,-2.2559342916062586,-0.7128039400453039,0.48456509379236035,-0.024245172931547466,1.6617788434928573
-1.0511487753795503,3.0265624800753588,0.7178759818692921,3.7093047085067954,-1.6259722242549874,-0.7128039400453039,1.4320197116330626,-0.08351009336951583,1.22818989784792
-0.37380740080726793,3.0362076873364607,1.1759511170472952,3.7093047085067954,-1.7021214473956598,-0.7128039400453039,0.6070640349330856,-0.021883230200522664,1.332526116231474
-0.44374149562548443,2.3527758585498053,0.9831529241729656,0.23480569182045072,-1.46411067053812,-0.7128039400453039,0.597895234647696,-0.3188845807068489,0.5388657850882996
-0.7099054186781303,2.6063070208416295,1.8524544504641507,3.7093047085067954,-1.498337743429887,-0.7128039400453039,0.07339029940752993,0.31881364774690224,0.8153365100859731
-0.3747419535480403,2.0951110360032237,0.2956508715432231,0.23480569182045072,-1.6440190243200794,-0.7128039400453039,1.6709145912604073,0.4953315987537126,0.45637831750904917
-0.8290443807232226,2.141959185557148,0.8508731365848853,3.7093047085067954,-1.288374629886066,-0.7128039400453039,0.6272809443884888,0.5412903152764041,0.631677777977699
0.9106784105607377,2.09648892275481,-3.1256193484840717,1.7238766989717411,-2.2598760798198714,-0.7128039400453039,6.295917417895358,0.5991554039815596,0.8035147517415233
0.025376993553128956,2.166761147085696,-1.5630333146758368,3.7093047085067954,-2.4667520380353256,-1.4100701583080106,2.8550906618968175,0.6685743416234662,0.9842103431696134
0.0635704290338714,2.5415463435170875,1.1981570278012768,3.7093047085067954,-1.6110463397446524,-1.4100701583080106,0.5236302890680931,0.7553108791184284,1.3270984677620807
0.02586152168824463,2.5456800037718454,2.3363515844651612,3.7093047085067954,-1.3405492080594228,-1.4100701583080106,-0.35705702814975515,0.8267304155659158,1.4489155454146967
1.5148541883271958,2.2370333714165818,-0.021235453029236927,3.7093047085067954,-1.4545404246127567,-1.4100701583080106,1.291481851828543,0.6699345696866589,0.8153365100859731
1.8907284910927273,2.1364476385508038,-1.8840793350019602,1.7238766989717411,-1.8759458219374454,-1.4100701583080106,1.1158543848982478,0.5951095518625034,0.642357847635407
0.4641297890432057,1.9890137561311017,0.20036731657979887,1.7238766989717411,-1.7862935816975962,-1.4100701583080106,2.2897444597116676,0.4877030098380026,-0.3210446397791745
-0.22174812839788002,2.2480564654292694,-0.6093495420373514,0.23480569182045072,-1.3580854719187458,-1.4100701583080106,2.263688549376167,1.0821864009648652,-0.1842491238310196
-0.10675377960214658,3.032074027081703,1.4884089160209708,3.7093047085067954,-1.639482165152581,-1.020618760900282,0.14423230398640652,1.1682584605301496,-0.49463691552680017
-0.6566606810591814,1.408923433713396,1.5622815438094007,-0.7579083129470764,-0.29316571846184974,-0.3944140279961925,1.1643391802033434,0.024533854992165604,0.6702437090777873
-0.3507578108598168,1.257355891038936,-2.504844500465609,0.23480569182045072,0.1602525317553632,-0.3944140279961925,0.536141344047876,0.22808757327513887,0.4958782162601756
-0.9653171793631478,1.5963160319290919,1.4307356022185558,0.23480569182045072,-0.8203725522694691,-0.3944140279961925,-0.03409293977933438,0.2544953528208771,0.7461583501365922
-0.3657169392836119,1.519154373840276,2.1672564417869546,0.23480569182045072,-0.6662713421025721,-0.3944140279961925,-0.6437842190549804,0.1228093701062769,0.6011565927961977
-0.9320991528303783,1.7947317241574758,-0.6477024049250351,0.23480569182045072,-0.49917523576375,-0.3944140279961925,0.2505917461935344,0.24286058569745156,0.6150538522098262
0.23461847242718062,0.5670346284943505,1.3746154950185814,1.7238766989717411,-2.005034729813001,-0.3944140279961925,-0.33921055523167637,-0.4048170491415596,1.2426172512894738
-0.26238071695758436,0.5449884404689744,-0.825913287803025,1.7238766989717411,-0.6841374256616902,-0.3944140279961925,1.068464660270792,-0.2061189090276754,1.0043723791242862
0.23829642544060806,0.9239072971551242,0.08400572711139978,-0.7579083129470764,0.5350380084415184,-0.3944140279961925,0.5933293332584396,-0.8865210757538249,0.0050470784970873
0.7559377210048295,0.5449884404689744,1.3361446473240082,-0.7579083129470764,0.5622439740282746,-0.3944140279961925,-0.22215402619744123,-1.0020833975955468,-0.4265356186378599
0.2687244719359531,2.1130235637738415,-1.5928187254374087,3.7093047085067954,-1.2419881324980466,-0.3944140279961925,3.334745614679262,-0.3948441097173892,0.6024269744609215
0.9613862761762211,2.5360347965107435,1.9379808569139705,3.7093047085067954,-1.3031264533245643,-0.3944140279961925,0.3160404133252903,-0.23384424984634986,-0.12163872695961746
-0.2098567334236536,1.4929745255601419,0.5132513234798518,0.23480569182045072,-0.5331577214509657,-0.3944140279961925,0.8387296094948615,-0.6800310397333645,1.4271721909169364
0.7865803055172745,1.429591734987186,-0.1615973949055011,0.23480569182045072,-0.4490461301305378,0.37932382158821604,0.6682556407837944,-0.9950029943847416,0.23835035291316314
0.37578239282168613,1.486085091802212,-0.09307103899887202,-0.7579083129470764,-0.0404528192304189,0.37932382158821604,1.093108424765862,-0.9185454266719607,0.4874411128237313
-0.39449399189434864,0.4444027076031965,1.8122596594755136,0.23480569182045072,-2.079908471204946,-2.148966371798711,-0.6525997553720502,-1.103424316972738,-0.0021063149661581008
-0.017804912926023854,1.165037478682674,-0.27538447788107334,0.23480569182045072,-0.22364267775212904,-2.148966371798711,1.486120571448733,-0.5658056182411918,0.33656319754579045
-0.6994471524453573,-0.453979454430875,-0.8149485014106319,-0.7579083129470764,1.3535367705510963,-0.2616817826730611,-0.38450985162736834,-1.0358995894432046,-0.5075096373432871
-1.0618310064865788,0.18535999830502864,-0.39069873279508627,-0.7579083129470764,1.6096480203296755,0.22190263840635543,-0.3810243524894123,0.9260527583842226,-0.25206674780874827
-0.6302830531777723,0.4953845174118785,-0.7157001693951751,-0.7579083129470764,1.4086945934037058,0.22190263840635543,0.7629465981828195,1.2091560536128831,0.25373674738056173
-0.7387867212385895,0.5932144767744845,0.061767053634182896,-0.7579083129470764,1.4431829994310796,0.22190263840635543,0.3586325562646621,1.2131537975374416,0.14511785413110687
-0.6013184985298046,0.3383054277310746,1.7252497647182339,-0.7579083129470764,0.8850727843362186,0.22190263840635543,-0.16041489699967224,1.1098652673877571,-0.25206674780874827
-0.45364770538691507,1.250466457281006,1.8207219003564725,0.23480569182045072,-0.659097589195248,0.22190263840635543,-0.4851642404630305,1.4084188153649526,0.7461583501365922
-0.48061319947416936,-0.36303892882619904,0.1583705758132029,-0.7579083129470764,1.491308228987506,-0.3618703391402669,-0.31513782889027725,-0.9647916975782305,-0.5385871369373059
-0.9812463498723014,-0.418154398889639,-0.43015109707325977,1.7238766989717411,-0.7691513113634451,-0.3618703391402669,0.07983835755115863,-0.9823465970916647,-0.5075096373432871
-0.18171737997345172,0.7392704724426004,0.8007793227900609,-0.7579083129470764,-0.6506796994870692,0.22190263840635543,-0.4319845555898044,0.5625153550379108,-0.07242464302702445
-0.3819693339276606,0.6772655686212304,1.689999609727447,-0.7579083129470764,1.1329893161416473,0.22190263840635543,0.31901332035123015,0.5470840968182269,-0.010269643838986932
-0.36978650735639773,1.115433555625578,-1.2532924815362003,1.7238766989717411,-0.9044210243113031,0.22190263840635543,1.7167942529889157,0.6919889147292385,-0.34955008687145045
-0.5191386081990625,0.7351368121878423,-1.520648296635657,0.23480569182045072,1.2535449913415937,0.22190263840635543,0.7313896119217006,0.5753533869036531,-0.3019079513316812
0.7752710343757762,-0.14395493532402517,-0.3889575305664606,-0.7579083129470764,1.2674768545597883,0.07735218044195717,0.37279906606851454,-0.6066777236122315,-0.05314107467295744
0.9345620001059667,-0.026834561439215237,1.390680637852299,-0.7579083129470764,-0.3933613471782394,0.07735218044195717,-0.7223944692613855,-0.43517734382701223,-0.4067364727057888
-0.5785138836415116,0.06961751117180472,0.6758084502185621,-0.7579083129470764,1.8114005824078414,0.22190263840635543,-0.33744973925912547,0.6717466361513149,0.08991639625534104
-1.3076854743518187,0.011746267605192743,-1.4879340349281687,-0.7579083129470764,1.7428433847408895,0.22190263840635543,1.2883969049740114,0.5699967580015542,0.33158285169521945
-0.42942425607651596,2.126802431289702,0.7933906461436974,1.7238766989717411,-2.2199114323002127,0.22190263840635543,0.644819104428305,1.8700098433388495,2.3019031262760072
-0.4769996941246955,2.5015876277210936,-0.7362584857012041,3.7093047085067954,-1.4062336734575172,0.22190263840635543,1.5207652277805304,2.269673138494744,1.2000871771827422
-0.4216264584188056,2.6007954738352854,-0.040767789055845896,0.23480569182045072,-1.409288088343756,0.22190263840635543,1.4146754859020418,3.1167233450249716,1.0991115820834085
0.29027944292337965,2.0634196407167456,-1.4306351522484468,-0.7579083129470764,-0.3761167952909892,-1.0991632636934738,2.3399228275489428,2.563247931318676,0.7291310779712822
-1.253868224597634,2.1557380530730077,-2.819394628353539,0.23480569182045072,-0.8546537274000308,-1.0991632636934738,4.147253961886445,2.5485470102422463,0.5294122865551296
0.4654719763391565,0.0985531329551107,1.0578719223116484,-0.7579083129470764,0.5770936430831646,0.04460631664282216,-0.3495140950185567,-0.0036050986004545274,0.42931608734999294
0.8423144727866828,1.5177764870886898,-0.16583870494293876,-0.7579083129470764,0.446025602317415,0.04460631664282216,1.0601605852623919,1.7461966797739064,3.6308969628395777
-1.0749960129919567,1.2063740812302541,-0.047773258850079034,0.23480569182045072,0.7998116277871155,0.07735218044195717,0.8388643587761822,2.0395167337169244,3.3142708643676415
-0.9498958268714947,1.1788163461985341,1.2447179279405283,0.23480569182045072,-0.23606568964393776,0.07735218044195717,-0.029342051709200782,1.8673885415064237,2.725142219125796
1.8703690674010514,0.9115063163908502,-0.020541877879311315,-0.7579083129470764,1.3157665914196923,0.04460631664282216,0.5793516428502937,1.6471291366955412,2.060985796098158
-0.5916759943149525,0.6455741733347524,0.8612011950524909,-0.7579083129470764,0.8082384808622368,-0.4462496940701457,-0.09465875831443926,0.5689919705684493,0.09068426890969179
-0.5385148045280508,0.3534621819985206,0.82220819145635,-0.7579083129470764,1.6146146380547426,0.5744920382169726,-0.2630919326006102,0.4932306756304835,0.032765741399268085
-0.4213282493427679,0.2749226371581186,0.4200852545217382,-0.7579083129470764,1.4827632956293006,0.5744920382169726,0.002891309529721603,0.4702325810911633,-0.047208723437018825
-0.2469297900121092,0.42649017983257853,0.07955331202692265,-0.7579083129470764,0.4288497516857767,0.5744920382169726,0.03940196311485751,0.5287546973109772,0.1707699812404559
-0.3915912592517283,0.2363418081137106,0.14667867148281025,-0.7579083129470764,1.5111653608108384,0.5744920382169726,0.1569899925265268,0.46943291924765096,0.02852401326026045
-0.10092650315721186,0.9542208056900162,0.693076160509615,-0.7579083129470764,0.9921612422319053,-0.030048053404467347,0.2569763736874337,0.4829502114540535,-0.3521221393731933
0.13174743161439348,1.0740969530779982,0.13176997477282576,-0.7579083129470764,1.0974020657344683,0.22190263840635543,0.6362342754686207,0.5066260900086348,-0.49463691552680017
0.20709648570051095,1.280779965815898,0.12862719104482953,0.23480569182045072,-0.575106600782133,0.22190263840635543,0.7068350623685402,0.5718449562196323,-0.5075096373432871
0.9861012775545187,0.05583864365594472,0.018106337058016328,-0.7579083129470764,1.040849661065785,-0.030048053404467347,0.8273844299398394,0.7325544826047057,-0.5075096373432871
-0.9320991528303783,2.026216698423924,1.8133789550112922,1.7238766989717411,-1.4067894022079939,-0.030048053404467347,-0.15771536007192227,3.2378460235755306,4.349183359558783
-1.089621738739666,2.0620417539651594,1.3118570360392021,0.23480569182045072,-1.2726278190440201,-0.9931849627714172,0.04973859869061978,3.1111412072103795,4.564183095808603
-1.684329439955376,2.6049291340900433,2.692207413180488,0.23480569182045072,-1.7901184167581,-0.9931849627714172,-0.38125303866799914,3.038274403682639,4.872111751058972
1.4668555891355812,1.437859055496702,1.0903842447339556,0.23480569182045072,-1.2018546301735789,-0.9056459882199485,-0.699031457319345,1.8300264031668867,4.483386792433193
-1.0537118947107826,2.3651768393140795,1.3227544443311314,0.23480569182045072,-0.951776477767736,-0.9931849627714172,1.4590030349268912,2.853421023757311,5.193927026069832
0.6926249767166663,1.1870836667080502,0.36312589506316684,0.23480569182045072,0.47222300126806915,-0.030048053404467347,0.9254003657868113,1.2932863943761166,0.4888521081038529
0.5261694763212267,0.8977274488749902,0.9624126577432532,0.23480569182045072,0.7492713344044926,-0.030048053404467347,1.1803746179990144,1.1062256529891397,-0.0936250586561017
0.5883306653136997,1.1416134039057122,0.7315215585888174,0.23480569182045072,-0.785642296353198,-0.030048053404467347,0.24615576998360233,1.132891112438505,0.06482875599485835
0.5150290260202951,0.5298316862015284,0.18203637791326704,-0.7579083129470764,1.6499983073193136,-0.030048053404467347,0.2957760048813345,1.3097174593153584,0.10809373859561906
0.5261725569935001,0.19500520556613066,-0.16084853266011573,-0.7579083129470764,1.3005210850521924,-0.030048053404467347,0.5848488117622008,1.1704458046472006,-0.34955008687145045
0.21591250715793145,0.18122633805027066,-0.5579678411934321,-0.7579083129470764,1.3955531703350452,-0.030048053404467347,1.5324469226436044,1.1793773412780735,-0.38319963896721204
0.2019228046850406,0.19913886582088863,-1.16380714852064,-0.7579083129470764,1.0043244238280744,-0.030048053404467347,1.6716502369255488,1.1850264946995184,-0.34203577153719095
0.24338335472486727,0.7475377929521163,-0.13298724933190179,0.23480569182045072,0.007869926435893293,-0.030048053404467347,0.08592354606751328,1.1850264946995184,0.15632687969217485
0.16266641404318255,0.5436105537173884,0.27925546875831786,0.23480569182045072,-0.0791255074345739,-0.030048053404467347,0.32653564677847574,0.9966355795550224,-0.3019079513316812
0.12705174770881977,1.300070380338102,0.6582097974195877,0.23480569182045072,-1.3076566033850692,-0.4568129878705658,-0.013626301067994603,1.429614653079198,0.6024269744609215
0.03210653729341404,1.3372733226309241,-0.03127098718223886,1.7238766989717411,-0.9625217835283496,-0.4568129878705658,1.0559286743431202,1.99188034107509,0.22011131744735726
-0.5565358747375407,1.290425173077,-2.438820592562309,0.23480569182045072,-0.30683420897591135,-0.4568129878705658,2.2982789265979626,1.9842895351382699,0.23085560385823437
0.292539300876046,1.64178629473143,-0.10849448099445351,0.23480569182045072,-0.9704402473119401,-0.4568129878705658,0.9128735303104171,2.0753759017387585,0.5130085901667895
-0.21745441061050225,1.659698822502048,-1.0107698355682855,-0.7579083129470764,-1.3219763603331929,-0.4568129878705658,1.5969458798233698,2.079572837751656,0.5437846660826612
0.23394885750189626,1.6665882562599779,0.9097142074511977,0.23480569182045072,-0.5249160934017175,-0.4568129878705658,0.7289340640814685,2.0595150615262097,0.44858218989846177
-0.14792499290208252,1.392388792694364,0.155753458278549,-0.7579083129470764,-0.44528103295870336,-0.4568129878705658,0.43180596428779183,1.9778134727739949,0.18425706531500788
0.11911458043747392,1.501241846069658,0.8700773578386144,0.23480569182045072,-0.302558307234028,-0.4568129878705658,0.17791225572785258,2.0020771677312124,0.26942785250718193
-0.5061341663325594,0.5036518379213945,0.2984737311791477,0.23480569182045072,0.2658982096103353,-0.030048053404467347,0.49962676710831583,1.603294882703611,-0.24540259213583612
-0.5305062888868592,0.5849471562649684,-0.6900757219926306,-0.7579083129470764,0.571812234057968,-0.030048053404467347,0.96785548417659,1.6140229365272196,-0.2880323250376831
-0.3276215924080454,0.4526700281127125,0.572670324883716,-0.7579083129470764,1.4120194658110625,-0.030048053404467347,0.27196849769993464,1.574731361388402,-0.38319963896721204
-0.9095785019895319,1.1843278932048782,1.6939297714022512,1.7238766989717411,-1.2345877191200576,-0.4568129878705658,0.7618508749004066,1.9141144245023463,0.1199332731308181
-0.9591849163631748,1.425458074732428,0.08133683277306152,1.7238766989717411,-2.133173950175428,-0.4568129878705658,0.9932213549332999,1.9718663707632351,0.3854133539815858
0.21024320758716217,1.519154373840276,-1.7631114626596025,0.23480569182045072,-1.3514232750014534,-0.4568129878705658,1.360786655144565,2.0382943333363803,0.522153072955727
-0.7387990439276819,0.6869107758823324,0.061938180358225604,0.23480569182045072,0.5153360448447293,-0.030048053404467347,0.2571956682929199,2.377078218439762,1.6992086393946597
-0.46406185639273717,0.8274552245441043,-0.7957702173127977,-0.7579083129470764,0.7335317693979994,-0.030048053404467347,0.8746525376047474,2.4188532503233513,1.8265718856330666
1.9146518829237247,0.8536350728242383,-1.5322401576504556,-0.7579083129470764,0.9122915240626902,-0.030048053404467347,1.8825573147318753,2.4602335781010893,1.9361264688409374
-0.7178165234620458,1.356563737153128,-0.833472701141012,-0.7579083129470764,1.3880593661877085,-0.4568129878705658,1.0542610133190602,2.606712908760618,1.9524639570849178
2.2313581778773424,1.30420404059286,-1.7135678871005475,0.23480569182045072,0.7214489360671835,-0.4568129878705658,1.4147957827826887,2.705744532306741,2.296287317608451
-0.823013853844397,2.2425449184229254,-0.6900470546097991,0.23480569182045072,-1.1538965915634278,-0.4568129878705658,3.0334183215767747,2.910122610196852,1.4745057263812558
-0.9975019484155143,1.8774049292526358,-1.9545071964616176,0.23480569182045072,-0.5214888131852141,-0.4568129878705658,0.9215271914592277,2.9009996751035136,1.7714140903599236
-0.7942099870621948,2.3059277089958816,0.7785277782430007,3.7093047085067954,-1.5557953944869747,-0.4568129878705658,1.0405083469981609,2.7670149861441895,1.063336636704917
-1.467438725763313,1.8898059100169098,0.6506748586159222,1.7238766989717411,-0.9863086271727063,-0.4568129878705658,0.6485172742165898,3.0696567368670644,2.0527993164898723
-1.5654554034030828,2.5236338157464693,0.29366355885791084,3.7093047085067954,-1.1506384345160139,-0.4568129878705658,1.2936738169857136,3.245231653552999,2.374752338848289
-0.1871037506026579,2.846059315617593,0.11955425690308275,1.7238766989717411,-2.3829471870866357,-1.317678059833782,1.8927358336760711,2.3808283677350386,6.51648442312874
-0.1313759911315779,2.768897657528777,-0.7860048781183846,3.7093047085067954,-1.3377834994653237,-1.317678059833782,2.271736485528993,2.41010145493597,6.507786165908896
-0.22238816886934257,2.778542864789879,-1.338233546832498,3.7093047085067954,-1.6251018115500928,-1.317678059833782,2.032797144184185,2.415993593121971,6.476947596252132
-1.0077688432866816,2.956290255744473,-0.21663564968196597,3.7093047085067954,-1.9124048805437734,-1.317678059833782,1.9609295179304673,2.2566922280829167,6.375021577076927
-1.6235273573109783,3.098212591157831,-1.1278772645308188,1.7238766989717411,-2.5456967152668635,-1.317678059833782,2.038949031158619,2.18619741779778,6.416179555071429
-1.474988344462701,3.1464386274633407,-0.09485699744763197,3.7093047085067954,-2.137829587373137,-1.317678059833782,1.6471864534200227,2.148017881066753,6.455783715499345
-1.4175935099977472,3.147816514214927,-0.4663651196806659,3.7093047085067954,-1.821781483648417,-1.317678059833782,2.251597161955672,2.1289420702074953,6.476534581657554
-1.3491089700655445,3.183641569756163,-1.016319314340631,3.7093047085067954,-1.7912427020716242,-1.317678059833782,2.5624709658610056,2.1033826365995534,6.493448288743604
0.052700092077846546,3.2649368880997365,0.06299087785837915,0.23480569182045072,-1.7991180128790334,-1.317678059833782,1.8233183299516111,2.0535716486472584,6.634999183063806
0.3914551281708253,3.238757039819603,-0.07486491070657052,3.7093047085067954,-2.0808281555916,-1.317678059833782,1.6622183081787192,2.0731654430057236,6.647307664688521
0.03523009252457141,3.109235685170519,-0.6379707060268006,3.7093047085067954,-2.1630024788494726,-1.317678059833782,2.4037275812736665,2.1510015977143344,6.635739633659241
0.10172664999355435,3.1960425505204366,0.14181223698506393,1.7238766989717411,-1.8468989847374149,-1.317678059833782,1.497768855600962,2.0857242072901054,6.620916071768917
-1.4166002519661385,2.7000033199494773,-0.5597600401609037,1.7238766989717411,-2.735188228663327,-0.9931849627714172,1.6518459208894116,1.9573291183930783,4.251886192487124
-0.9320991528303783,3.0554981018586647,0.6784206923479724,1.7238766989717411,-2.2348394100519293,-0.9931849627714172,1.354227182418499,1.9779519361076139,4.911949146407611
0.17694286549125496,2.7068927537074075,-0.25956086262311356,3.7093047085067954,-1.4899822215803191,-0.9931849627714172,2.0460620030963987,1.8249362367991986,3.4214473198270072
0.39330648898007714,2.978336443769849,-0.3122169943976566,3.7093047085067954,-0.6825966389860163,-1.4968619645911043,1.4766910723917244,1.80274225724839,3.9607865942703304
0.680581026851475,3.2800936423671825,-0.02022136873861057,2.2202337013555047,-2.683220731102785,-1.4968619645911043,1.637052504811448,1.7453675130694997,4.598609088268488
0.8088318781190981,3.1698627022403025,-0.14731440770445367,3.7093047085067954,-1.6219339859192379,-1.4968619645911043,1.4703546908316838,1.768063818781377,4.47992389243788
-1.1340154091734154,3.016917272814257,-2.274456543132292,1.7238766989717411,-2.5288254741945817,-0.9931849627714172,3.960891101311583,2.4055513380347096,3.781185306631302
-0.9143081472262445,2.5374126832623296,1.2455720014310665,3.7093047085067954,-1.4420000301849918,-0.9931849627714172,0.5028560517061005,2.310726533498211,3.191878038541879
-0.5611684664749611,2.5112328349821955,-0.2677476431078205,1.7238766989717411,-2.023522345043987,-0.9931849627714172,0.8910263160482534,2.507452224445709,3.637377790265647
0.6629993837350222,1.1030325748613041,0.326793400108346,-0.7579083129470764,0.11069230472233484,-1.210715023519009,-0.13890290235109107,0.8531343262704552,-0.20243258203896797
0.35396753632129935,0.7406483591941864,0.21401455093710753,0.23480569182045072,-1.337775019154084,-1.210715023519009,0.5559831408526166,0.7566919879823465,-0.47643213774926835
0.2406627514270335,0.7943859425060403,-0.02282347002511461,0.23480569182045072,-1.1268905036922188,-1.210715023519009,0.53624800393479,0.7735152050716219,-0.47643213774926835
-0.7231964246794785,0.7902522822512823,-1.0040365108947389,-0.7579083129470764,0.9091965861702116,-0.35295891178085986,1.1961601081405782,0.4785452171026967,-0.44031145423724843
1.0641886796107631,-0.37268413608730105,2.9028102934793787,0.23480569182045072,-0.4622115986386631,-0.7747497412082993,-1.142005986432835,-0.9559032110951087,-0.19673464140309949
1.4395025464763689,-0.5945239030926469,-0.51696110021556,0.23480569182045072,0.004032585599953946,-0.7747497412082993,-0.018271585690530733,-1.0447880759263264,-0.29586410580513167
1.4944865084338281,-0.502205490736385,0.984557723439797,-0.7579083129470764,0.01837263088762576,-0.7747497412082993,-1.0000963731028114,-1.0566817260047778,-0.41045132353107655
1.6151415309179664,-0.3754399095904731,1.6144481848975067,-0.7579083129470764,-0.46110116092197306,-0.7747497412082993,-1.5852612673317819,-1.0028340184404312,-0.41427713856123083
1.6281157205827472,-0.448467907424531,0.4759608113947041,-0.7579083129470764,0.2260656509891633,-0.7747497412082993,-0.6176657784176688,-1.024953007586922,-0.24376008883713365
2.1681642243120303,-0.6358605056402269,1.567575258822678,1.7238766989717411,-0.08331703544690808,-0.7747497412082993,-1.5085528754589848,-1.0258311923740715,-0.38319963896721204
1.370668374886546,-0.600035450098991,-0.026088431408510835,0.23480569182045072,-0.7559108082027057,-0.7747497412082993,-1.1633210797110944,-1.0447880759263264,-0.41427713856123083
1.1064223551642511,-0.8439214051297128,0.4532692127703756,-0.7579083129470764,0.843431772506764,-0.35295891178085986,-0.3927636890779622,-1.1603384002069093,-0.34203577153719095
