longitude,latitude,Aspect,DEM,Slope,LULC,NDVI,Rainfall,TWI,River,Road
85.86963495896583,27.7565803612722,336.70874,843,36.509155,10,0.615942,5.719096,14.079446170248733,0.0,90.0
85.74194461412213,27.86381603246813,152.73079,1493,55.198463,30,0.662063,4.696327,13.656511977832,1380.0,123.69316876852982
85.88764172041945,27.86256773330516,315.88605,1724,38.27856,10,0.64531434,4.586505,14.396695358888715,657.9513659838393,666.1080993352356
85.73704296190492,27.86301697669006,138.70737,1626,61.363068,60,0.43183094,4.696327,13.776602978642284,1920.0,60.0
85.73667548204722,27.89870797787304,155.45984,1942,45.407505,10,0.70581937,4.4527707,14.40572178276577,2430.0,0.0
85.74008102667753,27.89227066206497,169.32094,1457,30.66924,10,0.6223297,4.696327,14.71317989545308,2040.0,42.42640687119285
85.73905613773522,27.88988402609659,24.023,1387,30.32146,10,0.30490994,4.696327,14.36327531228753,2160.0,67.0820393249937
85.82579963899676,27.81707900635043,199.89061,2445,40.719788,10,0.55730885,6.7913833,15.232722737342554,4755.638758358335,241.86773244895647
85.8878924444891,27.813064820876765,224.31703,1104,44.87066,30,0.26266852,4.9416623,14.293348512791944,108.16653826391968,60.0
85.58133491666376,28.03222396008928,141.0195,2877,23.619984,30,0.41203704,4.835017,15.701460029340591,8623.004116895689,1221.1879462228571
85.72544838528468,27.889435394823177,36.207474,1841,34.29834,10,0.8132523,4.696327,14.807072980342427,3595.6223383442257,192.09372712298546
85.87597443814387,27.826620852635305,227.18562,1093,27.655018,30,0.20829155,5.761692,14.324327371844417,120.0,67.0820393249937
85.73416217450067,27.891364525664123,1.296304,1478,38.993484,10,0.71778685,4.696327,14.428911580238639,2700.0,300.0
85.78113999960479,27.89351659823767,204.8379,1733,38.127014,60,0.49759257,4.77441,14.605301390342758,1655.1737068960467,30.0
85.61359881651256,28.00921429180124,180.0,2260,51.260864,30,0.6150126,4.772528,14.409385566456674,4420.599506854245,722.4956747275378
85.90413352306754,27.901740205067235,124.50311,1808,38.665775,30,0.3519225,4.4041653,14.738958550873862,930.0,218.40329667841553
85.62449466055268,27.999248526087847,240.85355,1881,21.744164,10,0.8467618,4.772528,15.366255792388381,2903.962809679215,0.0
85.58015971832111,28.034043419625466,128.80652,3086,46.64269,30,0.3540321,4.835017,14.898659052673848,8879.391871068648,1456.4683312726027
85.64123661467679,28.022615030954444,278.78183,1957,36.58301,10,0.097814776,4.772528,14.932017871047657,5356.491388959755,933.3809511662427
85.972782850038,27.803355186919585,133.63576,1980,62.814762,30,0.38868323,4.383127,14.001926026073793,8109.383453752819,335.4101966249685
85.68340716776686,27.994752481171734,333.37643,2482,47.844563,10,0.7416717,4.758372,14.825803092513475,5589.749547162199,510.8815909777921
85.9729208502281,27.804735385027733,124.60347,2091,48.02769,30,0.83489096,4.383127,14.630927400892922,8147.913843432562,234.30749027719963
85.97382645749934,27.805739678467443,113.85827,2041,40.045513,10,0.5462857,4.383127,14.522993134493307,8246.453783293762,268.3281572999748
85.9780776718157,27.80592321057497,227.08043,2129,44.26407,30,0.4045847,4.383127,14.629368609289447,8727.319176012757,108.16653826391968
85.93771904251265,27.785728243465154,139.20049,1205,49.62716,30,0.36764705,5.2163897,13.844866607213996,4200.0,108.16653826391968
85.92416213677018,27.78429225921749,144.3475,1055,46.0111,30,0.5238923,5.2163897,13.66580463548293,2700.0,84.8528137423857
85.92300160498088,27.797025370153644,177.91158,1846,26.663717,30,0.26658696,5.2163897,14.923754110794878,2580.0,0.0
85.92340168459582,27.79775362723108,181.2698,1918,39.549183,10,0.33682588,5.2163897,14.483614829536911,2610.0,30.0
85.92859936640484,27.79817090943033,157.65363,1873,37.599663,10,0.5569834,5.2163897,14.860761559318876,3180.0,120.0
85.92575994238156,27.79949861121675,177.46161,2009,39.56989,30,0.31655315,5.2163897,14.527457829717052,2880.0,60.0
85.92636134985838,27.79890723669247,174.46548,1950,29.649637,30,0.38674992,5.2163897,14.443335425982449,2940.0,42.42640687119285
85.92615674811056,27.798149348910098,162.9772,1879,39.097828,10,0.3125386,5.2163897,14.733217338748265,2910.0,0.0
85.93579392933783,27.81339709157548,256.52893,1850,42.09333,10,0.68897957,4.9416623,14.52745590334147,4262.640027025505,30.0
85.93056739743459,27.808000478417725,-0.0,1838,45.56248,10,0.5804878,4.9416623,14.40447530470612,3536.43888678993,30.0
85.92715601117563,27.80831075858564,339.6214,1753,50.40018,10,0.579288,4.9416623,14.204625960830525,3169.511003293726,108.16653826391968
85.92657548008795,27.80756404328956,336.404,1849,57.24698,10,0.48158255,4.9416623,14.088468383916592,3094.802093834111,134.1640786499874
85.92818008125212,27.80776028484553,0.8752873,1849,50.14824,10,0.4949644,4.9416623,14.236726072970809,3267.935127875093,180.0
85.92928327639954,27.808474364682205,3.6963944,1756,29.585878,10,0.6956688,4.9416623,14.956436829959058,3408.005281686048,94.86832980505139
85.92569347830828,27.80176923123647,290.7617,2010,39.419807,10,0.7042017,5.2163897,14.849192164943666,2887.6461001999533,134.1640786499874
85.92242972155572,27.797965652229323,250.1058,1891,40.572895,10,0.5022915,5.2163897,14.60390996100854,2520.0,30.0
85.84942197922433,27.82314192853374,19.891644,1454,23.28565,10,0.4656427,5.761692,15.024110909120688,2040.2205763103163,108.16653826391968
85.93420073792365,27.8016858198202,128.46031,2053,48.871387,30,0.3112155,5.2163897,14.406966656661341,3815.783012698704,90.0
85.83175875213708,27.757413640534413,183.08018,869,34.249775,10,0.44407457,5.6687784,13.94617299000624,0.0,30.0
85.5890194462875,27.93641065513173,203.83191,2135,35.963287,10,0.7995929,5.441863,14.762608733042848,3420.0,313.20919526731655
85.93417320020193,27.79983349104638,140.69554,1931,50.506207,30,0.66180134,5.2163897,14.282241673028672,3810.0,67.0820393249937
85.9329472041279,27.79831459417169,145.0153,1841,39.687,10,0.58882684,5.2163897,14.607861963028519,3690.0,108.16653826391968
85.94003982035915,27.80034880712598,199.83904,1926,38.966953,10,0.61162645,5.2163897,14.678652073679896,4470.402666427264,192.09372712298546
85.9596913398223,27.81702396836746,153.68016,2376,30.024471,30,0.39957264,4.9416623,15.124146268922068,6931.233656427981,835.7032966310471
85.96479580976082,27.79037787228536,160.39682,1777,51.438686,30,0.242223,5.2163897,14.34266380232403,7230.0,42.42640687119285
85.98138946496933,27.82163488739081,115.8732,2914,32.236492,30,0.38034606,4.383127,15.346314701365603,9380.218547560606,684.7627326307996
85.95635387573834,27.813088035429217,167.57895,2303,51.921494,10,0.43649948,4.9416623,14.220027697101303,6440.01552793159,330.0
85.96835536995651,27.81001802947463,210.63445,2228,38.31456,10,0.6010767,4.9416623,14.860747051855904,7704.803696396164,134.1640786499874
85.98332763676522,27.818551817665668,132.91621,2617,44.265873,30,0.6213518,4.383127,15.102175687300752,9527.586263057396,424.26406871192853
85.98240206496537,27.822325467093787,97.55673,2863,20.268213,30,0.40125173,4.383127,15.86297994591144,9511.703317492615,702.9224708315988
85.9827689232729,27.820792986544514,110.22908,2759,49.48912,30,0.48999014,4.383127,14.68165825294056,9502.615429448884,706.1161377563892
85.87433748294748,27.82798322281872,198.31233,1128,34.9575,30,0.35487628,5.761692,14.034141414166436,0.0,108.16653826391968
85.4953221205932,27.946364876389136,149.9701,2062,41.30869,30,0.1212954,4.5461755,14.672465414070532,6332.771904940206,523.9274758971894
85.52679247019996,27.93450578161548,141.115,1975,58.9909,10,0.670936,5.2217073,14.700309292496964,2664.4323973409423,212.13203435596427
85.52575522358639,27.93231846187513,154.12279,1779,37.07669,60,0.38504907,5.2217073,14.581070826493125,2608.6203249994046,30.0
85.49275708552011,27.9288483156568,56.695744,2176,40.529102,10,0.8159649,4.496347,14.751115243674395,6012.362264534631,174.92855684535903
85.49642154958806,27.949571988495144,139.78148,2149,60.389526,10,0.73587126,4.5461755,13.55533567897455,6400.624969485401,488.3646178829912
85.65423982257364,27.89589661141625,221.16399,1757,43.41394,50,0.25329223,4.625964,14.438012291831436,3126.0518229869444,30.0
85.654337526867,27.89490543518357,211.4501,1695,35.072224,30,0.3997492,4.625964,14.859187824342381,3194.1195970094795,42.42640687119285
85.65435942769201,27.895515957902592,229.78957,1723,28.882471,60,0.46953404,4.625964,14.47382379208665,3166.385952470103,30.0
85.65486794408734,27.89517058691532,222.15062,1735,33.226265,60,0.14830177,4.548963,14.633031452336906,3233.4656330321495,0.0
85.6540333259118,27.89721331604304,206.07224,1856,33.695385,60,0.4536817,4.625964,14.735183535818319,3061.3232433050907,0.0
85.59196937552156,27.798237792823688,156.13759,1004,22.152197,10,0.50554067,4.549546,14.702561471198994,1455.2319402761884,94.86832980505139
85.47845186720527,27.86987378640437,276.8737,1898,22.086023,10,0.4676282,4.607892,15.108600994592175,6600.0,0.0
85.51882501382117,27.908733139451268,59.802982,1896,40.98964,10,0.77272725,4.496347,14.153043376308137,2546.2914208707534,534.1348144429458
85.51832222615202,27.905404850332328,78.40663,1856,46.319546,10,0.6429624,4.496347,14.227303792643204,2414.953415699773,480.0
85.49176179383343,27.83785205972959,117.852234,1661,59.50204,10,0.60140824,4.804811,13.765828359640093,6039.246641759219,381.8376618407357
85.47786590787275,27.837040475776536,220.89896,1663,45.18737,60,0.3794991,4.804811,14.392601791906094,7432.738391736924,60.0
85.47612192651859,27.868586870976166,143.97551,1784,40.051987,10,0.66550255,4.607892,14.569689345339839,6870.0,300.0
85.51018113529346,27.89855712452836,169.83014,1845,53.442406,10,0.5423411,4.496347,14.274720049355242,3074.6707140765498,120.0
85.4967061568623,27.90456582783285,150.49951,2035,44.043415,10,0.44874564,4.496347,14.657032756608963,4666.2297414508,30.0
85.49107371555549,27.90409504606614,207.49782,2075,42.379574,10,0.48710683,4.496347,14.811795946434906,5272.665360138077,30.0
85.49195128474781,27.903200201104795,175.37909,2065,34.298035,30,0.37448558,4.496347,14.920235493421464,5168.713573027625,30.0
85.65203403365645,27.75869297394389,189.8625,1247,32.651463,10,0.5709545,4.3611135,14.58985148553772,3750.0,90.0
85.65245447001298,27.75765641335188,219.29362,1205,31.240522,10,0.48783407,3.9692416,14.420849268834798,3630.0,60.0
85.56802322654283,27.778729201488275,24.61782,965,33.378128,10,0.6037028,4.549546,14.055150201790727,607.4537019394976,42.42640687119285
85.5630746441098,27.77791738760816,335.2753,921,25.695961,30,0.25410733,4.463525,14.497214309943368,1056.834897228512,30.0
85.87140872271326,27.75760878465404,308.089,830,39.12752,10,0.6147129,5.719096,13.659179031315947,60.0,108.16653826391968
85.59579450459191,27.744547769141345,,0,,0,,4.5083346,,502.8916384272063,0.0
85.93773942082139,27.72241170334207,355.46735,2093,42.787277,10,0.7489481,4.780184,14.635793007729427,7530.239040030536,305.9411708155671
85.95680462431424,27.98813323296377,143.26294,3011,41.630196,30,0.34259903,4.106739,15.315973873323081,1214.9074038789952,1323.0646242719968
85.9271389952118,27.75254675981621,244.11249,1972,32.223183,10,0.8453691,4.780184,14.743881390699624,4591.666364186318,465.72524088780074
85.9488854300373,27.747618289675927,11.871889,2572,35.42381,10,0.78927565,4.780184,14.75245841358525,6762.52171900394,1087.0602559196063
85.6765286212418,27.751641853074112,242.0324,807,42.983402,10,0.5033122,4.021889,14.213611352341372,3875.6934863324786,60.0
85.73843780302849,27.755169687014625,342.68628,1470,26.184528,30,0.6819299,4.136266,15.195537349225935,3228.451641267064,30.0
85.70985614641671,27.657254709181228,122.78862,848,25.560513,30,0.2514235,3.552036,14.077065050164004,300.0,108.16653826391968
85.94222867468315,27.74230435384973,228.48953,2554,33.403748,30,0.36915886,4.780184,15.171569927685512,6576.640479758644,127.27922061357854
85.92089945072215,27.747760664584195,324.84006,1864,56.73927,10,0.74913293,4.780184,14.020918354738166,4458.004037683232,432.6661530556787
85.92027020877677,27.74707094407147,310.87106,1889,47.42614,10,0.76985943,4.780184,14.505322020737248,4476.438316340347,324.4996147917591
85.91958629123444,27.748700472507217,294.97552,1694,20.97615,10,0.7174178,4.780184,14.84985759263358,4286.9569626951,342.05262752974136
85.91799957722547,27.74162955014142,225.76746,1718,45.59697,10,0.5786133,4.780184,14.440242000563872,4522.4440295044005,0.0
85.9335947318998,27.74827451475804,267.54794,2427,48.620514,10,0.70505923,4.780184,14.569866759917845,5410.40663906143,94.86832980505139
85.9415862315965,27.742700182085677,220.0081,2545,36.490147,30,0.46329114,4.780184,14.922001582086377,6491.794821156935,134.1640786499874
85.9209668890966,27.735979709780644,242.2768,1589,33.47071,30,0.45232558,4.780184,14.730008835428618,5144.015940877322,0.0
85.49385314865592,27.85623802757023,333.93628,1423,33.69346,10,0.66684824,4.607892,14.39241236581892,5028.021479667723,361.2478373637689
85.62705095491403,27.99221842514057,206.83966,1594,40.453617,30,0.6015276,4.772528,14.443658018918962,2078.6774641584007,30.0
85.49001833048419,27.854662656004724,351.3099,1493,31.21181,10,0.59922296,4.607892,14.909240132310549,5478.923251880793,301.4962686336267
86.0056288941357,27.765282359364324,239.46326,2619,45.553787,10,0.7449284,4.674496,14.721058625852912,12637.729226407724,721.2489168102784
85.4416497904068,27.94244289990381,0.0,0,0.0,0,,,,,
85.54053570648878,27.987197931547644,178.67607,1902,38.428925,10,0.72452444,4.726099,14.653859274869486,5765.0758884857705,90.0
85.57565468392582,27.969406466334743,169.31349,2544,41.655262,60,0.45351008,4.8086514,14.922236940646174,4067.849554740195,60.0
85.90145383248989,27.63893790295222,170.50621,1770,41.54988,30,0.56142586,4.343434,14.85008647144395,9439.899363870358,108.16653826391968
85.90170339702384,27.63960707419466,149.9007,1868,34.69481,10,0.62139916,4.343434,14.089627280377904,9503.515139147199,152.97058540778355
85.90765278774867,27.64447208632372,78.769905,1676,47.217735,30,0.40202966,4.343434,14.618068232376011,10352.391028163493,30.0
85.89761467545966,27.639700878255464,200.61995,1802,43.04464,10,0.5345364,4.343434,14.476581496188059,9192.39359470644,0.0
85.89816489199136,27.640368957128167,186.28462,1892,33.731483,30,0.45217144,4.343434,14.685372680283532,9277.181684110752,42.42640687119285
85.89081297498255,27.658027762825725,275.3829,1970,40.787045,10,0.65495527,4.343434,14.641499456979872,10937.664284480485,241.86773244895647
85.87949919292112,27.634412007574408,34.5492,1556,63.032845,10,0.8174827,4.343434,13.559051177168923,7464.274914551313,42.42640687119285
85.98090730227015,27.7563662432733,333.77628,2138,35.13623,10,0.8757764,4.1832337,14.73435814643782,9515.298208674281,1087.0602559196063
85.83607680786129,27.71479479765839,41.11666,1217,25.300842,10,0.66466033,5.719096,14.764792566320542,4036.0872141221134,108.16653826391968
85.81505513082448,27.74083251658202,268.69995,1175,35.50759,10,0.75262207,5.6687784,14.496977272990478,570.0,323.10988842807024
85.78192469682324,27.75000221202761,322.6664,920,39.157925,10,0.6582998,4.7094727,13.923590381132868,330.0,134.1640786499874
85.94071103287907,27.84995325164445,341.6597,2632,63.183746,30,0.7197197,4.586505,14.887092413161827,4863.424719269335,902.4965373894794
85.95058490085708,27.85105210380948,353.7537,2613,45.274715,30,0.6587473,4.586505,14.775508765486817,5561.906148075496,937.709976485267
85.99351272968036,27.78188861758532,356.84412,2228,33.61225,10,0.88235295,4.674496,14.611625532323519,13755.842395142508,517.880295048962
85.99446485697034,27.781124864093396,8.041824,2272,55.197388,10,0.94565743,4.674496,15.962959467667268,13639.017559927108,450.0
85.99818880535956,27.781877901385467,306.16165,2285,27.530474,10,0.84,4.674496,14.561741223247687,13216.48970037052,617.7378084592201
85.99697833508355,27.780560854164285,23.343103,2380,44.118645,10,0.82044446,4.674496,14.717300596723796,13374.550459735086,416.7733196834941
85.98547046429005,27.788701726085517,342.51462,1699,45.993385,10,0.26435572,4.674496,14.548020065258797,9510.0,0.0
86.01842175892799,27.753032017917207,128.53615,2894,13.1620455,10,0.81434184,4.018328,15.755095798506614,11613.759081365517,1347.3306943731372
86.02043579387657,27.75293314351415,283.81082,2829,18.72965,10,0.8272907,4.018328,15.66203777711957,11415.97564818706,1266.0568707605514
86.00233723221726,27.760167043198415,156.70811,1986,55.96167,10,0.5189068,4.674496,14.129582241343265,13112.05933482609,161.55494421403512
85.97668442646207,27.788769424341123,321.8207,1520,25.344088,10,0.8143041,4.674496,14.94273490464005,8550.0,313.20919526731655
85.98441506579829,27.76130874527655,8.990274,1676,39.3331,10,0.87663215,4.674496,14.364426292253668,9735.91290018558,436.80659335683106
85.98227664296284,27.76078770212581,22.769787,1753,50.863895,10,0.7979452,4.674496,14.411726144408208,9519.600831967693,591.6924876994806
85.9804539219601,27.76209249831304,77.63669,1744,63.900887,10,0.82122904,4.674496,14.947485806506315,9277.812242118289,570.0
85.98028305232774,27.763440536350288,21.890879,1728,38.133884,10,0.85827667,4.674496,14.582215678997132,9211.51453345214,420.0
85.96868367288262,27.77755095580169,36.464634,1378,27.624834,10,0.7637199,5.2163897,14.716241443615049,7678.417805772228,330.0
85.96426439256877,27.78020741575961,1.6185671,1299,32.933926,10,0.8428638,5.2163897,14.683925003238766,7179.031968169525,67.0820393249937
85.9544094560524,27.78291520866082,22.970314,1199,22.878057,10,0.7270241,5.2163897,14.028098733662425,6060.297022423902,60.0
85.95372853982431,27.782807216885608,16.42872,1244,49.346073,10,0.71161306,5.2163897,14.009129979993542,6000.299992500375,84.8528137423857
85.92246604223978,27.781100377428917,0.99621356,1052,46.461533,10,0.6825667,5.2163897,13.82121806555183,2534.4230112591704,42.42640687119285
85.92438012852486,27.78116043268913,341.9418,1118,41.5209,10,0.77074546,5.2163897,13.878762736203186,2740.5291459862274,152.97058540778355
85.92406739053212,27.781206121357503,325.50958,1103,45.047066,10,0.70566595,5.2163897,13.757951875632576,2710.645679538364,161.55494421403512
85.93634844262179,27.781868883980263,312.8578,1082,45.66163,10,0.75972223,5.2163897,13.764925518161139,4053.9980266398748,189.73665961010278
85.54033447385773,27.96373426535684,191.87427,1641,49.185577,30,0.4994614,4.987441,14.254642076349755,3328.2427796060792,30.0
85.54399424820105,27.965716536139677,171.47755,1853,48.062683,30,0.56497693,4.987441,14.262484628649458,3360.2678464670043,228.47319317591726
85.93174371550687,27.77905875347696,21.747799,1387,30.649303,10,0.33676755,5.2163897,14.94371064179992,3572.394155185007,30.0
85.93896169729734,27.782682321032137,25.5573,1090,25.010464,10,0.79735905,5.2163897,14.39491420127025,4350.930934868997,90.0
85.9393398343627,27.782373515213365,19.053299,1097,31.655348,10,0.8296296,5.2163897,14.39528056352951,4381.643527262344,123.69316876852982
85.94194167399763,27.781945435520974,23.801756,1118,35.95696,10,0.70611656,5.2163897,14.255419823191588,4682.403229112161,174.92855684535903
86.027256820397,27.75341633214782,314.95462,3047,45.230804,30,0.67991847,4.018328,14.982568019282535,10663.850148984653,576.2811813689564
86.01533440380645,27.75001132338484,78.33258,2736,29.262917,30,0.7541448,4.018328,15.403142104733739,12064.663277522503,1132.0777358467924
86.01579994279025,27.752370185241737,183.46416,2801,42.24493,10,0.7862505,4.018328,15.049460267428156,11916.685780870452,1072.0541031123382
86.01660641631814,27.751833970598582,212.95724,2760,49.644196,30,0.8711095,4.018328,14.73992765933681,11851.822644639939,1176.5202930676546
85.8710403760774,27.76733041600652,129.40796,1086,18.339727,10,0.48093647,6.0451574,14.742329598507547,458.91175622335066,218.40329667841553
85.91815528476062,27.71165633843002,181.13527,1933,42.703423,10,0.5799868,4.370652,14.687017460217877,6881.780292918395,30.0
85.92285470834955,27.71036641751735,246.12318,1967,34.210606,30,0.16989419,4.370652,14.83472677236529,7302.08874227094,0.0
85.92323607511017,27.709967873638515,256.018,1979,31.089102,30,0.43267503,4.370652,15.066837262362453,7386.155969108694,30.0
85.77897469674416,27.75038742244283,343.4397,800,32.690525,10,0.38373643,4.7094727,13.992253302243816,0.0,30.0
85.88108878769984,27.84838466096994,261.1315,1066,32.211266,10,0.6291313,4.586505,14.515459131445747,0.0,84.8528137423857
85.88100148791175,27.84970360734243,312.03513,1012,51.4993,10,0.6146264,4.586505,13.006683320436904,0.0,30.0
85.93282355230203,27.7474577144302,279.8762,2403,48.556446,30,0.36433837,4.780184,14.604459047890815,5414.397473403666,0.0
85.94748488129736,27.72154731455571,,2595,,10,,4.780184,,8513.342469324254,108.16653826391968
85.90096909943209,27.712579962399392,251.00247,1477,19.19274,10,0.7933475,4.370652,15.148137486829055,5736.906832082947,722.4956747275378
85.91119850630805,27.70751964886971,205.83067,1648,14.1325035,30,0.6019271,4.370652,15.69239023685778,6891.908298867593,283.0194339616981
85.93190410653821,27.71077636055063,241.58572,2540,48.30647,10,0.70286214,4.370652,14.827926204322031,7937.820859656635,218.40329667841553
85.93273996041604,27.70717635567064,252.59087,2455,42.60727,10,0.7569328,4.370652,14.800501726373264,8286.301949603332,351.14099732158877
85.93265352222588,27.706108673774327,262.58194,2429,51.42537,10,0.65475637,4.370652,14.440924999593008,8356.440629837563,360.0
85.93061569890912,27.696876396974787,190.11111,2269,31.998774,10,0.7441777,4.370652,14.67542252300408,9025.563694307408,192.09372712298546
85.91622602433199,27.75998392358841,215.62634,1841,39.232502,30,0.25670296,5.2163897,14.284499255544684,3162.5464423467365,120.0
85.91717694587294,27.759996033134037,189.43552,1904,48.1344,30,0.25147527,5.2163897,14.349965983681484,3228.8697712976905,120.0
85.9179549019951,27.759611334005303,242.18643,1885,47.083126,30,0.36307564,5.2163897,14.312084894107,3316.0518693168838,134.1640786499874
85.91881670338448,27.757483151340622,241.05394,1836,68.265625,10,0.68195236,4.780184,13.515861436531557,3544.192432698879,192.09372712298546
85.94722755345657,27.75131622072218,1.5411178,2477,53.678497,30,0.8063063,4.780184,14.670211829687112,6373.641031623918,1240.2015965156631
85.94403213291905,27.75136378509641,20.227312,2548,38.43477,10,0.77559054,4.780184,14.839663285115147,6078.758096848402,954.829827770373
85.92774377357715,27.76137788454159,3.0322597,2194,46.053574,10,0.82510823,5.2163897,14.576168451942761,3949.645553717447,400.24992192379
85.92485586213385,27.762856596109252,357.91223,1960,45.12316,10,0.79620034,5.2163897,14.538689077053258,3603.1236448392942,361.2478373637689
85.91901787416306,27.76190174277726,327.07388,1973,59.774517,10,0.68701553,5.2163897,14.064541377174143,3208.87830869293,94.86832980505139
85.91969532693946,27.770431450614332,311.50314,1499,27.157692,10,0.4519573,5.2163897,14.805248152901953,2621.011255221923,240.0
85.91917746004373,27.765945071109925,24.074816,1687,37.3216,10,0.587793,5.2163897,14.770445827053909,2887.8019322661307,30.0
85.93162788797163,27.723885521306592,348.91245,1971,58.25942,10,0.8010949,4.780184,14.023181142752538,6915.374176427476,123.69316876852982
85.93456642557922,27.718461668431885,37.76158,2231,35.6279,10,0.85515547,4.780184,14.99713198856943,7552.436692882636,127.27922061357854
85.76717860570484,27.77433037705996,322.63257,898,37.00244,10,0.6754855,5.3619227,13.971711230284962,60.0,0.0
85.68039718815184,27.71637257710023,261.4509,1162,44.422478,10,0.511687,4.021889,13.770638552121435,1081.6653826391967,127.27922061357854
85.62198039893185,27.77794183623643,186.44847,1336,33.089615,30,0.31438348,4.3611135,14.366576465086316,3013.171087077533,0.0
85.6791950193381,27.76328237207557,259.96396,1102,39.89602,10,0.7064897,4.263062,14.088466618108237,5092.317743424894,60.0
85.71430852369708,27.78767718210888,104.68837,1374,56.869225,10,0.5767801,4.5418735,13.888295132791733,5400.0,94.86832980505139
85.63360729469596,27.76230701925869,147.27528,1055,44.460304,30,0.46787903,4.3611135,13.798325109663041,3012.723020790328,30.0
85.67213338519676,27.77102882041749,106.43282,1062,53.939762,10,0.7463515,4.263062,14.078901549896933,5509.718686103674,108.16653826391968
85.65264016419465,27.81054117397425,114.53734,1135,31.950829,10,0.7301868,4.4971914,13.980012516693384,7940.994899885026,400.24992192379
85.85358397487711,27.77535685146232,186.83556,1951,47.097702,10,0.70125496,6.0451574,14.487785904894622,1920.0,276.5863337187866
85.84039313006416,27.814942076664764,356.26794,2078,40.149403,10,0.698044,5.761692,14.830790571717538,3342.409310661996,697.7822009767805
85.87303789234429,27.828877915918085,217.01093,1135,33.78183,30,0.46509275,5.761692,14.34871520451277,0.0,84.8528137423857
85.83898110022498,27.81476460967863,3.529009,2072,60.728226,10,0.6312757,5.761692,13.992120745687176,3488.911004883902,618.4658438426491
85.83724352434076,27.81495372830711,41.387474,2138,55.722656,10,0.68375134,5.761692,14.212458807730759,3663.0724808553814,630.0
85.83660649817153,27.815493670153536,46.66768,2170,56.480625,10,0.6793226,5.761692,14.17924975637473,3691.950703896248,690.0
85.83181257978977,27.819176325017864,33.55756,2260,55.534794,10,0.7147484,6.7913833,14.514282961662143,4054.885941675795,127.27922061357854
85.82998042192558,27.81966629563388,106.979294,2404,58.11565,10,0.64745146,6.7913833,14.511172271710022,4242.004243279349,30.0
85.83037305648102,27.820662440772303,83.897865,2336,59.16374,30,0.47709593,6.7913833,13.55504822625195,4162.222963753864,30.0
85.82903032098974,27.82378096871553,96.11866,2461,67.631386,30,0.60599643,6.7913833,13.903821709805186,4242.640687119285,90.0
85.8290137362237,27.82705347762771,79.5133,2424,38.675953,10,0.7501839,6.7913833,14.624271355604266,4206.851554309945,30.0
85.82833043087264,27.820659495939317,98.385124,2530,23.942616,10,0.40355584,6.7913833,15.46891936336392,4396.10054480104,94.86832980505139
85.48493878438704,27.893129874628407,132.47052,1849,34.809246,10,0.60411114,4.496347,14.707124554989965,5880.0,228.47319317591726
85.48660549655824,27.89895990716892,104.57066,1784,17.834545,10,0.819016,4.496347,15.09723980659695,5711.357106677886,30.0
85.48758470207204,27.894428221088912,118.91547,1793,26.665186,10,0.7075438,4.496347,15.073819949651304,5580.0,123.69316876852982
85.48580976973697,27.90757297936178,175.86871,2271,37.336655,10,0.69491524,4.496347,14.998296277575964,5938.560431619771,60.0
85.48859168365857,27.907817899016734,186.09354,2316,40.78851,10,0.7178757,4.496347,14.807842053950045,5624.419970094694,30.0
85.48844625445815,27.903830510688397,172.14308,2037,33.821613,30,0.5731629,4.496347,14.793873797467313,5563.281405789213,30.0
85.48942351488418,27.90271387708868,151.00351,1958,42.20421,10,0.7007313,4.496347,14.592822948755778,5426.352366000572,60.0
85.48938503700171,27.902317132510404,164.20448,1940,31.2003,10,0.69736093,4.496347,15.102296987374475,5418.0531558854245,108.16653826391968
85.53301362585832,27.887450548152746,142.97418,1091,38.335915,10,0.48507172,5.103636,14.137689150261561,510.8815909777921,0.0
85.5307935974324,27.8870951758079,163.82262,1106,33.31899,30,0.4834244,5.103636,14.206649256085852,782.3042886243179,42.42640687119285
85.52460241526919,27.88697114227621,154.1322,1142,32.197067,30,0.4798651,5.103636,14.266166376563955,1472.7525250360293,0.0
85.52140884588317,27.886020177810327,165.74924,1190,39.29636,30,0.5966574,5.103636,14.246583549833474,1838.8311504866347,30.0
85.52050284669085,27.88589609060036,176.84111,1201,33.612328,30,0.38400432,5.103636,14.410125655907565,1931.4502323383847,0.0
85.52097263213366,27.88589747642753,171.02898,1200,35.17214,30,0.46890044,5.103636,14.164260737971809,1871.8172987767796,30.0
85.51624928897157,27.89211849256269,166.73654,1494,38.60063,10,0.5891892,4.607892,14.36042974726038,2400.0,0.0
85.51647316172806,27.89246323284021,168.37546,1512,36.023785,30,0.5251054,4.607892,14.505023200231292,2370.0,30.0
85.51720311718918,27.893389343479747,181.70549,1591,31.608469,30,0.36541063,4.496347,14.561947230160836,2280.0,60.0
85.52005508121363,27.892750300582197,195.00133,1548,32.49057,10,0.55368716,5.2217073,14.701363453385786,1980.0,42.42640687119285
85.51889251125421,27.891112587919007,201.31314,1458,26.743933,30,0.54208755,4.607892,14.872321680907296,2100.0,30.0
85.51868844297223,27.8914345027648,229.73509,1460,29.944399,10,0.5795574,4.607892,14.743648665073486,2130.0,30.0
85.51872628313977,27.891743702943742,229.64078,1472,32.002724,30,0.5366902,4.607892,14.807442653297583,2100.0,0.0
85.51878533321653,27.891967553473908,225.0254,1485,30.773,30,0.56526446,4.607892,14.865825448606708,2100.0,30.0
85.51663888227112,27.89131254539897,157.43086,1412,40.66206,30,0.4683672,4.607892,14.337990825969433,2340.0,30.0
85.51700543549823,27.89100352096508,200.66362,1383,29.723125,30,0.6065999,4.607892,14.775547902552416,2310.0,0.0
85.51018617294528,27.890999140574237,181.11755,1320,43.200207,10,0.3503673,4.607892,14.781434083579047,3060.0,60.0
85.50910307409681,27.89252979970187,146.35405,1448,33.470295,10,0.8321385,4.607892,14.43086942681408,3180.0,60.0
85.50960795785059,27.8936012638976,152.09354,1512,40.726532,10,0.7020535,4.496347,14.503579428219876,3120.0,30.0
85.51096512894931,27.89440009111713,73.58483,1496,15.982375,10,0.79868853,4.496347,14.701442457577834,2970.0,201.24611797498108
85.51154522489664,27.895807322855187,161.07458,1551,48.478725,30,0.59179103,4.496347,14.0976703656581,2910.0,182.48287590894657
85.49946860673622,27.89358436374912,167.5923,1555,30.82438,30,0.49340084,4.496347,14.536750822293772,4260.0,0.0
85.50018394578669,27.89390609492948,168.48842,1600,39.556847,30,0.49550542,4.496347,14.331534554242886,4170.0,0.0
85.50106779467288,27.8929828637065,148.5503,1479,35.072113,60,0.37927106,4.496347,14.619784362277732,4080.0,30.0
85.50256438539242,27.893020730216268,162.26794,1444,38.017544,30,0.56017107,4.496347,14.577528044102463,3900.0,60.0
85.57642720491006,27.83680086797774,111.07943,889,37.421097,30,0.25786376,4.647837,13.854492169131047,0.0,0.0
85.49317173455192,27.89499973385234,196.50652,1659,35.34086,60,0.44099188,4.496347,14.654264770676994,4950.0,60.0
85.57707732820586,27.83904990932185,127.62845,861,42.033817,10,0.71804875,4.647837,13.729272888788756,180.0,0.0
85.48900282259589,27.887524428408177,130.08997,1852,26.690228,10,0.64768755,4.607892,14.942965763627026,5430.082872295781,0.0
85.49632896408595,27.860698430439463,173.85153,1388,34.365097,10,0.49479368,4.607892,14.40341713167419,4666.904755831214,30.0
85.49629664344938,27.859526683615368,173.21016,1304,31.777388,60,0.15751667,4.607892,14.712444698934846,4690.469059699681,120.0
85.49705766478658,27.8595437487134,176.40433,1293,30.281048,60,0.4022637,4.607892,14.33650660245384,4596.661832243047,90.0
85.50492633119929,27.861645147803763,163.36455,1226,41.8422,10,0.79318637,4.607892,14.048493717639069,3704.1193285314125,216.33307652783935
85.50408356513637,27.86126600726736,142.9809,1209,40.41519,10,0.37675005,4.607892,13.875591301158853,3797.6966703516487,192.09372712298546
85.50313539176494,27.86077694509608,148.06612,1233,43.06542,30,0.30112866,4.607892,14.177498772577062,3896.3059428130127,212.13203435596427
85.50364640704828,27.860934238572604,151.63765,1209,38.987556,60,0.13637629,4.607892,13.946687407269978,3832.140394087878,201.24611797498108
85.56659195687534,27.841065482044343,196.17085,1038,33.31812,10,0.56225425,4.647837,14.476111481720759,0.0,30.0
85.50386358181946,27.86112688515545,146.31456,1226,47.451015,60,0.13637629,4.607892,13.946687407269978,3832.140394087878,201.24611797498108
85.49123027303793,27.857918612753405,175.02742,1390,32.362766,30,0.15493791,4.607892,14.657363279128202,5254.112674848151,108.16653826391968
85.49005456464833,27.85722496503544,98.382355,1371,12.52145,60,0.54577935,4.607892,14.914144344102485,5412.818119981494,30.0
85.48897847964238,27.857111527491835,162.62769,1405,38.561478,30,0.18931834,4.607892,14.737105496178462,5536.361621137116,134.1640786499874
85.48314029654009,27.872646111418067,235.21764,1982,51.308258,10,0.6068117,4.607892,14.32696121194612,6090.0,210.0
85.48551961279519,27.87152446299307,180.0,1891,40.089466,10,0.79389435,4.607892,14.270777523654042,5820.0,90.0
85.48870281248466,27.87285210188904,195.30626,2082,46.13848,10,0.39816773,4.607892,14.337539055650772,5460.0,120.0
85.5091346830284,27.86326020892626,171.42337,1216,44.486973,10,0.40916222,4.607892,14.252349125675458,3203.825837963106,67.0820393249937
85.5392737115638,27.868994226649804,161.11984,963,36.340214,30,0.3472741,5.103636,14.182149723880102,0.0,0.0
85.53759689513099,27.86834894493793,188.0482,963,27.61683,30,0.26351467,5.103636,14.357759117597745,0.0,120.0
85.53783852168262,27.868380627990703,181.85114,966,29.547504,30,0.26351467,5.103636,14.357759117597745,0.0,120.0
85.5201773401451,27.871470629424973,132.51273,1317,33.851475,10,0.5024461,5.103636,14.366030068745033,1950.0,335.4101966249685
85.5203492812658,27.87206800305316,165.5332,1349,43.618935,10,0.6536529,5.103636,14.224606945900646,1920.0,379.47331922020555
85.52120417535663,27.871689835973797,149.2942,1296,36.983192,30,0.46209264,5.103636,14.541225914350555,1830.0,331.36083051561786
85.51959020939633,27.870359251752628,138.74063,1286,46.53755,10,0.5000771,4.607892,14.237752013618916,2010.0,258.0697580112788
85.51911209718624,27.86795117966519,133.85771,1112,49.43512,10,0.5621735,4.607892,13.811478651431147,2070.0,150.0
85.51650612851815,27.866034761178028,159.34076,1105,39.706665,10,0.465371,4.607892,14.055124688608625,2370.7593720156415,108.16653826391968
85.48924704039989,27.86322522391244,194.10979,1569,42.02936,60,0.3226014,4.607892,14.611309427635547,5414.065016233181,123.69316876852982
85.47985484419934,27.871488829388248,149.08334,1846,43.899506,10,0.6579085,4.607892,14.634234740980773,6450.0,90.0
85.49632767564091,27.89200467994047,85.698326,1552,40.802666,10,0.80581325,4.607892,14.965925283973357,4620.0,30.0
85.49599651790346,27.89266345167248,67.80852,1549,14.421194,30,0.71860665,4.607892,14.8317362076925,4650.0,0.0
85.48986012147054,27.89307243214943,10.39689,1723,31.339142,10,0.7604752,4.496347,14.817020247329168,5340.0,120.0
85.51063503662152,27.89960116609207,161.09709,1969,52.439983,30,0.4712684,4.496347,14.478289637989485,3029.257334727441,216.33307652783935
85.48653932209903,27.8867226245812,100.98017,1997,37.412365,10,0.7908041,4.607892,14.866645863484328,5701.263017963652,0.0
85.488048887164,27.88739299693835,128.42204,1918,42.35527,10,0.48750666,4.607892,14.743886501744413,5520.0815211371655,30.0
85.50552691354443,27.89950905010708,187.39824,1924,44.8778,10,0.53636366,4.496347,14.470377919041368,3594.6209814109748,84.8528137423857
85.56507690818493,27.807503186216763,208.68059,1051,29.769567,10,0.5618196,4.647837,14.527833214325316,849.5881355103778,42.42640687119285
85.56902900447724,27.798059343785017,118.239204,895,30.182817,30,0.28119293,4.549546,14.261103255435785,210.0,30.0
85.566714454023,27.79676185140085,117.957794,985,31.861624,30,0.52030677,4.549546,14.140627497044385,450.0,0.0
85.5750791168121,27.809524007256016,79.96812,813,33.043953,30,0.3195418,4.647837,14.224565909708744,0.0,0.0
85.76260888005757,28.039483134763373,55.825783,2757,40.84539,10,0.7128954,4.90307,14.9655034145967,550.7267925205746,952.9428104561155
85.57408429110004,27.806752508115743,136.90482,845,32.73625,30,0.65657073,4.647837,14.192089397107818,120.0,0.0
85.57450201859298,27.80829278399209,114.77262,869,24.872032,30,0.62401867,4.647837,14.426796642861216,90.0,30.0
85.5449782756327,27.882096492629284,290.8913,1140,59.898983,60,0.076358825,5.103636,14.28478284118736,0.0,120.0
85.51338552031973,27.81838849728549,185.5355,1250,29.64968,30,0.16035055,4.804811,14.602751165161306,5394.163512538344,0.0
85.57377286274462,27.84089247174462,133.52362,1119,34.2817,30,0.33258027,4.647837,14.316906943367117,390.0,0.0
85.58083436850276,27.81899460075365,134.21207,901,37.454823,30,0.20847842,4.647837,14.412333384634932,210.0,30.0
85.58107576534546,27.819355801163404,153.1683,909,34.58058,30,0.20717782,4.647837,14.279678864556406,240.0,0.0
85.58156372702325,27.81947566291522,166.26227,903,31.657413,30,0.49355894,4.647837,14.406799772073267,300.0,42.42640687119285
85.56316738682418,27.81402927562734,109.76413,1075,31.895351,30,0.47515678,4.967406,14.224731419405755,870.0,0.0
85.54813569883477,27.804456245344557,35.732185,1420,12.3723545,10,0.5491717,4.967406,15.731036664494868,2571.0892633278995,30.0
85.6202482781522,27.7775944322304,149.18315,1361,34.159523,30,0.17942558,4.3611135,14.503538285132816,2808.0064102490933,0.0
85.61990074893444,27.77727220944195,174.8334,1353,22.114132,30,0.19279785,4.3611135,14.634064098899021,2766.026030246281,0.0
85.59615748966326,27.76555281973307,228.49564,803,49.540726,10,0.5774316,4.549546,13.453100580465879,60.0,60.0
85.55607503121853,27.85446759516138,195.18704,1168,39.985844,60,0.2608255,5.103636,14.146923248197107,218.40329667841553,0.0
85.59121961068924,27.86527553785209,137.1028,1057,31.745798,30,0.5164491,5.267828,14.17651558640908,60.0,180.0
85.58540593747404,27.850627929091065,150.51172,866,32.304913,30,0.43572462,5.267828,14.131548442165393,60.0,94.86832980505139
85.58578498642115,27.850761354494757,145.455,851,24.323828,30,0.28174093,5.267828,14.11629743911622,90.0,120.0
85.57888302911299,27.842837976862015,129.28026,974,43.411526,10,0.78073645,4.647837,13.67105985099854,30.0,42.42640687119285
85.57912011228038,27.843111337365524,131.48409,975,44.34825,10,0.58293104,4.647837,13.800610457448656,0.0,30.0
85.58356169942304,27.860123752189622,101.97947,1122,25.076872,10,0.47894052,5.267828,14.742774866924929,450.0,0.0
85.57967204939467,27.847012844838066,127.88622,1065,30.110632,60,0.35647044,4.647837,14.31971191668882,150.0,0.0
85.57531646397207,27.86961076628737,104.677765,1390,27.071276,10,0.5713023,5.267828,15.085035563835469,1574.3570116082312,0.0
85.58078780916063,27.850878251940287,158.61952,1041,24.32239,30,0.17536116,5.267828,14.646257332401515,313.20919526731655,0.0
85.59004084064186,27.844749863305104,231.4874,1066,25.076763,30,0.18351594,4.647837,13.986879073802013,323.10988842807024,442.944691807002
85.59620653571922,27.827288109769466,199.28993,1374,35.766193,30,0.32124433,4.647837,14.465689568612948,1836.627343801676,201.24611797498108
85.63905880727872,27.80980206196188,165.5896,1613,20.188452,30,0.26354843,4.4971914,15.290800483506986,6690.0,67.0820393249937
85.63896515883685,27.806868078702912,180.0,1524,12.769178,60,0.1637158,4.4971914,15.875012979119019,6589.76479094664,42.42640687119285
85.62221046636637,27.803763472810523,122.753525,1437,25.581738,10,0.6674795,4.4971914,14.910378656767415,4830.0,201.24611797498108
85.62250173447542,27.80399206096795,115.35467,1426,29.554821,30,0.72558594,4.4971914,14.733628296734189,4860.0,216.33307652783935
85.9827686099943,27.75681666380319,34.370815,2146,36.695545,10,0.8082759,4.1832337,14.80206158791334,9677.034669773588,986.8130522039115
85.60886378262535,27.824604441416497,163.8671,1542,35.92744,60,0.2611593,4.647837,14.423805211192274,3193.133257476111,0.0
85.66663938325338,27.783266998702093,113.8626,1210,35.763927,10,0.7834269,4.263062,14.458448184171312,6625.315086846813,30.0
85.65048572461482,27.794388592627683,184.2164,1259,36.74716,10,0.53305703,4.3611135,14.317053570380207,6649.586453306702,60.0
85.66419874279768,27.780063520110183,120.93605,1335,33.475224,10,0.6257521,4.263062,14.862886325331258,6249.367968042849,123.69316876852982
85.66899819606184,27.78903811064572,62.040512,1168,31.86019,30,0.26828578,4.263062,14.30033350421159,7328.171668294896,30.0
85.66258449829442,27.798816990151597,118.70526,1273,41.22752,30,0.38130537,4.263062,14.183391157533904,8052.583436388599,30.0
85.66281938474955,27.797208210398427,90.0,1245,21.021204,30,0.57464737,4.263062,14.99388811213327,7989.806005154318,90.0
85.6630296689784,27.797497782664426,68.96279,1244,24.272774,10,0.65021676,4.263062,14.422231170632594,8030.5915099698595,120.0
85.66148029076916,27.79491868379045,95.94156,1348,32.027187,30,0.39178082,4.263062,14.426399353952348,7742.848313120954,30.0
85.6619860852901,27.79501122344002,98.16351,1312,34.372025,30,0.2590644,4.263062,14.51011099111763,7785.274561632365,30.0
85.67430659504268,27.86037036921216,166.89088,2277,29.471272,10,0.5902644,4.6264033,15.19084363183669,6694.9085131912,60.0
85.67308682860227,27.85604391358376,197.37215,2129,38.56145,10,0.6742438,4.6264033,14.799971929021826,6796.506455525515,361.2478373637689
85.67233326220116,27.85708051104268,195.78925,2205,36.508472,10,0.5027283,4.6264033,14.745803673551636,6698.805863734222,254.5584412271571
85.6735129023104,27.856963161641627,153.0247,2204,36.00061,10,0.56825536,4.6264033,14.91331322701814,6802.264328883434,342.05262752974136
85.67365557210435,27.850718292968,146.01006,1723,45.43302,10,0.678501,4.6264033,14.24971165741236,7174.01561191499,362.49137920783716
85.67156317304766,27.842937030353863,108.92508,1770,43.480335,10,0.56432194,4.6042256,14.454982743275314,7546.475998769227,276.5863337187866
85.66757702464679,27.838217497483797,153.94006,1764,33.692608,30,0.4803667,4.6042256,14.53632784462554,7597.288990159582,276.5863337187866
85.67581239150985,27.8359203132508,144.13293,1391,50.625137,30,0.3603826,4.6042256,13.946407474132052,8404.284621548702,234.30749027719963
85.66904933382294,27.83063417015484,109.480316,1467,21.222794,10,0.68999046,4.6042256,14.511964263855491,8294.389670132457,268.3281572999748
85.66880930763996,27.829939986057862,87.798096,1502,40.119217,10,0.65801525,4.6042256,14.646689819000402,8316.008658004152,324.4996147917591
85.66794677634589,27.82921700835482,87.18731,1556,33.415604,10,0.57592434,4.6042256,14.85484252812353,8318.281072433174,276.5863337187866
85.6683060844479,27.82945156378386,91.20623,1537,37.559418,10,0.58608526,4.6042256,14.507746473144042,8338.111296930498,331.36083051561786
85.66840192179494,27.827978641648063,70.519226,1561,41.144608,10,0.7598049,4.6042256,14.34612054135906,8468.559499702413,240.0
85.9487681034803,27.981524836622977,216.05301,2632,29.276484,30,0.4211158,3.810093,14.6204389208866,1583.1929762350514,174.92855684535903
85.66678619809242,27.82787837297025,57.9363,1652,27.401657,10,0.65204,4.6042256,14.933787556482207,8340.053956659993,134.1640786499874
85.66731886740764,27.82815905659112,63.729477,1601,41.275455,10,0.7257443,4.6042256,14.4264022441486,8363.276869744299,201.24611797498108
85.65797765712668,27.812350397765105,134.50168,1110,34.715805,10,0.65511376,4.6042256,14.57416666419644,8506.309423010664,360.0
85.641150365102,27.825901577396213,230.4633,1364,35.45195,10,0.78957,4.4971914,14.371424068141955,6144.949145436437,234.30749027719963
85.65052967403842,27.868473677251856,64.412735,1603,25.978188,10,0.73167896,4.559856,14.872861461534638,3952.9482668003634,67.0820393249937
85.66226952384446,27.85102444841242,102.46433,2228,34.019974,10,0.62588567,4.6264033,14.883801134470842,6163.667739260448,30.0
85.64877549639321,27.86001091674804,87.335884,1921,34.85855,30,0.7844151,4.559856,14.244146158373468,4391.184350491334,480.93658625644196
85.64970450320881,27.861218839765417,111.33767,1857,40.207253,10,0.6328424,4.559856,14.782883204445854,4375.0657137921935,349.85711369071805
85.65094649640639,27.862185778907776,107.329285,1790,33.110653,10,0.78084385,4.559856,14.83236488364862,4405.916476738977,218.40329667841553
85.6510031743257,27.86456233638458,39.676125,1677,32.250546,10,0.5925926,4.559856,14.300965254696013,4236.2719459449245,30.0
85.6506238688695,27.866719326703585,61.84992,1654,38.279587,10,0.74711525,4.559856,14.447446466238016,4069.950859654205,0.0
85.65050722536061,27.86728629205243,40.06831,1633,39.52125,10,0.74304694,4.559856,14.503050749955005,4035.7527178953865,30.0
85.64987643424686,27.86858084029169,52.847588,1620,38.803173,10,0.7346895,4.559856,14.65533131472155,3877.4347189862524,0.0
85.65011464580294,27.869400869931862,54.12235,1578,13.960384,10,0.70950425,4.559856,15.399727542415429,3854.1536035814656,60.0
85.64961248470661,27.87128651467477,90.0,1538,29.58233,30,0.27083334,4.559856,14.459234739670496,3694.996617048519,67.0820393249937
85.64992980642258,27.8719080616953,86.1099,1526,25.511095,10,0.73230714,4.559856,14.613991318808086,3691.950703896248,67.0820393249937
85.64951618618935,27.869739074390484,61.62075,1612,56.28408,10,0.7151982,4.559856,13.894015752559943,3787.373760272413,30.0
85.64789670574615,27.872299365450893,43.213234,1639,52.653122,10,0.6579949,4.559856,14.604818107143512,3479.2240514229607,30.0
85.65920563558142,27.861143898585954,249.77782,2008,35.08686,30,0.6882077,4.6264033,14.87034632334738,5217.758139277826,30.0
85.65547497962804,27.865912147265107,238.62999,1818,31.878866,10,0.7890068,4.6264033,14.663871015332333,4569.660818922997,67.0820393249937
85.65686237563966,27.86511918282058,254.00142,1913,35.176292,60,0.7495679,4.6264033,14.693916228252979,4744.554773632612,84.8528137423857
85.65361924663343,27.86839880852052,261.1331,1724,32.215855,10,0.81104255,4.559856,14.828327482322937,4249.847056071548,90.0
85.65171832602509,27.86785491378006,277.40714,1626,32.12165,10,0.82607436,4.559856,14.77198458965322,4102.547988750406,60.0
85.65281198082334,27.87180974107439,294.5251,1665,31.96288,10,0.7844703,4.559856,14.753159529162499,3984.695722385839,108.16653826391968
85.6522129870482,27.873697995618414,10.873988,1530,41.141712,10,0.83321106,4.559856,14.406117659154267,3841.054542700481,241.86773244895647
85.65208067362511,27.874153741145143,5.171189,1509,22.114275,10,0.64100885,4.559856,14.599360691944828,3789.5118419131504,228.47319317591726
85.65365225891372,27.873546991795276,355.0267,1567,32.362797,10,0.79573077,4.559856,14.532410698729398,3990.451102319135,268.3281572999748
85.65449600260146,27.87341175600508,330.50656,1600,40.546986,10,0.79830587,4.6264033,14.44870092816028,4073.156024509741,241.86773244895647
85.65737025643459,27.87403907866226,309.12003,1635,30.544647,60,0.63529414,4.6264033,14.122476780972411,4357.441910111941,123.69316876852982
85.65788523801139,27.87292416877629,290.74924,1736,34.426075,60,0.37808293,4.6264033,14.799358164001728,4456.691598035475,90.0
85.63283156347947,27.877828049150374,356.76254,1228,32.96526,10,0.61096257,4.559856,14.455945374716585,1747.741399635541,536.6563145999496
85.63162941843433,27.877641122246768,21.676785,1266,32.80287,30,0.35737827,4.559856,14.741974157667284,1634.6559270990333,510.8815909777921
85.6295696268722,27.881309465754487,217.57117,1178,45.60055,10,0.71411324,4.559856,13.837466488498528,1224.13234578619,442.944691807002
85.64148777236875,27.87948350334012,194.46776,1465,43.61906,10,0.71607447,4.559856,14.349238293604259,2490.180716333656,268.3281572999748
85.65830814180093,27.875859358624005,196.93933,1789,41.345886,60,0.45021185,4.6264033,14.345652741211637,4373.934155883007,60.0
85.61977013601754,27.8871326627151,214.94572,1025,33.879387,30,0.43409917,4.559856,14.241640416667584,60.0,30.0
85.62010442688553,27.88686297889833,213.30219,1015,30.981346,60,0.5038435,4.559856,13.96303567616645,90.0,0.0
85.6586863125089,27.893969130553213,230.98692,1870,29.498499,30,0.6289655,4.548963,14.88323108148604,3676.1936836896934,30.0
85.6585397783051,27.89358234755473,221.47505,1845,34.659008,10,0.5763878,4.548963,14.753332998833988,3662.7039192378083,60.0
85.66231364379692,27.891025933190043,241.85524,1822,38.28442,30,0.6063794,4.6264033,14.921631244638725,4173.5596317771715,192.09372712298546
85.6802473536585,27.858533152064,220.03818,2056,36.50222,10,0.66441005,4.6264033,14.695634613895713,7379.329237810169,258.0697580112788
85.65389777409226,27.837173771048167,160.10596,1866,40.7204,10,0.45146236,4.4971914,14.595336778969179,6576.229922987791,90.0
85.51072648469409,27.93077926273894,175.11754,1553,40.730965,10,0.6702017,4.496347,14.260087937495122,4092.0043988246152,432.6661530556787
85.52753694049682,27.938110729870623,175.82326,2264,26.709585,60,0.36715645,4.987441,15.179497700308012,2718.602582210206,30.0
85.52832115914008,27.93780107567277,174.12485,2221,35.603535,60,0.5628526,4.987441,14.948897628722426,2623.9283526803856,0.0
85.52402514622008,27.92986520480491,151.2434,1637,31.355886,30,0.69747686,5.2217073,14.850647997039678,2663.080922540658,228.47319317591726
85.52076173484771,27.949119514944,206.57426,2506,37.893517,10,0.76647764,4.987441,14.99398423069794,3969.3072443437786,84.8528137423857
85.5297284777302,27.938179067247376,212.16357,2282,27.307598,10,0.5694262,4.987441,15.140550131959492,2497.758995579838,84.8528137423857
85.58694504736818,27.94874496515648,200.67368,2309,37.903812,10,0.7287505,4.8086514,14.911957079557007,3459.5086356302104,150.0
85.56442962889017,27.941525849684076,168.48352,1706,39.557335,10,0.70259917,4.987441,14.593784471461943,840.535543567314,228.47319317591726
85.57698069295331,27.9057606710705,164.20403,2111,45.26756,10,0.7973357,5.441863,14.551503783128858,3030.0,60.0
85.68599435088255,27.84056018215157,322.0482,1461,30.767183,10,0.73464656,4.6042256,14.99494677950637,7880.640836886299,134.1640786499874
85.69495872281223,27.825023799599656,226.28613,1825,43.136703,10,0.5246701,4.6042256,14.652859413606702,7617.046671775091,42.42640687119285
85.69212446661322,27.82524868515677,193.89323,1764,28.085264,30,0.46593696,4.6042256,14.917416244644853,7865.322625296434,0.0
85.68814438863224,27.85671603871751,195.30412,2335,46.13819,30,0.44143206,4.6264033,14.652108180326607,7382.987200313975,60.0
85.69214128245093,27.85464382594198,173.79321,2291,40.255505,60,0.45042193,4.6264033,15.169492327976384,6944.595020589753,30.0
85.68873765387595,27.83103175014068,240.6312,1721,24.801792,30,0.3693189,4.6042256,15.170993128479266,7933.851523692639,30.0
85.68045000022249,27.810787806831,315.39633,1329,46.899467,10,0.65924144,4.6042256,14.03585489423975,9154.916711800277,182.48287590894657
85.68342920744921,27.80665046769533,153.24443,1372,53.29841,30,0.4892945,4.6042256,14.069922439879813,8820.0,150.0
85.71949327811006,27.83032783399567,158.30373,1888,43.2525,10,0.4817506,4.790456,14.466111465746224,4989.9298592264795,150.0
85.68499458715003,27.801052894822902,327.13776,1130,33.999992,10,0.4826549,4.263062,14.134158447151046,8670.0,30.0
85.68562026276564,27.80769938697481,152.18411,1474,39.47546,10,0.79399467,4.6042256,14.394613999025813,8580.0,90.0
85.61591141094094,28.060005423977724,106.39134,3693,24.650757,100,0.3019608,4.772528,16.065292171876482,9678.4761197205,4068.0707958441426
85.68679087294612,27.80736506095112,142.99457,1381,44.215828,10,0.7097004,4.6042256,14.058682019174512,8460.0,150.0
85.69998747692769,27.830120046922417,165.89435,1983,42.028847,30,0.41105527,4.790456,14.511776789788282,6843.683218852258,30.0
85.76685158752308,27.836372480731523,132.69872,1126,48.88696,30,0.44633508,5.827962,13.992376637050663,480.0,42.42640687119285
85.75536061862623,27.857484641752965,63.541424,1107,72.057495,10,0.6248609,5.3439345,13.502193908716265,120.0,212.13203435596427
85.75524442331856,27.85868317185659,116.06226,1188,62.43829,10,0.67881477,5.3439345,13.258420207580476,0.0,161.55494421403512
85.73813938856053,27.851840932501524,3.157896,1352,33.6123,60,0.7241665,4.696327,14.491965072972164,1950.0,492.0365840057018
85.73630758408413,27.850436485593228,14.363424,1450,41.529236,10,0.74158716,4.696327,14.654613590193371,2202.2942582679543,563.6488268416781
85.73567771266164,27.85044509671836,31.837904,1465,44.180267,10,0.75725025,4.696327,14.545582517197879,2257.1885167172018,553.1726674375732
85.71865069105363,27.852918390440827,83.69333,1694,30.517216,60,0.67550564,4.696327,14.974547011340231,4039.430652950982,256.3201123595259
85.76762751787453,27.83256541433336,75.27,1049,35.004177,10,0.4748506,5.827962,13.744754118409372,390.0,313.20919526731655
85.72353516347877,27.86375545811913,87.84557,1636,40.735424,30,0.6536986,4.696327,14.493606042299314,3420.0,94.86832980505139
85.58199795115016,27.93673849910318,175.37767,1955,34.298088,10,0.6011952,5.441863,14.868002777231235,2640.0,0.0
85.58157888026888,27.936650843565165,166.17607,1959,37.48278,10,0.62097573,5.441863,14.774276753212243,2610.0,0.0
85.57906727594715,27.93572571936672,177.59944,1859,41.182922,60,0.5056909,5.441863,14.516172487255186,2310.0,90.0
85.68133138822967,27.935756828163225,19.07832,1966,31.65921,10,0.836977,4.548963,14.816710539399711,4444.963441919405,90.0
85.57859553428874,27.935606442465243,199.2828,1829,43.327023,60,0.6090812,5.441863,14.475353943056318,2280.0,94.86832980505139
85.56845957655254,27.914506629632992,263.2804,1762,28.959227,10,0.74562377,5.441863,14.795413887677842,1745.4225849346626,169.7056274847714
85.60323161265487,27.924446528628312,133.19167,2139,38.80404,10,0.85684645,5.441863,14.794769549842856,2581.046299468493,330.0
85.6013946592492,27.928208877947743,161.80988,2458,27.843826,10,0.75464684,5.441863,15.376899330720624,2938.3158441529054,60.0
85.6465021575352,27.931655806120148,217.40752,1607,37.017166,10,0.64292055,4.625964,14.369914245243745,872.066511224918,276.5863337187866
85.63629356863878,27.897207599698053,192.75117,1355,42.39108,10,0.63976836,4.625964,14.09104222681564,1331.540461270329,94.86832980505139
85.63604642699306,27.897020626966427,185.27724,1328,38.540028,10,0.75343937,4.625964,14.213619532239523,1302.4976007655446,108.16653826391968
85.64688402743053,27.895240188045136,202.62917,1490,33.68114,60,0.47475106,4.625964,14.735035561112818,2466.029196907449,60.0
85.64650218823738,27.894292553847432,189.36967,1435,38.22113,10,0.73703384,4.625964,14.59372878425292,2516.068361551411,180.0
85.64634398475333,27.911620879572595,244.99652,1454,36.042343,60,0.21710794,4.625964,14.513694928754509,1421.442928857856,120.0
85.6459935473764,27.91243220963961,211.979,1472,28.961596,60,0.5449013,4.625964,14.877021175513624,1336.6001645967278,30.0
85.64697983684106,27.91260531194937,240.76628,1525,32.2019,10,0.67122364,4.625964,14.695100834736984,1402.6403673073153,60.0
85.64769296120048,27.912527413525837,248.24435,1572,31.443188,30,0.5944032,4.625964,14.75428176656029,1471.2239802287074,60.0
85.64893048457074,27.911293474422177,240.12749,1601,40.198578,60,0.23567691,4.625964,14.45969244614667,1663.3099530754935,0.0
85.63360744080917,27.9086778309538,191.04002,1100,25.561646,30,0.45199227,4.625964,14.65755962904244,510.0,30.0
85.63321961105578,27.90886369062775,215.0835,1110,29.841726,10,0.55409026,4.625964,14.5918113634154,450.0,42.42640687119285
85.6480463008228,27.917761108554227,22.281672,1384,45.41674,60,0.46262732,4.625964,14.126604257413835,1215.6479753612887,108.16653826391968
85.64892183403127,27.916504111001927,15.463366,1478,37.08232,10,0.76635253,4.625964,14.384786678955491,1376.4083696345353,174.92855684535903
85.69691445544329,27.948477165024403,203.81187,2602,46.23162,10,0.5821014,4.5957475,14.727695204771704,6180.0,1350.3332921912279
85.68912867134298,27.94851058887024,179.03203,2683,47.32754,10,0.7489936,4.5957475,14.715641310221615,5310.0,937.709976485267
85.68443331312382,27.94653174170397,180.0,2480,29.534676,30,0.78913957,4.5957475,14.946883031305275,4770.0,742.1590126111788
85.68283546055602,28.01634526914785,243.97075,2673,43.804028,30,0.65931684,4.758372,14.842995414005262,6837.104650361876,2388.346708499417
85.68461707698953,27.948436365861618,156.1657,2642,35.96379,60,0.51635784,4.5957475,15.095270984381859,4800.0,942.0191080864549
85.68326928597494,27.944643624476324,178.77644,2330,40.63446,10,0.4147964,4.5957475,14.762768700044258,4650.0,553.1726674375732
85.68009690184145,27.946163282283447,255.04695,2364,39.19987,10,0.6206972,4.5957475,14.707483079266584,4290.0,408.0441152620633
85.73064480418076,27.9175832700714,38.493546,2539,37.42516,10,0.7485471,4.4527707,15.017269176230428,3669.945503682582,960.0
85.62682053593812,28.056744426738515,134.35936,2976,43.509655,30,0.46585628,4.772528,14.923701815628975,9148.376905222041,2906.905571221742
85.77350814041114,27.953178983869904,120.16256,2552,58.16867,30,0.36940068,4.5403075,14.165989064258666,1392.0129309744218,381.8376618407357
85.7743002085615,27.99692002556288,79.16957,2895,48.238297,60,0.49126282,4.90307,15.000625827641898,1081.6653826391967,975.8073580374356
85.95856334729551,27.753626228146928,7.799232,2608,47.159405,30,0.88990825,4.780184,14.701544224460845,7338.9713175621555,1200.3749414245533
85.89582712037117,27.810256755680808,208.93079,1355,39.77126,30,0.30043384,4.9416623,14.30431125932643,536.6563145999496,0.0
85.88797436713605,27.82491412241902,233.11613,1508,37.059517,10,0.48497853,4.9416623,14.50827896430475,722.4956747275378,30.0
85.88903474084036,27.824934140955914,220.29976,1543,40.33139,30,0.34346175,4.9416623,14.592060551966508,816.0882305241266,108.16653826391968
85.8832287583466,27.829335506347967,142.27106,1691,37.87406,30,0.43648794,4.9416623,14.435984672977204,657.9513659838393,123.69316876852982
85.90338964943668,27.83921076712796,281.9817,2140,25.072882,60,0.6805094,4.9416623,15.053111680738112,2269.9118925632333,60.0
85.82126273702326,27.74812612669185,-0.0,784,37.84767,10,0.67916566,5.6687784,13.982720913306816,240.0,271.66155414412253
85.57017066636662,27.968613986350125,150.8892,2381,48.498207,10,0.4561124,4.8086514,14.53070039420817,3721.9349806249975,42.42640687119285
85.57360752173166,27.965712067494103,223.85066,2258,36.529507,60,0.68328935,4.8086514,15.046532634024118,3584.215395313178,330.0
85.57585505455516,27.965254752584503,240.74689,2317,40.737762,10,0.80210525,4.8086514,14.526409703862113,3695.240181639077,189.73665961010278
85.58189297284117,27.97268752335925,224.40001,2947,39.973347,60,0.33182228,4.8086514,15.153074573468883,4734.395420748039,192.09372712298546
85.5831657663845,27.970445804616357,200.67752,2866,46.072075,30,0.3489301,4.8086514,15.274032712018226,4626.035019322703,323.10988842807024
85.58212025399261,27.96765701306851,233.96964,2649,37.616623,10,0.5838918,4.8086514,15.246650065885413,4315.205672966238,400.24992192379
85.58417456711275,27.967307215075525,240.66199,2779,42.77158,30,0.54985344,4.8086514,14.91761620796042,4402.646931108603,313.20919526731655
85.58585138741711,27.965461644375612,241.33188,2824,41.261158,30,0.41320634,4.8086514,14.98185521704246,4412.550282999618,161.55494421403512
85.55374877814793,27.940528433608367,192.92276,1333,50.866325,10,0.47074762,4.987441,13.676693404599574,371.0795063055894,60.0
85.55933117714324,27.939130987044845,217.03897,1531,33.79161,10,0.5458158,4.987441,14.363413960711624,241.86773244895647,127.27922061357854
85.5578247552398,27.939888723412395,216.7449,1476,43.515545,10,0.5474199,4.987441,14.380941959745636,300.0,150.0
85.55818288987246,27.939920310014998,217.8903,1491,44.554615,10,0.47660998,4.987441,14.498662456266064,300.0,169.7056274847714
85.55714517970074,27.939964709890827,217.55536,1442,47.261444,10,0.37487122,4.987441,14.238369685974458,300.0,67.0820393249937
85.55172669971057,27.941011882485284,214.67342,1251,35.32145,10,0.43126684,4.987441,13.912893139850441,516.1395160225576,0.0
85.50455716488398,27.995584839872645,120.73837,2980,46.264732,60,0.27083224,4.541609,14.86465443936641,8531.875526518188,1032.2790320451152
85.50431304385681,27.99339430496761,117.25224,2883,51.05454,10,0.34479487,4.541609,14.877586331707857,8371.021443049825,870.0
85.50587543959018,27.98950771433623,174.92429,2531,39.652836,30,0.40064266,4.541609,14.941275387819804,7939.294679000144,484.6648326421053
85.50723531453913,27.98898665253984,152.62971,2471,32.53758,30,0.5890467,4.541609,14.915709927538073,7793.593522887885,323.10988842807024
85.51551012822465,27.99716565779933,160.98163,2791,38.225063,60,0.5524849,4.541609,15.076378728143856,7938.387745631981,759.5393340703298
85.51672870691831,27.99733894800725,166.81244,2733,25.741537,30,0.6278251,4.541609,15.454227453515106,7899.120204174639,764.8529270389178
85.51748166656621,27.997382928598785,151.94415,2722,31.950644,10,0.7019433,4.541609,15.545743860435211,7851.636772036771,752.3961722390673
85.5183341838261,27.997476005043595,143.943,2705,29.277727,10,0.80550957,4.541609,15.3895347739192,7804.90230560255,750.0
85.52161726911724,27.992729822131437,166.5899,2316,43.48797,10,0.7197657,4.726099,14.712842200007405,7182.478680789802,127.27922061357854
85.52321752289903,27.986888882057155,185.8778,1963,35.60366,10,0.56478584,4.726099,14.70819482774222,6525.396539674812,349.85711369071805
85.52809852890493,27.986098252301748,155.9149,1813,33.97192,10,0.7812737,4.726099,14.79848830926776,6174.827932825335,30.0
85.52971227566172,27.9891065381966,112.65738,1912,47.53314,10,0.59153485,4.726099,14.364023727311002,6387.112023442207,152.97058540778355
85.52919278883707,27.990409162311025,97.91311,2029,63.42244,10,0.70481,4.726099,13.863661287547481,6548.320395338029,161.55494421403512
85.52229810682113,28.00181201273138,149.32097,2570,49.858513,30,0.3613475,4.726099,15.743928845829476,8009.606731918865,766.6159403508383
85.52243042044891,28.00495546769012,78.381424,2652,53.80199,10,0.4557106,4.726099,15.321869289816412,8333.414666269764,958.5927185202274
85.9068122874934,27.853381526185785,49.77862,1767,47.804283,10,0.5675984,4.586505,14.45399849995131,2523.568901377571,296.98484809834997
85.52474561987712,28.00510338475215,71.48453,2497,29.28061,10,0.658831,4.726099,15.159353755866242,8248.854465924343,750.0
85.5248932481496,28.00674152134686,81.14425,2404,32.248165,10,0.8309775,4.726099,14.938867119505819,8414.130971169869,684.7627326307996
85.52894813690615,28.009867946305164,-0.0,2100,4.6273675,30,0.6226934,4.726099,15.446104044059643,8558.469489342122,174.92855684535903
85.531554970385,28.01932459097495,106.08002,2232,43.0792,10,0.48510313,4.726099,14.829363502000316,9469.78880440319,540.8326913195983
85.53331916052332,28.01954823078005,109.72945,2119,31.938707,60,0.2932377,4.726099,14.873698197498403,9444.474575115335,597.7457653551382
85.53298870522394,28.01616760135244,79.04895,2039,53.741306,10,0.8102345,4.726099,14.548658841526567,9111.756142478793,241.86773244895647
85.53361810850384,28.01735163523361,102.78978,2034,33.349525,10,0.57120615,4.726099,14.490530081248533,9204.574949447693,391.15214431215895
85.53647300470347,28.028757000998205,235.98009,2392,20.613098,10,0.7751792,4.726099,15.120821447541694,10366.725616123926,1647.5436261295179
85.68292177039872,28.024129328236366,296.76767,2723,40.78208,10,0.7819966,4.758372,15.006877751926563,7472.951224248691,3168.0909077865804
85.55887699395637,28.007734484301757,189.03265,2944,43.054317,30,0.69500935,4.726099,15.066490496017614,7830.517224296234,726.2231062146122
85.90289111104734,27.781243989861405,141.64903,1094,39.545464,30,0.2865681,5.2163897,14.571592919620388,408.0441152620633,67.0820393249937
85.93199672831895,27.812148300221708,305.15738,1730,50.400883,10,0.6743764,4.9416623,14.179144149721479,3827.4403979683343,67.0820393249937
85.93159063575398,27.811489150486903,312.6799,1749,49.481453,10,0.69662493,4.9416623,14.06561661319745,3767.7181423243433,84.8528137423857
85.58208544955649,28.121796667464952,79.0803,4172,30.886868,30,0.2433969,3.858997,15.890802417336744,8251.36352368504,550.7267925205746
85.58304328701867,28.09498357470134,153.83908,3958,28.416033,10,0.19640765,4.2639217,15.805665874740253,11250.159998862238,558.0322571321483
85.58197607738425,28.04258727214567,82.6047,3053,32.16273,60,0.27107167,4.835017,15.164745575756202,9486.121441347881,2016.9283576765931
85.88880311102363,27.868175028208075,283.96246,1484,31.123798,10,0.46753246,4.586505,14.633821744917435,349.85711369071805,600.7495318350236
85.79026108667699,27.83102423041015,349.56952,1426,35.289707,10,0.75987136,6.7913833,14.525875082737425,1710.0,30.0
85.56616592915344,27.83971563128315,199.5664,946,31.018253,60,0.37147436,4.647837,14.33189586561086,0.0,0.0
85.79358271177972,27.828997824563835,343.56464,1617,37.82433,10,0.6354259,6.7913833,14.55900615975257,2070.217379890334,30.0
85.79331946753057,27.828849043757614,343.56467,1637,37.824326,10,0.60050356,6.7913833,14.555274765417748,2040.2205763103163,30.0
85.79281387050753,27.829359215212456,353.0569,1584,46.66775,10,0.48973528,6.7913833,14.403396534110087,2010.0,67.0820393249937
85.79100394717436,27.83065145750102,330.9998,1463,43.347775,10,0.7515036,6.7913833,14.549167164353154,1800.0,60.0
85.55332719783426,27.843576843219875,136.4693,1030,29.17003,30,0.4728261,4.967406,14.419839835984126,295.4657340538831,60.0
85.55118576427876,27.844793973961757,67.16621,1135,22.643303,10,0.52576566,4.967406,14.80045579866002,379.47331922020555,60.0
85.55142322694549,27.82229171521181,92.1104,1561,23.729635,30,0.7907654,4.967406,15.086750901336954,2106.418761785035,67.0820393249937
85.50571564527782,27.897643015860115,180.0,1751,36.071453,30,0.4240485,4.496347,14.564010308269097,3576.1711368445444,0.0
85.50558833561364,27.894918029325364,154.86662,1563,36.245445,30,0.6370831,4.496347,14.681440976900195,3570.0,108.16653826391968
85.502990715111,27.89580543744671,172.19067,1634,47.160095,30,0.53886694,4.496347,14.234746146784259,3870.0,30.0
85.50248590462607,27.89578023880447,157.89445,1614,34.270992,30,0.5325712,4.496347,14.182814065359961,3930.0,30.0
85.5021383901269,27.89555157597744,149.0777,1636,43.90119,30,0.5772549,4.496347,14.344054545074401,3960.0,30.0
85.50575946250426,27.89195168075316,184.41125,1387,35.541183,10,0.56789464,4.607892,14.424517348887544,3570.0,30.0
85.48865813660782,27.901584281734262,154.12915,1910,32.197735,10,0.8112056,4.496347,14.92618509530572,5499.745448654874,189.73665961010278
85.48837707110226,27.90232674376726,153.1506,1979,34.584766,10,0.6793407,4.496347,14.718054019478705,5537.011829497929,150.0
85.7377404376863,27.87255553544342,116.394066,1954,49.364613,60,0.543907,4.696327,14.337204241427147,1860.0,342.05262752974136
85.73764530983247,27.87371655637829,94.3578,2075,46.808235,10,0.7358082,4.696327,14.21815262668687,1860.0,330.0
85.73987403609085,27.877245139786197,81.38326,2003,32.954166,10,0.7268293,4.696327,14.579072316177546,1642.3458831805194,42.42640687119285
85.73968853596874,27.877451972053414,82.10576,2019,43.316513,10,0.7586935,4.696327,14.914021198705335,1677.0509831248423,60.0
85.73958935332594,27.877597109440057,90.97388,2020,43.60381,10,0.7586935,4.696327,14.914021198705335,1677.0509831248423,60.0
85.73973888315827,27.877809772676724,91.1509,2020,38.866627,10,0.77563435,4.696327,14.732416080116954,1653.2694880145825,94.86832980505139
85.74048298244985,27.878444212441828,68.23812,1966,31.436245,10,0.7754789,4.696327,14.99046673198187,1615.5494421403512,201.24611797498108
85.73358524253048,27.88600950819496,105.67397,1792,50.156128,30,0.63127226,4.696327,14.337904871655985,2631.2924580897507,0.0
85.73411763574622,27.88705522888764,70.738655,1772,39.8357,10,0.8219118,4.696327,14.337299123188362,2639.4885868288957,94.86832980505139
85.73429875046479,27.88728796154032,63.499462,1737,38.594448,10,0.8219118,4.696327,14.337299123188362,2639.4885868288957,94.86832980505139
85.7319835012877,27.88861454871691,353.54498,1700,39.164623,10,0.77713,4.696327,14.557430610491027,2922.498930709813,30.0
85.7277398829154,27.888393029866855,37.026028,1834,36.127357,10,0.8188628,4.696327,14.893218896886694,3340.9280147887052,201.24611797498108
85.72666355806642,27.88843047420489,35.41913,1887,34.80843,10,0.77986205,4.696327,14.591814951984082,3448.0429231667054,240.0
85.73378858599219,27.86006745178117,134.99335,1389,70.15231,30,0.5763426,4.696327,13.11019269642873,2280.0,276.5863337187866
85.73451365630245,27.859342764054688,170.27524,1232,47.307358,30,0.5935238,4.696327,14.220003069164921,2220.0,351.14099732158877
85.73822631482895,27.86260981285621,161.0355,1426,53.516422,60,0.43506116,4.696327,13.85317426563059,1800.0,152.97058540778355
85.75732726030044,27.90929391660572,204.1504,1610,43.236053,60,0.30484417,4.77441,14.489801571372153,827.5868534480234,210.0
85.75806598339335,27.90885936561637,222.98169,1604,36.95529,30,0.4735843,4.77441,14.575460805226754,742.7651041883969,120.0
85.75436088687327,27.909635040494628,222.45631,1517,45.88054,30,0.5926834,4.77441,14.20452164129673,1106.752004741803,466.6904755831213
85.75287037711895,27.913565403327237,197.58159,1814,40.332905,30,0.4049125,4.77441,14.619952507229394,1527.9397893896212,258.0697580112788
85.75387209811062,27.91261103722823,189.634,1746,44.571697,60,0.32,4.77441,14.382950109421243,1358.3077707206126,313.20919526731655
85.7604644132059,27.91053667688668,92.57273,1645,47.252483,30,0.6260135,4.77441,14.23469216440487,690.0,120.0
85.76020112571541,27.910630219286123,37.329998,1660,43.120872,30,0.62710136,4.77441,14.246799257760033,720.0,90.0
85.75948720538207,27.91057683845581,97.194954,1716,14.4934635,30,0.46954876,4.77441,15.702776774377114,804.9844718999243,0.0
85.75899988354419,27.91113877133138,114.40755,1746,36.660732,30,0.6551471,4.77441,15.438382260727582,870.0,30.0
85.7592798828699,27.91155573901069,91.80763,1707,45.745377,30,0.5391989,4.77441,14.38546032199228,840.0,60.0
85.75999961408736,27.912620878932543,100.94042,1688,30.83962,10,0.69745606,4.77441,14.848855405277737,750.0,30.0
85.7616001576244,27.91282677257756,43.88767,1595,41.938004,10,0.72364926,4.77441,14.384675377858658,570.0,30.0
85.76069122292067,27.912689318918137,50.360474,1641,20.837667,10,0.73469824,4.77441,14.47169612170655,690.0,30.0
85.76107925538575,27.912841382184688,24.903975,1622,34.83965,10,0.72655076,4.77441,14.658966827128763,630.0,30.0
85.74264801365122,27.915503661322152,72.186584,1938,32.414906,10,0.5044501,4.4527707,13.829670988851571,2482.0354550247666,256.3201123595259
85.71930741006321,27.87953047246048,72.18102,2545,46.613976,10,0.768648,4.696327,14.716292478071514,3937.2071319655006,787.4642849044013
85.75198944476077,27.870150583707645,109.7701,1043,60.54504,10,0.7749734,5.3439345,13.844060205628917,270.0,150.0
85.75145231079442,27.870656329409336,70.52628,1115,34.20797,10,0.7998743,5.3439345,14.199238419065864,330.0,210.0
85.75183509478649,27.87133645432311,86.70043,1057,40.155987,10,0.7821656,5.3439345,14.047867324624653,270.0,134.1640786499874
85.74947886087858,27.8733743482652,136.68938,1262,38.69068,10,0.55358154,5.3439345,14.273734298516482,540.0,408.0441152620633
85.75162388576197,27.877420021961623,113.84427,1256,40.06111,30,0.48355374,5.3439345,14.380473521075242,424.26406871192853,391.15214431215895
85.75565302360357,27.88161083264109,101.52905,1131,36.08989,30,0.49084994,5.3439345,14.199397277547943,300.0,30.0
85.75744893170999,27.89128968032427,91.946945,1124,43.61987,30,0.37091184,5.3439345,14.42323935707017,120.0,0.0
85.7574308300831,27.893108785533208,99.075,1121,56.993317,30,0.37170616,4.77441,13.032288001100204,120.0,30.0
85.75571160389225,27.904498082886388,58.34387,1301,42.779095,10,0.72587574,4.77441,14.218345899057388,591.6924876994806,240.0
85.75391744795829,27.905845915797563,73.023384,1408,46.489166,10,0.5226863,4.77441,14.090310088129126,834.0863264674706,408.0441152620633
85.75234152970114,27.90604412967581,76.10187,1479,43.335247,30,0.43794578,4.77441,14.05552628525935,975.8073580374356,465.72524088780074
85.75222823166453,27.907202489181586,78.88968,1505,45.23018,30,0.49635363,4.77441,14.21709544550779,1064.048871058092,582.494635168428
85.75028204689295,27.90742536243644,77.54198,1636,42.002094,10,0.78594804,4.77441,14.410992470978378,1231.0970717209916,684.1052550594827
85.74937623644121,27.90799398033301,76.834076,1644,32.604244,30,0.75458837,4.77441,14.782050965076946,1360.294085850556,755.3806987208503
85.7511857160385,27.90944527912685,82.90527,1508,52.65693,30,0.53180957,4.77441,14.450124598477364,1350.0,737.9024325749307
85.74602085385621,27.906975474124824,115.81372,1974,62.64736,30,0.40201417,4.77441,14.054592978633297,1600.1562423713503,670.820393249937
85.73284787114433,27.89418476234232,137.20824,1838,50.503895,10,0.4460745,4.4527707,14.041207950234112,2850.0,120.0
85.73343765947497,27.8948031358232,143.4052,1830,52.225765,30,0.5315491,4.4527707,14.186576780414828,2790.0,60.0
85.73370382626435,27.895078493561943,136.29175,1843,52.406727,30,0.48527184,4.4527707,14.350975020860357,2760.0,42.42640687119285
85.73431143646494,27.895010194322097,146.23349,1794,40.58981,30,0.41430947,4.4527707,14.204092267539766,2700.0,90.0
85.76078122282128,27.942583832096684,176.70583,1930,43.731083,10,0.7599412,4.5403075,14.73892349458285,1905.4133409840501,60.0
85.76086768130251,27.935841660697367,89.12732,1892,46.74514,30,0.55345315,4.77441,14.413650282319312,1618.054387219416,152.97058540778355
85.76120809899317,27.9391060980781,112.18289,1777,37.658657,10,0.72849476,4.5403075,14.779072917869122,1693.8713056191725,417.85164831552356
85.76720345898084,27.956702631156237,161.45636,2929,42.676327,30,0.65622646,4.5403075,15.06551837055982,2180.1146758828995,966.0745312862771
85.78056893007135,27.968175266248917,116.26901,2225,34.796696,30,0.42457232,4.5403075,14.24151780509672,1272.7922061357856,1667.3631877908304
85.77988962002985,28.02333575099465,133.72092,2090,16.934505,60,0.09246488,4.90307,15.752146982986732,0.0,308.86890422961005
85.77367538986896,28.01646392044016,68.77195,2310,44.52534,10,0.7348943,4.90307,14.42861366114555,600.0,980.866963456309
85.7737809966622,28.026853989289528,151.14006,2815,34.36762,30,0.42872766,4.90307,14.677289346461908,635.6886030125128,1100.6361796706485
85.7797661038932,28.02573266697924,119.38493,2213,50.674706,30,0.51566416,4.90307,14.26598176669239,90.0,442.944691807002
85.7745451324064,28.03195511891938,52.889297,2615,32.777817,60,0.35215053,4.90307,15.511064634928173,632.8506932918697,831.9254774317228
85.76034025070406,28.03283670282528,32.186195,2955,34.550507,60,0.40345922,4.90307,14.673572451132971,1224.13234578619,1705.78427709954
85.76435427892787,28.03768707361241,337.44095,2688,27.738546,10,0.7378965,4.90307,15.308917079308618,524.785670536077,1047.8549517943788
85.76338242277278,28.037462659294004,13.764425,2696,31.66033,30,0.7018837,4.90307,15.295608559975022,618.4658438426491,1110.0
85.76328558524929,28.039318250527824,75.95958,2699,48.60095,10,0.61420465,4.90307,15.532412599386364,474.3416490252569,913.892772703669
85.76893448762557,28.04322296176528,40.849243,2340,39.118183,10,0.7569388,4.90307,14.874524440454007,0.0,295.4657340538831
85.75943012677925,28.05106892337505,53.029583,2397,37.975037,10,0.7815293,4.90307,14.937696539453134,0.0,216.33307652783935
85.7568532000794,28.04316950500178,45.97148,2813,28.177856,30,0.5591588,4.90307,15.251711080921334,724.9827584156743,1068.2696288858915
85.75930500155522,28.04486468617949,44.752945,2617,36.10837,10,0.75643677,4.90307,15.104503144578134,408.0441152620633,745.1845409024533
85.73256879237083,27.884191204125564,36.547077,1853,30.299738,10,0.74662715,4.696327,14.979974986017169,2647.1494102146935,150.0
85.73182840913925,27.883357537848227,32.47198,1934,42.64535,10,0.45146826,4.696327,14.58943011659355,2696.6646065093078,161.55494421403512
85.7498772453077,27.900764718301208,165.09128,1665,40.508453,30,0.5211841,4.77441,14.533123923949962,964.2095207992918,30.0
85.75016826214296,27.899999006368507,174.89528,1595,31.698847,10,0.5329275,4.77441,14.964578900032464,930.4837451562494,90.0
85.75134983249276,27.901508509425778,118.41661,1656,45.58121,30,0.51943463,4.77441,14.33495937561838,800.49984384758,30.0
85.7508293441721,27.90109109085264,132.34523,1652,38.41623,30,0.4531683,4.77441,14.546060445051642,853.2877591996735,30.0
85.75828433185232,27.90618794807334,189.32825,1347,45.485485,10,0.53803545,4.77441,14.030323415943226,563.6488268416781,323.10988842807024
85.75646105795502,27.906047310408027,174.12656,1355,41.82937,30,0.5019185,4.77441,14.335392991817026,721.2489168102784,429.5346318982906
85.76011248034196,27.90509413362334,197.54565,1292,49.101143,10,0.6843399,4.77441,13.758698333928455,323.10988842807024,161.55494421403512
85.76163410837488,27.908248201525197,111.04852,1494,50.58863,30,0.19301285,4.77441,14.233717067234798,465.72524088780074,42.42640687119285
85.76238553739671,27.908746549182148,110.74296,1480,43.825314,30,0.37688443,4.77441,14.337454439232902,480.0,30.0
85.76522178233623,27.912781150380123,107.618065,1354,50.89118,10,0.5219753,4.77441,13.924183312487152,180.0,276.5863337187866
85.76725385973802,27.913046637826778,127.60956,1219,42.046013,60,0.47255468,4.77441,14.120631391270107,0.0,276.5863337187866
85.76710229503277,27.914280389652323,133.17361,1309,63.826862,30,0.4254847,4.77441,13.932257754813063,0.0,366.1966684720111
85.76822999374254,27.913929210283865,121.739136,1165,47.123806,10,0.61706483,4.77441,13.731057732368852,0.0,234.30749027719963
85.74692028344846,27.89590237294417,144.08997,1534,56.29195,30,0.33002058,4.77441,13.830361697300534,1290.0,240.0
85.68179004646933,28.040324677150608,191.78894,3447,32.144844,30,0.32826683,4.758372,15.269598676101658,7988.003505257118,3498.57113690718
85.75068367173508,27.89594741135964,125.44895,1318,38.987404,10,0.6836624,4.77441,14.460471757797873,870.0,540.0
85.75115674997299,27.894142977838523,153.30348,1200,39.192738,30,0.49517187,4.77441,14.20686640527665,810.0,510.0
85.74565134748904,27.892884759243028,165.8865,1354,36.91104,30,0.43616852,4.77441,14.019936231818328,1410.0,335.4101966249685
85.7422317388701,27.895410763622262,176.9875,1673,34.877937,30,0.37297654,4.4527707,14.598953069299426,1800.0,30.0
85.74199355744767,27.894833751350724,198.59201,1642,32.289852,30,0.5533269,4.4527707,14.76952588631029,1830.0,30.0
85.74250177182144,27.894880273337872,155.35895,1635,33.38302,30,0.55410784,4.4527707,14.721287036813777,1770.0,30.0
85.74282416648518,27.894873919796314,178.79965,1632,41.164223,30,0.47884345,4.4527707,14.508331071589353,1740.0,30.0
85.74174415468445,27.8942260465512,192.35237,1623,27.19016,30,0.47713062,4.4527707,15.637508256641999,1860.0,0.0
85.74219209061269,27.89420518323116,171.02827,1625,35.17219,30,0.5016193,4.4527707,14.676169521388186,1800.0,60.0
85.74370550003584,27.894787735818035,166.22554,1620,45.00076,30,0.45208487,4.4527707,14.39503020328419,1650.0,60.0
85.74387019755791,27.89266039524739,191.22723,1369,43.24998,30,0.5653906,4.696327,14.125619156790316,1620.0,295.4657340538831
85.74146066710064,27.899341528959766,141.92638,1940,28.13093,10,0.77312005,4.4527707,14.843122648542156,1890.0,42.42640687119285
85.73937486820027,27.898815299410497,194.50072,1880,30.336779,10,0.65351456,4.4527707,14.981873710002024,2130.0,30.0
85.73991646669975,27.898594221365453,181.85165,1871,29.547512,30,0.5491417,4.4527707,14.938663532349912,2070.0,30.0
85.74086157564327,27.898577473950752,188.25404,1889,32.535076,30,0.533132,4.4527707,14.89488401663824,1950.0,30.0
85.74115530762293,27.894792449121628,202.53215,1630,27.733948,30,0.69684356,4.4527707,14.949824291689005,1920.0,30.0
85.74040397213732,27.89578079957903,197.75656,1691,42.01469,10,0.6694397,4.4527707,14.642569057817568,2010.0,42.42640687119285
85.74075792955287,27.895563984231597,190.67938,1695,41.654594,10,0.6220998,4.4527707,14.44134512910428,1980.0,42.42640687119285
85.752218246311,27.90162117439162,138.14597,1602,27.5462,30,0.5050281,4.77441,14.93531115848222,721.2489168102784,30.0
85.74556676654119,27.89944614525553,108.035225,1717,36.204174,30,0.34894022,4.77441,14.674637243760358,1440.0,0.0
85.7463696488049,27.897478239199422,112.190605,1639,27.217691,30,0.4581687,4.77441,14.973246963549991,1350.0,192.09372712298546
85.73780702928039,27.899576755849036,145.28708,1992,43.977974,30,0.49199745,4.4527707,14.747350535208906,2310.0,60.0
85.75125298409388,27.912061431076484,188.87169,1618,43.53901,30,0.36646587,4.77441,14.170330504029698,1555.9562975867927,510.8815909777921
85.75505880472987,27.914816518228974,182.49228,1965,40.116184,30,0.41106656,4.77441,14.819517507163999,1320.0,30.0
85.75507119927457,27.9126182582766,198.13795,1763,32.914974,30,0.2693418,4.77441,14.883324381057164,1253.1959144523253,212.13203435596427
85.75747390786728,27.9142879706915,138.8312,1902,43.416042,60,0.41117734,4.77441,14.394635162781405,1050.0,30.0
85.75716792159287,27.913426245615916,137.99033,1860,46.870453,10,0.6287635,4.77441,14.377496477519761,1080.0,0.0
85.75611769526844,27.91059481368413,195.19455,1687,39.986847,30,0.39228567,4.77441,14.511107075633456,1039.6634070698074,254.5584412271571
85.75463642188096,27.92587802012993,106.74047,2509,41.962032,10,0.8506603,4.77441,14.816761047075254,1710.263137648707,84.8528137423857
85.75646102883772,27.92368793451423,124.590836,2331,42.378876,10,0.69356596,4.77441,14.934302791728198,1398.4634424967999,256.3201123595259
85.75668966729336,27.923869908718427,125.05576,2330,37.269344,10,0.6645985,4.77441,14.779272067892162,1374.1178988718543,284.60498941515414
85.75769343095656,27.92480607255144,79.64036,2258,28.374092,10,0.7066625,4.77441,15.029666415457118,1380.3260484392808,360.0
85.77091613897652,27.923436889441604,117.46316,1325,35.069553,10,0.57078105,4.77441,14.401768958818128,30.0,161.55494421403512
85.7716965689163,27.923132247434364,81.846,1284,34.402935,10,0.6027237,4.77441,14.447751827909133,0.0,240.0
85.77163210863061,27.92422459437522,131.46278,1352,43.635456,30,0.4589993,4.77441,14.011464941036145,0.0,283.0194339616981
85.7717951127577,27.925105597695744,129.93129,1387,42.236668,30,0.42999446,4.77441,14.021719191186266,30.0,361.2478373637689
85.77243113551249,27.925826552674323,134.6756,1411,47.25844,30,0.41359428,4.77441,13.979309595758115,90.0,445.9820624195552
85.77655058496822,27.935336333406187,92.89009,1535,62.565346,30,0.37369183,4.77441,13.860671468594258,240.0,474.3416490252569
85.78185915897257,27.941895521828027,103.99151,1540,65.64843,30,0.41454422,4.5403075,13.66725321345305,180.0,543.3231082882451
85.78297193514578,27.944058828685748,117.711494,1417,56.860394,30,0.274488,4.5403075,13.74120877051825,60.0,603.7383539249432
85.7739233748034,27.957444941457297,112.57112,2648,45.34693,60,0.46788394,4.5403075,14.77566983523315,1530.0,680.147042925278
85.7599013964793,27.958073692424,155.86119,3033,40.413315,30,0.35555366,4.5403075,14.837528249743002,2978.9259809535383,1252.8367810692662
85.7581036389388,27.95892592557806,187.67598,3108,34.451435,10,0.5312947,4.5403075,15.328450315371978,3180.14150628553,1295.2219886953742
85.73746402364516,28.111588773161436,60.17342,4102,22.933323,100,0.18689582,4.1764784,15.922009503690122,4773.017913228485,4616.1997357133505
85.73565114787766,28.11178405479194,92.06183,4232,41.98315,100,0.26836225,4.1764784,15.362940605061288,4839.214812343011,4710.095540432275
85.74020709011194,28.110542309158934,50.974426,4076,41.1563,30,0.3519646,4.1764784,15.275525213920702,4576.647244435603,4384.620850199023
85.73791782129983,28.105921699278145,150.45358,3984,10.540796,60,0.34647393,4.1764784,16.332006975010007,4155.406117336788,4027.1578066919606
85.73860838535104,28.103023420780765,124.92784,3720,28.244444,60,0.09054264,4.1764784,15.299687787389146,3824.1469637031473,3709.94609125254
85.74074427895489,28.09549094480053,119.30884,3442,13.033387,10,0.67158556,4.1764784,16.13139520577475,2952.9815441346736,2870.7664481806946
85.73743854093591,28.09603193316193,101.184555,3671,47.332283,30,0.4079762,4.1764784,15.035328310324987,3152.8558482747035,3134.5334581082398
85.74174266645349,28.092303452695923,114.27044,3333,42.1699,30,0.55233383,4.1764784,15.104746272460126,2573.888109456198,2508.007177023224
85.7381355572325,28.09079384440629,101.29582,3432,44.761875,30,0.4068107,4.1764784,15.703793746959155,2608.6203249994046,2640.170449043016
85.73761785524785,28.09244385431472,112.73561,3581,38.513443,30,0.40440008,4.1764784,15.198555696357698,2794.512479843309,2821.4358046923558
85.73991199705723,28.07966464263916,84.69399,3174,54.47009,30,0.36906376,4.1764784,15.139656847543987,1509.8675438593943,1614.7135968957466
85.73708392539623,28.06825119345693,17.175238,3102,29.210876,60,0.38352638,4.635934,15.356037230014913,1440.0,1612.7616066858736
85.74751843564927,28.064345447987,77.701416,2804,57.929,10,0.6373006,4.90307,14.919756587545653,270.0,551.5432893255071
85.74553614647687,28.06303908960824,87.47366,2959,47.77145,30,0.5862628,4.90307,14.8057766429529,510.0,819.3900170248597
85.74617712181447,28.061684211608355,108.09896,2873,27.523035,10,0.5796643,4.90307,15.303761288239201,429.5346318982906,807.7747210701756
85.74725299378082,28.05965288131207,93.606735,2879,27.232626,30,0.58853817,4.90307,15.810959827895108,445.9820624195552,764.8529270389178
85.750082865445,28.05719246710611,65.16699,2807,58.895397,30,0.5295152,4.90307,13.94280776486079,480.0,550.7267925205746
85.74942872255178,28.05437756711527,70.22459,2907,27.757862,10,0.69282514,4.90307,14.818184850335156,540.0,757.1657678474378
85.75042664604251,28.055835486339006,90.0,2802,36.94592,10,0.5943233,4.90307,15.140544470091156,450.0,590.9314681077662
85.74963524133462,28.0493572904621,58.29301,3080,32.894867,10,0.66572636,4.90307,15.285167275879914,763.6753236814714,1106.3453348751464
85.75407271312133,28.046602024389088,122.22748,2866,31.26193,30,0.38581192,4.90307,14.563314799298986,618.4658438426491,984.0731680114036
85.7544580369249,28.04714991913884,121.12598,2857,39.152786,10,0.5335478,4.90307,15.066030776393744,558.0322571321483,924.1753080449618
85.75701532393872,28.04798852334588,73.22931,2700,38.147057,10,0.7853014,4.90307,15.162632032234258,283.0194339616981,636.3961030678928
85.75669880331282,28.048694326492768,47.144596,2706,44.2986,10,0.6897412,4.90307,14.7397595858072,254.5584412271571,618.4658438426491
85.74350473842154,28.047318280681832,48.569725,3509,40.57101,30,0.50164896,4.635934,15.491408251311388,1431.2232530251877,1747.741399635541
85.74422422672889,28.0392958039457,11.526653,3327,39.558353,10,0.5222717,4.90307,15.296082626164033,1992.0090361240834,1686.6831356244716
85.74334576674258,28.090922367614105,134.687,3159,40.42121,30,0.40558365,4.1764784,14.70731108387022,2371.7082451262845,2280.7893370497854
85.73625957156241,28.0822670588275,50.404797,3435,37.30542,10,0.7536814,4.1764784,15.461439939696477,2001.2496096189502,2106.418761785035
85.74090035948828,28.076381298404723,106.92231,3083,48.042637,30,0.29577014,4.1764784,14.838382302304545,1198.8744721612852,1328.4953895290719
85.746026174618,28.06821085503682,106.39018,2903,34.54388,10,0.6372698,4.90307,14.61707755289462,450.0,641.3267497929585
85.76753546856527,28.04034146135094,29.53142,2496,30.76761,10,0.7681564,4.90307,15.251697985637561,180.0,657.9513659838393
85.75191742862191,28.03666173481174,56.07945,3215,24.897423,10,0.5667908,4.90307,15.758139210555873,1574.9285698088026,1951.6147160748712
85.7381126123145,28.033540111813867,340.62848,3726,26.4557,10,0.36839542,4.635934,15.668548628284228,2919.2636057745794,766.6159403508383
85.73801072269912,28.100160069197265,123.48836,3671,44.073025,100,0.2716583,4.1764784,15.334806413073094,3537.711124441904,3461.3292244454296
85.74087473611583,28.015339789897045,67.267944,3218,49.550945,30,0.44529015,4.635934,15.1238670771352,4115.580153514204,1200.3749414245533
85.74171353334485,28.01465432403184,50.6562,3169,33.579422,30,0.47708368,4.635934,15.38056720338119,4118.859065323794,1290.0
85.73815553100299,28.008454183863257,30.680588,3306,38.327866,30,0.4874857,4.635934,15.499295748312433,4585.193561890272,1008.4641788382966
85.73430612247124,28.01284480794479,138.80527,3478,43.427372,60,0.24380925,4.635934,15.52602485250329,4865.644869901625,453.9823785126467
85.74519440245011,28.00850509563439,28.140879,3049,33.460007,30,0.6212226,4.90307,15.371233666120798,3810.3543142337826,1753.9099178692159
85.7474627721323,28.00230805941343,329.6909,3053,30.168228,10,0.6563397,4.90307,15.527531306422881,3728.337431081044,1481.8906842274162
85.75513521017838,28.01341678311792,41.935143,3065,32.25431,30,0.5656331,4.90307,14.902731899795416,2670.0,1448.1022063376604
85.7640870940013,28.008749303763604,345.07703,2721,40.51033,10,0.7217935,4.90307,15.441056236415173,1739.2239648762893,391.15214431215895
85.76196603185409,28.00926362795191,54.50781,2671,30.349455,10,0.6426482,4.90307,14.682407711637271,1959.2090240706834,593.9696961966999
85.7591427893679,28.00866098010397,338.75275,2772,49.326164,10,0.70885044,4.90307,14.682289999714051,2265.14900172152,782.3042886243179
86.00465330624203,27.75995246704555,270.0,2185,43.56864,10,0.64407563,4.674496,14.811712147656293,12856.846425154186,349.85711369071805
85.74059162974274,27.994991687609893,130.44894,3514,34.939735,30,0.40134424,4.635934,15.431487364522463,4724.880950881196,785.175139698144
85.74122115461796,27.99897956515964,108.0197,3398,47.698208,30,0.43289176,4.635934,14.945244267047608,4498.199639855929,960.0
85.74378538688593,27.99884869023668,71.525955,3248,35.57232,10,0.6438106,4.635934,15.23403289826303,4228.297529739363,1248.879497789919
85.74238531931341,27.999524808680167,93.44512,3303,38.94316,30,0.47486034,4.635934,14.892663158713287,4364.974226728034,1081.6653826391967
85.7615293426023,27.997106220571887,6.7984033,3320,31.777843,10,0.6763551,4.90307,15.375193950660462,2482.0354550247666,94.86832980505139
85.73831165881731,28.08922084699379,126.83509,3359,50.545628,30,0.46214,4.1764784,14.835484645734148,2455.056007507772,2497.218452598811
85.65354451803843,27.75259682201891,39.41362,1210,34.661625,30,0.35519496,3.9692416,14.562519933884975,3090.0,30.0
85.65424477769572,27.760041605389063,86.69705,1202,40.127117,10,0.6330567,4.3611135,14.172488528746014,3900.0,30.0
86.01157712654287,27.76340305828591,216.39096,2675,54.219807,30,0.26817256,4.674496,14.640437456195459,12036.731283866064,1049.571341072154
86.01407160704636,27.75772347821192,285.72546,2754,22.689356,30,0.32301342,4.018328,15.701991594158837,11905.200544299958,882.3264701911645
86.00180137709961,27.762614958074984,220.72911,2283,53.385136,10,0.78489846,4.674496,14.860287935900686,13110.308920845458,228.47319317591726
85.9999444394835,27.761518753871737,221.31383,2093,44.12275,10,0.617034,4.674496,14.496431301438461,13341.23307644387,60.0
86.00775052399631,27.76295791743184,152.12202,2503,40.719074,30,0.7461664,4.674496,14.882584576679015,12459.538514728385,787.4642849044013
86.00705806933341,27.770166955574048,211.49751,2916,57.600063,30,0.307783,4.674496,14.868235812455907,12364.732103850856,576.2811813689564
85.99996213872546,27.76922877364854,199.69145,2499,45.890923,30,0.5923913,4.674496,14.70594870494192,13183.523808147806,657.9513659838393
85.99302680741278,27.789590989292734,214.35178,1994,40.135063,10,0.786468,4.674496,14.758454808650873,10350.0,0.0
86.00006622137583,27.78996378604455,207.97456,2322,56.682556,30,0.31606218,4.674496,14.439591571015063,12990.0,523.9274758971894
86.0101322078092,27.78794802151492,206.23027,2558,35.13775,10,0.6986259,4.674496,14.820336249900965,11880.0,1590.0
86.01171390160913,27.78816204898053,224.2051,2658,44.15763,30,0.4847535,4.674496,14.814413731527202,11700.0,1760.0568172647154
86.00453299087359,27.791325265333533,217.32028,2587,41.195007,10,0.54405373,4.674496,14.359542036060988,12510.0,1025.2804494381037
86.01070913472306,27.79311477136237,187.15892,2969,41.3803,30,0.7536378,4.674496,15.003880604409312,11821.370478925022,1745.6803831171385
86.01412928906919,27.783629275021067,308.44867,2877,42.338554,10,0.73613924,4.605922,14.961392579910294,11438.854837788615,1529.7058540778355
85.99848955766383,27.80877753529882,264.77194,2398,57.976513,10,0.8291908,4.383127,14.565269701218533,13309.218609670517,450.99889135118724
85.9767200503514,27.81282801542947,203.8653,2424,39.154446,10,0.63181955,4.383127,15.055654964579247,8670.415214970964,42.42640687119285
85.97870235465051,27.81241749524862,224.10077,2492,38.272343,30,0.483372,4.383127,15.107193405049193,8872.75041912033,134.1640786499874
85.96421947924958,27.81877427281499,218.28542,2615,47.544827,10,0.70076257,4.9416623,14.70599756937671,7471.204722131499,931.933474020544
85.96474894346338,27.81668543512215,206.54628,2517,37.886738,10,0.6933622,4.9416623,15.050839110580684,7465.420282877582,882.3264701911645
85.96912557985821,27.820842095256985,203.82999,2938,48.557205,30,0.33851707,4.383127,14.771773436000698,8057.27621470184,510.8815909777921
85.96952633569609,27.81984436030277,213.67543,2895,47.44769,30,0.35521996,4.383127,15.176815187316,8052.080476497985,630.0
85.95365842012133,27.814069143638843,166.0112,2402,44.545776,30,0.42944786,4.9416623,14.702795099998635,6178.106506042122,258.0697580112788
85.93705828260268,27.831755116526107,204.59396,2367,36.786182,30,0.38378742,4.9416623,15.177353273856633,5447.127683467682,569.2099788303083
85.92816730645626,27.818529791526043,155.82262,1702,50.34914,30,0.50817525,4.9416623,14.346381608417342,3769.2704864469465,268.3281572999748
85.92060746451698,27.831458833304527,154.89801,2609,51.369835,30,0.26941618,4.9416623,14.556394943721868,4118.859065323794,360.0
85.91691202344947,27.82946281769561,145.43825,2561,59.683323,30,0.44117647,4.9416623,14.215741694422077,3683.653078127744,295.4657340538831
85.9190826145808,27.83058431210385,166.472,2585,57.42353,30,0.40834743,4.9416623,14.767402793739159,3931.373805681673,324.4996147917591
85.92098016159612,27.832605978882462,194.0063,2733,48.60553,30,0.4120439,4.9416623,14.853392079392117,4250.270579621962,510.0
85.91485894362125,27.824708580204184,196.96796,2268,46.83631,30,0.22010495,4.9416623,14.706751677367413,3120.1442274356486,42.42640687119285
85.91392976335419,27.823387431094872,150.51788,2194,27.50513,30,0.41888,4.9416623,15.251974143101497,2949.321955975644,30.0
85.91305728002958,27.82675743967716,166.86612,2486,46.3214,30,0.37002027,4.9416623,14.678277090494669,3169.369022376536,150.0
85.91384700087954,27.825070182728236,159.34792,2282,41.421047,30,0.34965292,4.9416623,14.50094348720342,3104.383996866367,30.0
85.92416359916879,27.816131109178457,148.04388,1643,28.955544,30,0.34428263,4.9416623,14.900775444415606,3244.9961479175904,442.944691807002
85.92321918017267,27.81825052080688,234.97452,1821,49.8299,10,0.6738752,4.9416623,14.56223636518087,3289.0728176797793,453.9823785126467
85.91778184193316,27.81755121683488,154.1466,1709,14.135108,30,0.4851128,4.9416623,15.73900021498347,2800.142853498728,60.0
85.91951017591104,27.82340664001788,124.17987,2009,51.09343,10,0.51996773,4.9416623,14.800215224398016,3407.080861969672,268.3281572999748
85.91971269977773,27.820389141297063,122.52161,1821,43.0276,30,0.58336323,4.9416623,14.71345734841406,3161.4079142053147,189.73665961010278
85.91102778680441,27.816261592670223,163.12514,1698,34.743732,30,0.3530718,4.9416623,14.782102971172664,2178.669318643837,432.6661530556787
85.90963152051435,27.814209108579885,136.10257,1577,46.55608,30,0.26528117,4.9416623,14.212086015814393,1914.601786273062,301.4962686336267
85.90721348274425,27.816386354236545,177.64563,1749,41.70358,30,0.25749367,4.9416623,14.501961550425516,1867.2439583514522,247.38633753705963
85.90190899679304,27.817980882303917,228.98672,1859,55.50707,10,0.50998855,4.9416623,14.478021418435928,1570.350279396288,84.8528137423857
85.90636771271376,27.81587903459828,164.21648,1712,54.713375,30,0.4432011,4.9416623,14.011015943613659,1761.8456232031228,174.92855684535903
85.99653091095998,27.791552829665072,215.42264,2291,60.506527,30,0.43513805,4.674496,14.410054887478541,13380.0,400.24992192379
85.99437113693946,27.791563972936007,200.30177,2213,43.510098,30,0.61827683,4.674496,14.728733360368953,13650.0,169.7056274847714
85.69885775485012,27.95740738023492,128.6768,3035,36.913902,10,0.62940174,4.5957475,15.162097764286711,6390.0,969.3296652842106
85.76423082775784,27.719656933033832,55.836082,902,33.54458,10,0.6451674,4.7094727,13.910906281371268,426.38011210655685,234.30749027719963
85.76488368611855,27.71864215328992,26.378506,985,36.53236,10,0.63416815,4.7094727,14.206089642502183,318.9043743820395,216.33307652783935
85.76649211718912,27.719395297710577,54.476963,863,34.85766,10,0.6372682,4.7094727,14.28009480324528,301.4962686336267,247.38633753705963
85.77876014479682,27.73010213618375,86.10484,702,49.993664,10,0.30003047,4.7094727,13.484921997473627,60.0,30.0
85.77370773846549,27.741576031106447,53.193375,1006,68.29935,10,0.6988932,4.7094727,13.914734736695802,150.0,150.0
85.77498188989227,27.741588212582457,38.16722,824,43.444405,10,0.7616564,4.7094727,14.025937865458843,30.0,180.0
85.88806575407307,27.867169041316487,308.06097,1514,39.14504,10,0.55825627,4.586505,14.431107409205845,429.5346318982906,666.1080993352356
85.88692408031476,27.867001845737462,313.24255,1451,49.754528,10,0.46491414,4.586505,14.665788225169043,420.0,577.0615218501403
85.88357262437233,27.871410957655566,272.35446,1221,38.240944,10,0.59915906,4.586505,14.375214919706865,0.0,30.0
85.88339696499546,27.871110522707777,278.97055,1183,46.07278,10,0.59906155,4.586505,13.858976504343202,0.0,60.0
85.88154428405757,27.868788457139388,269.5437,1125,63.80417,10,0.51991445,4.586505,13.195632907116451,0.0,30.0
85.88131149504288,27.86839493735476,262.1051,1072,43.31421,10,0.55852,4.586505,13.475782199256601,0.0,42.42640687119285
85.88167764816606,27.867257119080648,258.69733,1099,65.03003,60,0.21166095,4.586505,13.207223499204794,0.0,0.0
85.88282030423164,27.865005334839086,287.8212,1283,46.61052,10,0.4333954,4.586505,13.579331079948643,180.0,254.5584412271571
85.88258961608234,27.86155359552517,288.4686,1390,40.980953,30,0.6110444,4.586505,14.546579285415852,390.0,420.0
85.88403862319836,27.859005504724383,242.71867,1449,26.309368,60,0.46861508,4.586505,14.823743520109531,540.0,570.7889277132134
85.88261315750846,27.85837387493977,281.53146,1346,25.913313,60,0.41291904,4.586505,14.783666761998795,390.0,436.80659335683106
85.88574563986379,27.85875306800655,266.83725,1540,41.354618,30,0.44491526,4.586505,14.26897705436687,603.7383539249432,750.0
85.88504574391874,27.858128727643216,266.9329,1464,31.177612,60,0.35107654,4.586505,14.70617694272667,496.58836071740546,702.9224708315988
85.88826966452513,27.857677248739147,257.25595,1631,38.91051,60,0.35051244,4.586505,14.525607868770033,708.0254232723568,458.91175622335066
85.88657271482431,27.84691521102225,247.80003,1496,37.638416,30,0.50152254,4.9416623,14.580186144209753,360.0,630.7138812488591
85.88654890395581,27.84641740270339,291.02856,1490,24.281197,30,0.43985954,4.9416623,14.768094973884997,360.0,630.7138812488591
85.88833955875182,27.84581267982261,273.0987,1710,41.93617,30,0.54746497,4.9416623,14.042448373075441,570.0,618.4658438426491
85.88834343948248,27.844820009727936,268.38358,1707,59.84944,10,0.38035187,4.9416623,14.040575724714719,570.0,674.1661516273269
85.88663199081076,27.843312427776663,270.81708,1472,48.622208,10,0.59145266,4.9416623,14.091787454573184,390.0,658.6349520030045
85.88678515740642,27.8412671969952,274.10083,1562,53.63665,10,0.67256236,4.9416623,13.792776990387685,394.58839313897715,488.3646178829912
85.88421256276526,27.8325662320875,303.32767,1730,40.511517,10,0.7045858,4.9416623,14.520199305193467,806.1017305526642,150.0
85.89039232601289,27.84177039739186,214.83585,1680,37.566162,30,0.38213998,4.9416623,14.363949790613088,810.0,700.3570517957252
85.89106712951798,27.841355288993327,226.03142,1711,40.009842,10,0.673138,4.9416623,14.528702710701072,872.066511224918,702.9224708315988
85.89272335112993,27.84005998674588,215.63162,1719,54.73298,10,0.60939837,4.9416623,14.028055253504807,1070.7940978544848,611.8823416311342
85.87998802903236,27.852739563464954,236.97166,1084,36.593334,10,0.5949241,4.586505,14.19921609612297,0.0,84.8528137423857
85.88082824085535,27.85117744356181,245.20888,1070,69.69338,30,0.4741602,4.586505,12.912015792608427,0.0,30.0
85.88115905154213,27.84785159090737,266.5105,1065,28.009367,10,0.71130836,4.586505,13.81835970059221,0.0,67.0820393249937
85.88153004832108,27.84151940486714,315.30106,1067,28.659554,10,0.55359393,4.9416623,14.206590980711173,30.0,150.0
85.87363430457064,27.832014095705368,324.54944,1233,28.215101,10,0.7375628,5.761692,14.65851517757307,180.0,120.0
85.87606867473066,27.82977002555629,224.10538,1433,38.274517,30,0.31413358,5.761692,14.11884461628518,174.92855684535903,67.0820393249937
85.87843426569844,27.82936128024392,217.86203,1523,52.690994,30,0.4056132,5.761692,14.144005875807647,394.58839313897715,67.0820393249937
85.87983624241764,27.82818687507713,184.04256,1438,37.916847,30,0.25581396,4.9416623,14.858825645756673,364.96575181789314,0.0
85.87601452426058,27.82796954031711,213.65958,1176,60.260117,30,0.42022324,5.761692,14.415017860357452,120.0,0.0
85.87796240483975,27.827255879394283,209.19337,1249,57.606907,10,0.2826339,5.761692,13.597842282534272,270.0,123.69316876852982
85.8834141601063,27.82751750345124,173.67406,1509,39.714172,30,0.40843257,4.9416623,14.741454206363752,566.0388679233962,84.8528137423857
85.88427509400489,27.824467945708868,237.71935,1254,37.15337,10,0.4619829,4.9416623,14.331820445187097,436.80659335683106,67.0820393249937
85.88422540435975,27.821693934912226,245.14368,1190,22.958399,30,0.3122388,4.9416623,14.73507762678405,169.7056274847714,42.42640687119285
85.88392164075111,27.82273573594954,250.23732,1191,31.897156,10,0.43196127,4.9416623,14.449290252667328,256.3201123595259,30.0
85.89359287734588,27.803586498185904,249.52048,933,41.31821,30,0.63247865,4.9416623,13.87163825002018,0.0,30.0
85.89358509512994,27.80428842915728,246.71681,948,36.39599,10,0.6087836,4.9416623,14.064155716704684,0.0,67.0820393249937
85.89610025234106,27.804434237947184,149.92703,961,37.485954,30,0.5316642,4.9416623,14.05180985846336,67.0820393249937,42.42640687119285
85.90034007509446,27.8067256496828,175.95824,1013,27.442862,30,0.46257585,4.9416623,14.236660540603415,617.7378084592201,210.0
85.90058493479692,27.80677260713132,165.5111,1012,30.33545,30,0.46257585,4.9416623,14.236660540603415,617.7378084592201,210.0
85.90076555792825,27.807005151380167,148.00375,1020,35.954296,30,0.50177705,4.9416623,14.03486663553976,658.6349520030045,180.0
85.90094264348686,27.807334677132893,149.97902,1043,40.074547,30,0.54215217,4.9416623,13.948027382678859,699.7142273814361,152.97058540778355
85.9008387765949,27.8221065691278,312.12943,1801,47.35896,10,0.574141,4.9416623,14.71501763350818,1863.866948041088,228.47319317591726
85.90004092038254,27.821525984657463,320.33505,1759,32.246365,30,0.5726808,4.9416623,14.724825025135502,1739.4826817189069,120.0
85.89930489481729,27.819987694995607,294.85672,1730,22.958096,10,0.5399188,4.9416623,14.709673085010168,1580.9174551506478,30.0
85.89617982920909,27.82222853772257,286.77805,1788,40.06955,10,0.60784316,4.9416623,14.426260175918793,1451.2063946937387,0.0
85.89580268599755,27.821557943577314,267.02194,1750,31.929647,10,0.40349838,4.9416623,14.837769336501479,1415.0971698084907,0.0
85.8945997253233,27.82569487748777,206.68196,1768,26.065985,10,0.33429188,4.9416623,14.713733643665497,1382.9316685939332,0.0
85.89432613974091,27.826037129141703,206.00195,1804,42.569122,10,0.3747573,4.9416623,14.6125416661753,1368.5393673548451,0.0
85.89503736848445,27.826567536495432,198.31212,1857,34.957466,10,0.45428672,4.9416623,14.788588936430283,1475.8048651498614,0.0
85.89546126004515,27.82627675959821,205.62767,1853,30.646006,10,0.3112245,4.9416623,14.798383403101209,1489.7650821522163,0.0
85.89538272964545,27.825503875728423,219.8004,1797,38.683083,10,0.4307229,4.9416623,14.698717146425432,1453.9944979263162,0.0
85.89735954018357,27.825721482919647,210.38368,1907,26.869276,30,0.6307449,4.9416623,15.145153383215979,1689.0825912311095,150.0
85.89758475795558,27.821743657378864,163.733,1777,46.274174,30,0.4214156,4.9416623,14.569301049799849,1549.8709623707387,30.0
85.89850760834985,27.82127870269876,182.53891,1717,39.5699,60,0.06248868,4.9416623,14.788880983981361,1621.1107303327556,0.0
85.8985457503784,27.822601177549902,167.00601,1806,39.147156,30,0.374275,4.9416623,14.658685867553071,1699.1762710207556,120.0
85.89614567826196,27.82929334225267,201.75697,2110,41.633812,30,0.61275476,4.9416623,14.463006331074205,1730.6646122227148,120.0
85.89723630830741,27.829845485595133,212.98993,2206,46.183052,10,0.59754395,4.9416623,14.98660415145549,1863.866948041088,201.24611797498108
85.89775237340714,27.82964364765947,224.36215,2184,39.955105,30,0.29542646,4.9416623,14.600513684446959,1914.366736025258,234.30749027719963
85.89830284406483,27.828453963145027,219.12372,2122,49.94373,30,0.5014111,4.9416623,14.213163390857986,1891.9038030513075,150.0
85.68400739803931,28.01976722471531,277.81906,2843,39.791504,10,0.73637044,4.758372,15.201613229352755,7213.612132628147,2752.8167392690707
85.88428426037134,27.83008554910219,185.10146,1738,31.698717,60,0.20225385,4.9416623,14.609651254084664,806.1017305526642,84.8528137423857
85.88361815484204,27.84908218141845,257.11978,1309,47.447037,10,0.4912151,4.586505,14.007759674891044,60.0,331.36083051561786
85.88448755930031,27.84738824210315,261.20416,1361,65.7807,30,0.32071558,4.9416623,13.44483521088013,150.0,424.26406871192853
85.8835469289587,27.85078071892562,280.22855,1335,42.352367,10,0.549386,4.586505,13.95969874146722,30.0,301.4962686336267
85.88371474505462,27.850527534549613,280.22855,1335,42.352367,30,0.32003272,4.586505,14.22190421841326,60.0,330.0
85.88479524711425,27.863190668677305,270.0,1471,29.580502,30,0.48171845,4.586505,14.824355158261604,429.5346318982906,551.5432893255071
85.88877581231222,27.85958078169088,237.72769,1748,37.159733,60,0.26361868,4.586505,15.192580217690073,890.9545442950498,394.58839313897715
85.88815368153297,27.85856208752948,224.5711,1660,35.161964,30,0.40731925,4.586505,14.748785835134237,742.7651041883969,480.0
85.8853753247686,27.85901806774333,254.49785,1520,44.09969,30,0.37875515,4.586505,14.286333564811176,618.4658438426491,720.6247289678588
85.8930563612039,27.80958432490992,192.32973,1269,68.083374,10,0.28811803,4.9416623,12.801414039689291,234.30749027719963,60.0
85.89562248966483,27.809158140524485,210.21725,1272,31.724134,30,0.37821782,4.9416623,14.401138759942867,465.72524088780074,42.42640687119285
85.88981519444927,27.80991734314273,211.3897,1049,50.06911,30,0.34159482,4.9416623,13.828651272339009,180.0,201.24611797498108
85.88785542180737,27.809284711552102,221.61502,952,42.283264,80,0.18371153,4.9416623,14.344636566739075,60.0,0.0
85.91711757473455,27.85298073729744,232.08522,2320,44.266224,10,0.5941945,4.586505,14.728238488628074,3102.208890452092,67.0820393249937
85.87300995680928,27.827453369637208,202.75694,1034,47.422955,30,0.26634252,5.761692,13.577642959956462,0.0,30.0
85.87718039851354,27.82457848620259,228.51103,1018,37.14368,30,0.38127467,5.761692,14.315640163666787,0.0,60.0
85.8746717554089,27.82983465931788,239.99245,1321,46.006927,10,0.5681354,5.761692,13.914014381863417,90.0,30.0
85.88651243425667,27.864105737577955,292.5368,1605,44.169136,10,0.59527826,4.586505,14.526631508563069,468.61498055439927,632.8506932918697
85.88860212949308,27.86532209899133,18.180231,1691,27.842484,10,0.4709518,4.586505,14.974233527774171,618.4658438426491,725.6031973468694
85.89657876298597,27.82307266982848,253.93668,1801,39.31893,30,0.6992978,4.9416623,14.607091546430734,1524.1062955056645,30.0
85.88124424936913,27.82811797744999,210.63863,1477,49.846706,30,0.37502852,4.9416623,13.869283488166,432.6661530556787,67.0820393249937
85.55687255963632,27.89758745422579,164.7625,1301,42.17626,30,0.4299517,5.2217073,13.853915335342153,1082.081327812286,67.0820393249937
85.56000239076441,27.898735487374857,172.36815,1427,51.144066,30,0.55388564,5.2217073,14.08830564309464,1302.4976007655446,90.0
85.52683751827827,27.83960547064314,90.0,1706,32.648983,60,0.6020352,4.967406,14.795368237383752,2670.6740722147283,0.0
85.53227122352239,27.84362312097316,152.66113,1419,32.530212,10,0.8003151,4.967406,14.619308419285204,1944.4536507718562,94.86832980505139
85.53015776185413,27.813413614992477,164.50017,1360,41.6797,30,0.41520655,4.967406,14.150072152687663,4476.0361928831635,212.13203435596427
85.54459337823288,27.84466918820883,111.454094,1152,19.497398,10,0.530137,4.967406,14.98891558729215,870.0,30.0
85.54406741511723,27.843244052985035,92.97746,1162,31.934769,10,0.6922792,4.967406,14.438453399586194,1021.7631819555842,108.16653826391968
85.53498527995303,27.83966584232792,60.29573,1399,33.159016,10,0.74799615,4.967406,14.573255509277931,2034.0353979220713,241.86773244895647
85.5293902940251,27.838264621647102,68.54476,1633,35.302265,60,0.623483,4.967406,14.655788982218592,2567.5864152935533,67.0820393249937
85.5053843703777,27.830752051590007,143.8073,1801,34.293312,30,0.3990178,4.804811,14.776009298150054,5094.173141933831,30.0
85.5319827358197,27.817387120830794,197.68771,1454,33.53039,30,0.4204244,4.967406,14.59508788683802,4012.0443666539886,30.0
85.48727703882714,27.84563792699774,306.19516,1752,33.340363,60,0.4635099,4.804811,14.794292837571591,6078.461976520047,366.1966684720111
85.48714646158366,27.84883913309666,308.3479,1616,23.91954,10,0.6997302,4.607892,15.016179549922882,5977.4576535513825,436.80659335683106
85.48555607222502,27.8494768470497,322.36304,1565,24.214378,10,0.69448125,4.607892,15.059484600643119,6128.5234763358785,318.9043743820395
85.48475495025586,27.846743906972797,41.3362,1611,30.203787,10,0.7772222,4.804811,14.906327553306966,6313.20045618702,361.2478373637689
85.48414959579009,27.84752877101096,63.995438,1614,30.571917,10,0.6210599,4.804811,14.822770425748466,6338.596059065446,305.9411708155671
85.4760312258625,27.870039629202644,97.946045,1836,19.356169,10,0.67543095,4.607892,15.465461959879171,6870.0,240.0
85.47878427620259,27.8713217932034,202.15813,1894,23.60368,10,0.42744106,4.607892,15.113759351451185,6570.0,0.0
85.48028750774594,27.872912471177067,129.38065,1975,33.558727,10,0.76095027,4.607892,14.562154758423924,6390.0,42.42640687119285
85.47923579734999,27.87216682600122,217.02193,1932,16.915934,10,0.57997376,4.607892,15.283909943832965,6510.0,30.0
85.47746205138628,27.877776169582845,174.75914,2084,31.025307,10,0.4672619,4.607892,15.082080701834961,6728.097799526996,0.0
85.47381105928308,27.87668958883472,129.45416,2087,34.520187,60,0.37451738,4.607892,14.705731519635345,7113.100589756903,123.69316876852982
85.47405125933342,27.876898645375658,124.90965,2066,40.317524,10,0.14669926,4.607892,14.876572138242196,7084.066628709812,161.55494421403512
85.7121319130817,28.0239858245729,262.54926,3140,26.5347,30,0.5063723,4.635934,15.210187286675339,5785.646031343432,1168.4605256490267
85.47324998215844,27.87622692411593,162.42409,2078,23.00178,10,0.38650703,4.607892,14.988784384439109,7171.568866015302,60.0
85.47445069022818,27.866116492769457,154.66188,1738,37.602226,10,0.54278207,4.607892,14.625642506529253,7050.255314525851,216.33307652783935
85.6845323360672,28.02232106542943,256.31363,2894,28.69324,30,0.5744893,4.758372,14.456369121215214,7467.168137922166,3026.8795813510656
85.47247897361363,27.866095527067564,200.65924,1751,25.03761,10,0.81842697,4.607892,15.140779722353951,7260.247929650888,127.27922061357854
85.4659860041353,27.862643083111397,186.71997,1917,38.0392,10,0.5926654,4.607892,14.825517531900275,7992.677899177471,67.0820393249937
85.46531236145312,27.863480728257265,205.86295,1960,32.196007,10,0.54744285,4.607892,14.71731702290251,8078.025748906722,30.0
85.46230623822116,27.859855939237555,219.35341,1834,39.942444,60,0.40085158,4.607892,14.617295013973871,8433.415678122357,0.0
85.46303640527296,27.859120152670197,171.95248,1801,33.18271,10,0.6700935,4.607892,14.835318062908446,8352.346975551243,30.0
85.4619421629737,27.86082061710463,,0,,0,,4.607892,,8455.796828211993,0.0
85.46172042557187,27.861378300122865,,0,,0,,4.607892,,8481.249907885041,30.0
85.4596363823208,27.844005991687,198.74109,1742,27.149792,10,0.45477998,4.804811,15.02709538537535,9057.615580272768,0.0
85.46370656556974,27.84272329146615,213.8291,1744,27.750887,10,0.5034289,4.804811,14.970385669010719,8671.29748076953,30.0
85.46463476435689,27.84302019710315,185.87004,1769,28.236345,30,0.51739895,4.804811,14.708843787461593,8547.894477589203,123.69316876852982
85.51438690272226,27.83083959955474,217.72931,1852,37.874195,10,0.592035,4.804811,14.844959052802825,4348.758443510055,300.0
85.46768493008226,27.84127980333872,225.39592,1657,33.763973,10,0.77506596,4.804811,14.80933505588837,8294.118397997463,60.0
85.46753045476738,27.840336739978703,228.51518,1612,20.130865,10,0.6110206,4.804811,14.84300764198876,8335.682335597969,30.0
85.4973379716411,27.836051828262203,253.57648,1787,32.20254,10,0.6231343,4.804811,14.771954722096979,5554.53868471541,120.0
85.49783095343656,27.83558834550521,267.69824,1802,38.872673,10,0.3387437,4.804811,14.619374991152522,5514.943336064297,60.0
85.49814090318638,27.835503406813967,253.04207,1838,29.030443,10,0.13113849,4.804811,14.821773718529066,5502.36312869298,42.42640687119285
85.4882897427254,27.85250595080821,306.19342,1607,52.765953,10,0.39748535,4.607892,14.001294778145223,5715.610203644052,283.0194339616981
85.48844823922181,27.850632815307613,301.5946,1658,26.306509,30,0.50070775,4.607892,14.734675135257845,5777.551384453453,271.66155414412253
85.48721447586733,27.854166928397472,283.38937,1449,26.074186,10,0.7410536,4.607892,14.902806107719272,5777.239825383745,123.69316876852982
85.48681159625498,27.853284257151223,290.5089,1453,26.941763,60,0.733895,4.607892,15.404741865869049,5865.057544474734,84.8528137423857
85.48783702453791,27.850978060695084,260.50378,1604,34.48231,10,0.6455484,4.607892,14.89901769777869,5816.364844127301,342.05262752974136
85.53424145970872,27.800828523466112,180.0,986,38.42148,30,0.48349005,4.463525,13.997238552242884,4081.764324406788,60.0
85.53466328827768,27.801362539130576,183.97958,1044,46.52627,30,0.40754104,4.463525,13.804407404345495,4024.027832905732,120.0
85.53564925649437,27.80073512444796,208.52423,1019,43.772892,10,0.4817323,4.463525,13.872529722143264,3931.030399271926,42.42640687119285
85.53689034849243,27.80020348257439,208.48564,990,42.641117,10,0.73481685,4.463525,13.95534904825212,3780.119045744459,67.0820393249937
85.54964341452819,27.79724535076342,136.27264,918,30.217594,10,0.24844407,4.463525,14.280699514857911,2370.0,0.0
85.5506896372733,27.797389423895066,189.76077,911,37.073784,30,0.19384974,4.463525,14.217017951351737,2250.0,30.0
85.5510313243079,27.79725852018613,181.2219,913,40.634445,30,0.19441141,4.463525,13.9999049676034,2220.0,0.0
85.55153217837444,27.797178710263864,183.23506,913,32.9652,10,0.39147708,4.463525,13.99556015724052,2160.0,0.0
85.55550111288292,27.796981346567204,193.31168,899,35.575863,30,0.14988399,4.463525,13.965016786438799,1710.0,0.0
85.63077524994621,27.83290111478791,134.49632,1970,34.718353,10,0.7544236,4.4971914,14.857944169493132,4754.8817019984845,108.16653826391968
85.64837907629398,27.874801892772787,353.75232,1445,26.785519,10,0.8026303,4.559856,15.59845545565866,3409.06145441821,134.1640786499874
85.67117681498851,27.892580663055103,180.0,2182,55.534718,30,0.5945587,4.6264033,13.98654190977534,4897.448315194352,429.5346318982906
85.66576774118009,27.89064355031873,166.99812,1901,39.14805,30,0.5132128,4.6264033,14.661760417338465,4535.063395367258,457.93012567421243
85.66494704954422,27.889215414082003,191.0381,1785,25.561499,30,0.5961504,4.6264033,14.814296633062987,4522.941520736256,313.20919526731655
85.66512068742162,27.88920737952841,191.0381,1785,25.561499,30,0.55125326,4.6264033,14.89348684297396,4549.42853554158,342.05262752974136
85.66567767515647,27.889377950798504,195.7937,1802,31.200075,10,0.631678,4.6264033,14.880755347769776,4602.531911893713,361.2478373637689
85.66907271151054,27.890141197242983,212.73503,1904,40.25596,60,0.73800737,4.6264033,15.040578709008368,4886.22553716056,379.47331922020555
85.66737203897198,27.889614794197207,172.83478,1838,36.285492,30,0.4999236,4.6264033,14.710552330147966,4749.4841825191925,305.9411708155671
85.6711874525627,27.89094864874976,149.15675,1964,34.166843,30,0.4779101,4.6264033,14.692865833786831,5015.117147186095,516.1395160225576
85.66751890436214,27.85660453044967,203.60551,2214,37.858044,10,0.6372427,4.6264033,14.861636619997139,6257.06800346616,120.0
85.6476880239978,27.895711108324445,176.84082,1535,33.612335,30,0.4855884,4.625964,14.771342283272633,2504.595775769016,0.0
85.64800803438803,27.895925398608917,159.84859,1544,32.53798,30,0.49273542,4.625964,13.982927162812738,2512.846990964631,30.0
85.64867602264638,27.896147461258,199.07182,1577,50.9617,30,0.57420325,4.625964,14.078122730394233,2588.5324027332554,0.0
85.64899519746089,27.896023534131043,214.17207,1570,41.362514,30,0.5834631,4.625964,14.332937621715256,2613.962509295036,30.0
85.65084976594797,27.89679141197614,210.23737,1734,31.729378,60,0.5767196,4.625964,14.62416733359358,2751.18156434649,30.0
85.6519233824232,27.896529145415407,195.19264,1746,39.986595,60,0.48533905,4.625964,14.632493490284224,2871.3933899763715,0.0
85.65245676171898,27.896444320235197,188.93102,1752,30.53686,50,0.3870773,4.625964,14.906702995673525,2938.4689891166113,0.0
85.66913615588294,27.85625231166798,181.11719,2240,43.200203,60,0.2817552,4.6264033,14.80490962657098,6440.504638613344,150.0
85.66961332391594,27.8563466386001,180.0,2245,37.84767,10,0.2895912,4.6264033,14.74987142937793,6449.4418363142095,150.0
85.65846246484536,27.838729341440715,186.08969,2090,40.788303,10,0.6995773,4.6042256,14.835759678281027,6833.944688099253,189.73665961010278
85.65154538346746,27.837183709866807,159.3458,1864,46.06768,10,0.7076768,4.4971914,14.498132558758739,6378.08748764079,108.16653826391968
85.64965779504088,27.83708203655696,131.48561,1919,37.145504,10,0.66284484,4.4971914,14.929929974967147,6241.874718383893,174.92855684535903
85.65324319328435,27.83006632670501,146.12224,1558,31.96148,10,0.4720308,4.4971914,14.832842452413441,7085.209947489207,362.49137920783716
85.65412309136684,27.829192322642548,148.23264,1461,38.648804,30,0.52067745,4.4971914,14.34276062015097,7212.489168102785,339.4112549695428
85.63970518424946,27.829679160848176,154.84,1513,49.297344,10,0.70672417,4.4971914,14.084615768689506,5806.375805956758,0.0
85.64016090344775,27.83001061046509,158.40749,1518,34.852566,10,0.60439104,4.4971914,14.280209605944497,5850.0,0.0
85.67312725846725,27.815901189193937,129.28722,1216,43.40727,10,0.5098292,4.6042256,14.515910236765285,9747.045706264027,60.0
85.67776465191969,27.830000203359173,84.94627,1259,20.179817,10,0.74031186,4.6042256,15.043291607489772,9036.924255519685,30.0
85.52497033734049,27.919435689062013,182.44542,1280,40.653805,10,0.70188427,5.2217073,14.217278190707747,2340.0,400.24992192379
85.52584993341392,27.91919052178846,177.90923,1255,45.12322,10,0.5242957,5.2217073,14.0519121740703,2250.0,402.49223594996215
85.51961111980606,27.9088544381919,76.68299,1782,46.510635,10,0.80719423,4.496347,14.783867360980445,2472.589735479786,466.6904755831213
85.51928550666089,27.914588858950527,132.56128,1597,51.749027,60,0.27511656,4.496347,14.422714161841924,2751.18156434649,0.0
85.53327130715817,27.93735098635275,102.12816,2123,54.206566,10,0.68433297,5.2217073,14.522547079058036,2079.5432190748047,283.0194339616981
85.53276209680324,27.937472791664472,109.46258,2181,25.912355,10,0.5633988,5.2217073,15.309673991971252,2146.6252583997984,254.5584412271571
85.53357652099265,27.937996398104783,137.19672,2123,36.05816,10,0.68364,4.987441,14.884260632236828,2095.0656314301946,361.2478373637689
85.53558208604335,27.93737281956732,70.92966,1974,24.032328,10,0.84348345,5.2217073,15.498914506595298,1867.9668091269716,182.48287590894657
85.53593446100156,27.93765142203192,69.881645,1950,38.66221,10,0.8120711,4.987441,15.30476127088921,1857.3368030596928,150.0
85.52418824041727,27.932946335812478,172.35156,1858,43.939545,30,0.43281588,5.2217073,14.65127308355866,2794.512479843309,30.0
85.52317299991915,27.93491520447024,224.5914,1941,35.17138,10,0.6440481,5.2217073,14.82409605769718,3005.0956723538766,94.86832980505139
85.523717308758,27.93506766435937,226.50127,1975,34.2939,10,0.6140813,5.2217073,15.014572444966824,2970.6059987820668,150.0
85.52473141921857,27.93668844680285,197.15553,2129,36.70187,30,0.57530046,5.2217073,14.86085840679274,2951.1523173160685,127.27922061357854
85.52544184382816,27.936239806352404,220.87857,2127,36.051872,10,0.7742769,5.2217073,14.680745762811519,2876.4040050034696,127.27922061357854
85.54266233688774,27.92998357539704,121.275345,1707,34.449604,10,0.62631357,5.2217073,14.342610224300781,848.5281374238571,134.1640786499874
85.49745115432542,27.917996093308936,94.73553,2265,30.465912,10,0.76980895,4.496347,15.16272341607034,5102.205405508485,241.86773244895647
85.49878856434229,27.919024038683087,93.16098,2185,30.418695,30,0.549785,4.496347,15.37903007291269,5031.779009455801,174.92855684535903
85.64544779805628,27.89825241330187,190.3427,1625,27.026556,30,0.41178182,4.625964,15.019936388966125,2156.038033059714,42.42640687119285
85.64587853082205,27.898335868507264,222.1515,1637,28.628864,30,0.3546798,4.625964,14.914856631391435,2181.5590755237413,30.0
85.6511816370404,27.90123353121776,262.25742,1835,35.789246,10,0.49331126,4.625964,14.68334324171388,2589.922778771599,42.42640687119285
85.65088766056809,27.900531388156367,271.15067,1806,38.872513,30,0.56601816,4.625964,14.629022685476857,2581.046299468493,67.0820393249937
85.64283608205879,27.91192941756724,227.49797,1307,33.856873,30,0.45698214,4.625964,14.76180978355746,1157.6268828944844,108.16653826391968
85.64378695590904,27.91180875277872,221.12045,1348,36.94651,30,0.49247015,4.625964,14.94318271389434,1248.5191228010888,152.97058540778355
85.64456492901634,27.91142159729537,237.53374,1366,28.493382,80,0.3825781,4.625964,15.118487632147815,1308.0137613954985,180.0
85.64080157338091,27.91237371325528,216.49872,1256,27.635193,30,0.35792446,4.625964,14.69155083245456,993.6297097007517,30.0
85.69864470398956,27.91849229834722,275.76642,2851,32.80016,30,0.5010274,4.548963,14.982124708317214,6707.197626430878,607.4537019394976
85.69667081582004,27.910627690519792,213.05165,2960,57.087772,30,0.32708126,4.548963,14.459956682559849,6697.730959063674,420.0
85.69364081736684,27.910905613634448,243.33932,2721,42.04776,10,0.7291961,4.548963,14.985537905604946,6367.495583037337,630.7138812488591
85.68258825152746,27.920795516187265,242.98903,2160,46.91802,10,0.6702921,4.548963,14.489011953507601,4952.544800403122,330.0
85.6854225225188,27.91774322584419,246.16367,2305,40.069958,10,0.8071773,4.548963,14.452510982056944,5352.121074863685,637.808748764079
85.68825083991696,27.916170653173484,247.31824,2475,55.760563,10,0.8316572,4.548963,14.412753865529021,5692.890302825095,468.61498055439927
85.68016728209912,27.90394839745364,352.83386,2428,23.77401,30,0.7068499,4.548963,15.522423955875485,5130.789412946121,859.0692637965813
85.68682784881065,27.90103398069803,344.92178,2641,35.150463,10,0.64123374,4.548963,15.23403999516815,5921.866259888009,1321.3629327327144
85.69041647971805,27.927383360051337,347.91397,2315,31.488491,10,0.82560295,4.548963,15.220603994839202,5577.7414784122075,450.0
85.69108902058794,27.91399336972189,263.42517,2655,40.306625,10,0.78,4.548963,14.710440762131164,6016.9261255228985,381.8376618407357
85.68440330315869,27.91830755926901,241.32133,2233,41.2516,10,0.7146758,4.548963,14.744199832314045,5223.96401212719,577.0615218501403
85.67185120713623,27.9090475301488,9.18297,2074,24.661846,10,0.73733383,4.548963,15.183821633659084,4060.5418357652716,426.38011210655685
85.67123295485048,27.90864389409161,10.343657,2112,27.026627,10,0.7638275,4.548963,15.28269589012615,3985.5990766759264,349.85711369071805
85.67369601618955,27.90710098576828,5.2422614,2205,31.025364,10,0.8236375,4.548963,15.249215925206705,4329.36484949005,403.6087214122113
85.67548734686238,27.90654944896588,341.40613,2258,32.29014,10,0.8068235,4.548963,14.983234482792088,4518.96005735833,488.3646178829912
85.67249896452253,27.9070291559493,335.6467,2201,28.060526,30,0.8096708,4.548963,15.392658358819702,4189.379428984679,318.9043743820395
85.91625719828501,27.908641885559327,182.6626,1484,49.791504,30,0.22831978,4.4041653,13.951380609953109,60.0,192.09372712298546
85.91363221900039,27.91024357859958,211.68506,1693,22.709835,30,0.5780822,4.4041653,15.197870361648294,360.0,375.89892258425004
85.91447035768165,27.91144816586125,288.6972,1736,42.269337,10,0.81354725,4.4041653,14.692688319212277,270.0,458.91175622335066
85.91415762842546,27.91520137362251,234.26363,1899,57.66682,10,0.38448846,4.4041653,14.000495509923228,424.26406871192853,218.40329667841553
85.91416079310962,27.91305819981678,258.89026,1715,33.904247,30,0.46302465,4.4041653,14.767348533115795,305.9411708155671,445.9820624195552
85.91843960170576,27.909867528822847,143.86751,1483,61.78718,30,0.59573436,4.4041653,14.514337722891279,0.0,375.89892258425004
85.91788193841523,27.915053561950888,219.22452,1934,51.885227,30,0.25881168,4.4041653,15.171931593302237,270.0,201.24611797498108
85.91932012484496,27.914826493002497,151.57614,1899,59.43719,30,0.23382114,4.4041653,14.125362236723394,180.0,300.0
85.92203989594377,27.914834422004407,157.17519,1605,64.80021,30,0.2705135,4.4041653,14.21696552494526,0.0,318.9043743820395
85.923901485784,27.917289111403267,115.23294,1679,31.281376,30,0.43282497,4.4041653,14.845491771527582,90.0,323.10988842807024
85.91900631858007,27.918043047890727,57.27393,2000,13.470939,30,0.4678055,4.4041653,15.922515872607601,276.5863337187866,276.5863337187866
85.91938456524709,27.92008268065212,79.412704,1935,44.10249,30,0.2896305,4.4041653,14.466196573369464,429.5346318982906,216.33307652783935
85.93375565125551,27.945311953165398,199.80803,2263,48.632656,60,0.25298148,3.810093,14.537367537693152,593.9696961966999,67.0820393249937
85.93332077180852,27.94415406940496,214.95996,2125,33.88399,60,0.12142704,3.810093,14.964144134960291,550.7267925205746,84.8528137423857
85.93723388372118,27.93942172056468,103.3792,1831,26.091059,30,0.4019509,3.810093,15.14381680999034,60.0,492.0365840057018
85.93867808630964,27.94030452316464,158.89891,1817,37.36007,30,0.255728,3.810093,14.68458579113631,0.0,468.61498055439927
85.95369376322907,27.976332108352917,152.82776,2088,53.767334,30,0.4770092,3.810093,14.304394573836685,810.5553651663778,67.0820393249937
85.93822670550573,27.96703523460763,139.66318,2694,27.007128,30,0.5929032,3.810093,15.48448048993103,1415.0971698084907,268.3281572999748
85.94279917788221,27.96771986018816,147.50781,2462,31.555912,10,0.71022725,3.810093,15.193897518501556,1008.0178569846864,308.86890422961005
85.94457320890434,27.972956743489327,51.345413,2361,51.204956,30,0.6612421,3.810093,14.590138779694518,1281.6005617976296,840.535543567314
85.9412847225472,27.974225675548997,26.211256,2419,51.22756,10,0.7579747,3.810093,14.431018058661614,1632.1764610482533,976.7292357659824
85.94193248529658,27.97236500708207,15.011903,2574,32.49185,10,0.7207645,3.810093,15.588126777627101,1429.0206436577464,816.0882305241266
85.94350627464202,27.974027439749705,6.460079,2319,33.090214,10,0.7674695,3.810093,14.97820819061736,1447.7914214416385,859.5929269136641
85.93794459954731,27.971812203109067,5.8769927,2759,47.04445,10,0.6834276,3.810093,14.935659064856644,1710.263137648707,794.2921376924236
85.94246371883234,27.97775589140089,180.0,2506,30.919395,30,0.5535783,3.810093,15.237222331728303,1804.2449944505875,624.2595614005444
85.94538630054662,27.97744241058804,108.51992,2283,48.27013,30,0.28503937,3.810093,14.616964744033627,1555.6670594957009,416.7733196834941
85.93561740826428,27.978978057620044,139.0639,2882,45.203465,30,0.52041966,3.810093,14.774575988698327,2466.576574931336,1157.6268828944844
85.93125011578061,27.980239323098317,111.42966,3038,35.332993,60,0.27775672,3.810093,15.309282878737168,2886.2432329933663,1546.3828762631847
85.93004220058359,27.974427305784733,99.4024,2949,30.732727,30,0.4880348,3.810093,15.424311866884066,2598.249410660955,1485.5302083767938
85.91279461261774,27.948542090933746,114.935165,2491,37.521908,30,0.45180723,3.810093,14.98767983912911,2604.995201531089,655.2098900352466
85.9149995603416,27.950335234744784,93.29717,2226,40.176514,30,0.37066883,3.810093,14.792988663246632,2497.0382456021775,390.0
85.91367060615873,27.95219345670322,76.913574,2293,47.001205,10,0.65946704,3.810093,14.581227893361348,2742.0065645435643,579.396237474839
85.91744752698581,27.930149094577363,155.89287,2114,37.32857,30,0.24947146,4.4041653,14.65354394923152,1325.4433220624715,468.61498055439927
85.90879061005829,27.927474410670857,118.36646,2580,36.854385,30,0.5379085,4.4041653,15.038134590734474,1826.3077506269308,442.944691807002
85.91006043990579,27.929270518801207,136.10793,2601,41.940113,30,0.4364361,4.4041653,14.994872378145631,1851.5128949051366,666.1080993352356
85.91109892679846,27.929612773821454,141.91858,2559,53.20052,30,0.28073266,4.4041653,14.73120622582337,1842.0097719610503,774.2092740338364
85.93595425993612,27.94812463570615,148.80496,2421,58.431248,60,0.056582633,3.810093,14.483149382591272,685.4195795277518,442.944691807002
85.83777952054302,27.93281244777581,256.66495,2818,37.66931,30,0.5689342,4.6328516,15.113195197668256,5336.459500455334,1086.6462165764901
85.80830639743054,27.944569442287047,318.9519,1776,15.59127,10,0.7630922,4.3121977,15.190254496035367,1866.0385848100784,90.0
85.80257326353706,27.9455985972838,-0.0,1695,37.84767,60,0.72556114,4.3121977,14.600703333484615,1230.3657992645926,30.0
85.80063358903341,27.94024338082772,42.162487,1998,28.633047,60,0.5909835,4.3121977,15.14889149950231,1198.8744721612852,67.0820393249937
85.80180064436034,27.93806117598624,20.259323,2093,38.440517,60,0.5870398,4.3121977,14.913524297692764,1434.0502083260544,94.86832980505139
85.81115197100465,27.93859011334538,327.68472,2033,33.074196,10,0.7739517,4.3121977,14.733274052802287,2334.9946466748056,90.0
85.81052313386142,27.93928482264493,313.427,1992,19.454428,60,0.7661664,4.3121977,15.631669411616329,2229.9103120977757,84.8528137423857
85.81023286436893,27.942135393216716,326.4332,1892,29.396748,10,0.7709689,4.3121977,15.035679635083707,2112.1789696898322,84.8528137423857
85.82103340248291,27.948906942135896,191.2973,2335,54.523167,10,0.47274363,4.3121977,14.183640933471972,3019.7350877187887,715.6116265125938
85.79953018963207,27.954669175356955,214.63554,1897,49.255657,30,0.3704137,4.3121977,14.546157216134118,636.3961030678928,123.69316876852982
85.99911778774172,27.75636328862198,316.87103,2131,59.32288,10,0.7405772,4.1832337,14.050987765502063,13564.01489235396,335.4101966249685
86.00139097195779,27.756915169597686,36.026443,1978,63.68041,10,0.98527867,4.1832337,13.827116066694204,13287.663451487624,108.16653826391968
86.01020925863773,27.755204719428548,265.46884,2571,50.875698,10,1.0,4.1832337,14.34165862969299,12422.20994831435,391.15214431215895
85.85747445603948,27.818898317606106,330.5189,1602,45.11894,10,0.6741573,5.761692,14.293520375035817,1529.7058540778355,270.0
85.85582482668622,27.817691188219936,351.50662,1668,40.940506,10,0.75469613,5.761692,14.21617089224568,1782.4140933015537,417.85164831552356
85.8404315621926,27.82553984746233,96.63737,1777,35.0018,10,0.686747,5.761692,14.792846642261145,2969.8484809835,201.24611797498108
85.84351166814676,27.82875574630951,74.19898,1690,25.435343,10,0.31485945,5.761692,14.800818637122369,2580.6975801127883,94.86832980505139
85.84716679621384,27.836661536615303,146.96628,1915,37.68119,30,0.3564516,5.761692,14.730293646457566,2224.4549894299953,465.72524088780074
85.68424505277858,28.019239899547724,278.5711,2869,37.246174,10,0.7193693,4.758372,15.074937185924732,7193.809839021324,2686.8010719068875
85.85642327862834,27.839386584627043,109.759834,1676,31.900711,10,0.58132046,5.761692,14.9167516168805,1332.5539388707687,228.47319317591726
85.85580527790499,27.83781841109404,141.21762,1654,38.277317,10,0.5241906,5.761692,14.550993593201119,1331.540461270329,108.16653826391968
85.85225931116514,27.83894101423397,138.02644,1933,43.77251,30,0.5090458,5.761692,14.558462925402862,1738.188712424517,254.5584412271571
85.85785404736188,27.81658193716185,103.84653,1802,48.98801,10,0.7449968,5.761692,14.257815690932063,1722.8464818433476,421.07006542854594
85.857836290111,27.816235464201217,90.0,1797,40.70292,10,0.77518153,5.761692,14.445124412125029,1747.483905505284,420.0
85.85786882760543,27.81595138755784,95.87184,1791,38.349735,10,0.7514754,5.761692,14.550201816202684,1772.2866585290317,420.0
85.85721875183206,27.815599216520862,103.15011,1832,44.889698,10,0.60362875,5.761692,14.420806619990877,1855.6400513030537,480.93658625644196
85.8565694239692,27.81514716946375,93.301285,1873,40.141354,10,0.6056537,5.761692,14.529815927746684,1932.1490625725542,573.149195236284
85.8560988603152,27.814585287916618,106.03733,1900,37.297977,10,0.6613546,5.761692,14.651332528664057,2016.0357139693729,600.0
85.98448226967813,27.804778590245185,131.49413,1957,13.7299595,60,0.35728008,4.383127,15.891610826477,9435.465012388102,308.86890422961005
85.86580399597072,27.779276044139458,134.05945,1972,39.170994,10,0.83038867,6.0451574,14.400854102752373,1782.1616088334974,192.09372712298546
85.86387955442639,27.77825755590819,176.71082,1921,43.730938,10,0.57028496,6.0451574,14.36624192186012,1824.828759089466,161.55494421403512
85.84957878054155,27.778765397365927,226.48407,2115,64.20279,30,0.39507058,6.0451574,13.943829736410636,2310.0,150.0
85.83828856321661,27.782952497655117,243.8254,1832,42.534805,30,0.3776933,6.0451574,14.533011493061537,2760.0,510.0
85.84173985394692,27.78340986619278,229.00905,2017,76.282326,30,0.45931682,6.0451574,15.113151430107354,2820.0,284.60498941515414
85.83541665013723,27.78908998449257,220.13039,2244,51.321285,30,0.71098673,6.0451574,14.333789862275452,3450.0,606.7124524847005
85.8359631143681,27.78830876356924,217.2257,2227,51.11815,30,0.56363636,6.0451574,14.443189881247521,3360.0,540.0
85.83854670913767,27.786144065548616,177.91179,2073,45.12317,30,0.4468974,6.0451574,14.609104806957832,3120.0,361.2478373637689
85.75983966060092,27.823270132929995,77.68176,1279,56.61678,30,0.48197675,5.827962,13.414992110014099,780.0,30.0
85.76067414160018,27.82457470788593,95.18288,1224,35.632523,10,0.47274986,5.827962,14.719098184300192,690.0,60.0
85.75326772586872,27.813657732152468,66.57726,1231,44.34358,10,0.758332,5.827962,14.397618649960624,1209.3386622447824,442.944691807002
85.49556596492435,28.05473658090407,66.19056,3496,38.72885,30,0.33167908,4.541609,15.288504188978932,14623.884572848625,2702.66535109325
85.50848020990499,28.052192474193664,181.44243,3158,36.080097,30,0.4052748,4.541609,15.282415064179144,13760.029069736736,2739.0509305231985
85.51118494732133,28.051045288518058,186.15924,3052,18.876425,30,0.6044889,4.541609,15.79522652991274,13539.40914515844,2796.9268849935997
85.52769276380671,28.00409228619636,75.55912,2155,24.436226,10,0.74084276,4.726099,14.627784839520821,8010.898825974523,420.0
85.52154710129903,27.99905282616968,89.25608,2483,51.268368,30,0.58043283,4.726099,14.851499845056455,7784.118447197474,600.0
85.57142781850835,28.03215502718404,191.3058,3210,29.304447,30,0.4219196,4.835017,15.57416391090965,9404.366007339357,1065.3168542738822
85.57514491707494,28.031157900985257,161.65553,3115,34.962498,30,0.511121,4.835017,15.359984715420365,9016.834255990292,1106.752004741803
85.57984629678928,28.030443242744308,123.08489,2834,42.591892,30,0.4130168,4.835017,14.855670966815053,8614.232409216736,1318.9768762188364
85.58274720219899,28.11182314469274,66.20178,4131,23.811092,100,0.31030092,4.2639217,15.879512062202748,9360.432682306946,421.07006542854594
85.58551856919526,28.111875716839013,74.00452,3999,37.36827,60,0.22891073,4.2639217,15.463144105361996,9360.0,713.0918594402827
85.58405578714734,28.11641190666676,81.90361,4136,29.885605,100,0.28440368,4.2639217,15.38271364510467,8850.0,513.5172830587107
85.58476948886603,28.11771220443321,124.61521,4074,27.154943,30,0.34497055,3.858997,15.836261246795901,8730.0,626.4183905346331
85.58466662207569,28.11849931502737,45.991623,4065,28.186535,100,0.18449198,3.858997,15.812865309671817,8640.0,626.4183905346331
85.58240362417686,28.11566949964104,156.20647,4184,17.663874,100,0.30700415,4.2639217,16.4775497833195,8940.805332854528,331.36083051561786
85.58448289393073,28.115307672024077,104.42655,4082,24.457207,100,0.41259983,4.2639217,15.629251617832551,8970.0,573.149195236284
85.58747585420423,28.08887425424537,110.85473,3830,40.825523,30,0.28373322,4.2639217,15.259236432108985,11794.731874866848,785.175139698144
85.60927599025929,27.929183024169777,226.49973,2178,53.752583,10,0.74837875,5.441863,14.830762062050681,2239.5758527006847,67.0820393249937
85.61146999323624,27.92842805417074,189.31538,2134,48.539936,30,0.55427706,4.625964,14.395683079918784,1998.0990966416057,30.0
85.61090615148221,27.926725756113555,190.68237,1944,30.669516,10,0.69601125,4.625964,14.88959845157383,1932.1490625725542,150.0
85.61256758191864,27.928047339488817,169.73552,2069,39.439106,10,0.6463281,4.625964,14.735716343327573,1889.0473789717398,0.0
85.61159929178741,27.91957937335427,149.75732,1601,51.04108,30,0.25577652,4.625964,14.169182136436923,1535.8710883404246,67.0820393249937
85.6121838673121,27.91991482452732,164.44841,1607,45.706734,30,0.21676268,4.625964,14.266958484752434,1491.8780110987627,30.0
85.62759901079028,27.918978264812765,122.89996,1280,50.702953,10,0.52666134,4.625964,14.167220528822542,180.0,134.1640786499874
85.62761947470084,27.91946744188927,126.541756,1305,54.726925,10,0.6071964,4.625964,13.72994691787823,180.0,84.8528137423857
85.62892056619907,27.918860137028823,119.87079,1154,40.20005,10,0.8118741,4.625964,14.12987434895672,60.0,216.33307652783935
85.62448493934264,27.919516639924137,121.95265,1509,36.282913,10,0.6871249,4.625964,14.277898242214794,335.4101966249685,60.0
85.62577021769351,27.92765702267174,124.27783,1453,37.812836,10,0.6439791,4.625964,14.635285261864714,840.0,60.0
85.63067389444757,27.9303925251372,213.23589,1349,36.33215,10,0.70004725,4.625964,14.08957449606039,300.0,161.55494421403512
85.62563966306446,27.93782794521324,186.8663,1766,37.46372,10,0.85478246,4.5826526,14.520664775271804,872.066511224918,94.86832980505139
85.6304051951941,27.93781885136953,106.09157,1625,43.05922,30,0.49751964,4.5826526,14.169188444265327,335.4101966249685,30.0
85.62942153219842,27.93596197656933,105.33259,1637,47.77686,30,0.47559592,4.625964,14.335919921129145,450.0,90.0
85.61807322096989,27.94149159333229,184.75787,1975,47.844643,10,0.7646272,4.5826526,14.257116044285807,1776.0912138738822,335.4101966249685
85.62080927264067,27.94253608717117,166.76384,2081,52.011574,10,0.77998954,4.5826526,14.305258210455142,1520.8550226763891,161.55494421403512
85.62188858744364,27.942216825008085,188.87411,2059,43.5392,10,0.736295,4.5826526,14.70988038417931,1398.4634424967999,108.16653826391968
85.62257907663927,27.943089530976422,186.45824,2144,44.347214,10,0.80505323,4.5826526,14.70289481106565,1369.5254652615993,30.0
85.62296660740842,27.943199016303897,177.29962,2152,49.40231,10,0.74130213,4.5826526,14.769665139205246,1343.3167906342867,42.42640687119285
85.62188985218094,27.94457522315841,163.4863,2303,35.34186,10,0.8210156,4.5826526,14.686092859963226,1523.2202729743324,30.0
85.62438243383302,27.94404862921273,123.27463,2188,37.49251,10,0.5707121,4.5826526,14.85465440396893,1242.014492669067,123.69316876852982
85.62622651700786,27.946173040457133,86.185684,2072,44.226604,10,0.8191866,4.5826526,14.997402116987528,1279.1403363196705,84.8528137423857
85.62700976227403,27.950838175408087,118.67142,2018,41.258175,10,0.39220095,4.5826526,14.641877249600975,1200.0,84.8528137423857
85.62689188017201,27.951435469041208,61.097305,2029,18.517046,30,0.54029256,4.5826526,15.559114683606307,1200.0,30.0
85.63182023997358,27.94788323467812,107.572,1719,45.53242,10,0.7668394,4.5826526,14.485302955527064,660.0,60.0
85.62943576422647,27.966047965091526,124.48723,1635,38.67705,30,0.49500865,4.5826526,14.535802395298443,450.0,180.0
85.63141118438186,27.964386486679835,75.30716,1445,50.489147,10,0.74210745,4.5826526,14.00557760666042,210.0,335.4101966249685
85.62746300850993,27.968644860723145,38.963963,1702,36.079735,10,0.77694684,4.5826526,14.578005840018038,660.0,67.0820393249937
85.6249195432286,27.96893339101411,42.02433,1805,46.877037,10,0.6899214,4.5826526,14.347309155961065,930.0,108.16653826391968
85.61559975666879,27.96955035889194,187.651,2039,43.939716,10,0.8076403,4.5826526,14.589739223000208,1980.0,480.0
85.61739527329419,27.970087887214056,126.091484,2004,55.015224,30,0.43299744,4.5826526,14.2539515825639,1770.0,421.07006542854594
85.61436951281311,27.973506521187744,177.68428,2194,24.400375,10,0.8309403,4.5826526,15.441241663264583,2130.0,90.0
85.61818698528995,27.972590469217035,172.82935,2019,16.36629,10,0.7954994,4.5826526,14.657093729174674,1680.0,180.0
85.63218416135865,27.97143844942444,180.0,1417,54.93157,10,0.83737797,4.5826526,13.825791576101958,120.0,120.0
85.62449504670269,27.97413583311411,163.9945,1765,51.63001,30,0.46712625,4.5826526,14.155900968604126,990.0,120.0
85.62638349901773,27.973464321306302,189.77638,1718,37.075073,10,0.7689811,4.5826526,14.738573738987613,780.0,60.0
85.62709801468132,27.972091058484036,210.74951,1634,48.018085,30,0.544735,4.5826526,13.976089690364125,690.0,67.0820393249937
85.62752104226382,27.97257142642032,127.305695,1620,49.605362,30,0.51326567,4.5826526,14.133353230445724,660.0,42.42640687119285
85.62799021328287,27.975863597937145,94.04133,1736,42.57581,30,0.36,4.5826526,14.441406429344328,611.8823416311342,30.0
85.63053934779535,27.976817397656102,80.75987,1452,35.21024,30,0.5470427,4.5826526,14.79470078640122,408.0441152620633,161.55494421403512
85.61447098614416,28.0152327224708,133.92253,2747,48.242844,30,0.5754292,4.772528,14.712967097393374,4965.883607174055,1328.4953895290719
85.61157846280454,28.01246746624765,210.26405,2510,31.73634,10,0.78999835,4.772528,14.91905862439984,4852.308728842385,913.892772703669
85.62082444262842,28.01115901952346,142.94258,2420,53.24225,60,0.32385215,4.772528,14.513630557964058,4288.426284780933,750.5997601918082
85.61968656142595,28.00889009048064,148.9819,2231,56.831425,60,0.41116324,4.772528,14.193329606026113,4105.7277065095295,531.6013544000805
85.60391490782438,28.011515699801752,269.4502,2048,59.341415,10,0.76630604,4.835017,14.12876621311121,5228.699647139812,865.3323061113574
85.600837181074,28.030687997601024,205.66989,2620,30.6549,60,0.12797375,4.835017,15.009221931012158,7219.03733194392,1158.792474949678
85.61702312395475,28.009396175038404,229.38211,2321,40.21217,10,0.82976836,4.772528,14.805709270017404,4280.864398693329,726.2231062146122
85.62573461853815,28.00839357217884,235.08147,2335,43.87612,10,0.76460916,4.772528,14.7047802063656,3842.928570764749,602.9925372672534
85.59949184606378,28.031173068589982,210.87596,2600,34.17593,10,0.8422335,4.835017,15.160255636498533,7321.290869785191,1033.1505214633537
85.59691680789409,28.02772661517284,227.06383,2290,42.824467,10,0.71750283,4.835017,14.720557034456679,7164.537668265832,655.2098900352466
85.59781297281886,28.008256599779425,117.55111,2239,42.30022,30,0.3047163,4.835017,14.082246029152072,5433.23108288245,818.8406438373709
85.60390154295506,28.00555237787577,54.76561,1842,33.956787,10,0.81894034,4.835017,14.821239981164352,4731.733297640517,483.73546489791295
85.60825603427064,28.003522549048924,45.62637,1786,43.502373,10,0.8018979,4.835017,14.201135486617305,4253.022454678555,123.69316876852982
85.6181378302985,27.999181121232933,48.556965,1668,45.078815,10,0.8162626,4.772528,14.325424123796104,3221.335126931068,67.0820393249937
85.61551962590876,28.000236295501992,43.49843,1686,39.546032,10,0.8678759,4.772528,14.533215039344697,3470.2881724721365,123.69316876852982
85.6151869881589,27.981573800707658,205.15111,2070,36.249413,30,0.7717971,4.5826526,14.59737557924193,2173.499482401595,30.0
85.61504404496674,27.982017877857324,193.33363,2078,35.578323,30,0.51144606,4.5826526,14.886240250251364,2194.9259668608415,30.0
85.61586991470779,27.98255307410728,128.87924,2119,28.439346,10,0.7476768,4.772528,15.174784679666043,2135.2751579129094,42.42640687119285
85.6180700886886,27.98276535331303,112.1748,2018,27.233469,10,0.7155546,4.772528,15.186480241537586,1932.3819498225498,67.0820393249937
85.63163469616532,27.985461179729707,265.07596,1610,56.463276,30,0.64883536,4.772528,14.128750252520598,1218.2364302548172,189.73665961010278
85.62299618350744,27.996595893189397,212.90944,1640,53.46578,30,0.32870343,4.772528,14.03678421673472,2696.9983314789056,84.8528137423857
85.62159284049572,27.99862659758862,229.07782,1679,53.154076,10,0.5695546,4.772528,14.04197757931469,2978.472763011272,94.86832980505139
85.64083666191236,28.00118092681615,100.71375,2222,46.258392,30,0.41186723,4.772528,14.515589341088221,2965.754541427864,1050.0
85.65156599993827,27.98874459753286,195.3219,1815,46.14062,10,0.6917348,4.772528,14.641150598925107,2206.1731573020284,67.0820393249937
85.66382255790496,28.003703037258404,153.47551,2475,46.86813,30,0.39978728,4.758372,14.359293290140632,4352.89558799657,1008.0178569846864
85.62802436524669,28.022619164651765,171.11938,2635,25.414322,30,0.73714477,4.772528,15.585131388482454,5373.602143813775,2147.6731594914527
85.64006220707844,28.02652899119133,120.16984,1997,41.01278,30,0.482398,4.772528,14.46870719943893,5767.807208983324,1295.569372901351
85.63688182234534,28.02602277849642,146.23474,2212,49.906517,10,0.5825179,4.772528,14.745513665883319,5700.0,1529.7058540778355
85.63436313312812,28.031104798157735,130.1749,2330,58.875347,30,0.5150966,4.772528,14.16877654574379,6270.0,1389.7481786280564
85.62306929780557,28.03304175952435,82.95541,2917,42.736248,10,0.59165066,4.772528,14.969656986439672,6579.513659838392,2489.2770034690793
85.6384844324278,28.01141023390771,124.39791,2197,65.33554,10,0.5747711,4.772528,14.722028363624188,4081.764324406788,713.0918594402827
85.66317535173614,27.955510602285518,255.37329,2202,39.806545,10,0.804673,4.5957475,14.901392630897746,2430.0,603.7383539249432
85.66736594406593,27.9740110393404,272.2478,2304,39.538235,10,0.8283762,4.5957475,14.87570077807069,3155.709112069742,700.3570517957252
85.6660566395297,27.97617101170397,313.829,2160,30.301535,10,0.84596866,4.5957475,15.119921760538263,3129.5047531518467,502.8916384272063
85.66892816547823,27.97222372177301,267.02606,2414,43.10792,10,0.650325,4.5957475,14.7641654977226,3255.1036849845505,737.9024325749307
85.67882584139856,28.018071230879848,248.33406,2461,38.281624,30,0.80361277,4.758372,14.948327137143425,6683.80879439261,2384.386713601634
85.66205134696257,28.018908547926937,237.21036,2850,38.905704,30,0.6135537,4.758372,15.163275834310001,5626.6597551300365,1410.3191128251792
85.6461390189855,28.01504407739207,196.32777,1897,44.372963,10,0.68254375,4.772528,14.618313429669724,4601.260696809082,84.8528137423857
85.64479988788572,28.016198781756657,221.1663,1912,50.790154,60,0.6023717,4.772528,14.377067601530982,4690.469059699681,256.3201123595259
85.673231618731,27.99088260909289,218.845,2003,43.08505,10,0.4833728,4.758372,14.718995469787862,4377.2251484245135,60.0
85.67428848280187,27.990839224630516,216.71468,2059,39.622852,10,0.5525004,4.758372,14.721472898524887,4486.880876510986,60.0
85.65886794662305,27.99900449308142,177.66708,1973,66.05608,60,0.12706737,4.758372,13.87461035524967,3612.4783736376885,713.0918594402827
85.66046256618155,28.001493022232253,178.33656,2281,51.63297,10,0.6963945,4.758372,14.345563770366997,3914.5114637716924,825.4089895318563
85.65292460009033,27.997566972318644,227.52058,1926,33.868298,30,0.2907872,4.772528,14.824964013779312,3070.276860480175,30.0
85.66622638321375,27.981700436096027,241.75789,2073,76.086365,30,0.24855605,4.5957475,13.427151265190728,3303.4073318317865,182.48287590894657
85.66689296786704,28.00228893297521,146.9683,2170,46.196606,30,0.22797245,4.758372,14.535548162205652,4478.448392021504,657.9513659838393
85.66923246123768,28.00599614152331,192.31659,2605,53.977337,30,0.5563632,4.758372,14.99624166175033,4964.070910049533,894.9860334105779
85.66632412127187,28.00481006587269,156.56464,2546,55.01787,30,0.34250635,4.758372,14.75318960073549,4646.902193935224,924.1753080449618
85.67110329126501,28.011881243871184,72.368355,2786,25.687063,30,0.4158869,4.758372,16.44822462747316,5585.88399449899,1530.0
85.67409785686178,28.021761674365237,164.18791,2598,25.224333,30,0.47470066,4.758372,15.523970349662774,6625.315086846813,2630.77935220725
85.67746734407002,28.027548509754197,134.88206,3028,45.267185,30,0.4187962,4.758372,14.912507873096887,7386.155969108694,3189.043743820395
85.62280891802976,28.05321706896717,77.143295,3174,47.498325,100,0.2888666,4.772528,14.910758962492821,8808.053133354726,2995.9472625531976
85.65081800222048,28.088057556845563,62.768234,3505,36.608562,60,0.36798957,4.2570543,15.368190141539147,11205.712828731603,5609.037350562037
85.70271724052868,28.018961703126774,167.82417,2801,46.213947,30,0.29801044,4.635934,14.922802205887956,6972.983579501675,2262.962659877533
85.82649523460316,27.80841974795785,257.23666,2035,56.9807,10,0.6290223,6.7913833,14.122008035564225,5031.600143095634,228.47319317591726
85.82969485233119,27.808566953445144,241.88031,2263,44.88613,30,0.5491853,6.7913833,15.026267758179001,4740.8543533839975,150.0
85.83069126658764,27.80833766545423,215.44469,2318,47.016575,10,0.52622676,6.7913833,14.578551581588902,4651.4513863954335,120.0
85.82881729749852,27.81073390873914,236.024,2361,61.65681,10,0.82838815,6.7913833,13.925480023537604,4709.331162702406,134.1640786499874
85.87339552885832,27.869151840638377,133.76176,1358,31.320879,30,0.49323785,5.202863,14.504223977634542,349.85711369071805,174.92855684535903
85.87066720038263,27.86921134554217,140.10088,1453,25.887829,60,0.25813147,5.202863,14.916478058611057,591.6924876994806,30.0
85.8720608276748,27.867768371938336,159.34047,1324,22.548569,30,0.4507993,5.202863,14.89101815285275,362.49137920783716,174.92855684535903
85.87377344420337,27.86620568953241,184.70296,1222,41.775536,60,0.21990258,5.202863,14.105199488978146,150.0,30.0
85.87004816547224,27.85090799187247,350.52634,1380,45.031715,10,0.70893294,5.202863,13.89263980890482,690.6518659932802,324.4996147917591
85.85998658710929,27.88242993281217,33.301167,1654,30.981052,10,0.712984,5.202863,14.584907090247906,2317.584949899356,247.38633753705963
85.86600631827949,27.881922288871586,23.174408,1492,33.084953,10,0.78517395,5.202863,15.034953833252393,1704.7287174210446,30.0
85.86509397472035,27.88208456718289,11.037406,1494,25.561445,10,0.73808277,5.202863,14.485337902351779,1784.4326829555662,30.0
85.8694622794598,27.84302733611129,170.82254,1425,42.56032,30,0.38671875,5.761692,14.245969530831351,647.6109943476871,123.69316876852982
85.86657898599901,27.843496599984302,161.93213,1468,41.522465,30,0.44049248,5.761692,14.543140618389218,858.0209787645055,123.69316876852982
85.86418543668725,27.845364457766564,132.69637,1658,29.809381,30,0.44624034,5.761692,14.88076972483233,1190.9659944767525,0.0
85.8647109698321,27.84532579215717,143.51828,1636,27.630024,30,0.3478411,5.761692,14.962142299706688,1152.5623627379127,0.0
85.86304097041929,27.842425504742057,135.47931,1555,46.243496,50,0.19808562,5.761692,14.234676614709427,1065.3168542738822,0.0
85.84909909729355,27.839372239152254,149.19292,2079,46.029404,30,0.3428332,5.761692,14.505646853897549,2096.7832506007862,590.9314681077662
85.84839921408869,27.838141372403115,161.85133,1990,49.610493,10,0.6538595,5.761692,14.735270669643239,2110.260647408277,534.1348144429458
85.83926779595288,27.832672908075537,127.63015,1998,42.03272,10,0.6206089,5.761692,14.579355561412166,3060.0,474.3416490252569
85.83648235967654,27.8297960080174,107.33412,2059,33.103554,10,0.6251403,5.761692,14.71810790342217,3360.0,120.0
85.83711766737508,27.82930711486213,58.44484,2022,37.715572,10,0.7712487,5.761692,14.787288633201186,3300.0,60.0
85.83781300223505,27.829015821515306,50.46417,1977,35.452442,10,0.534912,5.761692,14.969661811435879,3210.1401838549045,30.0
85.84266991351268,27.835296763960045,145.8428,2042,34.398617,10,0.47444254,5.761692,14.81815627925735,2680.7648162418127,576.2811813689564
85.84564413763086,27.88560181108046,147.33566,2046,49.08283,30,0.63017446,5.202863,14.710929682223899,3902.537635949204,212.13203435596427
85.84635254514377,27.885880076770707,133.8202,2019,41.618317,30,0.6051291,5.202863,14.650782059969155,3869.0696556148996,150.0
85.84685180027373,27.886161306718325,141.33174,2008,40.366173,10,0.6686207,5.202863,14.684538552618868,3836.4827641995216,94.86832980505139
85.84623761115208,27.833535405275175,140.1101,1796,44.14206,10,0.53038883,5.761692,14.863360596978774,2280.1973598791838,161.55494421403512
85.84744341125291,27.833776561416958,145.45918,1743,42.11329,10,0.39199448,5.761692,14.666918068845037,2160.833172644293,150.0
85.84838241547011,27.833935224992437,136.03429,1709,37.404503,60,0.29685265,5.761692,14.622528079145686,2040.882162203394,120.0
85.84709144837838,27.83020777612284,148.45592,1576,33.616158,30,0.48402002,5.761692,14.431621121436192,2190.0,30.0
85.847805441636,27.830486031624297,126.72865,1545,36.161358,30,0.54272515,5.761692,14.566345197776716,2100.0,30.0
85.84806019982057,27.831919028465087,120.521355,1594,32.51711,30,0.389899,5.761692,14.737323774326258,2070.0,30.0
85.8488511173265,27.897176058236692,25.710175,1786,40.17852,10,0.7884008,4.6328516,14.567363491645441,4206.209695200657,90.0
85.8876815880126,27.8743384260186,343.49646,1155,35.340446,10,0.74422514,4.586505,13.836044481439068,60.0,60.0
85.90188096565362,27.877609173610704,298.3406,1191,50.83398,10,0.48671025,4.586505,14.328161487284763,180.0,0.0
85.90301349104088,27.874269644309976,3.0835013,1481,34.24986,10,0.6979257,4.586505,14.535971599706327,342.05262752974136,391.15214431215895
85.90237507844097,27.874582313303485,356.9165,1459,34.24986,10,0.6857143,4.586505,14.336224545452339,276.5863337187866,335.4101966249685
85.90163520708303,27.87434301209208,281.3985,1477,46.79791,60,0.55872613,4.586505,13.72330972596445,201.24611797498108,323.10988842807024
85.89600375847832,27.87438089022511,18.481398,1301,36.9063,10,0.67602926,4.586505,14.45327373283105,60.0,308.86890422961005
85.89966760756563,27.875862050566028,341.25372,1222,45.72624,10,0.48871675,4.586505,13.267443526344024,0.0,108.16653826391968
85.91007859136218,27.87547365274255,312.6884,1435,29.81311,10,0.63731825,4.586505,14.373995337968102,469.5742752749559,218.40329667841553
85.90768576397538,27.87429659694292,13.86459,1511,42.522247,60,0.5818354,4.586505,14.428854891340732,570.0,276.5863337187866
85.90765953620287,27.87209042033844,3.6985564,1710,29.585938,10,0.5889764,4.586505,14.815904059362166,810.0,120.0
85.90745283707959,27.870887521168548,350.23273,1813,37.07432,10,0.47319657,4.586505,14.644891427868814,930.0,0.0
85.90690236346236,27.870784096784345,340.34192,1807,33.152813,10,0.6424581,4.586505,14.573131034031631,915.8602513484249,30.0
85.9107313113691,27.86867540135337,25.676262,1889,35.695484,10,0.64021665,4.586505,14.785351535005073,1230.0,180.0
85.91265066269447,27.869574330625305,331.10983,1824,37.16353,10,0.6644697,4.586505,14.614382192488351,1181.8629362155325,60.0
85.91052939799633,27.870836570184785,36.025055,1738,29.267809,30,0.33739132,4.586505,14.948425440207926,989.5453501482385,30.0
85.91168303751613,27.871682621934124,2.1594589,1680,25.918743,60,0.32019705,4.586505,15.054509991426713,926.1209424259879,60.0
85.9180139678818,27.878508822148564,38.94057,1406,55.53401,30,0.48334244,4.586505,13.484166224315343,829.7590011563599,60.0
85.91623587493523,27.87966859614773,16.858353,1325,43.447433,10,0.6971882,4.586505,14.12009076486115,615.5485358604958,84.8528137423857
85.92596082429428,27.873791187482038,22.625198,1420,33.680378,60,0.57022,4.586505,14.451616249642974,1872.778684201633,152.97058540778355
85.93436420591388,27.87091230126007,353.27954,1615,38.03923,10,0.71086675,4.586505,14.27264927400632,2716.615541441225,313.20919526731655
85.93486615894047,27.87117169828003,17.497873,1587,45.99535,10,0.49659863,4.586505,14.4603950268821,2740.5291459862274,362.49137920783716
85.94123910381347,27.869435629213893,357.60092,1634,23.627129,60,0.09520654,4.586505,15.156100988611392,3408.005281686048,730.5477397131552
85.93832036755359,27.87110062671232,24.019285,1556,30.320738,30,0.53495216,4.586505,14.795385510891565,3060.1470552899905,510.8815909777921
85.94746903576079,27.867968281018687,30.725195,1837,48.010895,60,0.3840739,4.586505,14.308135717864788,4061.095911204265,577.0615218501403
85.9514362281984,27.865010800438057,327.27106,1930,40.254032,30,0.5718182,4.586505,14.32439886466884,4618.148979840299,458.91175622335066
85.94952474425756,27.86591986466731,19.190533,1844,33.761517,10,0.50650346,4.586505,14.3962498632611,4393.2334333609,547.4486277268397
85.96157165224233,27.85187230843655,340.20773,2730,37.12497,30,0.6706444,4.586505,14.939081981197955,6404.701398191801,740.9453421137081
85.94127859411176,27.863706510913183,353.2099,1912,31.777401,10,0.7904915,4.586505,15.062521187252642,3818.6123133934398,445.9820624195552
85.94055608055088,27.863055393048725,-0.0,1960,40.089466,10,0.7196893,4.586505,14.655668752740098,3818.6123133934398,391.15214431215895
85.90023980685919,27.86520436200604,31.496264,1697,42.341846,60,0.19941205,4.586505,14.443981140883215,1080.4165863221465,408.0441152620633
85.90174579441691,27.86761088009401,31.93547,1534,43.06591,60,0.46145833,4.586505,14.308395456566892,865.8521813797087,429.5346318982906
85.90685479680162,27.87834365114036,353.79187,1244,40.255577,10,0.6876694,4.586505,14.09022149170321,120.0,84.8528137423857
85.90363404251096,27.868694349224604,244.25693,1565,33.856167,10,0.833607,4.586505,14.675466735139514,833.5466393669882,283.0194339616981
85.90198949196801,27.870013190161025,252.47815,1525,38.886646,10,0.79063547,4.586505,14.44920177951442,618.4658438426491,420.0
85.90510172653362,27.858687600847663,87.02295,1704,43.077972,30,0.51000327,4.586505,14.60690489185902,1916.7159413955944,283.0194339616981
85.8725116470977,27.88379939778824,182.81607,1651,48.19663,30,0.3979239,5.202863,14.220774393037157,1284.0560735419617,161.55494421403512
85.8717853308399,27.880886470060453,209.1667,1479,54.275158,30,0.5028587,5.202863,14.250702752125685,1087.0602559196063,84.8528137423857
85.87326318381945,27.88020628125348,190.6779,1441,49.86476,30,0.25984752,5.202863,14.012250936549199,914.3850392476903,123.69316876852982
85.87559472629314,27.88171539684272,188.21812,1639,37.55017,30,0.52492213,5.202863,14.572987487164445,885.889383614004,60.0
85.87604399661593,27.878867633960407,207.40733,1347,69.151085,30,0.37757763,5.202863,13.911809462722992,595.4829972383762,134.1640786499874
85.87500387833919,27.89181630150584,200.66376,2208,37.902,60,0.117232546,5.202863,14.95632788271073,1950.0,108.16653826391968
85.87775886301843,27.8777741379738,195.79208,1334,45.26701,30,0.48224044,5.202863,14.100457508802904,375.89892258425004,152.97058540778355
85.89703546822574,27.87908808830288,157.47076,1233,46.438393,10,0.3706701,4.586505,14.145093438055843,0.0,161.55494421403512
85.90049253801283,27.8793508181366,162.38225,1201,44.071705,60,0.27663305,4.586505,14.053888169657307,0.0,216.33307652783935
85.90533197567595,27.88390605622048,194.9065,1359,40.50816,30,0.4942623,4.586505,13.975059081238678,90.0,67.0820393249937
85.90740843964723,27.88299688287353,129.80766,1249,39.84179,30,0.4945935,4.586505,14.472526985101569,0.0,84.8528137423857
85.90889977507572,27.88514182249381,139.16513,1259,57.010372,60,0.39789304,4.586505,13.65629751097413,0.0,254.5584412271571
85.90620933067459,27.900221140358926,160.99747,1633,38.222412,30,0.18888618,4.4041653,14.554152005930211,720.0,30.0
85.91115694516294,27.89874385208569,157.37016,1423,33.68127,60,0.30507764,4.4041653,14.416791442287805,150.0,60.0
85.90800055269666,27.91080174413181,120.503105,1753,10.832626,30,0.010090984,4.4041653,15.601229178321399,906.9729874698585,123.69316876852982
85.89677119314618,27.89322099414437,196.94188,1898,41.346268,10,0.5222729,4.4041653,14.682562777928654,1176.5202930676546,134.1640786499874
85.86778034842439,27.891755231837173,178.70369,2211,38.993484,30,0.2875564,5.202863,14.872558660017836,2288.274459062986,123.69316876852982
85.86032778391555,27.88902250863785,188.57861,1857,36.378765,60,0.49459264,5.202863,14.855291352055387,2658.0067720004026,241.86773244895647
85.87030336402343,27.884738379870992,228.52684,1728,45.75203,30,0.30183727,5.202863,14.064064090063855,1507.4813431681334,174.92855684535903
85.87044823213698,27.885455609227296,228.527,1752,26.052124,10,0.63285667,5.202863,15.052804113038688,1555.6670594957009,268.3281572999748
85.86867774163063,27.886224788259195,135.42154,1781,35.16537,30,0.41881487,5.202863,14.035700356358914,1761.8456232031228,300.0
85.86932490538335,27.885870438898007,157.26498,1752,25.355808,30,0.3948052,5.202863,15.0516745859113,1677.0509831248423,247.38633753705963
85.86949807269664,27.88663915469391,164.76395,1782,42.176067,30,0.5944294,5.202863,14.780518846506842,1724.673882216577,342.05262752974136
85.86644543529295,27.88399417896977,161.59505,1585,41.025948,10,0.46414158,5.202863,15.137815851637715,1764.652940382329,0.0
85.89329308042545,27.87945155784731,199.19272,1422,41.710762,10,0.40435356,4.586505,14.73862047132086,30.0,120.0
85.88891395325508,27.879788218035053,178.30956,1446,61.766853,30,0.22849542,4.586505,13.764190998993568,90.0,240.0
85.93118715494379,27.902107146677963,257.54138,2098,39.536015,10,0.47632313,4.4041653,14.743648136883946,1200.74976577137,30.0
85.93181527622195,27.90103665593496,197.15022,2151,10.55608,10,0.63969034,4.4041653,15.644194936502597,1290.3487900563941,123.69316876852982
85.93101412174448,27.90025848875241,312.15512,2084,63.73053,10,0.6706337,4.4041653,14.313833699764931,1225.6018929489296,90.0
85.93168716944861,27.89801265577473,242.72713,2174,36.570362,10,0.62234956,4.4041653,14.8897868762732,1425.2368224263644,60.0
85.93141861133095,27.89678003662564,239.90616,2078,52.246605,30,0.49130833,4.4041653,14.38058254417301,1464.7866738880443,0.0
85.93322225050753,27.894467804190583,245.05386,2151,49.026108,30,0.3341108,4.4041653,14.442232394136186,1794.4915714485817,150.0
85.94196239146748,27.883712253075487,232.60384,2430,40.462128,60,0.13709924,4.586505,14.816461437058418,2855.678553338943,445.9820624195552
85.94231438525446,27.88261627895314,218.81702,2405,43.07381,10,0.50549775,4.586505,14.89934787088346,2906.4411227478877,342.05262752974136
85.94454378789878,27.883347847595637,193.81737,2439,37.482002,60,0.11772316,4.586505,15.05102601306996,3156.707145111817,300.0
85.94637291851186,27.88000334708332,265.6047,2430,40.194553,10,0.73739356,4.586505,14.867786741670525,3412.75548494175,90.0
85.94548430207983,27.87827913571488,224.70871,2284,36.08751,30,0.39053482,4.586505,14.958865613470513,3377.3658374537986,90.0
85.94903876336343,27.868822601728503,237.72987,1905,53.76074,30,0.46454266,4.586505,14.204417926267988,4167.733196834942,483.73546489791295
85.9486210992655,27.87001444235964,261.4429,1903,41.034367,10,0.7728843,4.586505,14.60561126805409,4082.315519408072,361.2478373637689
85.9459845167137,27.872896281357857,217.68803,2030,39.986233,30,0.74768895,4.586505,14.44371720487204,3662.7039192378083,182.48287590894657
85.93058254904895,27.876117022469785,213.83725,1434,57.64663,30,0.46987316,4.586505,13.720629272283261,2024.2776489404805,212.13203435596427
85.91554778051783,27.88339409803917,215.41795,1265,34.808037,60,0.30789614,4.586505,14.30694385784367,360.0,108.16653826391968
85.9148859682565,27.884012699788077,182.55707,1327,50.92271,60,0.20878136,4.586505,13.752890000122557,300.0,60.0
85.91678325606493,27.881559604312475,249.16444,1255,54.67126,60,0.33333334,4.586505,13.81219191061876,551.5432893255071,84.8528137423857
85.91795596449474,27.880403433613385,227.40817,1247,31.877373,30,0.51448363,4.586505,13.809992421911305,711.1961754677818,108.16653826391968
85.94608640741478,27.87451317105233,202.07478,2154,42.79413,60,0.31351003,4.586505,14.872742884213759,3585.2196585425554,30.0
85.94775939056484,27.872384988569763,196.11008,2087,38.37654,30,0.46347097,4.586505,14.64086689186902,3877.4347189862524,94.86832980505139
85.95043608139069,27.87043455928798,258.02164,2072,54.538708,10,0.399978,4.586505,14.246151362132002,4212.944338583173,296.98484809834997
85.9508765150719,27.869660984602767,220.0061,2107,33.230385,30,0.6951673,4.586505,15.038558111549916,4307.690796703031,318.9043743820395
85.95974598040067,27.86848072100836,220.04079,2377,36.50327,30,0.3914819,4.586505,15.28468829305853,5251.371249492841,150.0
85.96080881872878,27.866290828270824,155.65475,2194,23.950445,30,0.37906137,4.586505,15.423815558449427,5461.071323467585,318.9043743820395
85.96405845095761,27.86755167897109,161.65689,2247,44.687492,30,0.5264256,4.586505,15.485725688991867,5739.4163466331665,180.0
85.96894597758103,27.86911476784257,239.77287,2519,42.999405,30,0.5129274,4.215698,14.870505576837976,6177.159541407362,30.0
85.96810383820863,27.87166728809551,171.6955,2481,26.891321,30,0.56524545,4.586505,15.40429432781235,6006.0719276412265,30.0
85.95816669815751,27.909025098722225,224.44275,2685,34.223763,10,0.5594486,4.4041653,14.898219238675479,3086.5028754238997,349.85711369071805
85.95643937752742,27.91272037959352,272.46823,2818,36.93488,10,0.63349026,4.4041653,15.242752555221205,2760.8150970320344,189.73665961010278
85.95712358396261,27.91114974498214,209.50208,2837,42.921917,30,0.51709986,4.4041653,15.2497137944951,2880.1562457616774,169.7056274847714
85.4892068780708,27.864232272043623,204.06102,1634,33.966938,10,0.7112513,4.607892,14.691969592234654,5406.745786515212,30.0
85.48939698736523,27.864139682058948,198.13039,1640,32.91384,10,0.80975246,4.607892,14.737814282637117,5376.783425060005,0.0
85.49010649365654,27.86450967534231,164.72841,1667,25.948904,10,0.7203431,4.607892,14.946636128568386,5315.420961692497,0.0
85.48979496436313,27.864079839156584,189.3671,1650,38.22092,10,0.6555055,4.607892,14.633966140568301,5348.420327535972,30.0
85.49023381438708,27.86341417823889,220.80199,1598,39.0982,10,0.81265914,4.607892,14.492654233078357,5292.258497087987,90.0
85.48708260565782,27.864227205853958,193.94456,1577,34.366356,10,0.74833,4.607892,14.652632367065017,5646.459067415613,212.13203435596427
85.7882739404903,27.997994701088786,81.39275,1810,32.982765,30,0.43000987,4.90307,14.833744001634845,0.0,730.5477397131552
85.7859926047759,28.005188915821822,104.25103,1942,54.08972,30,0.5065094,4.90307,14.469433202570867,0.0,458.91175622335066
85.65373459763792,28.0608486408544,148.9817,2696,42.78587,30,0.45196468,4.772528,14.457226377308066,9743.397764640424,2704.163456597992
85.65155552120409,28.06275094746548,89.14312,2908,47.267197,30,0.4585275,4.772528,14.637710229516005,9933.26230399661,2860.244744772727
85.65317307261293,28.067450224319156,178.45438,2838,34.220943,30,0.39387268,4.772528,14.850908547691425,10800.0,3397.9552675101536
85.64849235170509,28.0717966805542,112.15821,3179,27.250036,30,0.44495884,4.772528,15.852316567581939,11310.636586859291,3791.8860742379907
85.65212366110492,28.07217966393256,131.42374,2938,18.90812,60,0.3043719,4.772528,15.972798483690669,10891.487501714355,3906.9169430639295
85.62855284214072,28.05400769182916,44.57691,2790,46.271137,30,0.6920583,4.772528,14.650283331851501,8836.515150216175,2566.8852720758673
85.62591801878361,28.03599410508325,66.873184,2773,31.725163,10,0.7858152,4.772528,16.412411240626362,6861.610598103043,2140.327077808436
85.65955823681871,27.966054177544567,194.5663,2166,45.574215,10,0.667146,4.5957475,14.55925316402078,2053.411795037712,108.16653826391968
85.66321470889696,27.966840804512263,203.15773,2260,38.38935,10,0.74242425,4.5957475,14.943893004648707,2482.9418035870276,0.0
85.66148217774608,27.967310686901143,185.87674,2257,35.60361,10,0.74398816,4.5957475,15.033029304616566,2284.7319317591728,30.0
85.7328353117145,28.08229992282413,51.548893,3753,35.10177,100,0.3647059,4.1764784,15.877239446991542,2313.114783144148,2433.700885482848
85.74305895240836,28.10257585768345,64.18529,3349,32.291,30,0.33169958,4.1764784,15.496037503617256,3624.913792078372,3427.0978976387587
85.70785300450076,27.750648609576672,219.54797,1006,28.626867,10,0.6759026,4.136266,14.43224832555138,5940.3030225738485,174.92855684535903
85.70795647584227,27.7499593606906,211.64719,954,22.701517,30,0.489815,4.136266,13.925747686369167,5918.521774902919,182.48287590894657
85.70896133129015,27.74965720114756,206.78802,1012,40.440735,30,0.45369393,4.136266,13.987868416564277,5961.2498689452705,270.0
85.70876125433446,27.749248603671383,217.57216,970,43.828705,30,0.4152137,4.136266,14.240632932915256,5919.4340945735685,276.5863337187866
85.67615251265866,27.75804495678515,235.75652,864,40.794987,30,0.60613286,4.263062,13.818669941452933,4434.828068820707,60.0
85.67579129497496,27.763836944407387,226.86511,889,40.44225,10,0.5125704,4.263062,13.780837159243456,4941.902467673761,210.0
85.68274616264387,27.76316987230065,334.15787,1176,26.730757,10,0.5379291,4.263062,14.5881205378531,5316.013544000805,0.0
85.7786747717953,28.10337445459401,87.70393,3804,50.478416,100,0.32367688,4.4309444,15.448770466388778,4542.00396301016,891.9641248391104
85.78026145516195,28.10193418743649,125.90441,3640,67.39303,100,0.30201006,4.4309444,14.211071307013384,4536.353160855094,690.6518659932802
85.77906547762538,28.09747487672773,144.03903,3224,44.998985,30,0.39716023,4.4309444,14.987952292565273,4074.923312161837,268.3281572999748
85.77336849400413,28.102097791602045,134.4248,3858,58.295296,100,0.29519343,4.4309444,14.681650789818502,4105.7277065095295,1064.048871058092
85.7624069327954,28.10397488152323,132.30527,4556,57.39354,60,0.11482837,4.4309444,14.910746599122554,3834.488231824424,2124.0762698170706
85.76511067794706,28.101288313094344,80.33899,4199,46.69691,100,0.23219907,4.4309444,15.394818980796035,3634.4600699416137,1705.5204484262274
85.76539645337317,28.10330952656766,135.306,4206,51.394726,100,0.21801141,4.4309444,14.973333611813056,3842.460149435515,1806.2391868188442
85.76725843439021,28.092396492253176,129.63077,3710,49.417473,30,0.26235613,4.4309444,14.968649099322787,2840.035211049328,1040.0961494015828
85.77908545801274,28.107763569460737,108.03127,3894,58.332645,100,0.25597915,4.4309444,14.70066966429734,4992.364169409118,1306.981254647518
85.78751784846087,28.108260734398343,135.23016,3523,42.366756,30,0.2288367,4.4309444,15.516874867350648,5588.139225180418,960.4686356149273
85.78779892561191,28.109771356153367,98.36301,3557,48.06087,100,0.2950982,4.4309444,14.98366281104421,5743.256915722994,1129.690223025764
85.78854231716096,28.111289998521773,239.54346,3524,7.2797217,60,0.11409396,4.4309444,17.879875787266144,5938.560431619771,1295.569372901351
85.78988357083064,28.11287875745556,167.70026,3575,23.304913,100,0.07555009,4.129517,16.12189269093794,6172.859953052555,1470.0
85.79061223782044,28.115949674899927,170.7997,3847,51.62246,100,0.23497997,4.129517,14.930705742031964,6465.609020038251,1800.9997223764362
85.79296038924139,28.116764494728447,167.73958,3850,63.29528,100,0.28537735,4.129517,14.48074602984346,6706.660868122079,1918.5932346383377
85.79177409916515,28.111434134523357,288.573,3626,39.11691,100,0.2641392,4.129517,15.323015545328158,6177.450930602363,1306.981254647518
85.7898680631824,28.11007218224676,319.07562,3553,20.012407,60,0.18562551,4.129517,15.233284169699859,5924.905062530538,1140.0
85.79384228905248,28.10126109199635,203.30554,3446,41.38957,60,0.20232897,4.129517,15.833046684587233,5562.391571976931,210.0
85.81746011517261,28.100435293863647,147.64578,3634,33.085472,30,0.2821101,4.129517,15.81973423000073,7568.863851331982,342.05262752974136
85.85546479608774,28.05560879244417,156.9777,4203,54.599155,100,0.22968198,4.2978764,14.736864176660557,7859.370203775873,42.42640687119285
85.8270274120825,28.01090085491704,112.35214,3025,55.35676,10,0.48051947,4.568584,15.258055963405166,3999.124904275934,1166.9190203266035
85.83235872689549,28.014380637851925,137.1765,2915,13.646114,30,0.5649976,4.568584,14.937097875298583,4686.149805543992,998.5990186255943
85.83118313387656,28.016774354428275,87.30432,3161,54.007683,30,0.3822935,4.568584,14.645754456113814,4775.280096496958,1240.2015965156631
85.82855597454487,28.01391300355812,135.96255,3105,61.561115,30,0.4110047,4.568584,14.334251715943376,4330.819783828461,1100.2272492535349
85.82962509320556,28.018827369666667,90.0,3305,32.692142,30,0.44213703,4.568584,14.791205215833498,4736.010979717003,1113.642671596235
85.82013647747202,27.99832708353361,184.68044,2414,53.43214,60,0.16157445,4.568584,14.489864128470298,2550.0,1719.4475857088519
85.8261006622048,27.99974428553853,144.3484,2398,30.86449,60,0.407676,4.568584,15.209071868197183,3220.6365830375835,1489.4629904767692
85.80226829896242,27.996417143422036,184.97891,2673,40.196217,10,0.63482535,4.568584,14.966316294438663,924.1753080449618,524.785670536077
85.79864485169173,27.99510406408576,226.98608,2398,53.0376,10,0.6398942,4.568584,14.549670510467964,534.1348144429458,108.16653826391968
85.80991922750844,28.042358388949378,187.44818,3536,22.999447,100,0.30374065,4.568584,16.366957426496512,2583.6601943754135,1101.4535850411492
85.81523427945774,28.03912712796388,243.65846,3843,59.209766,100,0.29234973,4.568584,14.824644170670226,3127.0593214712126,402.49223594996215
85.7922653433097,28.052870109394163,148.61078,3086,44.59837,30,0.43580562,4.568584,15.091695910458508,1621.1107303327556,1897.6037521042163
85.76655996067275,28.056920891840907,229.47276,3040,37.67742,30,0.45147678,4.90307,15.004597553984857,558.0322571321483,750.0
85.77090727319148,28.055787245066146,196.13605,3081,38.380196,10,0.5276034,4.90307,15.22166283091761,816.0882305241266,990.4544411531506
85.96174018134235,27.9804104979542,133.62726,2325,57.920425,30,0.14762443,3.810093,14.32974769265785,192.09372712298546,517.880295048962
85.9307476115817,27.96354875031364,164.196,2848,36.51047,30,0.49347258,3.810093,15.422460127473057,2006.6389809828772,844.8076704197234
85.62960558483054,27.936942835103807,108.87997,1673,30.97694,10,0.78732306,4.625964,14.466719866062911,420.0,30.0
85.59380158540561,28.024054410603032,79.472115,2137,35.327858,10,0.83504015,4.835017,14.468500673119273,7041.888951126679,276.5863337187866
85.59233217521914,28.033738765423102,114.492714,2362,31.994787,10,0.79759973,4.835017,15.0529769448369,7997.405829392428,764.8529270389178
85.59115073689982,28.032956940219023,105.68752,2433,39.968147,10,0.8040254,4.835017,14.84640529746723,8010.898825974523,660.0
85.59165302682527,28.029579340270736,116.84322,2248,57.02809,10,0.7000417,4.835017,14.581214192614263,7662.284254711515,276.5863337187866
85.58169310350776,28.03303849663033,128.82687,2910,58.00721,30,0.41234127,4.835017,14.415293645944198,8669.948096730452,1240.2015965156631
85.62757235562523,27.97441756736801,126.63859,1739,40.95887,10,0.8129918,4.5826526,14.502163337059319,660.0,0.0
85.62812371063845,27.974912605243556,86.01165,1699,34.923252,60,0.39183673,4.5826526,14.703964098462292,600.7495318350236,30.0
85.5920215793238,28.00689840223,150.89432,2539,47.54713,10,0.41390964,4.835017,14.442464147019907,5814.894668005603,450.0
85.59291126148415,28.007104897349755,134.64365,2494,56.66658,10,0.746232,4.835017,14.826163084776972,5762.811813689564,510.0
85.58559752161331,28.00440073381087,135.6323,2812,26.481478,60,0.3666341,4.835017,15.540315649320668,6251.88771492259,182.48287590894657
85.58905601119808,28.003183903126548,123.51221,2536,23.739595,30,0.7686932,4.835017,15.036853887109162,5858.224987144144,228.47319317591726
85.63179473441565,27.99155994557817,228.555,1898,35.345715,10,0.7712889,4.772528,14.853643233735228,1868.6893802876923,468.61498055439927
85.62900342323962,27.996358591747438,241.48164,1983,53.596897,10,0.46185163,4.772528,14.294088260802814,2447.5293665245367,127.27922061357854
85.59634251555647,28.016341275678545,118.69384,2053,46.265484,10,0.87262946,4.835017,14.490763762463812,6183.566931795919,606.7124524847005
85.59796429625287,28.01368356606953,59.52075,2011,24.075098,10,0.8598563,4.835017,15.321439387966011,5840.1455461315345,840.0
85.57632519186791,28.046702924612088,130.79263,3546,47.471355,60,0.12153993,4.835017,14.992623386823547,10227.888345108191,2742.0065645435643
85.58088787466284,28.06444608751076,126.93183,3818,31.78395,100,0.27313942,4.835017,15.44016073390528,11576.81303295514,1678.3920876839238
85.5813452698115,28.06572504669529,131.42543,3890,38.916595,30,0.27257034,4.835017,15.385957489702106,14435.736905333235,1580.9174551506478
85.58949315763839,28.08119473319695,189.19739,3500,24.66273,10,0.46506453,4.2639217,15.858683756347816,12567.672815601143,1223.7646832622684
85.5878394925943,28.081965741852176,63.88808,3567,10.420227,30,0.37590644,4.2639217,16.78208322076257,12518.054960735713,1030.9704166463748
85.6626442193543,27.99913772205616,203.41446,2074,50.183758,10,0.6426609,4.758372,14.484599856229302,3904.1516363993856,934.3446901438462
85.661887242523,28.07021441062409,233.99565,3104,37.633923,10,0.6182411,4.758372,15.204829160112576,9810.0,4024.922359499621
85.65297497907122,28.0704688420165,78.40376,2878,38.84475,30,0.68415636,4.772528,15.091764756400371,10800.0,3719.2741227287884
85.65250641235924,28.06542315117601,88.55578,2858,52.099968,30,0.491158,4.772528,14.648181774171976,10219.041050901009,3150.571376750573
85.65630319840086,28.05784146738293,317.42343,2664,39.124023,10,0.78028595,4.758372,14.959174829550788,9475.63190504992,2509.4421690885806
85.51613461122638,27.97307710044046,117.62572,2471,48.16679,10,0.6857264,4.5461755,14.614810240449838,5836.754235017952,607.4537019394976
85.52000179184326,27.973638132581485,121.93981,2259,47.766895,10,0.8359655,4.987441,14.528754564226157,5581.048288628222,551.5432893255071
85.52145765471812,27.97420590590029,131.44963,2202,43.6429,10,0.81139976,4.987441,14.664650404595486,5503.426205555954,474.3416490252569
85.52104603680806,27.976091542574576,145.60226,2312,40.150555,10,0.615041,4.987441,14.683304384115573,5700.9472897054575,684.7627326307996
85.52306867805515,27.975667341220365,133.86282,2174,40.838963,10,0.81669146,4.987441,14.743382319651234,5500.727224649483,547.4486277268397
85.56301368555641,27.986864518297757,157.45059,2695,46.442574,10,0.71999377,4.726099,14.794467242086654,5546.350151225578,180.0
85.5647047398843,27.987498697932644,176.33234,2782,40.686066,10,0.7396016,4.835017,14.988237236265492,5626.259858911602,42.42640687119285
85.56536096821492,27.98923217528213,182.447,2932,40.653835,30,0.42798996,4.835017,15.024308505980294,5846.383497513655,30.0
85.53974245108007,27.99279746045538,245.66411,2043,39.520382,10,0.7290651,4.726099,15.085899444871345,6388.802704732711,30.0
85.53125587890254,28.072294712920343,90.0,3473,57.931904,60,0.27303588,4.726099,14.582593436796966,14844.544452424263,4718.304780321
85.52902583916308,28.07545007713123,77.216866,3499,52.788517,30,0.29803205,4.309736,14.688585565617494,14416.896337284248,4925.85018042571
85.52635110371445,28.07600342905767,28.955671,3893,66.94478,30,0.20161635,4.309736,14.468383833050058,14170.959741668876,5223.102526276887
85.65985182101423,28.079054975390186,284.67786,3046,50.51719,30,0.31121808,4.347579,14.306024862958623,10092.938125243809,4847.855195857235
85.52382655457647,28.08122056576056,80.13099,3719,52.900276,30,0.35781112,4.309736,15.408605268103472,13547.051339682745,5533.760023709015
85.55313749597622,28.01163742891151,221.84818,2864,43.05875,30,0.62312204,4.726099,15.135977629740541,8281.35858419378,991.8165152889925
85.55646333730189,28.006004795566355,208.34013,2654,49.20477,30,0.67474,4.726099,15.26624877013043,7650.0,429.5346318982906
85.55802048487276,28.00683329577921,213.38458,2831,46.836853,30,0.38876423,4.726099,14.788938792166809,7740.0,582.494635168428
85.54376850699214,28.011299997500384,207.43607,2387,41.201576,10,0.84255797,4.726099,14.814290703312574,8336.815938954152,624.2595614005444
85.54337361326375,28.00704802849415,208.34038,2144,37.6851,10,0.7774455,4.726099,14.961983436525244,7866.752824386946,182.48287590894657
85.54188739251923,28.007086855197887,183.16243,2134,33.61242,10,0.7951513,4.726099,15.446129131491688,7896.898125213468,150.0
85.54236259656503,28.007281917574613,182.02715,2147,27.3992,10,0.72225994,4.726099,15.5172507225552,7915.964881175258,189.73665961010278
85.52304450331441,28.00123087589065,185.39172,2545,37.970833,30,0.5366066,4.726099,14.707073135710699,7915.964881175258,670.820393249937
85.52064382167578,27.993340525687685,178.84145,2397,42.198612,30,0.52039814,4.726099,14.830006382810245,7280.116757305476,228.47319317591726
85.49991886155817,27.99379165001636,175.95128,2946,46.085,30,0.2915057,4.541609,14.656211246718126,8741.487287641618,1101.4535850411492
85.51148061823604,28.022614495114443,168.24637,2973,39.01399,60,0.35580912,4.541609,15.202666997240447,10639.219896214196,732.3933369440222
85.51056187371105,28.02187111731655,120.47738,2939,14.323226,30,0.47797284,4.541609,15.837407104214906,10613.599766337526,742.7651041883969
85.51015617774615,28.02476834256094,189.38078,3194,38.22202,30,0.3543338,4.541609,15.12957743392144,10921.030171188064,1015.1354589413179
85.50929180884154,28.02466368813524,147.99422,3207,28.968683,10,0.28883773,4.541609,15.479082861654112,10935.195471503928,1044.8444860360798
85.511195778223,28.024870628685484,184.6261,3212,48.664318,30,0.43734115,4.541609,15.035599301539623,10867.497412007973,952.9428104561155
85.51480693909362,28.02373237429905,153.63661,3013,40.93203,10,0.45217827,4.541609,14.883790967693473,10591.742066345838,697.7822009767805
85.51489350427634,28.0245104668081,175.30717,3092,48.25782,30,0.4787695,4.541609,14.754071897375757,10673.635744206376,780.0
85.5296465339668,28.017366917267086,124.567535,2368,42.395706,30,0.58468086,4.726099,14.918441891262939,9327.684600156676,283.0194339616981
85.52861112828417,28.017299941563607,122.58971,2427,32.25758,10,0.6416769,4.726099,15.157668748118333,9363.893421008166,241.86773244895647
85.52908339645403,28.01627138652144,139.05403,2331,45.207745,10,0.7982192,4.726099,14.802127000179993,9231.278351344412,150.0
85.50994964018184,28.01932698236141,91.827576,2862,56.706886,60,0.30511945,4.541609,15.05241711920622,10376.748045510212,635.6886030125128
85.5079134146701,28.02014847273057,87.80196,3037,40.168846,60,0.13770033,4.541609,15.170628648507448,10571.66968836995,891.9641248391104
85.50762791608128,28.022200814511404,182.70236,3105,21.253,30,0.28335136,4.541609,15.358424672658243,10795.874211938559,1023.9628899525608
85.52346946216741,28.040024446299725,105.68652,2501,39.969902,30,0.6311546,4.726099,14.794579283824557,11939.321588767094,2160.208323287363
85.52272331202781,28.041041071040876,127.98175,2603,31.173624,10,0.6718075,4.726099,15.11004960998078,12080.318704405112,2283.1557108528536
85.52108042397025,28.04178961925324,321.01703,2622,23.620714,10,0.70511293,4.726099,15.62500711483305,12219.983633376929,2388.9118861942147
85.51381954339855,28.04407409405757,107.389275,2987,30.786964,10,0.7937551,4.541609,15.201814957861947,12714.373755714436,2404.6829312822097
85.5146344511112,28.047442636058843,346.7181,2949,21.761097,30,0.6695563,4.541609,15.38601895164068,13048.62061675486,2736.5854636754907
85.4994664237711,28.047784349333224,98.852394,3630,32.257874,30,0.32015333,4.541609,16.213003645820688,13738.42785765533,1943.2961688841974
85.50359797509522,28.04928733864073,84.69249,3365,19.29013,30,0.4379797,4.541609,15.133998752139348,13707.636557773189,2229.9103120977757
85.5011390892257,28.043872944009408,101.18986,3676,47.318928,100,0.24527399,4.541609,15.194788462011953,13255.417760297109,1546.3828762631847
85.49885672996385,28.05277662802391,46.556595,3374,46.007725,60,0.3513773,4.541609,14.994512851314553,14276.87991124111,2501.539525971956
85.49198135982692,28.05538403215061,38.602432,3834,42.346375,100,0.32076037,4.541609,15.324135461548098,14869.472082088187,2812.329994861912
85.51178192186393,28.08995763556706,150.45721,4068,40.560787,60,0.0911641,4.169458,15.630207511574431,11951.978915644053,6810.462539358102
85.51320572869983,28.08974165891653,154.97958,4012,31.273773,100,0.28589264,4.169458,15.82384607192719,12050.780057739,6802.065862662607
85.51352234906669,28.089916718543197,147.59384,4019,25.61036,100,0.23236124,4.169458,15.701767469044995,12070.666924408111,6772.296508570782
85.50999605298612,28.089042727293364,83.85932,4148,37.112972,100,0.17883268,4.169458,15.665048947280713,11533.000476892385,6673.904404469696
85.50778042979385,28.0898519312809,33.889828,4251,27.767681,60,0.060841598,4.169458,15.70491058378994,11295.069720900354,6713.635378839098
85.5066680732542,28.090241491376396,45.943935,4286,38.36188,100,0.13683292,4.169458,15.504751715506975,11166.207950777201,6751.866408631024
85.50623378542143,28.090564192475178,50.60159,4287,34.551857,100,0.19571708,4.169458,15.813556512782235,11101.824174431875,6771.897813759449
85.50542266442272,28.09088467053654,56.159187,4313,28.91177,100,0.20140688,4.169458,15.972387785354757,11015.557180642294,6788.2250993908565
85.50447961569621,28.092330571026608,169.91756,4372,39.980698,30,0.1999396,4.169458,15.59474080348628,10847.437485415621,6924.868229793257
85.50531360069216,28.092125968635436,197.40791,4353,38.56691,100,0.14745308,4.169458,15.512431772785703,10913.56953521624,6936.749959455076
85.50813129717153,28.091669145798917,168.49985,4259,32.791946,100,0.13214286,4.169458,15.89128280491017,11176.278450360836,6925.583007949584
85.50564965920837,28.091879979729654,173.89612,4322,40.789055,60,0.19103734,4.169458,15.428411454898983,10955.957283596901,6911.273399309276
85.53523458487241,28.114218437337584,50.682194,3962,33.59404,60,0.025536692,4.309736,15.507132325061,10522.604240396007,4624.381039663578
85.52954989122543,28.116460772966768,90.0,4220,46.292274,60,0.11875864,4.309736,15.35507331468791,10592.209401253356,5261.5587044145
85.54283218736391,28.11505896787965,180.0,3967,36.67275,100,0.2575359,4.309736,15.708544734916403,10075.758035999077,3822.7346232769023
85.53765284463032,28.118445679131103,197.55815,4164,36.132732,100,0.40796307,4.091997,15.417642419077781,10000.84996387807,4343.374264324915
85.5289133159252,28.125090603349925,220.8708,4383,39.12731,70,0.03521896,4.091997,15.499574090588233,9807.201435679804,4959.082576444962
85.53201053556074,28.122396850520776,231.2785,4303,37.8239,100,0.23295145,4.091997,15.414405042579524,9883.804935347522,4844.512359360847
85.53647432628472,28.09876398298477,73.61427,4192,16.008871,60,0.063984945,4.309736,16.68686693063613,12035.422717960511,4170.0
85.54149602400454,28.099414256591245,91.44376,3844,52.108727,100,0.26647565,4.309736,14.920091793492468,11715.374513859982,3601.12482427366
85.53767408699389,28.094604810623835,120.10144,3825,36.58879,60,0.15812995,4.309736,15.11841528130571,12379.353779579935,4031.178487737798
85.97503217757493,27.870134616204503,219.44403,2803,42.68614,10,0.55576384,4.215698,14.59220507522542,6795.778101144858,324.4996147917591
85.97159925063943,27.868765958869037,194.36575,2540,41.52953,30,0.28589422,4.215698,14.94723542242231,6470.270473480997,60.0
85.9721307998537,27.8688500129257,185.17094,2579,39.100624,30,0.32518494,4.215698,14.937152369840609,6527.051401666759,60.0
85.9634759603246,27.87118921374004,106.95269,2576,29.037737,10,0.7045363,4.586505,15.274313873898803,5531.482622227065,94.86832980505139
85.92689199295987,27.904649424784917,252.00099,1732,69.10463,30,0.44902387,4.4041653,14.079700845648585,690.0,330.0
85.92413601419364,27.90639874257202,282.45813,1571,34.032967,30,0.53589165,4.4041653,14.653837883447274,390.0,234.30749027719963
85.93056983118913,27.914116011536613,286.92014,1638,49.43188,10,0.5385634,4.4041653,14.152205135789242,349.85711369071805,123.69316876852982
85.93043108353415,27.912360053035574,296.71143,1730,55.891758,10,0.44923076,4.4041653,13.853233386971661,531.6013544000805,120.0
85.92880714750693,27.911040392315616,297.7643,1677,44.215935,10,0.5772595,4.4041653,14.347596118436991,456.9463863518345,284.60498941515414
85.93357549872194,27.916867069728,341.58984,1541,55.41105,60,0.5196172,4.4041653,13.892425146924062,453.9823785126467,150.0
85.92000496241324,27.893680414546985,276.87216,1567,39.06714,30,0.39430362,4.4041653,14.068810563650366,390.0,120.0
85.9161895876325,27.890701059212933,255.4283,1390,43.98322,10,0.6922834,4.586505,14.462502825291333,0.0,189.73665961010278
