sample_id,longitude,latitude,Slope,Elevation,Aspect,NDVI,LULC,Rainfall,River Proximity,Road Proximity,TWI,landslide
bg_0,85.57047043864081,27.79351474381478,23.05780792236328,832.0,142.99801635742188,0.5964184999465942,10.0,4.549545764923096,212.13203435596427,60.0,14.963269413945149,0
bg_1,85.63838307412024,27.923141639313226,28.086503982543945,1190.0,193.90530395507812,0.5739356279373169,30.0,4.625964164733887,120.0,30.0,14.58603540830095,0
bg_2,85.64565942792161,27.946587668228744,35.030738830566406,1503.0,255.28485107421875,0.5012875199317932,10.0,4.582652568817139,480.0,60.0,14.733549115343465,0
bg_3,85.53031574544067,28.119603191950166,39.57625198364258,4200.0,92.24475860595703,0.4989788830280304,100.0,4.091997146606445,10259.692977862447,5123.768144637304,15.363290567473465,0
bg_4,85.58367567331737,27.8921497620111,29.402864456176758,1672.0,152.93418884277344,0.7490149736404419,10.0,5.267827987670898,2652.413994835648,30.0,15.03080589614606,0
bg_5,85.48935256848482,28.081334960846675,51.62485122680664,4491.0,237.42581176757812,0.19164618849754333,60.0,4.169457912445068,10651.056285646038,5697.868022339584,15.226034504830432,0
bg_6,85.85882964484318,27.64178929232699,22.874011993408203,1770.0,202.94363403320312,0.5560538172721863,10.0,4.407373905181885,7228.008024345298,94.86832980505139,15.25251274578462,0
bg_7,85.90437422974804,27.687872866402323,19.432472229003906,2277.0,313.4932861328125,0.7908082604408264,10.0,4.370652198791504,8304.854002328999,108.16653826391968,15.682025849232476,0
bg_8,85.88200617917346,27.671433696702938,30.409507751464844,1997.0,94.74623107910156,0.7792088389396667,10.0,4.370652198791504,9325.513390693297,67.0820393249937,15.064677808560004,0
bg_9,85.64673740626256,27.873824130215063,37.970542907714844,1539.0,5.38539981842041,0.6302822828292847,30.0,4.559855937957764,3301.7722513825815,30.0,14.524581720800402,0
bg_10,85.98818704575639,27.87732755982313,34.219905853271484,3293.0,135.56570434570312,0.8347562551498413,10.0,4.215697765350342,7838.5011322318505,993.1767214348109,16.021143768825763,0
bg_11,85.5553787418676,27.821811675264545,15.377914428710938,1424.0,93.37425994873047,0.720842719078064,10.0,4.967405796051025,1802.4982662959762,67.0820393249937,15.071290085926778,0
bg_12,85.80924264115978,28.120411675705874,40.46614456176758,4625.0,292.30413818359375,-0.03982752934098244,100.0,3.67387318611145,8263.951839162666,1425.2368224263644,15.884503334014774,0
bg_13,85.7650455291811,28.135233877893846,32.26854705810547,4976.0,253.61953735351562,-0.07099324464797974,70.0,3.9751100540161133,7274.737108652106,4711.910440575033,16.020367899557662,0
bg_14,85.4734523879559,28.07055517743724,30.61383056640625,4235.0,64.04206085205078,0.3283272981643677,30.0,4.541608810424805,10792.872648187784,5135.172830587107,16.145505385426624,0
bg_15,85.61116412101143,27.783812938746287,24.258548736572266,1333.0,194.09986877441406,0.33135855197906494,30.0,4.361113548278809,2591.138745802702,0.0,14.861029085404253,0
bg_16,85.48342368760963,27.791897776303365,27.055763244628906,1944.0,104.68779754638672,0.8079863786697388,10.0,4.618796348571777,9720.046296186043,60.0,14.739970950358984,0
bg_17,85.54379047470246,27.8921497620111,33.255828857421875,1126.0,315.7140808105469,0.6858013868331909,10.0,5.103635787963867,270.0,30.0,14.085496232464626,0
bg_18,85.8364615942686,28.10046907639842,29.58615493774414,4175.0,356.2936096191406,0.3008316457271576,100.0,3.896871328353882,8834.885398238055,990.4544411531506,15.971789810841793,0
bg_19,85.68581412112175,27.91128387756285,32.36286544799805,2257.0,4.975016117095947,0.7790356278419495,10.0,4.5489630699157715,5506.941074680208,1026.1578825892243,15.37337945122315,0
bg_20,85.74941484323742,27.7883943466953,18.8265438079834,848.0,216.18202209472656,0.5601039528846741,10.0,5.361922740936279,1470.0,0.0,14.75066324369622,0
bg_21,85.6507798250411,27.759288931489824,29.179893493652344,1287.0,141.50746154785156,0.5900207757949829,10.0,4.361113548278809,3810.0,0.0,14.646654229951285,0
bg_22,85.76477603459587,27.81103189185511,24.433115005493164,846.0,117.59397888183594,0.4451565742492676,30.0,5.8279619216918945,210.0,0.0,14.655132099827911,0
bg_23,85.55699570937902,27.799443624689967,37.898887634277344,1015.0,167.7854461669922,0.697022020816803,10.0,4.46352481842041,1530.0,241.86773244895647,14.150192666895986,0
bg_24,85.82433433793298,28.150056080081818,49.14670181274414,5220.0,69.5138931274414,-0.03160443529486656,70.0,3.67387318611145,11703.422576323559,3900.115382908562,15.314161621742393,0
bg_25,85.48153722551298,27.79917413010473,11.939632415771484,1691.0,252.16867065429688,0.6967111825942993,10.0,4.618796348571777,9418.757879890532,0.0,15.898365327467484,0
bg_26,85.97902422985837,27.87544109772648,34.00387191772461,3064.0,288.1765441894531,0.752897322177887,10.0,4.215697765350342,7095.4915263144385,1020.441081101697,15.364812495348458,0
bg_27,85.628950763637,27.890532794499688,11.426496505737305,1315.0,265.40618896484375,0.38845595717430115,40.0,4.559855937957764,930.0,152.97058540778355,15.682478133415295,0
bg_28,85.52842928334401,28.010188390344407,39.215457916259766,2118.0,75.05545043945312,0.7917253971099854,10.0,4.726099014282227,8596.766834106878,169.7056274847714,15.400035389957445,0
bg_29,85.9574646630395,27.813726837707467,27.11058807373047,2257.0,124.69075012207031,0.7687233090400696,10.0,4.941662311553955,6599.795451375747,394.58839313897715,15.304144486899961,0
bg_30,85.57451285741935,28.096157163034647,12.626054763793945,4191.0,115.69581604003906,0.4807843267917633,70.0,4.263921737670898,11173.942903022193,30.0,16.436150931279144,0
bg_31,85.74321646777699,27.877058065237893,37.757205963134766,1851.0,116.0355453491211,0.7693114280700684,10.0,4.696327209472656,1253.1959144523253,108.16653826391968,14.675719416844363,0
bg_32,85.84292946431427,27.661192902463974,16.216867446899414,1730.0,250.49160766601562,0.838787853717804,10.0,4.407373905181885,9389.61660559152,90.0,15.606371929518179,0
bg_33,85.72866376017426,27.94443171154686,42.65595245361328,3271.0,263.9487609863281,0.8143195509910583,10.0,4.318940162658691,5181.669615095119,720.0,15.033086164578881,0
bg_34,85.60739119681813,27.88514290279497,22.968297958374023,1223.0,114.84355926513672,0.50030118227005,10.0,5.267827987670898,241.86773244895647,94.86832980505139,15.15066277548589,0
bg_35,85.53759209924203,27.79405373298525,22.703811645507812,1021.0,31.657638549804688,0.6163320541381836,10.0,4.46352481842041,3697.7966412446212,0.0,14.666260864116015,0
bg_36,85.58178921122072,27.75955842607506,16.503131866455078,1059.0,21.74427604675293,0.5780578851699829,10.0,4.549545764923096,725.6031973468694,30.0,15.045391048196393,0
bg_37,85.81786646788733,27.80591149473563,36.105838775634766,1605.0,182.87648010253906,0.8615232706069946,10.0,6.791383266448975,5258.564442887431,240.0,14.659775606355101,0
bg_38,85.88874354380435,27.81157088102558,35.83271789550781,1094.0,254.39434814453125,0.6814720630645752,10.0,4.941662311553955,180.0,210.0,14.190190681900225,0
bg_39,85.633532171586,27.9312264768703,38.92549133300781,1348.0,86.55270385742188,0.8042688965797424,10.0,4.625964164733887,0.0,276.5863337187866,14.3214010200372,0
bg_40,85.53678361548633,28.023393625020965,36.105648040771484,2341.0,224.74717712402344,0.8212598562240601,10.0,4.726099014282227,9766.647326488246,1142.3659658795864,15.049843602613693,0
bg_41,85.71114661213393,28.01207485244106,25.77469253540039,3034.0,307.1158142089844,0.8538780808448792,10.0,4.635933876037598,6724.886616144543,1087.4741376235115,15.489805629497011,0
bg_42,85.93833054748775,27.92421961765417,46.47910690307617,1874.0,238.488037109375,0.7313725352287292,10.0,4.404165267944336,582.494635168428,300.0,14.383950630429215,0
bg_43,85.8154410166202,28.01827322790148,25.693906784057617,3530.0,262.26568603515625,0.6078999042510986,10.0,4.568583965301514,3212.3822935634544,295.4657340538831,16.00089053265967,0
bg_44,85.5448684530434,28.079717993335258,31.34681510925293,3185.0,226.29409790039062,0.0014409221475943923,60.0,4.3097357749938965,13651.582325869775,3156.9922394583105,15.464806038057153,0
bg_45,85.99788885082488,27.772763660751618,33.747623443603516,2552.0,194.26756286621094,0.8426138758659363,10.0,4.674496173858643,13336.240099818238,335.4101966249685,15.157525520915542,0
bg_46,85.55376177435619,27.839328823304875,24.653770446777344,1092.0,23.50699234008789,0.43485087156295776,10.0,4.967405796051025,591.6924876994806,134.1640786499874,15.22825707594172,0
bg_47,85.828915745882,27.896731169960113,64.24385833740234,2415.0,160.914794921875,0.7226219177246094,10.0,4.945862293243408,6113.673200294566,342.05262752974136,14.362060570418652,0
bg_48,85.54621592596958,27.810223408099404,24.798614501953125,1338.0,60.626495361328125,0.3977816700935364,10.0,4.967405796051025,2743.3191575170395,212.13203435596427,15.22372353358153,0
bg_49,85.5343581642192,27.888376837817802,25.164255142211914,1091.0,177.76580810546875,0.7232630848884583,10.0,5.103635787963867,360.0,42.42640687119285,14.669209195802237,0
bg_50,85.6222133990061,27.961679365001952,3.704791784286499,2187.0,-0.0,0.5558255314826965,10.0,4.582652568817139,1235.8397954427587,0.0,17.329922356385218,0
bg_51,85.95611719011332,27.926645068921292,26.187707901000977,2379.0,17.339454650878906,0.7721254229545593,10.0,4.404165267944336,2058.0087463370996,174.92855684535903,15.803704102689432,0
bg_52,85.84212098055855,27.645562216520293,24.400270462036133,1654.0,177.69125366210938,0.6149377822875977,10.0,4.407373905181885,7380.548760085526,0.0,15.107090005276783,0
bg_53,85.63892206329072,27.900504094153415,27.399169921875,1448.0,357.974853515625,0.6541041135787964,10.0,4.625964164733887,1429.0206436577464,60.0,14.730228625550065,0
bg_54,85.88631809253724,28.034442903015634,9.767486572265625,4348.0,212.1865997314453,0.31322094798088074,30.0,4.106739044189453,9728.376020693278,300.0,17.044415546203606,0
bg_55,85.51199011364463,27.802408065127562,11.927546501159668,1260.0,4.9700469970703125,0.4716804623603821,40.0,4.618796348571777,6545.5710216909265,30.0,15.65520686603171,0
bg_56,85.73297567353804,28.09184524967087,38.75939178466797,3806.0,134.88587951660156,0.7456610798835754,10.0,4.176478385925293,3007.9394940723123,3076.572768520192,15.145501381299336,0
bg_57,85.84373794806997,28.077562036653372,36.311737060546875,4818.0,238.0850067138672,-0.06197298318147659,60.0,3.896871328353882,7724.69416870338,1382.9316685939332,15.755364124752793,0
bg_58,85.82190888666587,28.119064202779693,32.69660568237305,4626.0,113.79674530029297,0.1023990660905838,70.0,3.67387318611145,9273.106275676992,540.8326913195983,15.720219906094242,0
bg_59,85.68904805614459,27.920446693460867,26.3192081451416,2660.0,270.0,0.8402093052864075,10.0,4.5489630699157715,5646.459067415613,134.1640786499874,15.498062698039995,0
bg_60,85.69174300199694,27.785429906257704,36.510292053222656,1229.0,203.29678344726562,0.7981828451156616,10.0,4.263062000274658,7890.0,192.09372712298546,14.53473648451982,0
bg_61,85.60388776721005,28.05115156730026,36.016578674316406,3041.0,280.2611999511719,0.7520229816436768,10.0,4.835017204284668,9097.96680583085,3033.5622624235025,15.243899159470446,0
bg_62,85.70467874208826,27.89430571869299,34.72856903076172,2981.0,102.13284301757812,0.7429763674736023,10.0,4.452770709991455,5927.562736909665,618.4658438426491,15.201660364315526,0
bg_63,85.81624950037592,28.01719524956054,33.885772705078125,3555.0,244.28775024414062,0.611664354801178,30.0,4.568583965301514,3279.893290947131,308.86890422961005,15.665435429708602,0
bg_64,85.70548722584397,28.09346221718229,17.709259033203125,4661.0,59.53931427001953,-0.06629884243011475,100.0,4.176478385925293,5554.53868471541,5613.207639131124,16.49532906412965,0
bg_65,85.91488451857224,27.81157088102558,20.677724838256836,1273.0,313.3333435058594,0.6922219395637512,30.0,4.941662311553955,2118.1359729724622,295.4657340538831,15.013256630184966,0
bg_66,85.64134751455784,28.02635806545856,11.546774864196777,1905.0,279.1180114746094,0.13553474843502045,60.0,4.772528171539307,5747.642995176371,1209.3386622447824,15.125040706535628,0
bg_67,85.78471863390331,27.884064924454027,17.3365535736084,1868.0,304.779541015625,0.8053632974624634,10.0,5.343934535980225,2490.0,174.92855684535903,15.930116731794197,0
bg_68,85.76531502376633,27.940119798183083,58.55023193359375,1798.0,179.35789489746094,0.3463265597820282,60.0,4.540307521820068,1314.8764200486676,241.86773244895647,13.781694076725326,0
bg_69,85.58340617873213,28.099391098057477,16.362869262695312,4023.0,90.0,0.37120360136032104,30.0,4.263921737670898,10770.0,885.889383614004,16.886786252224077,0
bg_70,85.61089462642619,28.08349091752856,36.879703521728516,4110.0,187.0235137939453,0.2031872570514679,30.0,4.257054328918457,12061.343208780687,3459.5086356302104,15.589219329092948,0
bg_71,85.65266628713775,28.05681095359021,34.41172790527344,2487.0,131.4277801513672,0.39948099851608276,10.0,4.772528171539307,9278.927739776833,2240.1785643113367,15.095563200162081,0
bg_72,85.64080852538737,27.840406801645816,34.6777229309082,2107.0,169.32594299316406,0.6771955490112305,10.0,4.497191429138184,5306.015454180284,30.0,14.928985919356244,0
bg_73,85.73459264104945,28.0627398344654,30.24689292907715,3410.0,316.20233154296875,0.6325893402099609,10.0,4.635933876037598,1710.0,1988.617610301186,15.531113060831172,0
bg_74,85.79388144980133,28.14520517754757,33.184078216552734,4921.0,171.9313507080078,-0.06542833149433136,70.0,3.67387318611145,9395.317982910423,4659.957081347424,16.16231104170864,0
bg_75,85.94264246085153,27.724793624579636,38.12711715698242,2320.0,309.74505615234375,0.7958396077156067,10.0,4.780183792114258,7864.464380998873,228.47319317591726,14.899040136511505,0
bg_76,85.61790148564232,27.768990736558315,15.370789527893066,971.0,273.37591552734375,0.6590868830680847,10.0,4.361113548278809,2135.0644018389703,276.5863337187866,14.843225469652618,0
bg_77,85.66263758679148,27.957097957052945,36.96101379394531,2235.0,222.99447631835938,0.8705403208732605,10.0,4.595747470855713,2370.0,632.8506932918697,14.890307888646658,0
bg_78,85.82649029461487,28.164608787684553,29.161039352416992,5235.0,189.47032165527344,-0.09425107389688492,70.0,3.266342878341675,10928.444537078458,5522.934002864781,16.256167980719376,0
bg_79,85.84158199138808,28.038485321794173,37.85540008544922,4187.0,178.64785766601562,0.23871669173240662,30.0,4.297876358032227,6061.188002363893,902.4965373894794,15.539233656282656,0
bg_80,85.90868614311181,28.043336224328417,59.66388702392578,4797.0,194.92755126953125,0.1589304804801941,70.0,4.106739044189453,7727.955745214902,2960.439156611735,14.714010829274372,0
bg_81,85.58502314624354,27.968955718803322,42.98886489868164,2902.0,247.53912353515625,0.8383421301841736,10.0,4.808651447296143,4617.369380935426,180.0,15.355023106165508,0
bg_82,85.66075112469483,27.888376837817802,33.732208251953125,1721.0,6.298835754394531,0.4918619692325592,10.0,4.626403331756592,4194.532155079992,0.0,14.761517011844084,0
bg_83,85.58825708126638,28.102625033080304,36.40945053100586,3875.0,76.02852630615234,0.4802645742893219,30.0,4.263921737670898,10290.524767960087,1277.3801313626261,15.478016899129488,0
bg_84,85.82649029461487,27.9703031917295,37.334712982177734,2615.0,253.98455810546875,0.7433341145515442,10.0,4.312197685241699,2970.0,60.0,15.400294398778424,0
bg_85,85.75426574577166,27.891341278255396,23.609132766723633,1290.0,321.0560607910156,0.4647819697856903,30.0,5.343934535980225,450.0,42.42640687119285,14.829254820987881,0
bg_86,85.7650455291811,27.878405538164074,29.568601608276367,1257.0,295.3394470214844,0.3054213523864746,10.0,5.343934535980225,300.0,531.6013544000805,14.609500785826944,0
bg_87,85.82487332710346,27.90724145878431,29.17464828491211,2730.0,297.64007568359375,0.7954329252243042,10.0,4.945862293243408,5397.416048443922,30.0,15.39873008641473,0
bg_88,85.5801722437093,27.749856621006572,14.520768165588379,821.0,-0.0,0.4905501902103424,10.0,4.508334636688232,1652.1803775617236,152.97058540778355,14.979476560113364,0
bg_89,85.53543614256014,27.946587668228744,34.408653259277344,1937.0,98.1522445678711,0.5866577625274658,30.0,4.987441062927246,2334.609175001246,0.0,14.831357684792358,0
bg_90,85.54675491514006,28.099391098057477,2.971830368041992,3591.0,159.29978942871094,0.08237145841121674,60.0,4.3097357749938965,11516.913649064145,3000.5999400119968,16.97763423180637,0
bg_91,85.52789029417355,27.89161077284063,27.515666961669922,1408.0,173.94515991210938,0.34591978788375854,30.0,5.103635787963867,1080.0,0.0,14.921405106082648,0
bg_92,85.67314787561567,27.936885863160253,4.292496204376221,1771.0,257.5452575683594,0.6149654388427734,60.0,4.5489630699157715,3541.1438829847057,182.48287590894657,15.70948244184398,0
bg_93,85.79657639565369,27.770338209484496,35.823116302490234,1334.0,74.3886947631836,0.7579972147941589,10.0,6.054154872894287,2396.4348520249823,180.0,14.425034006362218,0
bg_94,85.77986773136907,27.99186275854837,50.5693244934082,2475.0,123.99183654785156,0.39003127813339233,10.0,4.903069972991943,840.0,1209.3386622447824,14.453361947382485,0
bg_95,85.95261376050526,28.00021709069068,30.99946403503418,3364.0,130.2855224609375,0.7663185596466064,10.0,4.106739044189453,2040.0,1946.5353837010002,15.06307627568866,0
bg_96,85.65482224381964,28.092384238841344,37.08524703979492,3680.0,226.74102783203125,0.480236679315567,30.0,4.347579002380371,10858.5496269069,6145.242061953296,15.462944668436068,0
bg_97,85.67530383229756,28.150864563837523,10.063504219055176,5495.0,291.39874267578125,-0.043850019574165344,70.0,3.9022998809814453,5675.7114091539215,11359.546645883365,17.054241557731455,0
bg_98,85.61493704520473,27.809953913514168,26.156570434570312,1486.0,351.4275207519531,0.7489920854568481,10.0,4.497191429138184,4020.0,180.0,15.208783660394921,0
bg_99,85.87661628746875,27.927723047262237,30.534374237060547,2670.0,83.69766235351562,0.8069919943809509,10.0,4.632851600646973,4767.82969494507,234.30749027719963,15.362885823599335,0
bg_100,85.72030942803195,27.72533261375011,20.187559127807617,1378.0,165.60031127929688,0.7690021395683289,10.0,4.136266231536865,4337.672186784059,276.5863337187866,15.03120247453386,0
bg_101,85.71815347135006,27.851725574225725,26.067081451416016,1745.0,26.687496185302734,0.4377257227897644,30.0,4.696327209472656,4094.9725273803733,108.16653826391968,15.115563933192169,0
bg_102,85.86826195532643,28.11205734356356,13.910857200622559,5225.0,242.77342224121094,-0.07795072346925735,70.0,3.896871328353882,10633.76226930055,3965.5642725846724,16.864919063779823,0
bg_103,85.85209228021228,27.71212737907355,23.900400161743164,1421.0,189.5000457763672,0.5907159447669983,10.0,4.840806007385254,4710.0,30.0,14.603407085977942,0
bg_104,85.72057892261718,27.674667631725764,31.868946075439453,918.0,88.50794982910156,0.7728658318519592,10.0,3.891842842102051,960.0,152.97058540778355,14.437281267487498,0
bg_105,85.49285599809288,27.917212758438037,7.6853108406066895,2501.0,32.89021682739258,0.849175751209259,10.0,4.496346950531006,5515.188120091644,218.40329667841553,15.7085816857863,0
bg_106,85.5020188139909,28.130113480774362,18.374094009399414,5193.0,50.68634033203125,-0.04689042270183563,70.0,3.683410167694092,8145.92536179899,7353.611357693579,16.602627101228045,0
bg_107,85.67961574566134,27.89430571869299,33.58222198486328,2406.0,178.4192352294922,0.8230884671211243,10.0,4.5489630699157715,5568.213357981176,563.6488268416781,15.22752791429368,0
bg_108,85.48962206307006,27.87948351650502,26.459699630737305,2021.0,331.4227294921875,0.5969076156616211,10.0,4.607892036437988,5364.298649404225,216.33307652783935,15.21510487593139,0
bg_109,85.828915745882,27.75578550188176,18.42588996887207,751.0,157.39691162109375,0.3429771363735199,50.0,5.668778419494629,30.0,0.0,14.930161168376934,0
bg_110,85.50174931940566,27.87948351650502,30.457040786743164,1872.0,85.2627944946289,0.35228487849235535,30.0,4.607892036437988,4022.4619326974366,60.0,14.788946319160203,0
bg_111,85.76369805625492,28.073250123289597,23.50278663635254,2833.0,291.85406494140625,0.6888129115104675,10.0,4.430944442749023,1113.2385189167685,394.58839313897715,15.105042809427298,0
bg_112,85.67395635937137,27.988898318110774,34.5516357421875,2098.0,336.4640197753906,0.8108905553817749,10.0,4.758371829986572,4368.065933568311,295.4657340538831,14.90622259016784,0
bg_113,85.59229950004492,28.061122866953983,11.85037899017334,3189.0,51.88947677612305,0.7507128119468689,10.0,4.835017204284668,10627.963116232575,2805.2807346146305,16.185850223651528,0
bg_114,85.69605491536072,27.873015646459358,35.64236831665039,2742.0,142.19898986816406,0.8192799091339111,10.0,4.626403331756592,6480.0,313.20919526731655,15.341682175895807,0
bg_115,85.57020094405557,28.061661856124456,21.424293518066406,3963.0,171.93756103515625,0.3571801483631134,100.0,4.835017204284668,11941.356706840308,1830.0,16.128090805537312,0
bg_116,85.79172549311944,28.070016188266766,32.28900146484375,4240.0,315.8309631347656,0.2545045018196106,30.0,4.568583965301514,3293.038110924318,1124.499888839479,15.6853334873736,0
bg_117,85.90491321891851,28.021237668339076,38.69322967529297,4141.0,221.60072326660156,0.21374686062335968,100.0,4.106739044189453,7412.42875176551,2788.8707392061037,15.458780112020778,0
bg_118,85.71222459047488,27.979735502212755,35.56914520263672,3535.0,76.91679382324219,0.5356276035308838,10.0,4.318940162658691,8120.2524591295805,305.9411708155671,15.415282868547372,0
bg_119,85.60550473472148,28.010188390344407,64.89756774902344,2169.0,229.86294555664062,0.5483871102333069,10.0,4.835017204284668,4999.299950993139,644.1273166075166,14.183917438355822,0
bg_120,85.82702928378535,28.124184599899174,48.87601852416992,4376.0,96.49217224121094,0.03011748008430004,60.0,3.67387318611145,10068.788407747974,1047.8549517943788,15.392414792221349,0
bg_121,85.81193758701214,27.890802289084924,22.512861251831055,2486.0,283.5524597167969,0.7068822383880615,10.0,5.7131733894348145,4838.284820057621,108.16653826391968,15.782028760289958,0
bg_122,85.60388776721005,27.919368715119923,41.6602897644043,1925.0,153.06390380859375,0.8142653703689575,10.0,5.441863059997559,2254.994456755936,408.0441152620633,14.455502565434662,0
bg_123,85.60011484301675,28.06543478031776,42.08037567138672,3166.0,243.37222290039062,0.4523859918117523,10.0,4.835017204284668,10734.174397688907,3130.511140373086,15.066961229237599,0
bg_124,85.9650105114261,27.86816474392511,33.420860290527344,2278.0,228.52247619628906,0.7298804521560669,10.0,4.586504936218262,5827.186284992097,169.7056274847714,15.060974696780884,0
bg_125,86.0175619555471,27.76090589900124,26.056358337402344,3052.0,214.1389617919922,0.44560810923576355,10.0,4.605922222137451,11440.349645006485,1368.5393673548451,15.701045288229126,0
bg_126,85.81598000579068,28.044683697254598,32.1966552734375,3769.0,202.25210571289062,0.3592892587184906,30.0,4.568583965301514,3310.619277416236,618.4658438426491,15.683767904146498,0
bg_127,85.90976412145275,27.927184058091765,48.324363708496094,2486.0,95.78944396972656,0.7838709950447083,10.0,4.404165267944336,1697.586522095413,510.8815909777921,15.034614889763306,0
bg_128,85.87769426580968,28.071363661192947,40.41397476196289,4290.0,277.6474914550781,0.3247508406639099,30.0,4.297876358032227,10765.44471910009,1050.0,15.437358419290067,0
bg_129,85.83673108885384,27.862774852220394,35.14139175415039,2493.0,153.7540283203125,0.8949301838874817,10.0,5.2028632164001465,4260.0,1143.5471131527552,15.247192141406536,0
bg_130,85.62544733402892,27.926375574336056,26.451335906982422,1439.0,112.98199462890625,0.5845824480056763,10.0,4.625964164733887,757.1657678474378,201.24611797498108,15.004024889910097,0
bg_131,86.00543469921148,27.81669127814506,38.33277130126953,3038.0,236.4423370361328,0.7807580232620239,10.0,4.383127212524414,12700.24409214248,150.0,15.156444729585996,0
bg_132,85.71842296593529,28.114482794830685,22.954212188720703,4492.0,28.468360900878906,-0.02703499048948288,100.0,4.176478385925293,5994.97289401712,6044.01356715883,16.139809943848054,0
bg_133,85.87607729829827,28.081873950017144,32.923492431640625,4744.0,-0.0,-0.06424366682767868,60.0,3.896871328353882,11068.536488623959,1434.0502083260544,15.396728803154412,0
bg_134,85.63218469865983,27.85657647675997,17.270061492919922,1770.0,242.05532836914062,0.39404964447021484,30.0,4.559855937957764,3378.43158877015,150.0,15.176608860832987,0
bg_135,85.60469625096576,28.072172144948656,37.834102630615234,3722.0,262.8157043457031,0.4418194591999054,10.0,4.835017204284668,13348.381924413161,3171.0723738193046,15.518110371274895,0
bg_136,85.66910545683713,27.727219075846758,7.5220723152160645,792.0,75.80712890625,0.6141877174377441,10.0,4.0218892097473145,1389.7481786280564,90.0,15.622047524132977,0
bg_137,85.57020094405557,27.94038929276832,33.177406311035156,1696.0,240.31863403320312,0.8448042869567871,10.0,4.808651447296143,1389.7481786280564,300.0,14.766371255645167,0
bg_138,85.59957585384629,27.92421961765417,44.689857482910156,2342.0,121.57721710205078,0.8428826332092285,10.0,5.441863059997559,2942.447960457415,402.49223594996215,14.926051478170784,0
bg_139,85.58987404877779,27.793784238400015,21.058950424194336,1042.0,337.6543884277344,0.6984894275665283,10.0,4.549545764923096,1230.0,60.0,14.938498245862005,0
bg_140,85.61897946398327,27.791897776303365,30.812599182128906,1596.0,100.95230102539062,0.7942808270454407,10.0,4.361113548278809,3842.460149435515,180.0,14.977310558668703,0
bg_141,85.74213848943604,28.09373171176752,38.70154571533203,3348.0,138.38009643554688,0.5699373483657837,30.0,4.176478385925293,2694.3273743181244,2595.9969183340727,15.247533707878269,0
bg_142,85.87769426580968,27.648796151543124,15.430784225463867,1830.0,96.73587036132812,0.42808797955513,10.0,4.407373905181885,8735.565236434331,30.0,15.775775308746539,0
bg_143,85.8537092477237,27.823159148190722,23.747211456298828,1390.0,16.931522369384766,0.7555099725723267,10.0,5.761692047119141,1596.7780058605517,161.55494421403512,14.62805066671908,0
bg_144,85.74106051109511,27.873015646459358,38.27072525024414,1745.0,93.52915954589844,0.7961254715919495,10.0,4.696327209472656,1470.0,108.16653826391968,14.526415422498584,0
bg_145,85.51145112447416,28.09858261430177,24.974567413330078,4334.0,146.5244598388672,0.25188660621643066,100.0,4.169457912445068,11223.408573156374,6930.0,15.903044820896758,0
bg_146,86.02780274978606,27.88514290279497,25.56146812438965,3582.0,168.96229553222656,0.5433693528175354,10.0,4.176967620849609,11029.886672128594,819.3900170248597,15.746969913881843,0
bg_147,85.75022332699312,28.113674311074977,44.679718017578125,3870.0,280.3736877441406,0.45170730352401733,80.0,4.430944442749023,4770.0,3834.0187792967317,15.178303865978455,0
bg_148,85.67314787561567,28.13226943745625,37.296905517578125,4926.0,177.23739624023438,-0.07206180691719055,60.0,3.9022998809814453,7654.645648232189,10594.036058084757,15.714043003783008,0
bg_149,85.63110672031888,27.932304455211245,8.543527603149414,1443.0,165.881591796875,0.8534955978393555,10.0,4.625964164733887,240.0,30.0,16.06707371052261,0
bg_150,85.56184661191327,28.127149040336768,35.707740783691406,4870.0,154.27000427246094,-0.028154851868748665,70.0,4.091997146606445,8046.266214835301,1580.9174551506478,15.936208984175428,0
bg_151,85.80762567364836,28.13685084540526,37.719120025634766,4763.0,256.6893310546875,-0.05067111551761627,60.0,3.67387318611145,9469.07598448761,3078.4736477676724,15.363900626019168,0
bg_152,85.6222133990061,27.799443624689967,31.127552032470703,1409.0,90.0,0.5790621638298035,10.0,4.361113548278809,4713.438235513434,134.1640786499874,14.663209744055328,0
bg_153,85.89386394092384,27.99105427479266,34.87800598144531,4110.0,176.98483276367188,0.36147502064704895,100.0,4.106739044189453,7003.5705179572515,699.7142273814361,15.420785675209853,0
bg_154,85.88631809253724,27.91640427468233,16.357128143310547,2684.0,34.177127838134766,0.6935146450996399,10.0,4.404165267944336,3207.8965070587924,890.4493247793498,16.026386868366334,0
bg_155,85.81759697330209,27.84633568252101,24.406742095947266,2107.0,309.9517517089844,0.797878086566925,10.0,6.791383266448975,4770.377343565182,379.47331922020555,15.504634850706122,0
bg_156,85.78364065556238,27.875980086896952,37.05594253540039,1903.0,313.31634521484375,0.8149243593215942,10.0,5.343934535980225,2370.0,0.0,15.41690262556955,0
bg_157,85.87203487951973,27.949282614081103,39.69990158081055,3401.0,144.9778289794922,0.5608108043670654,10.0,4.01486349105835,6437.91891840834,632.8506932918697,15.378349793546422,0
bg_158,85.58933505960732,27.756593985637465,27.191783905029297,943.0,67.78337860107422,0.6564173102378845,10.0,4.508334636688232,690.0,94.86832980505139,14.447599008922433,0
bg_159,85.804930727796,28.03066997882233,46.2728385925293,3015.0,269.11279296875,0.7015938758850098,10.0,4.568583965301514,1980.0,1181.8629362155325,14.886875971041889,0
bg_160,85.82999372422294,27.70565950902789,17.81421661376953,1839.0,52.80622100830078,0.7515583038330078,40.0,4.813807010650635,4585.193561890272,150.0,15.557525713775558,0
bg_161,85.86179408528078,27.927453552677,27.733247756958008,2512.0,250.20309448242188,0.6352756023406982,30.0,4.632851600646973,6079.424314850872,30.0,15.144406753915801,0
bg_162,85.89143848965672,27.664157342901568,36.02648162841797,1905.0,317.2687072753906,0.8250815272331238,10.0,4.343433856964111,10312.060899742592,134.1640786499874,14.992496019385554,0
bg_163,85.91515401315748,27.968147235047613,19.741750717163086,3118.0,299.7474670410156,0.6484033465385437,30.0,3.8100929260253906,3758.9892258425,637.808748764079,15.97891820360346,0
bg_164,85.74671989738506,28.03740734345323,34.0131950378418,3413.0,20.689287185668945,0.6734753251075745,10.0,4.903069972991943,1933.313218286163,1811.2150617748296,15.69956592348734,0
bg_165,85.92404733447026,27.971381170070444,18.17124366760254,3472.0,37.8984489440918,0.47985348105430603,10.0,3.8100929260253906,3045.4063768239535,1489.4629904767692,16.622609175091625,0
bg_166,85.87904173873586,27.684638931379492,18.719398498535156,2234.0,103.81909942626953,0.7912179231643677,10.0,4.370652198791504,7825.458453023695,301.4962686336267,16.23255122755516,0
bg_167,85.83780906719478,27.85711546593044,18.428258895874023,2300.0,337.3779296875,0.769858717918396,10.0,5.2028632164001465,4140.0,1140.3946685248927,15.344173345840517,0
bg_168,85.59122152170397,28.027705538384737,43.71372604370117,2258.0,21.373010635375977,0.7646023035049438,10.0,4.835017204284668,7515.104789688565,67.0820393249937,14.88064244366389,0
bg_169,85.8688009444969,27.843371242083414,40.44568634033203,1433.0,206.80789184570312,0.5459910035133362,10.0,5.761692047119141,702.2819946431775,94.86832980505139,14.340001501236125,0
bg_170,85.69470744243453,27.73180048379577,22.93770980834961,1010.0,208.38343811035156,0.5752089023590088,10.0,4.0218892097473145,3426.4413025761874,254.5584412271571,14.679979720153696,0
bg_171,85.8755383091278,27.73287846213671,44.54222869873047,1330.0,54.851436614990234,0.8014941215515137,10.0,5.7190961837768555,2460.0,296.98484809834997,14.11533355116521,0
bg_172,85.7906475147785,27.863583335976102,10.555768966674805,2164.0,17.144636154174805,0.8030792474746704,10.0,5.7131733894348145,2655.80496271846,174.92855684535903,15.344258277399506,0
bg_173,85.49501195477477,28.002103552787332,43.075889587402344,3571.0,148.03245544433594,0.2630457878112793,30.0,4.541608810424805,9767.292357659824,212.13203435596427,15.710219449292964,0
bg_174,85.48315419302439,28.061661856124456,31.75993537902832,4221.0,77.92498779296875,0.4092627465724945,100.0,4.541608810424805,15937.229997712902,3761.9808611953354,15.631039342460427,0
bg_175,85.71626700925341,28.089958787574222,23.078371047973633,4373.0,142.9224395751953,0.31617501378059387,100.0,4.176478385925293,4312.7021691742175,4441.823949685535,16.093714355661255,0
bg_176,85.58906556502208,27.97165066465568,16.565689086914062,3127.0,126.77098083496094,0.8708638548851013,10.0,4.808651447296143,4920.0,295.4657340538831,16.02848254510873,0
bg_177,85.67018343517807,28.078101025823845,37.11015319824219,3688.0,276.14129638671875,0.5148963928222656,30.0,4.347579002380371,8916.866041384721,5237.728515301265,15.399092162689671,0
bg_178,85.72542982515142,28.020159689998135,42.57841491699219,3552.0,229.3192901611328,0.40136927366256714,10.0,4.635933876037598,4968.42027207844,295.4657340538831,15.329366687833469,0
bg_179,85.66048163010959,27.961409870416716,22.05582046508789,2201.0,309.73699951171875,0.7272648811340332,10.0,4.595747470855713,2130.0,607.4537019394976,15.504189216388356,0
bg_180,85.59149101628921,28.145744166718043,30.398347854614258,5025.0,152.00428771972656,-0.0802813246846199,70.0,3.858997106552124,5610.0,2124.923528035774,15.923606515113748,0
bg_181,85.61978794773897,28.001834058202096,44.19145965576172,1783.0,211.8739471435547,0.8004999160766602,10.0,4.772528171539307,3354.1019662496847,234.30749027719963,14.486359131511792,0
bg_182,85.91569300232794,27.674937126311,26.462337493896484,2084.0,262.5255126953125,0.8136094808578491,10.0,4.370652198791504,10169.69026076999,30.0,15.708739564211756,0
bg_183,85.61170311018189,27.977310050945633,42.500919342041016,2115.0,17.460256576538086,0.7920247912406921,10.0,4.582652568817139,2415.139747509448,375.89892258425004,14.77596495388027,0
bg_184,85.60846917515907,27.796479184252373,17.823055267333984,1351.0,307.1707763671875,0.4979791045188904,40.0,4.549545764923096,3300.545409474016,90.0,15.218851553302883,0
bg_185,85.95072729840861,27.79674867883761,35.24488830566406,1737.0,150.52391052246094,0.7666417360305786,10.0,5.2163896560668945,5670.0,212.13203435596427,14.712035931674922,0
bg_186,85.84508542099614,27.920446693460867,27.06123161315918,2658.0,156.76715087890625,0.8723822236061096,10.0,4.632851600646973,6342.002838220746,210.0,14.95191844738795,0
bg_187,85.75615220786831,27.83959831789011,22.84878158569336,1496.0,87.79829406738281,0.7875120043754578,10.0,5.8279619216918945,1373.7903770226374,60.0,15.094356006254676,0
bg_188,85.51091213530368,27.88891582698827,36.29863357543945,1298.0,63.84751510620117,0.7576736807823181,10.0,4.607892036437988,2970.0,60.0,14.452509658852122,0
bg_189,85.46671502332501,27.8207336969236,28.08393096923828,1679.0,139.3265838623047,0.6159802675247192,30.0,4.804811000823975,9351.390270970407,67.0820393249937,15.176213149183122,0
bg_190,85.52627332666214,27.988628823525538,45.728092193603516,1986.0,186.15570068359375,0.8420814871788025,10.0,4.726099014282227,6498.030470842685,189.73665961010278,14.477149855284617,0
bg_191,85.52842928334401,28.08349091752856,37.435367584228516,3975.0,224.0319366455078,0.3432680666446686,100.0,4.3097357749938965,13746.22129896067,5019.69122556358,15.599380472082121,0
bg_192,85.89952332721379,27.813187848536998,38.38323974609375,1534.0,156.8716583251953,0.39802518486976624,30.0,4.941662311553955,1049.571341072154,90.0,14.645569079124115,0
bg_193,85.84966682894516,27.760097415245532,20.692214965820312,848.0,205.84149169921875,0.5872791409492493,10.0,6.045157432556152,210.0,30.0,14.629105498677525,0
bg_194,85.52465635915071,27.98512539391747,43.78401184082031,1880.0,28.565156936645508,0.7749866247177124,10.0,4.726099014282227,6251.88771492259,90.0,14.48680650808515,0
bg_195,85.94237296626629,27.790011314206712,24.486984252929688,1540.0,196.33375549316406,0.5347195267677307,30.0,5.2163896560668945,4740.0,127.27922061357854,15.028243279089713,0
bg_196,85.73782657607228,27.748778642665627,28.94754981994629,1479.0,174.3063507080078,0.7629233598709106,10.0,4.136266231536865,3717.2167007049775,30.0,14.977115397926696,0
bg_197,85.6726088864452,27.727488570431994,24.400297164916992,757.0,357.68951416015625,0.5621436834335327,10.0,4.0218892097473145,1655.1737068960467,108.16653826391968,14.085570852627386,0
bg_198,85.76342856166968,27.865469798072752,30.575292587280273,1317.0,243.9991912841797,0.6223751902580261,10.0,5.343934535980225,600.0,108.16653826391968,14.4467727904333,0
bg_199,85.690665023656,28.022854635850493,39.33475875854492,3221.0,350.9883117675781,0.6273548603057861,10.0,4.758371829986572,7902.309788916149,2914.9442533262963,15.117083328841987,0
bg_200,85.90167928389567,28.042258245987476,32.89729690551758,4709.0,47.49325942993164,-0.04779774695634842,70.0,4.106739044189453,8386.54279187795,2190.2054698132774,15.80241387634636,0
bg_201,85.67799877814991,27.804564021809448,29.98848533630371,1265.0,113.12352752685547,0.5523415803909302,30.0,4.6042256355285645,9243.992643874182,134.1640786499874,14.59611720853271,0
bg_202,85.84373794806997,27.900773588738648,50.84454345703125,2044.0,212.47618103027344,0.44065040349960327,10.0,4.632851600646973,4896.52938314476,192.09372712298546,14.430519922999986,0
bg_203,85.62625581778464,27.87085968977747,25.92694091796875,1609.0,60.0355110168457,0.42192214727401733,10.0,4.559855937957764,1794.4915714485817,30.0,15.010878561231786,0
bg_204,85.46644552873977,28.096696152205116,8.978249549865723,4786.0,224.17613220214844,-0.033086568117141724,60.0,4.169457912445068,7838.9029844742945,8081.59019005542,17.08296598559814,0
bg_205,85.86179408528078,27.99967810152021,38.57887649536133,3774.0,240.85366821289062,0.30039680004119873,30.0,4.297876358032227,7030.824987154779,778.2673062643707,15.35287799245037,0
bg_206,85.73674859773134,28.10046907639842,44.87874221801758,3776.0,125.8193588256836,0.45020532608032227,30.0,4.176478385925293,3612.6029397098155,3553.8289210371395,15.25436678995243,0
bg_207,85.62625581778464,28.03282593550422,16.563602447509766,2761.0,80.60260009765625,0.7308259606361389,10.0,4.772528171539307,6496.99161150759,2147.044480209947,16.045200884960803,0
bg_208,85.83026321880817,27.708623949465483,34.988407135009766,1669.0,354.0018005371094,0.7649244070053101,10.0,4.813807010650635,4375.0657137921935,90.0,14.685180019520358,0
bg_209,85.62490834485845,28.041449762231768,28.653167724609375,2896.0,140.3764190673828,0.7716960906982422,10.0,4.772528171539307,7468.132296632137,2253.9964507514205,15.485232030767303,0
bg_210,85.50713921111038,27.793784238400015,15.674875259399414,1545.0,348.71844482421875,0.3592282831668854,30.0,4.618796348571777,7084.066628709812,42.42640687119285,15.312318760872857,0
bg_211,85.80735617906313,27.929070520188414,13.685564041137695,2595.0,4.3150835037231445,0.8284931778907776,10.0,4.945862293243408,2446.2420158275427,595.4829972383762,15.613647059522984,0
bg_212,85.91919643193602,27.96760824587714,13.519049644470215,3284.0,246.1734161376953,0.3707242012023926,30.0,3.8100929260253906,3327.2961996191443,954.829827770373,16.216357250127192,0
bg_213,85.47506935546731,27.85846293885662,37.053550720214844,1579.0,133.321044921875,0.7633686661720276,10.0,4.607892036437988,7021.858728285553,108.16653826391968,13.790375630238213,0
bg_214,85.86960942825262,27.82720156696926,22.536136627197266,962.0,34.991851806640625,0.7497581243515015,10.0,5.761692047119141,150.0,42.42640687119285,14.478041851252302,0
bg_215,85.46806249625118,28.096696152205116,22.262126922607422,4789.0,150.4556884765625,0.07073715329170227,60.0,4.169457912445068,7925.906888173743,8008.426811802678,16.275035970001362,0
bg_216,85.85343975313846,28.131999942871015,10.751242637634277,5255.0,255.18136596679688,-0.16211530566215515,70.0,3.346968173980713,10030.23429437219,3352.7600570276422,16.337840405762048,0
bg_217,85.92593379656691,27.79162828171813,30.280986785888672,1464.0,176.4065704345703,0.10755722969770432,30.0,5.2163896560668945,2910.0,180.0,14.893475437490762,0
bg_218,85.83592260509813,28.046839653936484,23.943519592285156,4643.0,128.29678344726562,-0.026489585638046265,100.0,4.297876358032227,5530.587672209889,394.58839313897715,15.804298045679918,0
bg_219,85.83969552929143,27.945240195302567,23.100656509399414,2478.0,313.0870666503906,0.8015566468238831,10.0,4.01486349105835,5061.472117872428,468.61498055439927,15.50181247881182,0
bg_220,85.59283848921538,28.05115156730026,26.193561553955078,3063.0,68.77818298339844,0.8280301094055176,100.0,4.835017204284668,9608.855290824189,2678.2456944798773,16.717618472383265,0
bg_221,85.78903054726709,28.17134615231545,57.391700744628906,5495.0,109.9830322265625,-0.048459287732839584,70.0,3.489896774291992,11850.151897760636,7415.827667900597,15.43492632284647,0
bg_222,85.88281466292916,27.66793026709487,28.459136962890625,1948.0,102.06695556640625,0.8016316294670105,10.0,4.343433856964111,9724.165773988017,67.0820393249937,15.32855200062121,0
bg_223,85.50606123276944,28.051960051055964,18.364362716674805,3102.0,167.2311248779297,0.4304773807525635,60.0,4.541608810424805,13834.71719985631,2592.180549267354,16.057128239675986,0
bg_224,85.63487964451218,27.946048679058272,46.28875732421875,1452.0,111.80265045166016,0.7771576046943665,10.0,4.582652568817139,300.0,400.24992192379,14.195605887841312,0
bg_225,85.62948975280746,28.090228282159458,46.805206298828125,4563.0,171.0802459716797,0.14500100910663605,100.0,4.257054328918457,11353.246231805244,5460.0,15.37057054914337,0
bg_226,85.90976412145275,27.899156621227235,37.27279281616211,1518.0,181.37911987304688,0.2247224748134613,30.0,4.404165267944336,300.0,123.69316876852982,14.063180454446478,0
bg_227,85.81705798413162,27.94577918447304,12.121657371520996,2023.0,154.74827575683594,0.6051273345947266,10.0,4.312197685241699,2798.8569095257444,362.49137920783716,14.994291032972434,0
bg_228,85.95503921177237,27.876788570652657,23.747270584106445,2585.0,228.5247344970703,0.6090651750564575,10.0,4.586504936218262,4462.846625193387,201.24611797498108,15.442709192156162,0
bg_229,85.70656520418491,27.955480989541527,37.47273635864258,2647.0,134.17599487304688,0.672542154788971,10.0,4.318940162658691,7260.0,1422.708684165525,15.072280049680192,0
bg_230,85.8785027495654,27.86385283056134,23.374052047729492,1104.0,257.01324462890625,0.5218986868858337,60.0,5.2028632164001465,0.0,0.0,14.176420435911524,0
bg_231,85.69174300199694,27.69784416605605,19.328353881835938,908.0,262.0415344238281,0.7861040234565735,10.0,3.767113208770752,960.0,421.07006542854594,14.70182718759233,0
bg_232,85.82110040291016,28.052768534811673,39.10101318359375,4367.0,185.17970275878906,0.16528469324111938,100.0,4.568583965301514,4148.795005781799,174.92855684535903,15.551797795531384,0
bg_233,85.50821718945133,28.115021784001154,40.68620300292969,5469.0,183.6719970703125,-0.054582711309194565,70.0,4.169457912445068,9678.662097624856,7492.075813818224,15.66210237234349,0
bg_234,85.74887585406695,27.992132253133605,32.313140869140625,3514.0,150.4795379638672,0.4637407958507538,10.0,4.903069972991943,3944.0588230907506,1178.81296226331,15.327965895196153,0
bg_235,85.9108420997937,27.795131711326192,20.92673110961914,1329.0,239.47012329101562,0.5184744000434875,40.0,5.2163896560668945,1230.0,60.0,15.069246227229717,0
bg_236,85.4990543735533,27.93068748769983,33.79084396362305,1801.0,37.036781311035156,0.8300830125808716,10.0,4.496346950531006,5336.71247117549,301.4962686336267,14.815622717316867,0
bg_237,85.68123271317275,28.056002469834503,42.697818756103516,3728.0,-0.0,0.5507385730743408,100.0,4.758371829986572,7686.676785191374,3799.4736477570154,15.624568344189456,0
bg_238,85.61197260476713,27.86034940095327,11.41294002532959,1237.0,15.789667129516602,0.6585884690284729,40.0,4.559855937957764,1500.0,123.69316876852982,15.663702309341856,0
bg_239,85.49528144936001,28.073250123289597,39.81964111328125,4472.0,197.9425811767578,0.2111443728208542,100.0,4.169457912445068,11767.115194473112,4742.372823808773,15.281892172396446,0
bg_240,85.8146325328645,27.776806079530157,33.54477310180664,1553.0,230.59446716308594,0.46512675285339355,10.0,6.054154872894287,2531.4027731674787,0.0,14.405575705969255,0
bg_241,85.9642020276704,27.886759870306385,44.883304595947266,3229.0,287.0118408203125,0.7304254770278931,10.0,4.586504936218262,5160.087208565375,1652.1803775617236,14.986244466453396,0
bg_242,85.67341737020091,28.029053011310918,35.466590881347656,3351.0,152.39645385742188,0.5701732635498047,10.0,4.758371829986572,7247.158063682618,2718.2715096178304,15.718989271267906,0
bg_243,85.74914534865218,28.1408932641838,24.772045135498047,5183.0,317.4466552734375,-0.09679760783910751,60.0,3.9751100540161133,7800.519213488293,6107.33984644706,16.232642345153284,0
bg_244,85.83511412134243,27.967338751291905,16.437807083129883,2814.0,276.300048828125,0.8335856795310974,10.0,4.01486349105835,3930.0,611.8823416311342,15.29100702994175,0
bg_245,85.8935944463386,28.102625033080304,30.508516311645508,5566.0,274.7274475097656,-0.046285565942525864,70.0,3.7391419410705566,9452.095005870393,4455.883750727795,16.057342067997244,0
bg_246,85.69551592619025,27.80591149473563,20.65670394897461,1615.0,292.7331848144531,0.5444535613059998,10.0,4.6042256355285645,7470.0,0.0,15.264372167765993,0
bg_247,85.63002874197794,28.032017451748512,28.829036712646484,2645.0,91.68531799316406,0.8235294222831726,10.0,4.772528171539307,6370.180531193759,1777.1043863543864,15.784090190149339,0
bg_248,85.80277477111412,27.938233336086434,28.086698532104492,2076.0,346.0928039550781,0.5140904784202576,30.0,4.312197685241699,1531.1760186209815,42.42640687119285,15.212163227475925,0
bg_249,85.75938614289115,27.951438570762992,34.01054763793945,2596.0,200.67416381835938,0.8523373603820801,10.0,4.540307521820068,2658.5146228674384,536.6563145999496,15.16276192463878,0
bg_250,85.80061881443223,27.711857884488314,11.408340454101562,1160.0,265.3986511230469,0.631992757320404,40.0,4.813807010650635,2431.666095499133,210.0,15.19458411776234,0
bg_251,85.7289332547595,27.92691456350653,41.818519592285156,3285.0,105.74752807617188,0.614535391330719,10.0,4.452770709991455,4351.965073389262,450.0,15.50093906485728,0
bg_252,85.48477116053581,27.9312264768703,16.71076774597168,2464.0,102.45538330078125,0.605318009853363,30.0,4.496346950531006,6909.775683768613,60.0,15.593533621732062,0
bg_253,85.84185148597332,27.738268353841427,41.908084869384766,1518.0,86.89824676513672,0.6973834037780762,10.0,5.7190961837768555,1800.0,30.0,14.078882687788266,0
bg_254,85.82945473505247,27.97084218089997,27.552898406982422,2772.0,221.8722686767578,0.4448641240596771,30.0,4.312197685241699,3300.0,394.58839313897715,15.483902381929957,0
bg_255,85.6011928213577,27.897809148301054,42.52420425415039,1525.0,93.03538513183594,0.7673524618148804,10.0,5.441863059997559,1699.1762710207556,84.8528137423857,14.760729226613357,0
bg_256,85.77339986132341,27.81237936478129,26.3087158203125,1071.0,268.1237487792969,0.4506162405014038,10.0,5.8279619216918945,300.0,0.0,14.774580333417408,0
bg_257,85.86853144991167,28.022046152094784,20.14834976196289,4339.0,228.56297302246094,0.21335023641586304,60.0,4.297876358032227,8559.678732288963,1963.1097778779463,16.279171260718297,0
bg_258,85.69605491536072,28.013152830782,39.00324249267578,2487.0,147.08657836914062,0.8313987851142883,10.0,4.758371829986572,7805.075271898408,1800.9997223764362,14.936063720696259,0
bg_259,85.71599751466817,27.903738029176242,44.303070068359375,2489.0,124.32865905761719,0.8010236620903015,10.0,4.452770709991455,4728.689036086006,630.7138812488591,14.760749026246701,0
bg_260,85.71761448217958,27.924489112239407,31.26270866394043,3445.0,316.04693603515625,0.7743661999702454,10.0,4.452770709991455,5289.026375430548,30.0,15.478071090203663,0
bg_261,85.54028704509439,27.948474130325398,22.211074829101562,1661.0,99.1244888305664,0.7209488153457642,10.0,4.987441062927246,1986.5799757371965,42.42640687119285,14.86164764310833,0
bg_262,85.94425942836294,27.839867812475347,18.163471221923828,2927.0,142.13526916503906,0.7822070717811584,10.0,4.941662311553955,5967.285815175941,90.0,16.49680631678123,0
bg_263,85.67018343517807,27.819925213167892,33.336326599121094,1284.0,126.20159912109375,0.7661354541778564,10.0,4.6042256355285645,9242.97030180234,241.86773244895647,14.587366211103076,0
bg_264,85.96905293020464,27.794323227570487,36.23468780517578,1846.0,119.07627868652344,0.6189320683479309,10.0,4.674496173858643,7710.0,30.0,14.891372570478019,0
bg_265,85.91892693735078,28.009110412003466,9.701940536499023,3496.0,161.23223876953125,0.6419878005981445,10.0,4.106739044189453,5790.0,2929.112493572072,16.717072098457596,0
bg_266,85.86745347157073,28.048726116033134,46.59165573120117,3847.0,321.3464050292969,0.5459567904472351,10.0,4.297876358032227,9028.35533195277,492.0365840057018,15.105341904992377,0
bg_267,85.61358957227854,27.830704996577328,18.5617618560791,1842.0,281.1179504394531,0.3488103747367859,40.0,4.497191429138184,3293.584673270144,90.0,15.514971509992115,0
bg_268,85.81112910325643,27.72775806501723,45.991939544677734,1064.0,342.5237731933594,0.7048818469047546,10.0,5.668778419494629,1374.1178988718543,296.98484809834997,13.82605320969531,0
bg_269,85.61089462642619,27.968686224218086,62.09031295776367,2298.0,90.49128723144531,0.7518351674079895,10.0,4.582652568817139,2490.0,685.4195795277518,14.265091044894694,0
bg_270,85.5966114134087,27.88702936489162,24.575847625732422,1460.0,247.08517456054688,0.6659660339355469,10.0,5.267827987670898,1209.3386622447824,30.0,14.969700409151843,0
bg_271,85.47156592585925,27.861966368464685,24.052946090698242,1798.0,29.490854263305664,0.8002129197120667,10.0,4.607892036437988,7369.810038257431,42.42640687119285,15.207891216497684,0
bg_272,85.95234426592002,27.840137307060584,11.318816184997559,2960.0,66.14845275878906,0.6969026327133179,10.0,4.941662311553955,6581.018158309548,426.38011210655685,17.3697619131717,0
bg_273,85.88362314668487,27.657150483685434,36.0359001159668,1765.0,101.5522232055664,0.6899619102478027,10.0,4.343433856964111,10925.314640778086,30.0,15.001664269694455,0
bg_274,85.69416845326407,27.931765466040773,28.12497329711914,2406.0,358.0356140136719,0.8262609243392944,10.0,4.5489630699157715,5916.924876994806,540.8326913195983,15.322480660463345,0
bg_275,85.91353704564605,27.996713661082616,17.310413360595703,3414.0,90.0,0.44916820526123047,30.0,4.106739044189453,5560.44962210791,1465.0938536489734,16.213106497874104,0
bg_276,85.67665130522374,27.807797956832278,31.349246978759766,1318.0,331.2706298828125,0.6995697617530823,10.0,4.6042256355285645,9548.533918879903,150.0,14.580964471849859,0
bg_277,85.63461014992694,27.82262015902025,19.991365432739258,1657.0,40.8487548828125,0.7916349768638611,10.0,4.497191429138184,5708.598777283266,150.0,15.32561818231161,0
bg_278,85.55996014981662,27.871129184362704,18.59567642211914,1281.0,344.2088317871094,0.5498876571655273,10.0,5.103635787963867,1652.4527224704493,94.86832980505139,15.153435130671786,0
bg_279,85.90679968101516,27.689759328498972,28.106698989868164,2299.0,263.03668212890625,0.7758620977401733,10.0,4.370652198791504,8246.235504762157,134.1640786499874,15.12799080482132,0
bg_280,85.74806737031123,27.738537848426663,23.167774200439453,1713.0,289.9042053222656,0.5929756164550781,30.0,4.70947265625,3000.0,0.0,14.976360727184106,0
bg_281,85.90733867018564,27.711588389903078,26.890613555908203,1612.0,188.29246520996094,0.5766270160675049,30.0,4.370652198791504,6276.886170705981,161.55494421403512,15.004512751159716,0
bg_282,85.49528144936001,28.039024310964646,55.14308547973633,4057.0,79.60726165771484,0.3594019412994385,100.0,4.541608810424805,13079.7935763528,942.0191080864549,14.852750599473744,0
bg_283,85.6507798250411,28.033634419259926,22.182109832763672,2366.0,244.10482788085938,0.8384515047073364,10.0,4.772528171539307,6709.813708293249,150.0,15.579834036775056,0
bg_284,85.70521773125874,28.01396131453771,34.22249221801758,2712.0,274.09429931640625,0.7591003775596619,10.0,4.635933876037598,7075.422248883808,1634.6559270990333,15.19644250698977,0
bg_285,85.94129498792535,27.718325754533975,30.02005386352539,2447.0,333.7008056640625,0.770856499671936,10.0,4.780183792114258,8154.317874598709,301.4962686336267,15.640661663664927,0
bg_286,85.91218957271988,28.021237668339076,36.958560943603516,3947.0,138.850830078125,0.31940028071403503,30.0,4.106739044189453,6610.0832067380215,3503.326990162351,15.475466668319187,0
bg_287,85.69228199116742,27.714283335755436,19.350475311279297,1227.0,236.41746520996094,0.3828350901603699,40.0,4.0218892097473145,1884.0382161729099,30.0,15.019419633276035,0
bg_288,85.8033137602846,27.689759328498972,30.214197158813477,1534.0,38.891998291015625,0.8259187340736389,10.0,4.813807010650635,4392.413914921953,403.6087214122113,14.788686161764959,0
bg_289,85.66398505971765,27.806180989320865,31.94060707092285,1019.0,28.013866424560547,0.76751309633255,10.0,4.6042256355285645,8637.082840867048,216.33307652783935,14.456645393209966,0
bg_290,85.96285455474421,27.978388029286577,41.280391693115234,2077.0,144.2241668701172,0.3229508101940155,30.0,3.8100929260253906,0.0,271.66155414412253,14.838245032159437,0
bg_291,85.95584769552808,27.979735502212755,46.42112731933594,2515.0,149.6126708984375,0.5373199582099915,10.0,3.8100929260253906,752.3961722390673,492.0365840057018,14.674380673796993,0
bg_292,85.53867007758298,28.089958787574222,31.95882225036621,3740.0,90.0,0.4928308129310608,30.0,4.3097357749938965,12826.2543246265,3989.4360503710295,15.671238175499143,0
bg_293,85.88712657629294,27.929879003944123,16.06569480895996,2693.0,55.79875183105469,0.825039267539978,10.0,4.404165267944336,3817.9051847839282,268.3281572999748,16.215089420969267,0
bg_294,85.92081339944743,27.96706925670667,40.151771545410156,3221.0,233.49879455566406,0.3676108419895172,30.0,3.8100929260253906,3139.6974376522335,1019.1172650877818,15.158837248129391,0
bg_295,85.7087211608668,27.701347595664117,25.046192169189453,1085.0,258.0035400390625,0.5416021943092346,40.0,3.891842842102051,2779.6582523756406,339.4112549695428,14.5450085961134,0
bg_296,85.8582906556727,27.737459870085722,28.9808349609375,1574.0,344.6824645996094,0.7871164083480835,10.0,5.7190961837768555,1890.0,67.0820393249937,14.60574405521221,0
bg_297,85.81948343539874,27.898617632056762,20.153409957885742,2571.0,301.9576721191406,0.8045832514762878,10.0,4.945862293243408,5381.635439157877,60.0,15.800954911314122,0
bg_298,85.51414607032652,27.807797956832278,26.065237045288086,1073.0,26.678199768066406,0.7799457907676697,10.0,4.804811000823975,6174.827932825335,150.0,14.59958513297059,0
bg_299,85.79010852560803,27.87975301109025,28.99860954284668,2064.0,247.68692016601562,0.6932562589645386,10.0,5.7131733894348145,3090.0,90.0,15.221930071674258,0
bg_300,85.73162820061185,27.77330264992209,19.50027084350586,1370.0,34.63201141357422,0.5570967793464661,10.0,4.541873455047607,3450.0,42.42640687119285,15.31501966146806,0
bg_301,85.88173668458822,27.674398137140532,26.629600524902344,2047.0,118.96455383300781,0.8372370004653931,10.0,4.370652198791504,8994.498318416652,300.0,15.382568823182922,0
bg_302,85.83619209968336,27.815882794389356,57.342620849609375,2191.0,50.735782623291016,0.6724738478660583,10.0,5.761692047119141,3707.033854714575,660.6814663663572,14.197431433249188,0
bg_303,85.5154935432527,27.982160953479877,38.49965286254883,2437.0,28.94366455078125,0.7574911713600159,10.0,4.546175479888916,6592.63225123319,831.9254774317228,15.002742100393382,0
bg_304,85.76262007791398,27.7568634802227,20.866416931152344,1100.0,31.861663818359375,0.38198554515838623,10.0,4.70947265625,947.2592042308166,108.16653826391968,14.924594889402668,0
bg_305,85.91003361603799,28.002642541957805,42.95033264160156,3677.0,79.98566436767578,0.6757838726043701,10.0,4.106739044189453,6300.35713273462,1840.543398021356,14.975610605149624,0
bg_306,85.7973848794094,27.80079109761615,15.712206840515137,1461.0,337.02630615234375,0.38714343309402466,10.0,6.054154872894287,3094.802093834111,90.0,15.647653150854422,0
bg_307,85.93536610705016,27.742580267205202,29.524675369262695,2297.0,237.1065673828125,0.7721943259239197,10.0,4.780183792114258,6039.470175437577,330.0,15.191448242894499,0
bg_308,85.57693830868647,28.133077921211957,16.367246627807617,4432.0,228.59237670898438,0.1969577819108963,70.0,3.858997106552124,7056.8264822085575,150.0,16.53157623841982,0
bg_309,85.78903054726709,28.005067993224927,52.008907318115234,1964.0,256.8454895019531,0.4433046877384186,30.0,4.903069972991943,210.0,349.85711369071805,14.243639356795892,0
bg_310,85.88955202756006,27.692184779766098,30.707801818847656,1969.0,53.15825271606445,0.5578289031982422,10.0,4.370652198791504,7241.194652818001,127.27922061357854,15.00965182779446,0
bg_311,85.81921394081351,27.768451747387843,37.704254150390625,1188.0,238.4304656982422,0.6594114303588867,10.0,6.054154872894287,1590.0,30.0,14.207195283759576,0
bg_312,85.95638668469856,27.96572178378049,22.101585388183594,1777.0,108.59642028808594,0.624250054359436,10.0,3.8100929260253906,0.0,0.0,15.124935660832119,0
bg_313,85.7545352403569,28.172693625241628,32.146175384521484,5402.0,191.8031005859375,0.041671063750982285,70.0,3.489896774291992,10174.954545353015,8978.474257912643,15.794136326044486,0
bg_314,85.73917404899845,27.88649037572115,32.289649963378906,1636.0,18.59067726135254,0.7885030508041382,10.0,4.696327209472656,2118.1359729724622,60.0,14.762016745508816,0
bg_315,85.76531502376633,28.031208967992804,27.516077041625977,3099.0,29.529325485229492,0.7120266556739807,10.0,4.903069972991943,1209.3386622447824,1490.3690818049065,15.84451687005905,0
bg_316,85.94749336338577,27.77006871489926,29.677282333374023,1565.0,42.39067840576172,0.8146593570709229,10.0,5.2163896560668945,5517.798474029294,30.0,14.824408896774335,0
bg_317,85.56400256859514,28.1266100511663,20.191837310791016,4810.0,165.54898071289062,-0.09007073938846588,70.0,4.091997146606445,8035.745142797898,1352.9966740535617,16.369793972106553,0
bg_318,85.60739119681813,27.838520339549166,29.186803817749023,1643.0,321.487060546875,0.685508131980896,10.0,4.647837162017822,2208.0081521588636,150.0,15.031535741113256,0
bg_319,85.90248776765138,27.899156621227235,16.43236541748047,1713.0,119.60261535644531,0.3742331266403198,30.0,4.404165267944336,1110.0,241.86773244895647,15.136273468855219,0
bg_320,85.65805617884246,28.1093623977112,14.555630683898926,4463.0,355.9469299316406,0.03561921790242195,70.0,4.347579002380371,9932.356215923792,8068.8846812927,16.426555772796632,0
bg_321,85.633532171586,28.00991889575917,34.20148468017578,2500.0,76.220703125,0.8860487937927246,10.0,4.772528171539307,3900.0,1092.0164833920778,14.943206318463155,0
bg_322,85.58178921122072,27.785429906257704,19.232805252075195,924.0,331.8345642089844,0.7502732872962952,10.0,4.549545764923096,408.0441152620633,169.7056274847714,14.249854814204545,0
bg_323,85.8221783812511,27.88702936489162,30.32134246826172,2664.0,204.02239990234375,0.8544214963912964,10.0,5.7131733894348145,6052.718397546676,600.0,15.325248064084265,0
bg_324,85.89467242467954,27.96114037583148,34.32990264892578,3258.0,96.806640625,0.5240793228149414,10.0,3.8100929260253906,5037.2313824163375,597.7457653551382,15.375325094410403,0
bg_325,85.74052152192463,28.0198901954129,39.56940460205078,3470.0,218.4125213623047,0.3514713943004608,30.0,4.635933876037598,3810.4724116571165,1145.5129855222071,15.093900864076947,0
bg_326,85.82352585417728,28.107745430199788,30.426227569580078,3818.0,131.41432189941406,0.23607605695724487,30.0,4.129517078399658,8618.149453333936,349.85711369071805,15.610908961926777,0
bg_327,85.59283848921538,27.97245914841139,28.125049591064453,2978.0,59.012760162353516,0.7588902711868286,10.0,4.808651447296143,4500.0,721.2489168102784,15.633230227053636,0
bg_328,85.50174931940566,27.930956982285064,37.15888977050781,1720.0,48.538963317871094,0.7350470423698425,10.0,4.496346950531006,5050.346522764551,308.86890422961005,14.366163782240847,0
bg_329,86.03211466314983,27.905624491272896,27.400400161743164,3484.0,25.090869903564453,0.7003542184829712,10.0,4.051556587219238,10223.619711237307,60.0,15.72239241385081,0
bg_330,85.85856015025794,27.852264563396197,18.260543823242188,1867.0,92.81209564208984,0.649350643157959,40.0,5.2028632164001465,1845.6706098326429,120.0,15.54710119172163,0
bg_331,85.83161069173435,27.677632072163362,15.024399757385254,1884.0,72.44902801513672,0.6807228922843933,10.0,4.813807010650635,7174.2037885747295,30.0,15.76212490180945,0
bg_332,85.8116680924269,27.763061855683127,36.48366928100586,1192.0,41.905696868896484,0.7125318050384521,10.0,6.054154872894287,1142.3659658795864,67.0820393249937,14.28743763552128,0
bg_333,85.7898390310228,28.094270700937994,26.077356338500977,3387.0,333.2607727050781,0.6865671873092651,10.0,4.129517078399658,4767.82969494507,550.7267925205746,15.860149050248651,0
bg_334,85.8087036519893,28.134425394138137,46.300357818603516,4885.0,285.2467346191406,-0.06956750899553299,60.0,3.67387318611145,9338.8703813684,2787.418160233588,15.34274768451962,0
bg_335,85.49878487896807,27.905893985858132,36.91123580932617,2146.0,194.11509704589844,0.6880143284797668,10.0,4.496346950531006,4460.325100258949,90.0,14.861283804419438,0
bg_336,85.65724769508675,27.890532794499688,25.082460403442383,1684.0,231.49920654296875,0.30855098366737366,30.0,4.626403331756592,3736.6562592778055,0.0,15.197676771750091,0
bg_337,85.94560690128912,27.999947596105446,22.56655502319336,3673.0,236.95225524902344,0.3447382152080536,10.0,4.106739044189453,2820.0,1686.6831356244716,16.092410469389925,0
bg_338,85.72920274934474,28.11151835439309,11.970070838928223,4249.0,72.21691131591797,0.3123312294483185,30.0,4.176478385925293,5084.977876058066,5043.213261403884,17.876985674565084,0
bg_339,85.83511412134243,27.908049942540018,50.20294952392578,2671.0,158.5153045654297,0.7772428393363953,10.0,4.632851600646973,6150.0,300.0,14.929466434451681,0
bg_340,85.86664498781502,27.768451747387843,51.61803436279297,1302.0,141.45697021484375,0.3247663676738739,30.0,6.045157432556152,816.0882305241266,134.1640786499874,13.854169872844558,0
bg_341,85.7469893919703,28.150864563837523,19.257326126098633,4780.0,251.07383728027344,-0.048759736120700836,70.0,3.9751100540161133,8916.109016830156,7178.028977372549,16.51664815478109,0
bg_342,85.70171430165067,28.08025698250573,26.07744598388672,4461.0,214.21763610839844,0.19425322115421295,100.0,4.176478385925293,5471.690780736792,4270.128803677941,16.29102898487461,0
bg_343,85.60227079969864,28.016656260390068,44.465553283691406,2127.0,209.06033325195312,0.6834866404533386,10.0,4.835017204284668,5790.077719685635,1261.4277624977183,14.728627421816581,0
bg_344,85.7469893919703,27.972728642996625,36.58312225341797,2881.0,134.2610626220703,0.956537127494812,10.0,4.540307521820068,4772.6407784370285,2138.434006463608,16.61444284673663,0
bg_345,85.6868920994627,28.03605987052705,41.16886901855469,3232.0,328.37799072265625,0.6464752554893494,10.0,4.758371829986572,7622.420875286277,3013.171087077533,15.409093134257928,0
bg_346,85.63568812826789,27.754168534370343,29.013792037963867,989.0,286.96990966796875,0.5877638459205627,10.0,3.9692416191101074,2617.0594185077266,90.0,14.652594494494357,0
bg_347,85.66802747849619,27.71670878702256,25.434598922729492,967.0,215.222412109375,0.7993456721305847,10.0,4.0218892097473145,480.0,90.0,14.512205377688291,0
bg_348,85.56831448195892,27.773841639092563,25.758275985717773,1144.0,80.34346008300781,0.6467041969299316,10.0,4.549545764923096,979.4896630388705,94.86832980505139,14.643230007042419,0
bg_349,85.51064264071844,27.817769256486006,22.74974822998047,1277.0,164.81785583496094,0.3383333384990692,40.0,4.804811000823975,5664.918357752386,60.0,15.019439126875524,0
bg_350,85.6440424604102,27.930417993114595,24.804031372070312,1525.0,225.529541015625,0.35913851857185364,30.0,4.625964164733887,750.0,67.0820393249937,15.205579995993311,0
bg_351,85.7343231464642,27.8846039136245,36.83092498779297,1801.0,32.54619216918945,0.7989267110824585,10.0,4.696327209472656,2468.764873372918,60.0,14.543176841744225,0
bg_352,85.67233939185996,28.029322505896154,37.40291976928711,3432.0,137.81385803222656,0.4358486831188202,10.0,4.758371829986572,7206.497068618012,2594.7832279402455,14.995351000722511,0
bg_353,85.53570563714538,27.94955210866634,42.89645767211914,1849.0,48.543861389160156,0.7878678441047668,10.0,4.987441062927246,2471.3154391942767,120.0,14.507658627099827,0
bg_354,85.75803866996496,27.87220716270365,33.17972946166992,1091.0,281.4231262207031,0.712380051612854,10.0,5.343934535980225,0.0,30.0,14.367932027775415,0
bg_355,85.85721267733176,27.768990736558315,42.1584587097168,1483.0,190.4775848388672,0.6452481746673584,10.0,6.045157432556152,1200.0,67.0820393249937,14.304806018479635,0
bg_356,85.95881213596567,27.997252650253085,36.6148567199707,2860.0,11.383769989013672,0.7614563703536987,30.0,4.106739044189453,1350.0,2128.097742116184,15.164398286357983,0
bg_357,85.67449534854185,27.973267632167094,25.43105697631836,2709.0,312.9120178222656,0.767998993396759,10.0,4.595747470855713,3880.2190659806824,1343.3167906342867,15.7328930434244,0
bg_358,85.71276357964534,27.98512539391747,35.652931213378906,3265.0,37.82974624633789,0.6548066735267639,30.0,4.635933876037598,8000.781211856752,602.9925372672534,15.32950999415286,0
bg_359,85.76073361581733,27.68948983391374,28.34437370300293,1119.0,327.1645202636719,0.7854125499725342,10.0,4.292092323303223,1060.6601717798212,108.16653826391968,14.551905849251055,0
bg_360,85.59122152170397,28.066243264073467,31.767929077148438,3377.0,137.04962158203125,0.6183609962463379,10.0,4.835017204284668,14179.467549947,2343.074902771996,15.219106035224916,0
bg_361,85.62329137734704,27.978657523871814,40.75338363647461,1744.0,42.89528274536133,0.6905228495597839,10.0,4.582652568817139,1186.8024266911489,241.86773244895647,14.520811933533473,0
bg_362,85.8124765761826,27.917482253023273,48.942501068115234,2573.0,205.52157592773438,0.6547353863716125,10.0,4.945862293243408,3607.6169419715284,666.1080993352356,14.707165956720317,0
bg_363,85.76235058332874,27.78623839001341,32.12272644042969,782.0,68.84088897705078,0.7556423544883728,10.0,5.361922740936279,30.0,120.0,14.552861633776567,0
bg_364,85.8545177314794,27.89026329991445,47.52510070800781,1701.0,223.43161010742188,0.7546706199645996,10.0,5.2028632164001465,3246.798423062325,90.0,14.609055744586833,0
bg_365,85.7688184533744,28.137928823746204,13.36146354675293,5240.0,207.62741088867188,-0.07347763329744339,70.0,3.9751100540161133,7650.058823303256,4802.343178074636,16.461146807953963,0
bg_366,85.85317025855322,27.72533261375011,17.591655731201172,1891.0,144.77545166015625,0.5897002816200256,10.0,5.7190961837768555,3240.0,0.0,15.476481461357032,0
bg_367,85.53031574544067,28.13819831833144,27.90521240234375,4997.0,12.004051208496094,-0.0705258846282959,70.0,4.091997146606445,7830.0,4105.618102064535,16.169834943046702,0
bg_368,85.77717278551671,27.687603371817087,15.348183631896973,1536.0,207.78977966308594,0.7755011320114136,10.0,4.292092323303223,2170.391669722311,0.0,15.538311239623814,0
bg_369,85.73809607065752,27.957097957052945,47.01494216918945,3178.0,128.21290588378906,0.7616314888000488,10.0,4.318940162658691,4884.843907434505,948.6832980505138,15.26013483730883,0
bg_370,85.87634679288351,27.76926023114355,35.28920364379883,1080.0,190.42465209960938,0.7675525546073914,10.0,6.045157432556152,300.0,30.0,14.22767918625238,0
bg_371,85.88928253297483,27.906432975028604,41.3633918762207,2468.0,214.17466735839844,0.4858015179634094,10.0,4.404165267944336,2591.138745802702,0.0,14.928530959636538,0
bg_372,85.84616339933709,27.773841639092563,20.421241760253906,1656.0,180.0,0.4735344350337982,10.0,6.045157432556152,1740.0,60.0,15.361098320888061,0
bg_373,85.82244787583633,27.772224671581146,14.321781158447266,1199.0,134.2244415283203,0.5524845719337463,40.0,6.054154872894287,1730.9246084101987,241.86773244895647,15.363906442212173,0
bg_374,85.84858885060422,27.965452289195255,30.306406021118164,3369.0,216.56771850585938,0.4780328869819641,30.0,4.01486349105835,5432.982606267022,1710.0,15.519203140979467,0
bg_375,85.77690329093147,27.948474130325398,37.8126335144043,2216.0,104.49620056152344,0.6005690693855286,10.0,4.540307521820068,780.0,30.0,14.505841711363,0
bg_376,85.6839276590251,27.85334254173714,32.11547088623047,1966.0,211.6715850830078,0.8070860505104065,10.0,4.626403331756592,7852.954857886297,123.69316876852982,14.884724785781177,0
bg_377,85.97902422985837,27.909666910051435,33.209388732910156,2745.0,296.4307556152344,0.7285662293434143,10.0,4.020069122314453,5139.902722814898,2047.9257799051215,15.371066397297334,0
bg_378,85.58475365165832,27.78246546582011,14.800188064575195,1043.0,255.8140411376953,0.746062695980072,10.0,4.549545764923096,402.49223594996215,94.86832980505139,14.960124033631987,0
bg_379,85.6507798250411,27.916134780097092,35.96245193481445,1480.0,23.82794189453125,0.7158807516098022,10.0,4.625964164733887,1594.2396306703708,182.48287590894657,14.527230351606041,0
bg_380,85.66102061928005,27.860618895538508,33.85456848144531,2133.0,295.7447509765625,0.8079414367675781,10.0,4.626403331756592,5425.025345562913,30.0,14.97783533146703,0
bg_381,85.46698451791025,27.855498498419024,35.340065002441406,1732.0,16.500835418701172,0.5960531234741211,10.0,4.607892036437988,7960.351751022061,0.0,14.8131800563967,0
bg_382,85.90356574599232,28.03983279472035,57.0831413269043,4670.0,85.79336547851562,-0.03887622430920601,70.0,4.106739044189453,8088.936889356968,2299.6521476084163,14.9256299336006,0
bg_383,85.5470244097253,27.97811853470134,28.2711124420166,1924.0,246.96434020996094,0.8011608123779297,10.0,4.987441062927246,4601.847455098876,216.33307652783935,14.940689025193388,0
bg_384,85.99303794829063,27.75443802895558,25.57456398010254,2028.0,302.765380859375,0.8924731016159058,10.0,4.183233737945557,10873.913738852263,644.1273166075166,15.092025997077625,0
bg_385,85.70171430165067,28.048187126862665,48.84443664550781,4012.0,195.81578063964844,0.44079557061195374,30.0,4.635933876037598,5609.037350562037,1359.301291105103,15.170658385416061,0
bg_386,85.9116505835494,27.891341278255396,28.881244659423828,1322.0,95.0508804321289,0.7559769153594971,10.0,4.586504936218262,90.0,240.0,14.666768045171548,0
bg_387,85.83780906719478,27.68625589889091,11.411626815795898,1979.0,195.7657012939453,0.784627377986908,10.0,4.840806007385254,6765.448987317841,30.0,15.95340116629003,0
bg_388,85.65751718967199,27.891880267425865,32.99871826171875,1748.0,229.5989990234375,0.27089959383010864,30.0,4.626403331756592,3684.0195439221006,30.0,14.909775826583257,0
bg_389,85.71707549300912,28.013422325367237,28.004919052124023,3025.0,248.57632446289062,0.7164933681488037,10.0,4.635933876037598,6158.993424253675,818.8406438373709,15.481014034085216,0
bg_390,85.50633072735468,27.955750484126764,31.152063369750977,2673.0,211.02403259277344,0.9272735118865967,10.0,4.546175479888916,5695.656239626826,201.24611797498108,15.564824966038122,0
bg_391,85.93428812870921,27.96841672963285,41.27511978149414,2988.0,127.48804473876953,0.4938575029373169,30.0,3.8100929260253906,1860.9674903124987,666.1080993352356,15.15083961831507,0
bg_392,85.83026321880817,27.686525393476145,9.086931228637695,1985.0,113.88146209716797,0.7492557168006897,30.0,4.813807010650635,6249.367968042849,201.24611797498108,16.33504099766084,0
bg_393,85.80843415740406,27.726680086676286,30.822595596313477,1134.0,347.61077880859375,0.7521824836730957,10.0,5.668778419494629,1236.9316876852981,342.05262752974136,14.396249396156511,0
bg_394,85.89170798424195,27.676823588407654,11.825162887573242,1919.0,128.20921325683594,0.4376746714115143,40.0,4.370652198791504,8951.268066592576,120.0,16.144599901791583,0
bg_395,85.88389264127011,28.030939473407567,22.356822967529297,4278.0,10.274057388305664,0.1005832627415657,100.0,4.106739044189453,9902.408797863276,391.15214431215895,16.159604673786788,0
bg_396,85.5944554567268,27.845796693350536,16.022254943847656,1220.0,296.80572509765625,0.6961797475814819,10.0,4.647837162017822,607.4537019394976,256.3201123595259,15.490844945320385,0
bg_397,85.73540112480515,27.897809148301054,32.36473083496094,1915.0,125.97834777832031,0.7112005949020386,30.0,4.452770709991455,2550.0,30.0,14.634718594652801,0
bg_398,85.69928885038355,27.866008787243224,37.66047668457031,2414.0,94.81263732910156,0.7826312780380249,10.0,4.696327209472656,6120.0,295.4657340538831,14.991400411517171,0
bg_399,85.72435184681048,28.1018165493246,54.965702056884766,4593.0,97.8274917602539,0.07329928874969482,30.0,4.176478385925293,4474.930167052889,4542.796495552051,15.405793802405398,0
bg_400,86.01702296637663,27.78893333586577,25.9141788482666,3024.0,240.01678466796875,0.7526792883872986,10.0,4.605922222137451,11100.0,2165.4098919142307,15.34078220039892,0
bg_401,85.75480473494214,28.120411675705874,34.78260040283203,4129.0,299.3031921386719,0.2752203643321991,80.0,3.9751100540161133,5520.733646898752,3924.9585985077606,15.110357518401678,0
bg_402,85.83807856178002,28.17511907650875,23.61213493347168,5364.0,202.21463012695312,-0.07135847210884094,70.0,2.95767879486084,9395.940612839142,6849.5985283810605,16.389398929213648,0
bg_403,85.6125115939376,27.763870339438835,28.084489822387695,1032.0,346.1142883300781,0.6812056303024292,10.0,4.361113548278809,1417.9562757715769,180.0,14.486885372135143,0
bg_404,85.62841177446651,27.785160411672468,24.062461853027344,1377.0,100.4431381225586,0.697029709815979,10.0,4.361113548278809,4057.4376150472112,366.1966684720111,14.310626740769568,0
bg_405,85.7343231464642,27.908049942540018,27.734375,2590.0,157.46534729003906,0.8583424687385559,10.0,4.452770709991455,2817.605366264055,108.16653826391968,15.168642128436543,0
bg_406,85.63461014992694,27.745814202228033,16.365785598754883,966.0,7.155829429626465,0.44593140482902527,40.0,3.9692416191101074,1771.016657177453,84.8528137423857,15.126485058396934,0
bg_407,85.65751718967199,27.718864743704447,28.859546661376953,692.0,229.74368286132812,0.4865047335624695,10.0,4.0218892097473145,0.0,30.0,14.132356128201701,0
bg_408,85.82541231627393,27.899695610397707,41.85816192626953,2700.0,22.8576717376709,0.6855999827384949,10.0,4.945862293243408,5921.030315747421,349.85711369071805,15.032877028924975,0
bg_409,86.02726376061558,27.75955842607506,30.18593406677246,3393.0,257.13629150390625,0.7298340201377869,10.0,4.605922222137451,10446.248130309752,752.3961722390673,15.67408362982904,0
bg_410,85.97632928400601,27.900504094153415,34.60519027709961,2904.0,259.18212890625,0.7873107194900513,10.0,4.020069122314453,5341.095393269062,1818.158408940211,15.03861588291945,0
bg_411,85.66856646766666,28.122837126972996,36.080108642578125,4272.0,181.44337463378906,0.27742907404899597,30.0,3.9022998809814453,8637.603834397592,9788.00286064527,15.585634790415053,0
bg_412,85.55861267689043,27.959523408320067,40.334007263183594,1690.0,197.58863830566406,0.79840087890625,10.0,4.987441062927246,2460.7315985291852,30.0,14.503874115842567,0
bg_413,85.74914534865218,27.90400752376148,28.152952194213867,1725.0,83.05025482177734,0.4324050545692444,10.0,4.774409770965576,1114.8542505637226,313.20919526731655,14.985268959730693,0
bg_414,85.61790148564232,28.058427921101625,25.95339584350586,3595.0,101.51069641113281,0.3046691417694092,100.0,4.772528171539307,9455.902918283371,3768.0764323458197,15.88734831977364,0
bg_415,85.96069859806234,27.80079109761615,21.5363712310791,1833.0,232.02772521972656,0.7559468746185303,10.0,5.2163896560668945,6780.597318820814,161.55494421403512,14.84562198990279,0
bg_416,85.76423704542539,28.06732124241441,41.21415710449219,3297.0,356.3974304199219,0.6375354528427124,10.0,4.903069972991943,876.1849119906141,1025.2804494381037,15.259415833315803,0
bg_417,85.64512043875115,28.065165285732522,43.28944396972656,3319.0,58.96700668334961,0.6918976306915283,10.0,4.772528171539307,10087.586430856492,3030.0,14.880219649000583,0
bg_418,85.84481592641092,27.95413351661535,35.145851135253906,3134.0,206.26516723632812,0.7115635275840759,10.0,4.01486349105835,5212.839916974241,1578.923684032892,15.217913382226888,0
bg_419,85.6478153846035,28.033903913845162,23.608186721801758,2291.0,202.18826293945312,0.8144927620887756,10.0,4.772528171539307,6673.364968289985,108.16653826391968,15.50478367435653,0
bg_420,85.82244787583633,28.010188390344407,30.554162979125977,3119.0,119.5772933959961,0.33051928877830505,30.0,4.568583965301514,3563.818177180199,958.5927185202274,15.547509750602762,0
bg_421,85.5516058176743,28.049265105203606,47.3114128112793,3382.0,273.42413330078125,0.4305732548236847,30.0,4.726099014282227,12295.791963106727,3529.8158592198547,14.956934900822358,0
bg_422,85.59283848921538,28.03552088135658,32.02362060546875,2453.0,94.45328521728516,0.8534088730812073,10.0,4.835017204284668,8112.490369793976,953.4149149242422,14.527784456526994,0
bg_423,85.890630005901,27.971920159240916,37.88697052001953,3560.0,98.37358856201172,0.38461539149284363,30.0,3.8100929260253906,6100.262289442971,458.91175622335066,15.46690440670327,0
bg_424,85.5561872256233,28.126071061995827,22.554636001586914,4392.0,200.70492553710938,0.18983957171440125,70.0,4.091997146606445,8367.84918602146,2186.9156362329118,16.11687374059685,0
bg_425,85.76181159415827,27.830166007406856,55.4850959777832,1386.0,56.17988204956055,0.795322597026825,10.0,5.8279619216918945,553.1726674375732,276.5863337187866,13.819433370635295,0
bg_426,85.54325148553198,27.908319437125254,7.685127258300781,1148.0,32.88806915283203,0.5506364107131958,40.0,5.221707344055176,300.0,134.1640786499874,16.381451066639997,0
bg_427,85.81328505993832,27.86223586304992,19.333580017089844,2165.0,297.47637939453125,0.7719631791114807,10.0,5.7131733894348145,4664.011149214804,161.55494421403512,15.633818625433408,0
bg_428,85.49528144936001,27.964643805439547,39.334388732910156,2829.0,189.00689697265625,0.9031878113746643,10.0,4.546175479888916,7235.039737278573,807.7747210701756,14.935390353440184,0
bg_429,85.58205870580595,27.814535321463175,14.481350898742676,959.0,262.7987365722656,0.4613022208213806,50.0,4.647837162017822,432.6661530556787,0.0,15.00304430499713,0
bg_430,85.9288982370045,27.78030950913822,38.488128662109375,1297.0,3.9585819244384766,0.7185148000717163,10.0,5.2163896560668945,3259.93864972947,60.0,14.299158270790606,0
bg_431,85.54028704509439,28.156254455542243,16.394603729248047,5242.0,86.8459701538086,-0.06491727381944656,70.0,4.091997146606445,5820.0,2429.8148077579904,16.498062781074026,0
bg_432,85.69632440994596,27.84633568252101,26.68178367614746,1776.0,213.12356567382812,0.8174097537994385,10.0,4.6042256355285645,6595.9760460450425,134.1640786499874,15.089996627327206,0
bg_433,85.72165690095812,27.75174308310322,16.0485782623291,1172.0,235.75494384765625,0.5126644968986511,40.0,4.136266231536865,5045.711049990873,270.0,15.221109741554338,0
bg_434,85.67988524024656,27.768182252802607,33.5292854309082,931.0,342.31982421875,0.7255275845527649,10.0,4.263062000274658,5597.713819051489,150.0,14.162731128460944,0
bg_435,85.89251646799765,28.079717993335258,30.428386688232422,5414.0,7.177724361419678,-0.05792824923992157,70.0,3.7391419410705566,10854.28026172164,2846.049894151541,15.877522728548133,0
bg_436,85.88793506004865,27.681135501771426,14.955571174621582,2034.0,141.9822235107422,0.4281674325466156,10.0,4.370652198791504,8382.83961435503,134.1640786499874,15.846631608435317,0
bg_437,85.63946105246119,27.91128387756285,25.597396850585938,1200.0,302.7276916503906,0.710338830947876,10.0,4.625964164733887,956.7131231461185,94.86832980505139,14.657036057078512,0
bg_438,85.75210978908977,27.772224671581146,28.124460220336914,1151.0,83.04190063476562,0.6410582065582275,10.0,5.361922740936279,1170.0,120.0,14.597857638813826,0
bg_439,85.82675978920011,27.673320158799587,30.298221588134766,1926.0,234.42384338378906,0.7211126685142517,10.0,4.813807010650635,7359.239091101743,60.0,14.937863476744973,0
bg_440,85.6041572617953,27.808606440587987,19.990358352661133,1380.0,319.1548767089844,0.6460748314857483,10.0,4.647837162017822,2820.0,108.16653826391968,15.154963515917698,0
bg_441,85.92970672076021,27.972998137581857,46.73064041137695,3053.0,47.89565658569336,0.5686131119728088,30.0,3.8100929260253906,2536.020504648967,1382.9316685939332,15.099414910059028,0
bg_442,85.91003361603799,27.719673227460156,10.31982135772705,1928.0,224.66690063476562,0.508240282535553,30.0,4.780183792114258,5660.388679233963,134.1640786499874,15.582206845418161,0
bg_443,85.9364440853911,28.00345102571351,30.864776611328125,3336.0,215.65249633789062,0.6021220088005066,30.0,4.106739044189453,3840.0,2245.3952881397076,15.37038981410226,0
bg_444,85.96015960889186,27.76602629612072,22.834915161132812,1959.0,267.79681396484375,0.6895585060119629,10.0,5.2163896560668945,6997.20658548824,607.4537019394976,15.567527706512564,0
bg_445,85.96743596269323,27.91640427468233,26.298398971557617,2733.0,349.318603515625,0.7611282467842102,10.0,4.404165267944336,3655.571090814676,924.1753080449618,15.528648978393015,0
bg_446,85.81220708159738,28.185359870747714,52.69932556152344,6092.0,39.020484924316406,-0.06049691140651703,70.0,3.266342878341675,12111.420230509715,7950.679216268255,15.3552071310777,0
bg_447,85.73028072768567,27.760097415245532,11.927513122558594,1413.0,4.968114852905273,0.43934759497642517,40.0,4.541873455047607,3804.326484412188,161.55494421403512,15.71588147263687,0
bg_448,85.55564823645284,28.008301928247757,52.2904167175293,2806.0,251.7664337158203,0.7430029511451721,10.0,4.726099014282227,7890.0,636.3961030678928,14.729813748518874,0
bg_449,85.7688184533744,27.862774852220394,35.68678665161133,1440.0,255.64524841308594,0.7716405391693115,10.0,5.343934535980225,865.3323061113574,108.16653826391968,14.509284381259162,0
bg_450,85.66021213552435,28.139815285842854,30.775327682495117,5191.0,247.63250732421875,-0.05402624234557152,70.0,3.9022998809814453,6720.0,9379.211054241183,15.980761544510544,0
bg_451,85.84239047514379,28.155176477201298,22.16306495666504,5069.0,336.0673522949219,-0.05826995521783829,70.0,3.346968173980713,9636.353044591091,4876.822736167473,17.128079643558262,0
bg_452,85.7658540129368,28.096696152205116,50.26267623901367,4073.0,160.3905029296875,0.3509649634361267,30.0,4.430944442749023,3168.0909077865804,1343.3167906342867,14.505233872722313,0
bg_453,85.57397386824887,27.79728766800808,1.8543341159820557,766.0,-0.0,0.18311834335327148,80.0,4.549545764923096,0.0,270.0,17.550779672465644,0
bg_454,85.59607242423822,28.041719256817004,31.595251083374023,2504.0,129.17015075683594,0.8655421733856201,10.0,4.835017204284668,8514.293863850367,1717.3526137634053,15.221186504261508,0
bg_455,85.75022332699312,27.914248318000443,36.097755432128906,1749.0,258.47430419921875,0.807692289352417,10.0,4.774409770965576,1771.016657177453,362.49137920783716,14.689773432589108,0
bg_456,85.88766556546341,27.631009508917558,26.97718048095703,1589.0,139.75051879882812,0.7049418687820435,30.0,4.343433856964111,7733.252873144652,174.92855684535903,14.848648167652879,0
bg_457,85.87122639576403,27.92691456350653,23.316326141357422,2921.0,296.7884521484375,0.6634944677352905,10.0,4.632851600646973,5236.267754803988,218.40329667841553,17.076775875771,0
bg_458,85.59553343506775,27.996713661082616,37.89015579223633,2399.0,322.2281799316406,0.8348740935325623,10.0,4.835017204284668,4852.308728842385,300.0,14.94340412977275,0
bg_459,85.87985022249157,27.95278604368917,31.502582550048828,3020.0,106.89070892333984,0.6431535482406616,10.0,3.8100929260253906,6072.314221118666,1113.642671596235,14.99954908431228,0
bg_460,85.4982458897976,28.096965646790352,44.82620620727539,4854.0,196.07704162597656,0.13438735902309418,100.0,4.169457912445068,9995.223859424059,7382.194795587556,15.394406112292662,0
bg_461,85.74779787572601,27.936885863160253,32.74684143066406,2398.0,94.33048248291016,0.7990880608558655,10.0,4.774409770965576,2898.0683221759973,509.1168824543142,15.19222128955041,0
bg_462,85.78876105268185,28.04064127847606,31.521621704101562,2821.0,253.12225341796875,0.8275721669197083,10.0,4.903069972991943,402.49223594996215,684.7627326307996,15.3423671228249,0
bg_463,85.77366935590865,27.71482232492591,24.815196990966797,704.0,11.404281616210938,0.6308249831199646,10.0,4.70947265625,240.0,0.0,14.668975907374406,0
bg_464,85.49096953599623,27.96060138666101,5.5863356590271,2778.0,228.54678344726562,0.8811047077178955,10.0,4.546175479888916,7448.825410761082,560.4462507680821,17.434595248549005,0
bg_465,85.51387657574128,27.90023459956818,41.39771270751953,1943.0,154.1294403076172,0.6451977491378784,10.0,4.496346950531006,2683.281572999748,256.3201123595259,14.429008480236341,0
bg_466,85.56481105235086,27.919099220534687,33.642486572265625,1609.0,254.47972106933594,0.7880489826202393,10.0,5.441863059997559,1218.2364302548172,150.0,14.688881592457388,0
bg_467,85.7041397529178,27.967338751291905,38.648406982421875,3489.0,204.3653106689453,0.5443301796913147,30.0,4.318940162658691,7010.827340621077,234.30749027719963,15.288811743262828,0
bg_468,85.5516058176743,27.933651928137426,50.69404983520508,1348.0,145.2498321533203,0.7103179693222046,10.0,5.221707344055176,300.0,496.58836071740546,13.923963533036622,0
bg_469,85.72138740637288,27.829627018236383,29.156288146972656,1818.0,209.4835662841797,0.4524552822113037,30.0,4.7904558181762695,4888.067102649063,169.7056274847714,14.969399371188322,0
bg_470,85.78660509599997,28.143049220865684,23.026803970336914,5006.0,220.3831329345703,-0.11587220430374146,70.0,3.9751100540161133,8821.479467753694,4811.330377348868,16.419940974436614,0
bg_471,85.64754589001826,28.058966910272098,30.22514533996582,2895.0,138.60801696777344,0.8628954887390137,10.0,4.772528171539307,9429.167513624943,2349.4041797868667,15.456374926989938,0
bg_472,85.91865744276554,27.85469001466332,14.829621315002441,2455.0,348.0265808105469,0.7228055596351624,30.0,4.586504936218262,2997.7491556165933,268.3281572999748,16.248023734734584,0
bg_473,85.5583431823052,28.064356801976814,30.614215850830078,4489.0,236.82962036132812,0.13901619613170624,60.0,4.726099014282227,12990.65818193982,2229.9103120977757,15.259766381332145,0
bg_474,85.60361827262481,28.03336492467469,32.84183120727539,2900.0,216.63003540039062,0.8333939909934998,10.0,4.835017204284668,7298.636859030596,1569.7770542341357,15.315197635177883,0
bg_475,85.82541231627393,27.67897954508954,15.575267791748047,2057.0,238.4882354736328,0.47772204875946045,10.0,4.813807010650635,6723.882806831183,0.0,16.85967235640317,0
bg_476,85.76100311040256,27.835555899111572,26.070514678955078,1567.0,103.39158630371094,0.6279301643371582,30.0,5.8279619216918945,956.7131231461185,0.0,14.98101151820756,0
bg_477,85.65967314635388,27.740693805108553,20.078205108642578,1346.0,251.94007873535156,0.6512104868888855,10.0,4.0218892097473145,1850.5404615949362,60.0,15.121468555317062,0
bg_478,85.58987404877779,27.99240174771884,35.69387435913086,2528.0,22.50550079345703,0.8112464547157288,10.0,4.835017204284668,5208.781047423668,657.9513659838393,14.89626772117106,0
bg_479,85.88119769541775,28.082682433772852,32.39387130737305,4983.0,305.9316101074219,-0.043755579739809036,60.0,3.7391419410705566,11619.918244118588,1893.8056922503956,15.775194730675732,0
bg_480,85.5553787418676,28.089689292988986,42.36430358886719,3883.0,315.2351379394531,0.19952018558979034,100.0,4.3097357749938965,12253.852455452528,2217.7691493931466,15.334009866476135,0
bg_481,85.90491321891851,27.89376672952252,29.616491317749023,1537.0,75.15003204345703,0.4580351412296295,30.0,4.404165267944336,792.5906888173744,0.0,14.791213456797061,0
bg_482,85.62922025822223,27.898617632056762,11.712859153747559,1284.0,242.0644989013672,0.47588375210762024,10.0,4.625964164733887,540.8326913195983,42.42640687119285,16.00821559623711,0
bg_483,85.61547603437519,28.09777413054606,36.06884002685547,4516.0,253.20689392089844,0.15985040366649628,100.0,4.257054328918457,10470.0,3989.4360503710295,15.64245304655717,0
bg_484,85.74591141362936,28.098043625131297,69.59365844726562,3552.0,285.7237548828125,0.372902512550354,30.0,4.430944442749023,3063.233585608515,2830.1943396169813,15.47208800402083,0
bg_485,85.69794137745737,28.151942542178467,6.864688396453857,5178.0,246.20973205566406,-0.10142111033201218,70.0,3.9022998809814453,6672.218521601342,10728.429521602871,17.575844777203052,0
bg_486,85.59634191882346,27.809414924343695,20.122238159179688,1183.0,272.5322570800781,0.3757977783679962,30.0,4.647837162017822,1950.0,0.0,14.833154389128055,0
bg_487,85.67153090810426,28.01827322790148,42.945556640625,2731.0,105.12261199951172,0.8722007870674133,10.0,4.758371829986572,6151.828996322964,2220.8106627986094,15.174360867824745,0
bg_488,85.80277477111412,27.93257394979648,23.509159088134766,2405.0,345.3614501953125,0.8465366959571838,10.0,4.945862293243408,1830.9833423600553,67.0820393249937,15.524869860787561,0
bg_489,85.52438686456549,28.010457884929643,39.14759826660156,2300.0,44.28547286987305,0.8204126358032227,10.0,4.726099014282227,8785.54494610323,313.20919526731655,15.017745721780408,0
bg_490,85.886048597952,27.712666368244022,23.4427490234375,1783.0,68.07992553710938,0.4496268630027771,10.0,4.370652198791504,4954.452542915312,30.0,15.012186153614449,0
bg_491,85.82029191915444,27.84741366086195,17.309940338134766,2228.0,267.02264404296875,0.6198437213897705,10.0,6.791383266448975,5073.194260029868,445.9820624195552,15.642730367989781,0
bg_492,85.71518903091247,27.943892722376386,25.589723587036133,2580.0,275.8201599121094,0.8902456760406494,10.0,4.318940162658691,6481.805304080029,1463.8647478507023,15.501303795362876,0
bg_493,85.77744228010195,28.059236404857334,33.32225036621094,3564.0,196.20187377929688,0.404523104429245,30.0,4.903069972991943,1529.7058540778355,1674.0967713964446,15.503920380845194,0
bg_494,85.63245419324505,27.77518911201874,42.938140869140625,1368.0,109.30159759521484,0.6092920899391174,10.0,4.361113548278809,3882.5378298221385,67.0820393249937,14.232406996688164,0
bg_495,85.80951213574501,28.119064202779693,9.116880416870117,4687.0,293.7967529296875,-0.05908525362610817,60.0,3.67387318611145,8187.142358601077,1294.1792766073795,15.45643546437791,0
bg_496,85.59930635926105,27.97811853470134,40.7950439453125,2477.0,38.020198822021484,0.8326823711395264,10.0,4.808651447296143,3797.1041597512176,1288.2546332150332,14.87050348222188,0
bg_497,85.82999372422294,28.005876476980635,20.628803253173828,2630.0,219.2835693359375,0.5059594511985779,30.0,4.568583965301514,3930.8014449982074,870.5170877128145,15.757190551819642,0
bg_498,85.65051033045586,28.068399220755353,32.73719787597656,3024.0,92.88652801513672,0.6377142667770386,10.0,4.772528171539307,11070.0,3432.739430833631,15.360603471035027,0
bg_499,85.94129498792535,27.769529725728788,35.82292175292969,1826.0,74.38858032226562,0.8129902482032776,10.0,5.2163896560668945,4876.269065586927,60.0,14.748652621266608,0
bg_500,85.87742477122445,28.016925754975304,39.2430419921875,4595.0,187.74075317382812,-0.039591867476701736,100.0,4.297876358032227,9238.100454097692,2058.6646157157315,15.22430405414899,0
bg_501,85.63487964451218,27.829357523651147,33.562808990478516,1588.0,124.13706970214844,0.8185298442840576,10.0,4.497191429138184,5366.982392369105,90.0,14.551575307370486,0
bg_502,85.80358325486982,27.87948351650502,41.944976806640625,2485.0,93.09773254394531,0.8533333539962769,10.0,5.7131733894348145,4590.0,657.9513659838393,14.831788313140047,0
bg_503,85.64215599831356,28.107475935614552,8.790606498718262,4708.0,251.6970977783203,-0.08918548375368118,100.0,4.257054328918457,9691.857407122743,7033.384675957942,17.189194646035926,0
bg_504,85.55726520396425,27.866008787243224,18.56717872619629,1269.0,258.88555908203125,0.32725173234939575,30.0,5.103635787963867,1187.9393923933999,60.0,15.322990238319703,0
bg_505,85.83700058343908,27.88514290279497,29.30316925048828,2451.0,348.70916748046875,0.7747819423675537,10.0,5.2028632164001465,4709.331162702406,792.0227269466451,15.403067820504141,0
bg_506,85.7620810887435,27.944701206132095,44.087364196777344,2182.0,194.2367706298828,0.5612763166427612,10.0,4.540307521820068,1913.426246292237,60.0,14.737356729194298,0
bg_507,85.66829697308142,27.881639473186905,30.336530685424805,2085.0,345.5014953613281,0.6218287944793701,30.0,4.626403331756592,5282.471012698507,30.0,14.915851703635289,0
bg_508,85.58502314624354,27.848491639202894,11.708757400512695,846.0,297.9464416503906,0.5123049020767212,10.0,5.267827987670898,0.0,90.0,15.81958784739824,0
bg_509,85.73216718978233,27.882178462357377,33.084964752197266,1988.0,23.174461364746094,0.7352432012557983,10.0,4.696327209472656,2589.922778771599,323.10988842807024,14.806675573800087,0
bg_510,85.55699570937902,27.87085968977747,16.887310028076172,1244.0,335.02410888671875,0.3967634439468384,10.0,5.103635787963867,1348.3323032546539,42.42640687119285,15.192349258307553,0
bg_511,85.68446664819558,28.015308787463887,43.61564254760742,2728.0,162.0664825439453,0.861020028591156,10.0,4.758371829986572,6914.658342969666,2248.399430706208,14.514414391509156,0
bg_512,85.59256899463016,27.926375574336056,29.753965377807617,2348.0,263.4960021972656,0.7162319421768188,10.0,5.441863059997559,3736.6562592778055,300.0,15.395665173778122,0
bg_513,85.61601502354567,28.048456621447897,19.816978454589844,3584.0,188.78335571289062,0.6165289282798767,10.0,4.772528171539307,8412.044935685972,3416.577234601905,16.10842196532208,0
bg_514,85.54837188265147,28.12175914863205,18.3732967376709,4499.0,309.31585693359375,0.17438867688179016,70.0,4.091997146606445,9152.507853042247,3114.514408378937,16.10158195058988,0
bg_515,85.64000004163167,27.775728101189213,24.89853858947754,1122.0,131.50167846679688,0.5461118221282959,10.0,4.361113548278809,4542.796495552051,94.86832980505139,14.86876075164143,0
bg_516,85.71438054715676,28.164339293099317,11.0799560546875,5736.0,48.600711822509766,-0.0343053936958313,70.0,3.3097646236419678,6936.749959455076,10569.626294245223,16.383212207727546,0
bg_517,85.7747473342496,27.99428820981549,32.6411018371582,2922.0,109.18006134033203,0.6456367373466492,10.0,4.903069972991943,1164.989270336856,1094.8972554536795,14.6778974878047,0
bg_518,86.00085329126247,27.812918353951762,31.735490798950195,2643.0,220.6199493408203,0.6276922821998596,10.0,4.383127212524414,13115.902561394698,465.72524088780074,15.264678631132538,0
bg_519,85.86368054737743,27.66981672919152,20.098560333251953,2171.0,87.46448516845703,0.7338103652000427,10.0,4.840806007385254,9420.0,0.0,15.587617789269602,0
bg_520,86.0469368653378,27.905085502102423,26.08423614501953,3991.0,256.61669921875,0.3011060953140259,30.0,4.051556587219238,11596.697805841108,318.9043743820395,15.91351660979832,0
bg_521,85.5020188139909,28.094270700937994,44.347721099853516,4493.0,186.46722412109375,0.22797156870365143,60.0,4.169457912445068,10506.726416919782,7105.378244681981,15.395982308057475,0
bg_522,85.63407116075648,27.87085968977747,12.057414054870605,1587.0,9.872499465942383,0.39571845531463623,30.0,4.559855937957764,2412.902816111747,84.8528137423857,15.826552413154587,0
bg_523,85.771782893812,27.945509689887803,42.881473541259766,2118.0,192.53616333007812,0.48656198382377625,30.0,4.540307521820068,1210.826164236634,67.0820393249937,14.890366808224195,0
bg_524,85.8394260347062,27.666043804998218,13.943947792053223,1797.0,234.0714874267578,0.7504381537437439,10.0,4.407373905181885,8726.339438733747,30.0,15.247240905829853,0
bg_525,85.83888704553573,27.93068748769983,24.762317657470703,2973.0,320.5402526855469,0.7665995955467224,10.0,4.632851600646973,5550.0,1347.3306943731372,15.675966160959495,0
bg_526,85.59930635926105,27.998600123179266,21.81764793395996,2356.0,55.52082824707031,0.8057662844657898,10.0,4.835017204284668,4610.63986882515,169.7056274847714,15.718915166568266,0
bg_527,85.84212098055855,27.881100484016432,24.614093780517578,2340.0,126.91870880126953,0.7159068584442139,10.0,5.2028632164001465,4002.4992192379004,807.2174428244226,15.727674714930627,0
bg_528,86.01513650427998,27.896461675374876,33.973331451416016,3468.0,310.43865966796875,0.7475728392601013,10.0,4.051556587219238,9144.096456184176,870.0,15.818424727713582,0
bg_529,85.50902567320703,27.981891458894644,43.459388732910156,2631.0,7.7822065353393555,0.8196125030517578,10.0,4.546175479888916,7064.283403148546,695.8448102845921,15.127140036516002,0
bg_530,85.75803866996496,27.725871602920577,14.828899383544922,1196.0,168.0403594970703,0.522859513759613,10.0,4.70947265625,1400.7141035914503,108.16653826391968,15.326559250260447,0
bg_531,85.52923776709973,27.975962578019455,39.99626541137695,1855.0,142.28561401367188,0.8388283848762512,10.0,4.987441062927246,5117.440766633259,94.86832980505139,14.926128418989528,0
bg_532,85.51791899451982,27.936077379404548,32.58505630493164,1818.0,230.7158660888672,0.8348584771156311,10.0,4.496346950531006,3557.8785814021253,90.0,14.80661933377506,0
bg_533,85.50363578150231,28.13496438330861,36.41642379760742,5140.0,50.47920608520508,-0.05084572359919548,70.0,3.683410167694092,8011.572879279075,7001.514121959621,15.799254896878818,0
bg_534,85.75642170245355,27.778153552456335,20.083959579467773,925.0,71.94589233398438,0.47386816143989563,30.0,5.361922740936279,690.0,189.73665961010278,15.0972321196253,0
bg_535,85.73216718978233,27.826393083213553,27.57134246826172,1607.0,224.51651000976562,0.5473177433013916,30.0,4.7904558181762695,3840.0,323.10988842807024,14.943076445498747,0
bg_536,85.93213217202732,27.860079906368036,29.68657112121582,2128.0,42.4143180847168,0.5610357522964478,30.0,4.586504936218262,3426.4413025761874,391.15214431215895,15.132068493788179,0
bg_537,85.77717278551671,27.846874671691477,60.419029235839844,1158.0,224.96493530273438,0.5659376978874207,30.0,5.8279619216918945,295.4657340538831,241.86773244895647,13.869985951116009,0
bg_538,85.53247170212255,28.062200845294928,46.3081169128418,3184.0,116.64649200439453,0.4006820023059845,30.0,4.726099014282227,14100.95741430347,4718.686257847623,14.873182082978735,0
bg_539,85.48746610638817,28.08807232547757,35.33341979980469,5025.0,214.71006774902344,0.07753141969442368,100.0,4.169457912445068,9924.87783300127,6470.896383036897,15.767930101033377,0
bg_540,86.02968921188271,27.888646332403034,20.189287185668945,3757.0,165.5795440673828,0.5147657990455627,30.0,4.176967620849609,10964.49725249635,873.6131867136621,16.140851172045135,0
bg_541,85.53085473461114,28.076753552897664,54.020076751708984,3499.0,203.55308532714844,0.3881661891937256,60.0,4.3097357749938965,14472.442779296105,4711.528414431988,14.890179737649524,0
bg_542,85.57505184658982,27.885951386550676,29.402565002441406,1870.0,152.93556213378906,0.6706151962280273,10.0,5.267827987670898,2850.4736448527287,60.0,15.143443944215083,0
bg_543,85.85047531270087,28.07109416660771,22.23331642150879,4630.0,80.88571166992188,0.03551569581031799,100.0,4.297876358032227,7985.298992523699,1615.5494421403512,16.04210310093121,0
bg_544,85.5313937237816,27.940928281938792,40.26927947998047,2201.0,76.74385833740234,0.8190954923629761,10.0,4.987441062927246,2455.056007507772,323.10988842807024,14.768176430787179,0
bg_545,85.628950763637,28.09858261430177,50.12103271484375,4709.0,198.78228759765625,0.16689930856227875,60.0,4.257054328918457,10421.57857524473,5479.498152203357,15.280663734886112,0
bg_546,85.88389264127011,27.691915285180862,22.93817901611328,2050.0,65.11756896972656,0.8368874192237854,10.0,4.370652198791504,7113.543420827626,305.9411708155671,15.13177682178727,0
bg_547,85.81112910325643,27.882447956942613,43.51298522949219,2386.0,159.68260192871094,0.8213910460472107,10.0,5.7131733894348145,5128.508555125944,400.24992192379,14.696773168570955,0
bg_548,85.98737856200069,27.791358787132893,32.37064743041992,1820.0,292.5228271484375,0.4904502034187317,30.0,4.674496173858643,9750.0,30.0,15.076241522422867,0
bg_549,85.53247170212255,27.901851567079593,6.791320323944092,1234.0,162.08409118652344,0.35851946473121643,10.0,5.221707344055176,872.066511224918,60.0,15.7875774918826,0
bg_550,85.49043054682576,27.817769256486006,10.339497566223145,1232.0,142.9918975830078,0.8156242370605469,10.0,4.804811000823975,7299.561630673447,108.16653826391968,15.44287475700586,0
bg_551,85.83700058343908,27.92529759599511,16.7099552154541,3130.0,282.4560241699219,0.699342668056488,10.0,4.632851600646973,5571.44505492067,973.4988443752771,16.423182147575517,0
bg_552,85.74321646777699,28.00021709069068,35.084678649902344,3242.0,62.55355453491211,0.7623847126960754,10.0,4.635933876037598,4231.808124194668,1205.9850745345068,15.765166588271404,0
bg_553,85.72111791178766,27.81426582687794,36.37834548950195,1173.0,188.5727996826172,0.6047658324241638,10.0,4.7904558181762695,4666.904755831214,390.0,14.286591575227096,0
bg_554,85.86960942825262,28.088880809233277,5.590056419372559,4605.0,228.58067321777344,0.040968190878629684,60.0,3.896871328353882,10821.520225920201,1925.8504614844842,15.987048840007077,0
bg_555,85.886048597952,28.069477199096294,14.13613510131836,4802.0,251.25401306152344,-0.051012441515922546,60.0,4.106739044189453,11291.36395658204,1663.3099530754935,16.76334140320376,0
bg_556,85.59768939174963,27.940928281938792,20.41280174255371,2602.0,79.98002624511719,0.8297367691993713,10.0,4.808651447296143,3979.158202434279,0.0,15.754259865962513,0
bg_557,85.50686971652515,27.89700066454535,30.374692916870117,1730.0,200.10617065429688,0.4853611886501312,30.0,4.496346950531006,3422.104615583808,0.0,14.899377075169442,0
bg_558,85.85909913942841,28.081873950017144,36.586402893066406,4844.0,120.10433959960938,-0.036772582679986954,100.0,3.896871328353882,9416.081987748406,1529.7058540778355,15.862925550045913,0
bg_559,85.67745978897945,27.86439181973181,27.407299041748047,2536.0,237.9449462890625,0.8366346955299377,10.0,4.626403331756592,6846.9701328397805,90.0,15.208729860719734,0
bg_560,85.47830329049015,27.789741819621476,11.6981201171875,2143.0,76.43536376953125,0.6689215898513794,10.0,4.618796348571777,10290.0,0.0,16.150711217789492,0
bg_561,85.55052783933336,28.13280842662672,52.021671295166016,4584.0,183.28610229492188,0.03417113795876503,70.0,4.091997146606445,7943.431248522265,2485.658866377283,15.096560280282974,0
bg_562,85.51980545661647,28.137120339990496,44.38880157470703,5294.0,206.7484588623047,-0.06209195777773857,70.0,4.091997146606445,8019.039842774195,5225.514328752721,15.517904760906884,0
bg_563,85.99923632375106,27.894575213278227,22.75074005126953,3302.0,344.8076171875,0.32323557138442993,30.0,4.020069122314453,7911.188279898286,632.8506932918697,15.91460287286066,0
bg_564,85.76315906708444,27.805642000150392,6.790754795074463,838.0,17.900999069213867,0.417165070772171,40.0,5.8279619216918945,0.0,30.0,15.811455367010135,0
bg_565,85.57532134117506,28.142510231695212,23.81618881225586,4628.0,246.20787048339844,0.22545233368873596,70.0,3.858997106552124,6037.458074388591,295.4657340538831,16.225713516437146,0
bg_566,85.84346845348473,28.169729184804034,17.665239334106445,5269.0,203.80422973632812,-0.06678306311368942,70.0,2.95767879486084,8954.535163815037,6432.184698840667,16.592941697414627,0
bg_567,85.862063579866,27.90346853459101,13.963141441345215,2323.0,234.130859375,0.6538771390914917,10.0,4.632851600646973,3714.6736061193856,30.0,15.964756453902952,0
bg_568,85.53543614256014,27.97488459967851,40.153133392333984,1644.0,126.49916076660156,0.8431351184844971,10.0,4.987441062927246,4668.929213427849,60.0,14.689670865437513,0
bg_569,85.57451285741935,27.93661636857502,22.558185577392578,1826.0,236.93687438964844,0.8456342220306396,10.0,5.441863059997559,1830.0,0.0,14.770510145154327,0
bg_570,85.7839101501476,27.69002882308421,30.747886657714844,1747.0,209.45205688476562,0.7571644186973572,10.0,4.292092323303223,2516.068361551411,30.0,14.861766522788281,0
bg_571,85.56993144947033,28.127418534922004,46.251434326171875,4830.0,126.07433319091797,0.10522302985191345,70.0,3.858997106552124,7795.67187611177,713.0918594402827,14.879598962462449,0
bg_572,85.6192489585685,28.0770230474829,35.49671173095703,4308.0,182.94911193847656,0.22007721662521362,30.0,4.257054328918457,12780.0,4544.282121523706,15.554071390351705,0
bg_573,85.63407116075648,27.832591458673978,22.547746658325195,1859.0,159.34661865234375,0.7177350521087646,10.0,4.497191429138184,5136.925150320959,42.42640687119285,15.310795210876531,0
bg_574,85.91299805647559,27.800252108445676,21.993741989135742,1539.0,274.5976257324219,0.6848549246788025,30.0,5.2163896560668945,1470.3060905811415,150.0,15.202395291878384,0
bg_575,85.97875473527313,27.834208426185395,9.746002197265625,3220.0,253.57618713378906,0.8417204022407532,10.0,4.383127212524414,9146.901114585202,335.4101966249685,16.745232253284744,0
bg_576,85.84400744265521,27.867356260169405,34.32651138305664,2398.0,74.88394927978516,0.7848474979400635,10.0,5.2028632164001465,3451.173713390852,624.2595614005444,15.028557449864818,0
bg_577,85.61817098022756,27.93446041189313,28.529531478881836,1848.0,162.341552734375,0.8389297723770142,10.0,4.625964164733887,1680.0,30.0,15.666030643584474,0
bg_578,85.5545702581119,28.133347415797193,33.88653564453125,4937.0,227.55665588378906,-0.04284733906388283,70.0,4.091997146606445,7691.826831124061,2071.955597979841,15.710692831746645,0
bg_579,85.94210347168105,27.9093974154662,9.71052360534668,1864.0,228.53334045410156,0.5800924897193909,30.0,4.404165267944336,1644.5364088398896,90.0,14.610287602276005,0
bg_580,85.67395635937137,28.115830267756863,10.847588539123535,4043.0,120.45543670654297,0.07695715129375458,30.0,4.347579002380371,9478.196030891111,9141.340164330393,17.379352104892444,0
bg_581,85.78364065556238,27.969225213388558,56.22108840942383,2314.0,123.52049255371094,0.5969964861869812,10.0,4.540307521820068,939.6275858019495,1840.543398021356,15.12273040110182,0
bg_582,85.56615852527703,28.060044888613042,36.886539459228516,4201.0,72.42289733886719,0.39294540882110596,100.0,4.835017204284668,12069.436606569503,2128.097742116184,15.382641284793992,0
bg_583,85.48746610638817,28.067051747829172,16.450666427612305,3815.0,60.4356575012207,0.4136154055595398,30.0,4.541608810424805,11864.383675522298,4176.469801159827,16.37534003457891,0
bg_584,85.86933993366738,27.826932072384025,28.214731216430664,981.0,35.44932556152344,0.6036520004272461,10.0,5.761692047119141,180.0,0.0,14.461240275899046,0
bg_585,85.70926015003728,28.11744723526828,21.42449188232422,4632.0,188.06658935546875,-0.09309492260217667,100.0,3.7445425987243652,6888.904121846957,6961.1636958198305,17.614073192285854,0
bg_586,85.85155329104181,28.083221422943325,31.107927322387695,4774.0,173.01409912109375,-0.011941448785364628,100.0,3.896871328353882,8798.801054689213,1693.0741271426955,16.004437722505294,0
bg_587,85.82056141373968,27.70053911190841,26.03057861328125,1802.0,311.5213317871094,0.8320610523223877,10.0,4.813807010650635,4353.412454615344,247.38633753705963,15.343612727936097,0
bg_588,85.50040184647949,27.837981350378694,27.963117599487305,1895.0,270.0,0.7834998965263367,10.0,4.804811000823975,5138.501727157441,42.42640687119285,15.202738239562912,0
bg_589,85.79280347146039,27.940658787353556,34.89566421508789,1793.0,251.03944396972656,0.48919951915740967,60.0,4.312197685241699,618.4658438426491,0.0,14.626257949408085,0
bg_590,85.68231069151369,27.832860953259214,37.93108367919922,1419.0,226.7299346923828,0.8063105344772339,30.0,4.6042256355285645,8512.020911628448,241.86773244895647,14.538147016610102,0
bg_591,85.70845166628158,27.935538390234075,39.29213333129883,2681.0,341.7301025390625,0.7572709321975708,10.0,4.452770709991455,6811.783907318259,1110.0,15.425930725414231,0
bg_592,85.61951845315373,27.943353733205914,35.57780456542969,2211.0,193.3290252685547,0.8481871485710144,10.0,4.582652568817139,1666.2832892398578,94.86832980505139,14.88690107671131,0
bg_593,85.71950094427623,28.05115156730026,35.175453186035156,4052.0,38.65425109863281,0.36059629917144775,30.0,4.635933876037598,3627.147639675011,872.066511224918,16.085518989662532,0
bg_594,85.60846917515907,27.893227740352046,17.08172607421875,1340.0,129.20872497558594,0.8076335787773132,10.0,5.441863059997559,774.2092740338364,90.0,14.992446375375735,0
bg_595,85.86853144991167,27.64771817320218,23.637767791748047,1795.0,118.73873138427734,0.4126547574996948,30.0,4.407373905181885,8200.323164363708,90.0,15.223167984424034,0
bg_596,85.7831016663919,28.068399220755353,46.54325485229492,3960.0,310.1067199707031,0.35054996609687805,10.0,4.903069972991943,2686.1310466915047,1973.8540979515176,15.03386356221196,0
bg_597,85.5696619548851,27.979735502212755,33.920013427734375,2507.0,258.8969421386719,0.5991977453231812,10.0,4.808651447296143,4883.461886817588,30.0,15.13100685715245,0
bg_598,85.5583431823052,28.091575755085636,43.33997344970703,4327.0,229.31846618652344,0.12630319595336914,60.0,4.3097357749938965,11969.69924434194,1832.9484444468153,15.283097377249552,0
bg_599,86.03696556568408,27.89942611581247,17.939640045166016,3749.0,-0.0,0.46008118987083435,10.0,4.051556587219238,11018.824801220862,570.7889277132134,16.311387152422874,0
bg_600,85.87419083620162,27.761175393586477,35.938209533691406,815.0,300.905029296875,0.47470909357070923,30.0,6.045157432556152,0.0,90.0,13.818614890624533,0
bg_601,86.01783145013233,27.87867503274931,28.236427307128906,3456.0,174.12803649902344,0.6663479804992676,10.0,4.176967620849609,10558.72151351668,853.2877591996735,15.451085286921753,0
bg_602,85.68096321858751,28.1018165493246,18.07019805908203,3685.0,206.74087524414062,0.5055950880050659,10.0,4.347579002380371,8419.317074442557,7398.330892843331,15.908480562208846,0
bg_603,85.59229950004492,27.8598104117828,36.21086883544922,936.0,324.8883056640625,0.685110330581665,10.0,5.267827987670898,90.0,0.0,14.485449663941704,0
bg_604,85.73971303816893,27.785160411672468,13.125791549682617,1055.0,13.615543365478516,0.43117961287498474,30.0,4.541873455047607,2550.0,67.0820393249937,14.904076763924138,0
bg_605,85.85640419357605,28.08214344460238,23.608686447143555,4981.0,180.0,-0.03840526565909386,60.0,3.896871328353882,9178.480266362181,1763.887751530692,16.57747380617021,0
bg_606,85.89467242467954,27.991323769377896,36.70308303833008,4146.0,162.83627319335938,0.2951699495315552,100.0,4.106739044189453,6937.333781792541,764.8529270389178,15.390459295239015,0
bg_607,85.82002242456922,27.824506621116903,24.793153762817383,2377.0,314.49853515625,0.822496771812439,10.0,6.791383266448975,5068.846022518341,807.7747210701756,15.916579666720482,0
bg_608,85.54918036640717,28.13604236164955,20.781269073486328,4856.0,168.84339904785156,-0.006223451346158981,70.0,4.091997146606445,7698.844069079461,2408.4227203711557,16.296522600836877,0
bg_609,85.81975292998398,27.93257394979648,24.056316375732422,2371.0,330.4931335449219,0.8383474349975586,10.0,4.945862293243408,3488.911004883902,630.7138812488591,15.358032297362737,0
bg_610,85.68338866985464,27.85145607964049,44.973976135253906,1875.0,231.99761962890625,0.7532850503921509,10.0,4.626403331756592,7931.468968608526,258.0697580112788,14.387738865014372,0
bg_611,85.8612550961103,28.144396693791865,24.02592658996582,5674.0,199.2365264892578,-0.07070477306842804,70.0,3.346968173980713,8475.570777239725,4962.71095269511,16.558221022895168,0
bg_612,85.49528144936001,27.937963841501197,18.2002010345459,1981.0,46.42628479003906,0.7647436261177063,10.0,4.546175479888916,5957.851961907077,90.0,15.477280203388599,0
bg_613,85.57073993322605,28.133347415797193,33.8004035949707,4588.0,45.47355651855469,-0.0718289315700531,70.0,3.858997106552124,7130.792382337323,375.89892258425004,15.741779787278658,0
bg_614,85.89763686511714,27.697035682300342,37.403438568115234,1989.0,218.4368896484375,0.7470187544822693,10.0,4.370652198791504,7059.185505424829,67.0820393249937,14.748320464905797,0
bg_615,85.49689841687142,27.93068748769983,36.26090621948242,1941.0,119.04573059082031,0.48252949118614197,10.0,4.496346950531006,5571.687356627254,67.0820393249937,14.788199961028912,0
bg_616,85.77582531259053,28.104780989762194,29.993913650512695,4051.0,147.28269958496094,0.24671246111392975,100.0,4.430944442749023,4493.695583815174,1148.2595525402783,15.76574724999332,0
bg_617,85.4696794637626,27.832591458673978,25.58589744567871,1558.0,57.25334548950195,0.7916083931922913,10.0,4.804811000823975,8465.795886979558,120.0,14.995022529700929,0
bg_618,85.83430563758671,27.78947232503624,52.46751403808594,2199.0,230.63702392578125,0.4711700975894928,30.0,6.045157432556152,3480.0,729.9315036357863,14.33687059131067,0
bg_619,85.89521141385002,28.054385502323086,38.54957580566406,4931.0,261.82464599609375,-0.061532892286777496,60.0,4.106739044189453,9627.429563492013,2037.3512215619576,15.891853259929958,0
bg_620,85.95234426592002,27.85199506881096,30.336101531982422,2595.0,345.50531005859375,0.7926530838012695,10.0,4.586504936218262,5642.71211386865,872.066511224918,15.127184988693406,0
bg_621,85.47776430131968,27.875980086896952,35.683006286621094,1974.0,172.67459106445312,0.7534246444702148,10.0,4.607892036437988,6661.080993352355,174.92855684535903,14.717625261580494,0
bg_622,86.00166177501818,27.822350664435014,13.796594619750977,3020.0,188.57342529296875,0.5468066334724426,30.0,4.383127212524414,13217.74943021693,123.69316876852982,16.324255826552683,0
bg_623,85.55645672020854,27.906971964199073,24.497846603393555,1411.0,328.4939270019531,0.8077266216278076,10.0,5.221707344055176,750.0,30.0,14.744067602706144,0
bg_624,85.93752206373205,27.965991278365728,9.423819541931152,2721.0,192.75904846191406,0.843855082988739,10.0,3.8100929260253906,1434.0502083260544,216.33307652783935,15.224904277641276,0
bg_625,85.56265509566897,28.087533336307096,40.82520294189453,4585.0,69.14501953125,0.002200220013037324,70.0,4.3097357749938965,12308.704237246096,1578.923684032892,15.48429337915976,0
bg_626,85.5448684530434,28.026627560043796,33.126060485839844,2669.0,194.65077209472656,0.678150475025177,10.0,4.726099014282227,9985.35928246951,1946.9976887505543,15.212141249315462,0
bg_627,85.93347964495351,28.00749344449205,27.601409912109375,3435.0,196.29345703125,0.7147949934005737,10.0,4.106739044189453,4170.0,2791.128803907122,15.959749310324478,0
bg_628,85.662098597621,28.015039292878654,36.31809997558594,2713.0,266.2118835449219,0.8583142161369324,10.0,4.758371829986572,5253.427452625572,1214.9074038789952,15.125977509199956,0
bg_629,85.71869246052053,27.99563568274167,21.910446166992188,3265.0,313.1728210449219,0.8034608960151672,10.0,4.635933876037598,6988.905493709297,30.0,16.026587920736656,0
bg_630,85.92431682905548,28.01908171165719,34.0357666015625,4067.0,251.84600830078125,0.3321976065635681,100.0,4.106739044189453,5239.7041901237135,4188.197703069902,15.846842370236258,0
bg_631,85.6591341571834,27.71940373287492,35.37819290161133,797.0,244.3330841064453,0.29265448451042175,30.0,4.0218892097473145,120.0,0.0,14.15621042946362,0
bg_632,86.01136358008667,27.816960772730297,31.34681510925293,3306.0,234.2213134765625,0.648238480091095,10.0,4.383127212524414,12064.215681095891,108.16653826391968,15.504966147825533,0
bg_633,85.69309047492312,27.808067451417514,28.04619598388672,1535.0,254.1291046142578,0.6374159455299377,10.0,4.6042256355285645,7740.0,150.0,14.873538465746975,0
bg_634,85.98576159448926,27.787046873769118,41.68555450439453,1817.0,358.8226318359375,0.8319679498672485,10.0,4.674496173858643,9570.0,123.69316876852982,14.526684799651964,0
bg_635,85.80358325486982,28.169729184804034,19.246990203857422,5729.0,28.250436782836914,-0.030414113774895668,70.0,3.266342878341675,12316.269727478364,6524.086142901549,16.60924181860973,0
bg_636,85.56535004152133,28.01261384161153,45.8900032043457,3488.0,193.36032104492188,0.5572905540466309,30.0,4.835017204284668,8409.102211294616,349.85711369071805,14.9069741559324,0
bg_637,85.89952332721379,27.98485589933224,32.544342041015625,3657.0,239.5140380859375,0.6272401213645935,30.0,4.106739044189453,6137.768324073499,42.42640687119285,15.49097893976037,0
bg_638,85.66802747849619,27.81237936478129,23.132246017456055,1260.0,189.86729431152344,0.725345253944397,10.0,4.6042256355285645,9402.691104146727,60.0,14.761529821549512,0
bg_639,85.72327386846955,27.797018173422845,23.68222999572754,1329.0,355.2134094238281,0.4720545709133148,10.0,4.541873455047607,4380.0,42.42640687119285,14.921569069889474,0
bg_640,85.72084841720242,27.773572144507327,17.124656677246094,1375.0,356.5957946777344,0.49472472071647644,30.0,4.541873455047607,4650.0,30.0,15.663105295294926,0
bg_641,85.70845166628158,27.678710050504304,12.367634773254395,1149.0,215.70082092285156,0.3003310263156891,10.0,3.891842842102051,1500.0,0.0,15.024472760439638,0
bg_642,85.81409354369403,28.171615646900687,62.202308654785156,6293.0,244.1997833251953,0.01928640343248844,70.0,3.266342878341675,12091.191008333299,6407.721904077923,15.183048946914635,0
bg_643,85.88550960878153,27.64394524900888,12.391741752624512,1820.0,131.53607177734375,0.5033242106437683,10.0,4.343433856964111,8720.458703531598,0.0,15.922836810275912,0
bg_644,85.92728126949308,27.8350169099411,24.905223846435547,2825.0,228.51380920410156,0.721274197101593,10.0,4.941662311553955,4922.194632478484,947.2592042308166,15.482015712964353,0
bg_645,85.74159950026558,28.12256763238776,28.98689079284668,4073.0,164.63037109375,0.26797911524772644,30.0,3.7445425987243652,5834.595101633017,5190.086704478067,15.811980005949328,0
bg_646,85.64565942792161,28.028514022140445,36.94532775878906,2214.0,271.2333679199219,0.8522012829780579,10.0,4.772528171539307,6042.002979145243,708.0254232723568,14.900181251277717,0
bg_647,85.8507448072861,28.05869741568686,20.151899337768555,4484.0,131.42733764648438,0.21675698459148407,100.0,4.297876358032227,7466.143582867932,417.85164831552356,16.318586396483642,0
bg_648,85.74106051109511,27.79728766800808,11.833001136779785,1240.0,308.178466796875,0.570753812789917,10.0,4.541873455047607,2400.0,212.13203435596427,15.579674512133044,0
bg_649,85.59795888633487,27.82477611570214,21.05425262451172,1381.0,233.9336700439453,0.5914804339408875,10.0,4.647837162017822,2130.0,189.73665961010278,15.09226326810968,0
bg_650,85.62248289359133,27.80591149473563,21.42338752746582,1466.0,171.9563751220703,0.6040551066398621,10.0,4.497191429138184,4860.0,256.3201123595259,15.132255407109874,0
bg_651,85.9062606918447,27.812109870196053,38.508583068847656,1427.0,229.38099670410156,0.43816375732421875,30.0,4.941662311553955,1482.194319244275,218.40329667841553,14.50191264771984,0
bg_652,85.60469625096576,27.94631817364351,36.54373550415039,2411.0,153.57359313964844,0.8993144035339355,10.0,4.808651447296143,3330.5404966761776,361.2478373637689,14.677239507548064,0
bg_653,85.87742477122445,27.69380174727751,27.38454818725586,1908.0,-0.0,0.8284518718719482,10.0,4.840806007385254,6791.538853603062,192.09372712298546,14.981299223550087,0
bg_654,85.86960942825262,27.98916781269601,25.80162811279297,3999.0,260.3622741699219,0.24337433278560638,100.0,4.297876358032227,7772.084662431309,1142.3659658795864,15.930347518259051,0
bg_655,85.8499363235304,27.64394524900888,15.031488418579102,1746.0,131.53607177734375,0.48562783002853394,10.0,4.407373905181885,7263.718056202347,60.0,15.684532603382813,0
bg_656,85.76962693713011,27.889454816158743,40.84614562988281,1439.0,216.3802947998047,0.3148198425769806,30.0,5.343934535980225,810.0,120.0,14.316463804099044,0
bg_657,85.92970672076021,27.782734960405346,25.745431900024414,1049.0,340.03338623046875,0.7676088213920593,10.0,5.2163896560668945,3331.215994197915,240.0,14.307595196629528,0
bg_658,85.6591341571834,27.841754274571997,27.380767822265625,2250.0,194.3253173828125,0.4683670103549957,30.0,4.6042256355285645,6661.486320634458,60.0,15.28167721804342,0
bg_659,85.71114661213393,27.954942000371055,48.6474494934082,2762.0,232.21876525878906,0.8707597851753235,10.0,4.318940162658691,7446.1063650743,1320.340865079923,14.982015401991594,0
bg_660,85.4936644818486,27.969225213388558,46.231300354003906,3210.0,172.94046020507812,0.5461992621421814,10.0,4.546175479888916,7621.948569755637,366.1966684720111,14.971403115594654,0
bg_661,85.91757946442459,27.734764924233364,21.32851219177246,1417.0,242.86788940429688,0.6026582717895508,10.0,4.780183792114258,4947.7267507411925,212.13203435596427,15.262954288920797,0
bg_662,85.49123903058147,27.787855357524826,18.08573341369629,1683.0,340.3558044433594,0.746647298336029,10.0,4.618796348571777,8850.0,180.0,15.352369130196864,0
bg_663,85.7327061789528,27.98000499679799,23.487140655517578,3713.0,291.8712158203125,0.47133514285087585,10.0,4.318940162658691,6072.240113829492,1562.5939971726502,15.958626334955,0
bg_664,85.62140491525038,27.9169432638528,35.12285614013672,1429.0,157.00425720214844,0.42136406898498535,10.0,4.625964164733887,391.15214431215895,0.0,14.885380193138664,0
bg_665,85.97579029483553,27.816152288974592,47.07283020019531,2606.0,228.50885009765625,0.8344722986221313,10.0,4.383127212524414,8649.369919248453,335.4101966249685,14.701714687116361,0
bg_666,85.87769426580968,27.754168534370343,33.996620178222656,1264.0,327.1490478515625,0.6582084894180298,10.0,5.7190961837768555,582.494635168428,0.0,14.451265931385024,0
bg_667,85.71761448217958,27.966260772950964,44.21071243286133,3420.0,183.2401123046875,0.5261870622634888,30.0,4.318940162658691,7363.945953087923,874.642784226795,15.002538586878345,0
bg_668,85.89224697341243,27.71482232492591,42.2835807800293,1457.0,43.12908935546875,0.6423469185829163,10.0,4.780183792114258,5020.76687369569,84.8528137423857,14.309444969273637,0
bg_669,85.7620810887435,28.09534867927894,33.633941650390625,4212.0,211.60684204101562,0.28550297021865845,100.0,4.430944442749023,2874.52604789033,1682.4089871371943,15.818851453513476,0
bg_670,85.60227079969864,27.79270626005907,22.07207679748535,1228.0,263.1214904785156,0.4631771147251129,40.0,4.549545764923096,2596.6902010058884,0.0,14.693489161083908,0
bg_671,85.99411592663158,27.821272686094073,27.505029678344727,2916.0,209.48167419433594,0.7359520196914673,10.0,4.383127212524414,12786.09009822784,241.86773244895647,15.167751410867776,0
bg_672,85.61951845315373,28.034981892186106,25.54458999633789,3103.0,86.11575317382812,0.6233221292495728,10.0,4.772528171539307,6862.725406134214,2839.2428568194023,15.01878583041327,0
bg_673,85.70629570959969,27.858193444271386,33.317691802978516,1950.0,46.40513610839844,0.8126628994941711,10.0,4.696327209472656,5340.337068013591,30.0,14.904462550140128,0
bg_674,85.86017711776935,27.819925213167892,25.413331985473633,1586.0,8.86426067352295,0.7104647159576416,10.0,5.761692047119141,1273.1457104353767,192.09372712298546,14.95245211354361,0
bg_675,85.96339354391469,27.91263135048903,16.248464584350586,2957.0,70.53326416015625,0.844357967376709,10.0,4.404165267944336,3453.6502428589956,323.10988842807024,16.254082699513404,0
bg_676,85.8650280203036,27.8350169099411,29.9987735748291,1148.0,107.9648666381836,0.5016181468963623,10.0,5.761692047119141,254.5584412271571,218.40329667841553,14.741516155098651,0
bg_677,85.50336628691709,28.081604455431908,29.473867416381836,4665.0,166.86489868164062,0.1651502549648285,100.0,4.169457912445068,11615.735017638788,5719.388079156721,15.590084827827102,0
bg_678,85.8108596086712,28.083221422943325,21.841379165649414,4154.0,316.6336975097656,0.37253034114837646,30.0,4.129517078399658,5558.102194094672,30.0,16.454260147906854,0
bg_679,85.86260256903648,28.025819076288087,34.2209358215332,4162.0,358.4549560546875,0.3907739222049713,30.0,4.297876358032227,8185.823110720143,1194.361754243663,16.869534129648954,0
bg_680,85.85209228021228,27.843101747498178,27.324256896972656,2053.0,82.80060577392578,0.576937198638916,30.0,5.761692047119141,1946.9976887505543,655.2098900352466,15.194498108510304,0
bg_681,85.89009101673054,27.843640736668647,43.48078918457031,1824.0,225.5840606689453,0.45726141333580017,30.0,4.941662311553955,780.0,617.7378084592201,14.540849301129741,0
bg_682,86.00139228043294,27.878136043578838,21.187788009643555,3187.0,97.19709014892578,0.6880493760108948,10.0,4.215697765350342,8989.844270063859,60.0,15.923608394796982,0
bg_683,85.83107170256389,28.018812217071954,52.476078033447266,3183.0,103.66290283203125,0.34095197916030884,30.0,4.568583965301514,4884.475406837463,1291.394595001853,14.549459198126629,0
bg_684,85.70656520418491,27.71131889531784,15.515257835388184,1362.0,187.56964111328125,0.7395879030227661,10.0,3.891842842102051,2898.2235938588315,390.0,15.371562068317328,0
bg_685,85.99573289414299,27.787316368354354,6.529707908630371,1956.0,253.56947326660156,0.7480719685554504,10.0,4.674496173858643,13470.133629626695,90.0,16.65689314872174,0
bg_686,85.87769426580968,28.00749344449205,11.04064655303955,4223.0,354.60797119140625,0.16603198647499084,100.0,4.297876358032227,8949.70949249192,1412.869420717994,16.730105059305167,0
bg_687,85.59176051087444,27.837711855793458,13.796637535095215,1202.0,8.574633598327637,0.609808087348938,40.0,4.647837162017822,960.0,60.0,15.346828258620636,0
bg_688,85.82837675671152,27.88514290279497,32.333003997802734,2561.0,226.3306884765625,0.8533901572227478,10.0,5.7131733894348145,5587.575502845577,617.7378084592201,15.11555384738642,0
bg_689,85.77690329093147,27.925028101409875,36.5403938293457,1251.0,307.70819091796875,0.5438421964645386,10.0,4.774409770965576,30.0,234.30749027719963,14.333132324329497,0
bg_690,85.62436935568797,28.01584777663436,29.1878604888916,2886.0,79.98685455322266,0.838590681552887,10.0,4.772528171539307,4666.2297414508,1318.9768762188364,15.452259559713607,0
bg_691,85.88712657629294,27.982430448065113,35.67156982421875,3803.0,119.74415588378906,0.4515277147293091,30.0,3.8100929260253906,7170.5648313086185,540.8326913195983,16.19385382847947,0
bg_692,85.93833054748775,28.007223949906813,36.362483978271484,3637.0,264.9544982910156,0.384172648191452,10.0,4.106739044189453,3630.0,2575.985248404967,15.412598131874784,0
bg_693,85.50147982482044,28.071633155778184,29.20309829711914,4198.0,58.580726623535156,0.4343593716621399,100.0,4.541608810424805,12327.225965317582,4591.862367275396,15.6668646174075,0
bg_694,85.4982458897976,28.047648137692192,42.02149963378906,3712.0,85.87922668457031,0.37752702832221985,60.0,4.541608810424805,13765.554838073182,1898.5520798756088,15.258129547966648,0
bg_695,85.92377783988502,27.963835321683842,32.34849166870117,3245.0,79.69371032714844,0.4615730345249176,30.0,3.8100929260253906,2686.6335812685734,1092.0164833920778,15.177433970404175,0
bg_696,85.85505672064987,27.719673227460156,19.230405807495117,1649.0,151.84898376464844,0.7576444149017334,30.0,5.7190961837768555,3870.0,84.8528137423857,15.498304877052359,0
bg_697,85.61385906686378,28.115021784001154,20.7364559173584,4959.0,340.16314697265625,-0.05977563187479973,60.0,4.257054328918457,8550.0,3840.117185711915,16.388457467854767,0
bg_698,85.58448415707308,27.99374922064502,18.363910675048828,2692.0,12.762191772460938,0.8080552816390991,10.0,4.835017204284668,5821.932668796505,708.0254232723568,15.372330625889862,0
bg_699,85.78498812848855,27.786507884598645,35.68631362915039,1357.0,202.46694946289062,0.6459968686103821,10.0,5.361922740936279,2070.0,60.0,14.45239559201018,0
bg_700,85.56292459025421,27.864661314317043,24.596942901611328,1453.0,270.0,0.3734307289123535,10.0,5.103635787963867,1532.644772933376,42.42640687119285,14.931926404561105,0
bg_701,85.99007350785304,27.895653191619168,36.953712463378906,3205.0,42.978172302246094,0.8313102722167969,10.0,4.020069122314453,6957.154590779193,920.271699010678,15.139379077639814,0
bg_702,85.88443163044059,27.826393083213553,37.82427215576172,1443.0,196.43496704101562,0.4609557092189789,30.0,4.941662311553955,618.4658438426491,0.0,14.43140817295455,0
bg_703,85.51872747827552,27.81426582687794,14.658881187438965,1333.0,188.0442352294922,0.31378039717674255,30.0,4.804811000823975,5311.60992543692,90.0,15.206219405416334,0
bg_704,85.83457513217195,27.934999401063603,27.037607192993164,2618.0,239.5024871826172,0.7931970357894897,10.0,4.632851600646973,4955.088293865207,859.0692637965813,15.145239762775565,0
bg_705,85.8793112333211,27.891341278255396,26.46977996826172,2112.0,44.337730407714844,0.7813105583190918,10.0,4.586504936218262,1622.4980739587952,30.0,15.191885982397741,0
bg_706,85.800349319847,28.084568895869502,26.299619674682617,3973.0,349.3023376464844,0.7805460691452026,10.0,4.129517078399658,5141.915985311312,540.8326913195983,15.771952451893277,0
bg_707,85.95315274967572,27.880292000260724,31.353179931640625,2671.0,208.74549865722656,0.6737136244773865,10.0,4.586504936218262,4165.573189850348,390.0,15.253681796407108,0
bg_708,85.68150220775799,27.816421783559825,26.599746704101562,1230.0,260.69830322265625,0.7344305515289307,10.0,4.6042256355285645,9074.739665687386,60.0,14.572009084013747,0
bg_709,85.65509173840486,27.898887126642,24.812158584594727,1982.0,240.64651489257812,0.6603609323501587,10.0,4.5489630699157715,3103.9490975207696,134.1640786499874,15.237523217806045,0
bg_710,85.59310798380062,27.958175935393886,29.866060256958008,2806.0,59.50783920288086,0.7900463342666626,10.0,4.808651447296143,4498.99988886419,169.7056274847714,15.47200067209054,0
bg_711,85.79522892272752,27.946048679058272,25.357656478881836,1664.0,22.74639892578125,0.596256673336029,30.0,4.312197685241699,420.0,120.0,15.115073198236773,0
bg_712,85.67287838103043,27.79486221674096,25.146953582763672,935.0,210.4479522705078,0.5065037608146667,10.0,4.263062000274658,8048.782516629456,270.0,15.061172445744699,0
bg_713,85.73809607065752,27.77006871489926,25.757497787475586,1311.0,80.3431167602539,0.7404712438583374,10.0,4.541873455047607,2732.636089932211,296.98484809834997,15.004922057028457,0
bg_714,85.50767820028085,28.058966910272098,39.67334747314453,3566.0,95.60004425048828,0.7453747391700745,10.0,4.541608810424805,14491.273235985856,3381.626827430845,15.270979167702812,0
bg_715,85.85128379645657,27.695149220203692,21.757720947265625,1968.0,13.240299224853516,0.8149810433387756,10.0,4.840806007385254,6600.0,603.7383539249432,15.349859187400265,0
bg_716,85.81328505993832,27.92017719887563,15.361621856689453,2886.0,199.4770050048828,0.48547524213790894,10.0,4.945862293243408,3502.941620980858,976.7292357659824,15.340722284092202,0
bg_717,85.92862874241926,27.729375032528644,22.948760986328125,1770.0,263.4140930175781,0.823966920375824,10.0,4.780183792114258,6288.346364506332,30.0,15.34579132186173,0
bg_718,85.57316538449317,27.771685682410673,23.28713607788086,979.0,121.77275085449219,0.6490250825881958,10.0,4.549545764923096,766.6159403508383,161.55494421403512,14.319353438256202,0
bg_719,85.79630690106846,27.959523408320067,40.036956787109375,1737.0,290.2916259765625,0.507043719291687,10.0,4.312197685241699,90.0,120.0,14.54429723630616,0
bg_720,85.74914534865218,27.929879003944123,6.27341365814209,2668.0,90.0,0.7647402286529541,10.0,4.774409770965576,2442.0073709962467,305.9411708155671,16.789562440020738,0
bg_721,85.71384155798629,27.706737487368834,21.525861740112305,1382.0,232.00369262695312,0.7556423544883728,10.0,3.891842842102051,3120.288448204749,60.0,15.07054628405085,0
bg_722,85.51064264071844,27.99051528562219,37.95906448364258,2464.0,144.02249145507812,0.8946244716644287,10.0,4.541608810424805,7651.646881554323,201.24611797498108,15.442764158752524,0
bg_723,85.57909426536835,27.812109870196053,24.08717155456543,870.0,244.24526977539062,0.37078920006752014,10.0,4.647837162017822,30.0,42.42640687119285,14.569996557084774,0
bg_724,85.54271249636152,27.818038751071242,29.063501358032227,1675.0,158.76055908203125,0.6607456803321838,10.0,4.967405796051025,3097.127701597078,30.0,15.084886832445886,0
bg_725,85.45431827240415,27.836903372037753,26.655847549438477,1957.0,61.0716667175293,0.8332749605178833,10.0,4.804811000823975,9849.964466940984,42.42640687119285,15.370352776306751,0
bg_726,85.67988524024656,28.1303829753596,35.604042053222656,4784.0,185.88558959960938,0.10670340061187744,60.0,3.9022998809814453,8010.954999249466,10336.600021283593,15.714645472318159,0
bg_727,85.78956953643757,27.78569940084294,32.725242614746094,1466.0,220.9117889404297,0.6232464909553528,10.0,6.054154872894287,2580.0,30.0,14.41949599397862,0
bg_728,85.83134119714911,27.904816007517187,34.057559967041016,2386.0,169.06544494628906,0.7680297493934631,10.0,4.945862293243408,6132.046966552033,0.0,15.073898564086162,0
bg_729,85.84346845348473,27.948743624910634,18.179651260375977,2739.0,189.6371612548828,0.850439190864563,10.0,4.01486349105835,5270.787417454815,1041.393297462587,15.532376864747917,0
bg_730,85.51199011364463,27.914248318000443,28.807952880859375,1792.0,34.49238586425781,0.6535775065422058,10.0,4.496346950531006,3481.6806286619685,174.92855684535903,14.805706695902051,0
bg_731,85.58879607043684,27.882717451527846,21.5615234375,1506.0,30.651302337646484,0.5560253858566284,10.0,5.267827987670898,1531.1760186209815,218.40329667841553,15.047188010091839,0
bg_732,85.76342856166968,27.998061134008793,24.330514907836914,3292.0,333.5119323730469,0.8170585632324219,10.0,4.903069972991943,2232.9352879114076,189.73665961010278,15.693275993345525,0
bg_733,85.5944554567268,27.959792902905303,36.505863189697266,2755.0,138.04261779785156,0.8259994983673096,10.0,4.808651447296143,4332.585832963959,403.6087214122113,15.12517903921228,0
bg_734,85.67719029439421,28.115021784001154,19.396150588989258,4025.0,97.92823028564453,0.6099249720573425,30.0,4.347579002380371,9477.151470774328,8895.088532443058,16.25175463328773,0
bg_735,86.03507910358742,27.888107343232566,9.750375747680664,3962.0,253.58392333984375,0.2647058963775635,30.0,4.176967620849609,11490.979070557913,1470.9180806557515,16.658195511008373,0
bg_736,85.68877856155935,27.785968895428176,34.91646957397461,1203.0,213.39926147460938,0.7505577802658081,10.0,4.263062000274658,7806.747081851698,241.86773244895647,14.36461835912475,0
bg_737,85.91299805647559,27.9417367656945,17.632938385009766,2373.0,48.541812896728516,0.8358974456787109,10.0,3.8100929260253906,2286.5038814749473,1132.0777358467924,15.83062382386701,0
bg_738,85.71977043886147,28.027975032969973,41.71500015258789,3644.0,199.21722412109375,0.39516130089759827,30.0,4.635933876037598,4836.238207532792,283.0194339616981,15.239969144723641,0
bg_739,85.63838307412024,28.034173408430398,39.61858367919922,2068.0,85.51380157470703,0.8594420552253723,10.0,4.772528171539307,6601.090818948032,833.5466393669882,14.974121150722517,0
bg_740,85.94937982548242,27.894036224107754,32.683101654052734,2654.0,329.0780334472656,0.6325300931930542,10.0,4.404165267944336,3416.577234601905,1030.9704166463748,13.900485394186044,0
bg_741,85.60819968057383,28.149517090911345,35.41383743286133,5314.0,204.40184020996094,-0.08017707616090775,70.0,3.858997106552124,4734.395420748039,4023.1331074176505,15.830944400941704,0
bg_742,85.91757946442459,27.980274491383227,24.022397994995117,3950.0,199.20932006835938,0.2969454228878021,30.0,3.8100929260253906,4108.576395784798,531.6013544000805,15.711882221804894,0
bg_743,85.84104300221762,27.812918353951762,11.181617736816406,2205.0,10.671441078186035,0.7936703562736511,10.0,5.761692047119141,3386.945526577007,551.5432893255071,15.692668601545645,0
bg_744,85.6831191752694,28.14978658549658,40.91164016723633,5658.0,77.0465087890625,-0.02072080969810486,70.0,3.9022998809814453,6066.976182580578,11582.37022374954,14.900620740546374,0
bg_745,85.84104300221762,27.720212216630625,25.41480827331543,1443.0,254.18399047851562,0.49095675349235535,10.0,5.7190961837768555,3621.06337972701,216.33307652783935,14.80241892938515,0
bg_746,85.56750599820322,27.767643263632138,40.412845611572266,1213.0,81.25161743164062,0.6507390737533569,30.0,4.549545764923096,1539.3829932801,90.0,14.15735594674718,0
bg_747,85.61574552896043,27.810223408099404,23.602922439575195,1483.0,321.0769958496094,0.7687991261482239,10.0,4.497191429138184,4110.0,90.0,14.955371303276971,0
bg_748,85.55564823645284,28.017464744145776,32.87514114379883,3082.0,298.4166564941406,0.6129496097564697,10.0,4.726099014282227,8910.0,1418.9080308462562,15.808193431670496,0
bg_749,85.83161069173435,28.044414202669362,49.46505355834961,4504.0,245.462890625,0.044234953820705414,100.0,4.568583965301514,5011.077728393364,870.5170877128145,15.521647236022408,0
bg_750,85.99842783999534,27.78758586293959,19.988828659057617,2000.0,220.83961486816406,0.4641547203063965,30.0,4.674496173858643,13170.034168520597,305.9411708155671,15.29097924996515,0
bg_751,85.94291195543677,27.94631817364351,37.27280044555664,1904.0,181.3797149658203,0.3108702003955841,30.0,3.8100929260253906,60.0,324.4996147917591,14.771853813584968,0
bg_752,85.82110040291016,28.18643784908866,20.51214027404785,5840.0,174.36569213867188,-0.03496348857879639,70.0,3.266342878341675,11116.204388189344,7959.560289362723,16.563249671836886,0
bg_753,85.62706430154034,27.870590195192232,23.063114166259766,1592.0,37.021507263183594,0.5834512114524841,30.0,4.559855937957764,1874.459922217597,30.0,14.902145476143152,0
bg_754,85.58232820039119,27.813187848536998,16.117067337036133,955.0,153.6809844970703,0.347648561000824,30.0,4.647837162017822,400.24992192379,30.0,14.620856770928679,0
bg_755,85.76720148586298,27.7636008448536,22.031404495239258,856.0,32.853233337402344,0.456825315952301,40.0,5.361922740936279,360.0,30.0,14.638135684142211,0
bg_756,85.70602621501445,28.159218895979837,52.667823791503906,5324.0,229.1299285888672,0.040586795657873154,60.0,3.7445425987243652,6664.322921347674,10840.009225088326,15.215665293572604,0
bg_757,86.02160437432563,27.85253405798143,41.42972183227539,3362.0,275.2620544433594,0.6983283758163452,10.0,4.176967620849609,12469.214089107621,2821.4358046923558,15.15220116074456,0
bg_758,85.6974023882869,27.808606440587987,19.394304275512695,1593.0,15.065933227539062,0.5690561532974243,10.0,4.6042256355285645,7260.061983206479,67.0820393249937,15.316275960897805,0
bg_759,85.87985022249157,27.71859524911921,48.729774475097656,1522.0,105.65960693359375,0.6913483738899231,10.0,4.780183792114258,4118.3127613137885,283.0194339616981,14.36395269498443,0
bg_760,85.57047043864081,28.017464744145776,33.44133377075195,3634.0,48.56180191040039,0.40567830204963684,10.0,4.835017204284668,8445.572804730298,362.49137920783716,15.896965685863204,0
bg_761,85.83861755095049,27.824506621116903,25.654512405395508,1896.0,82.25198364257812,0.5079026222229004,10.0,5.761692047119141,3166.385952470103,313.20919526731655,15.187275604541128,0
bg_762,85.66425455430289,28.150056080081818,26.379945755004883,5322.0,268.1296081542969,-0.06104259565472603,70.0,3.9022998809814453,5583.950214677778,10177.961485484213,16.59392059969295,0
bg_763,85.83322765924576,27.651491097395482,15.386483192443848,1764.0,180.0,0.5666514039039612,10.0,4.39320707321167,8040.0,108.16653826391968,15.6774675627315,0
bg_764,85.72839426558902,27.998061134008793,33.01363754272461,3684.0,310.37322998046875,0.6529666185379028,10.0,4.635933876037598,5876.401960383581,189.73665961010278,15.71732832850678,0
bg_765,85.88335365209964,27.85388153090761,48.540855407714844,1348.0,239.0131072998047,0.459122896194458,10.0,4.586504936218262,30.0,331.36083051561786,13.848090357297222,0
bg_766,85.52169191871312,27.860618895538508,38.94667434692383,1285.0,274.5950622558594,0.6770592331886292,10.0,5.103635787963867,1899.7368238785077,210.0,14.41406366055355,0
bg_767,85.5313937237816,28.09966059264271,62.01397705078125,4674.0,84.07505798339844,0.11000383645296097,70.0,4.3097357749938965,12199.823769218963,4710.859794135249,14.645766170812985,0
bg_768,85.93617459080586,27.85657647675997,30.75722312927246,2223.0,330.5103454589844,0.81468665599823,10.0,4.586504936218262,4016.080178482496,371.0795063055894,15.225899622241219,0
bg_769,85.86179408528078,28.057888931931153,24.84221076965332,4119.0,143.53451538085938,0.33138543367385864,30.0,4.297876358032227,8617.105082334785,60.0,15.840899167846153,0
bg_770,85.80061881443223,28.005067993224927,23.69110107421875,2893.0,298.6593017578125,0.8115453124046326,10.0,4.568583965301514,1168.4605256490267,488.3646178829912,15.832390780537818,0
bg_771,85.85263126938275,27.845796693350536,26.352245330810547,2052.0,93.74734497070312,0.7165883183479309,10.0,5.761692047119141,2082.786594925174,536.6563145999496,15.091358762714622,0
bg_772,85.91299805647559,27.923950123068934,45.18736267089844,2164.0,123.14749908447266,0.39746683835983276,30.0,4.404165267944336,1188.696765369537,174.92855684535903,14.581484941379067,0
bg_773,85.58610112458449,28.11205734356356,34.261024475097656,3957.0,70.56657409667969,0.44284820556640625,60.0,4.263921737670898,9354.036561827199,797.1198153351854,15.576190444594747,0
bg_774,85.72489083598096,27.93257394979648,28.67429542541504,3205.0,283.69732666015625,0.8214706182479858,10.0,4.452770709991455,4975.479876353637,371.0795063055894,15.58334064755623,0
bg_775,85.82864625129676,27.826123588628317,15.378475189208984,2447.0,93.37413024902344,0.8265676498413086,10.0,6.791383266448975,4245.291509425471,0.0,15.132856632585018,0
bg_776,85.89763686511714,27.67062521294723,42.80296325683594,2035.0,235.98980712890625,0.8024365901947021,10.0,4.370652198791504,9800.454071113236,553.1726674375732,14.680394412806486,0
bg_777,85.73378415729374,27.8455271987653,14.231230735778809,1630.0,16.782655715942383,0.556117832660675,30.0,4.7904558181762695,2712.802978470792,42.42640687119285,15.881486327173445,0
bg_778,85.87526881454257,27.659306440367324,9.385099411010742,1827.0,264.3794250488281,0.5605875253677368,30.0,4.407373905181885,10602.273341128306,67.0820393249937,15.936581327514055,0
bg_779,85.95719516845426,27.90131257790912,22.994375228881836,2470.0,304.90350341796875,0.8080424666404724,10.0,4.404165267944336,3476.5068675324087,750.0,15.339191439158567,0
bg_780,85.51091213530368,27.97165066465568,31.176979064941406,2888.0,88.46695709228516,0.773665189743042,10.0,4.546175479888916,6151.828996322964,872.066511224918,15.633365706273791,0
bg_781,85.8251428216887,27.668469256265343,20.36729621887207,1891.0,259.95538330078125,0.4866163432598114,50.0,4.813807010650635,7661.050841757938,42.42640687119285,15.43976271397248,0
bg_782,85.7612726049878,28.003181531128273,21.49540138244629,2981.0,19.019329071044922,0.8450930714607239,10.0,4.903069972991943,2255.3935355055,429.5346318982906,15.840170229477904,0
bg_783,85.52250040246882,27.8207336969236,30.739578247070312,1533.0,252.57691955566406,0.5441734790802002,10.0,4.967405796051025,4500.399982223802,90.0,14.961376361256802,0
bg_784,85.4839626767801,27.95682846246771,38.06132125854492,2962.0,110.57626342773438,0.8763704895973206,10.0,4.546175479888916,7973.117332637216,268.3281572999748,15.320239397426642,0
bg_785,85.85640419357605,27.649335140713596,23.900068283081055,1904.0,189.49468994140625,0.5523329377174377,10.0,4.407373905181885,7978.872100742059,67.0820393249937,15.59999902365364,0
bg_786,85.5591516660609,28.116908246097807,56.051490783691406,4306.0,225.77732849121094,0.2559858560562134,100.0,4.3097357749938965,9224.012142229649,1988.617610301186,15.149235206246688,0
bg_787,85.83996502387667,27.68814236098756,17.96638298034668,2074.0,176.76817321777344,0.6970113515853882,30.0,4.840806007385254,6759.127162585418,42.42640687119285,15.668573624507822,0
bg_788,85.92323885071454,27.868434238510346,37.65583801269531,1786.0,71.65917205810547,0.6280027627944946,60.0,4.586504936218262,2082.1383239352763,123.69316876852982,14.650019200458386,0
bg_789,85.86179408528078,28.101277560154127,36.97817611694336,4997.0,316.9672546386719,-0.09152624756097794,60.0,3.896871328353882,10936.553387607999,2824.6238687655386,15.218614673925913,0
bg_790,85.77339986132341,27.820194707753128,26.731855392456055,985.0,258.8809814453125,0.5652714967727661,10.0,5.8279619216918945,300.0,30.0,14.47585056696226,0
bg_791,85.91138108896416,28.00075607986115,44.77035903930664,3581.0,33.67245864868164,0.43170398473739624,10.0,4.106739044189453,6045.800195176814,1703.9366185395513,15.65010426427064,0
bg_792,85.64538993333638,27.894575213278227,30.232717514038086,1399.0,218.94473266601562,0.7803636193275452,10.0,4.625964164733887,2394.3683927081897,182.48287590894657,14.462733116706378,0
bg_793,85.59903686467581,27.890802289084924,23.6359920501709,1557.0,152.590087890625,0.32216715812683105,10.0,5.267827987670898,1344.6560898608982,42.42640687119285,15.133624823643139,0
bg_794,85.47776430131968,28.09777413054606,52.67818832397461,5070.0,210.241943359375,0.02683732472360134,60.0,4.169457912445068,8412.419390401314,7759.568286960299,15.17007699229074,0
bg_795,85.84265996972903,27.88891582698827,32.23577117919922,2292.0,57.37937927246094,0.66690593957901,10.0,5.2028632164001465,4368.065933568311,123.69316876852982,15.106454698777654,0
bg_796,85.6847361427808,28.06866871534059,45.272682189941406,3966.0,225.12889099121094,0.34060993790626526,100.0,4.758371829986572,7260.0,4207.921101921946,15.184331344422532,0
bg_797,85.69282098033788,27.81749976190077,35.630802154541016,1593.0,264.8168029785156,0.5775753259658813,10.0,4.6042256355285645,7836.66383099339,30.0,14.707936467316108,0
bg_798,85.57801628702741,27.84876113378813,28.53714942932129,1106.0,65.37019348144531,0.7684813737869263,10.0,5.267827987670898,351.14099732158877,134.1640786499874,14.74033339477628,0
bg_799,85.85694318274652,27.850108606714308,18.058292388916016,1868.0,72.66887664794922,0.30434781312942505,30.0,5.2028632164001465,2066.518811915343,30.0,15.56242023022804,0
bg_800,85.66560202722907,27.927723047262237,10.3036527633667,1671.0,191.62823486328125,0.5510541796684265,30.0,4.5489630699157715,2919.2636057745794,120.0,16.65754793318402,0
bg_801,85.9604291034771,27.83905932871964,11.321707725524902,3063.0,27.20494842529297,0.7485148310661316,10.0,4.941662311553955,7303.382777863968,750.0,16.2493189694291,0
bg_802,85.5755908357603,28.11286582731927,28.023595809936523,4351.0,90.0,0.23965175449848175,70.0,4.263921737670898,9310.735738919884,323.10988842807024,16.10420973641116,0
bg_803,85.79576791189798,27.84741366086195,34.019195556640625,1444.0,102.46470642089844,0.7476987242698669,10.0,6.791383266448975,2346.9128658729533,42.42640687119285,14.570606228526904,0
bg_804,85.81651899496114,27.701617090249353,24.416086196899414,1674.0,297.61761474609375,0.52173912525177,10.0,4.813807010650635,4025.481337678763,0.0,15.125754608898445,0
bg_805,85.64592892250685,28.06462629656205,35.176788330078125,3297.0,38.65778732299805,0.580920934677124,10.0,4.772528171539307,10036.020127520671,2970.1515112869242,16.05398818967058,0
bg_806,85.92701177490785,27.92934001477365,17.76958465576172,2020.0,66.16595458984375,0.6172695159912109,10.0,4.404165267944336,241.86773244895647,30.0,15.43081937031375,0
bg_807,85.89979282179902,27.650143624469305,25.147489547729492,1844.0,-0.0,0.8513991832733154,10.0,4.343433856964111,10228.988219760544,254.5584412271571,15.189930096794034,0
bg_808,85.72084841720242,27.946048679058272,34.04227828979492,2777.0,257.5462951660156,0.8215960264205933,10.0,4.318940162658691,6050.7850730297805,890.9545442950498,15.259538294781375,0
bg_809,85.51872747827552,27.887568354062093,25.44623374938965,1235.0,215.26487731933594,0.7235004901885986,30.0,4.607892036437988,2100.214274782457,42.42640687119285,14.893531270307863,0
bg_810,85.72246538471383,28.103433516836013,29.645244598388672,4752.0,91.62989807128906,-0.07430590689182281,100.0,4.176478385925293,4747.68364573715,4817.686166615671,15.935299286733729,0
bg_811,85.77959823678384,27.903738029176242,29.980405807495117,1607.0,327.3313293457031,0.7792574763298035,10.0,4.774409770965576,994.0824915468535,174.92855684535903,14.83948031658908,0
bg_812,85.78822206351138,28.126071061995827,27.617937088012695,4553.0,188.06723022460938,0.2835303246974945,30.0,3.9751100540161133,7234.542141697704,2913.863414781139,15.565858539595947,0
bg_813,85.76315906708444,27.833399942429686,37.8597412109375,1469.0,113.30722045898438,0.7103419899940491,10.0,5.8279619216918945,618.4658438426491,180.0,14.377195656582135,0
bg_814,85.72030942803195,28.014500303708182,18.34929847717285,3229.0,250.02288818359375,0.3696710169315338,10.0,4.635933876037598,5814.894668005603,624.2595614005444,16.51392098961394,0
bg_815,85.50633072735468,27.96437431085431,34.79597091674805,2872.0,63.730224609375,0.7917585372924805,10.0,4.546175479888916,6124.9979591833335,1046.5658125507446,15.255429494163865,0
bg_816,85.69821087204261,27.952247054518697,28.36144256591797,2861.0,212.898681640625,0.8823787569999695,10.0,4.595747470855713,6330.0,1273.4991166074674,15.482999880829528,0
bg_817,85.8830841575144,27.830974491162564,33.793697357177734,1714.0,298.92962646484375,0.7444035410881042,10.0,4.941662311553955,798.8116173416608,30.0,14.769268194270575,0
bg_818,85.68797007780364,28.139815285842854,41.02757263183594,5634.0,209.02841186523438,-0.03539248928427696,70.0,3.9022998809814453,7299.376685717761,10398.711458637556,15.678840566814696,0
bg_819,85.52169191871312,28.072172144948656,37.00737762451172,4307.0,86.30596160888672,0.25999999046325684,100.0,4.726099014282227,14182.513881537363,5397.08254522756,15.525785319988161,0
bg_820,85.82002242456922,27.889993805329215,20.02471351623535,2730.0,315.2882080078125,0.8326693177223206,10.0,5.7131733894348145,5724.028301816825,516.1395160225576,15.959028014606833,0
bg_821,85.67045292976331,27.792975754644306,25.063894271850586,1036.0,78.01335144042969,0.5620161890983582,10.0,4.263062000274658,7778.335297478505,42.42640687119285,14.805186018239581,0
bg_822,85.46455906664312,27.802408065127562,16.912220001220703,2113.0,142.9957733154297,0.8336790204048157,10.0,4.618796348571777,10626.81984414905,60.0,15.692765983689027,0
bg_823,85.68581412112175,27.82477611570214,32.839141845703125,1419.0,298.45941162109375,0.5909219980239868,10.0,4.6042256355285645,8506.04490935711,0.0,14.609605685845105,0
bg_824,85.67126141351902,28.064895791147286,35.6038703918457,3459.0,185.8820343017578,0.5734900832176208,30.0,4.758371829986572,8760.0,4137.934267240117,14.986546705052053,0
bg_825,85.84858885060422,27.675476115481473,29.30136489868164,2008.0,348.7303771972656,0.8024590015411377,10.0,4.840806007385254,8454.306594866312,0.0,15.174046748843585,0
bg_826,85.69928885038355,27.86034940095327,26.259992599487305,2166.0,105.21780395507812,0.8193963170051575,10.0,4.696327209472656,6120.0,108.16653826391968,15.078480497596932,0
bg_827,85.82029191915444,27.982160953479877,26.283878326416016,2512.0,285.2014465332031,0.7528743743896484,10.0,4.312197685241699,2280.0,844.8076704197234,15.367219454509879,0
bg_828,85.57801628702741,27.974615105093275,35.38528060913086,2925.0,301.6136169433594,0.819457471370697,10.0,4.808651447296143,4697.658991455211,465.72524088780074,15.342408404049229,0
bg_829,85.81678848954638,28.003181531128273,43.129859924316406,3024.0,142.64639282226562,0.5923816561698914,30.0,4.568583965301514,2568.9881276487054,1082.081327812286,15.128892242449977,0
bg_830,85.77124390464152,27.784621422501996,31.255966186523438,1118.0,295.25994873046875,0.6290030479431152,10.0,5.361922740936279,540.0,42.42640687119285,14.880178212866182,0
bg_831,85.80250527652888,28.052499040226436,45.777042388916016,3484.0,228.571044921875,0.2895062565803528,30.0,4.568583965301514,2397.185850116757,1697.586522095413,15.037782050409296,0
bg_832,85.86287206362171,27.82666257779879,21.059789657592773,1149.0,22.351686477661133,0.7658506035804749,10.0,5.761692047119141,516.1395160225576,247.38633753705963,14.911095773737598,0
bg_833,86.01675347179139,27.896461675374876,31.235916137695312,3499.0,318.3621520996094,0.5483588576316833,10.0,4.051556587219238,9288.234493163918,870.0,15.512246284728588,0
bg_834,85.55672621479378,27.996983155667852,33.796756744384766,2724.0,322.9462585449219,0.8381875157356262,10.0,4.726099014282227,6630.0,90.0,15.136359388090883,0
bg_835,85.69120401282647,28.136581350820023,15.362433433532715,5475.0,249.2971649169922,-0.0219449233263731,70.0,3.9022998809814453,7773.705680047322,9889.812940597007,16.351421335471578,0
bg_836,85.64592892250685,28.026897054629032,51.31086730957031,2257.0,272.972412109375,0.6548712253570557,10.0,4.772528171539307,5869.045919057033,845.3401682163222,14.519522320205677,0
bg_837,85.50848668403657,27.9808134805537,27.90371322631836,2706.0,11.986983299255371,0.6986156702041626,10.0,4.546175479888916,7024.16543085369,823.7718130647589,15.288954948076443,0
bg_838,85.81220708159738,28.138467812916677,3.704791784286499,5150.0,180.0,-0.08026617765426636,70.0,3.67387318611145,9934.349500596403,2952.3719277895866,18.189550109858267,0
bg_839,85.66614101639954,27.72371564623869,28.332717895507812,978.0,352.202880859375,0.6511948108673096,10.0,4.0218892097473145,885.889383614004,30.0,14.433871880334783,0
bg_840,85.94075599875488,27.99186275854837,31.60216522216797,2900.0,206.5478973388672,0.5783184170722961,10.0,4.106739044189453,2809.4483444263574,872.066511224918,15.024110362110154,0
bg_841,85.64592892250685,28.13226943745625,34.48321533203125,4814.0,61.877201080322266,-0.07418596744537354,60.0,3.7368857860565186,7174.517405372992,7625.49014818064,15.91414915323352,0
bg_842,85.56319408483944,28.13604236164955,46.25981521606445,4857.0,338.3517761230469,-0.10195521265268326,60.0,4.091997146606445,7058.229239688946,1148.6513831445989,15.855289684522372,0
bg_843,85.73674859773134,27.900773588738648,27.15178680419922,2108.0,145.1494903564453,0.6924444437026978,10.0,4.452770709991455,2401.6869071550523,180.0,15.195365616623713,0
bg_844,85.8281072621263,27.66550481582775,28.8809871673584,1858.0,183.79981994628906,0.4567243754863739,30.0,4.39320707321167,8115.374298207077,0.0,15.182092422387258,0
bg_845,85.55888217147567,27.96976420255903,33.7452392578125,2415.0,232.71524047851562,0.4651126563549042,30.0,4.987441062927246,3601.12482427366,30.0,15.09452894752985,0
bg_846,85.57774679244218,27.83717286662299,9.746249198913574,822.0,286.4233703613281,0.38461539149284363,80.0,4.647837162017822,0.0,30.0,14.946517055010688,0
bg_847,85.54379047470246,27.867625754754638,1.0490440130233765,984.0,270.0,0.6036239862442017,40.0,5.103635787963867,120.0,60.0,17.795814462035448,0
bg_848,85.69201249658218,27.842562758327706,15.327533721923828,1581.0,249.2454071044922,0.7793674468994141,10.0,4.6042256355285645,7159.951117151569,335.4101966249685,15.975321837741609,0
bg_849,85.97740726234696,27.871668173533177,41.19378662109375,3017.0,207.40576171875,0.8681226372718811,10.0,4.215697765350342,7014.869920390541,607.4537019394976,15.048390469723314,0
bg_850,85.7876830743409,28.04576167559554,41.14597702026367,2616.0,309.0424499511719,0.8379355072975159,10.0,4.903069972991943,680.147042925278,954.829827770373,15.081280710931457,0
bg_851,86.02349083642228,27.753899039785107,19.559703826904297,2765.0,24.322961807250977,0.8010563254356384,30.0,4.0183281898498535,11046.845703638663,953.4149149242422,15.877705982685038,0
bg_852,85.71060762296345,27.76279236109789,18.775115966796875,1223.0,-0.0,0.551345705986023,10.0,4.541873455047607,5864.213502252454,0.0,15.09113638970106,0
bg_853,85.71330256881582,27.770338209484496,20.398706436157227,1254.0,209.4701385498047,0.7235044836997986,10.0,4.541873455047607,5490.737655361072,218.40329667841553,15.032130885192881,0
bg_854,85.71680599842388,27.873285141044594,30.669090270996094,2563.0,169.32276916503906,0.47803783416748047,10.0,4.696327209472656,4170.0,254.5584412271571,15.289669595279706,0
bg_855,85.80223578194365,28.089958787574222,33.763973236083984,3708.0,307.25390625,0.40008899569511414,30.0,4.129517078399658,5777.00614505472,912.414379544733,15.570117829813324,0
bg_856,85.77744228010195,28.147091639644223,46.69518280029297,5716.0,143.9622039794922,-0.09722490608692169,70.0,3.9751100540161133,8882.128123372237,5420.793299877795,15.479057622520966,0
bg_857,85.86664498781502,28.05115156730026,12.92209243774414,3670.0,286.39263916015625,0.5175718665122986,30.0,4.297876358032227,8981.280532307184,234.30749027719963,16.590070035433016,0
bg_858,85.80924264115978,27.716978281607794,31.263174057006836,1485.0,285.4637145996094,0.7131456732749939,10.0,5.668778419494629,2135.9073013593074,180.0,14.635854052299823,0
bg_859,85.88200617917346,27.797018173422845,30.69258689880371,1366.0,99.41754913330078,0.4236453175544739,30.0,5.2163896560668945,1032.2790320451152,30.0,14.603099534130266,0
bg_860,85.56022964440184,27.86627828182846,18.746843338012695,1358.0,256.20306396484375,0.36688122153282166,40.0,5.103635787963867,1458.012345626744,210.0,15.140437745842322,0
bg_861,85.57397386824887,27.864661314317043,27.97661781311035,1374.0,111.45049285888672,0.5839598774909973,10.0,5.267827987670898,1519.0786681406596,123.69316876852982,15.639734624368637,0
bg_862,85.85397874230893,28.07298062870436,25.956361770629883,4468.0,101.50916290283203,-0.0028865979984402657,100.0,3.896871328353882,8428.23825007338,1356.6502865514017,16.468655498162338,0
bg_863,85.9687834356194,27.78569940084294,20.60462760925293,1431.0,317.05072021484375,0.7920541167259216,10.0,4.674496173858643,7680.0,283.0194339616981,15.194859249841944,0
bg_864,85.771782893812,28.085107885039974,47.38331985473633,2964.0,122.42453002929688,0.739130437374115,10.0,4.430944442749023,2539.3896904571384,150.0,15.331879405255798,0
bg_865,85.8566736881613,28.102625033080304,34.92079544067383,4531.0,305.4271240234375,-0.0006098800804466009,60.0,3.896871328353882,10612.030908360568,2382.120903732638,15.68952032054433,0
bg_866,85.94264246085153,27.906432975028604,27.755186080932617,1885.0,213.84466552734375,0.647274374961853,10.0,4.404165267944336,1926.0841103129426,30.0,15.090036716157286,0
bg_867,85.6507798250411,27.745544707642797,32.92089080810547,1317.0,325.5968322753906,0.6544128656387329,10.0,3.9692416191101074,2280.0,42.42640687119285,14.654074720230998,0
bg_868,85.7335146627085,27.81345734312223,26.450586318969727,1520.0,199.33502197265625,0.35534489154815674,30.0,4.7904558181762695,3289.756829919196,30.0,14.932759347248592,0
bg_869,85.79549841731276,27.85145607964049,20.99100112915039,1711.0,114.95484924316406,0.6791919469833374,10.0,5.7131733894348145,2394.3683927081897,192.09372712298546,15.305658579858909,0
bg_870,85.8898215221453,27.878136043578838,37.19606399536133,1266.0,146.2898712158203,0.5890195965766907,30.0,4.586504936218262,0.0,42.42640687119285,14.703495805344858,0
bg_871,85.66371556513242,27.846066187935772,49.94978713989258,2157.0,107.41926574707031,0.7394385933876038,10.0,4.6042256355285645,6683.000822983639,189.73665961010278,14.560040661807822,0
bg_872,85.74267747860652,27.882986946113082,28.294889450073242,1671.0,15.792820930480957,0.45138511061668396,10.0,4.696327209472656,1572.9272074701996,300.0,15.051098234908133,0
bg_873,85.69848036662785,28.05950589944257,40.51121139526367,4284.0,194.9296875,0.186216801404953,100.0,4.758371829986572,5741.297762701392,2399.437434066577,15.424548582931537,0
bg_874,85.51225960822987,27.903738029176242,16.356550216674805,2109.0,325.8260192871094,0.8253912925720215,10.0,4.496346950531006,2951.1523173160685,630.0,16.089438182112488,0
bg_875,85.61305058310808,27.909936404636667,18.51198387145996,1593.0,61.08802032470703,0.3060269057750702,30.0,4.625964164733887,888.4255736976509,30.0,15.480568226824015,0
bg_876,85.56373307400992,28.031208967992804,20.160139083862305,3625.0,87.47291564941406,0.7269779443740845,10.0,4.726099014282227,9960.948749993646,1113.642671596235,15.683580012629939,0
bg_877,85.48962206307006,28.04387521349889,28.447635650634766,4152.0,51.13671112060547,0.3144104778766632,100.0,4.541608810424805,13865.875378063947,1664.1213898030396,16.11806152079256,0
bg_878,86.00759065589337,27.86439181973181,30.115629196166992,3010.0,341.5981750488281,0.6177871823310852,10.0,4.215697765350342,10428.139814943028,798.8116173416608,15.821150842099788,0
bg_879,85.58825708126638,27.944701206132095,25.991151809692383,2301.0,295.5715026855469,0.8469592928886414,10.0,4.808651447296143,3456.255198911099,134.1640786499874,15.668954483047258,0
bg_880,85.82945473505247,27.759827920660296,10.992984771728516,821.0,180.0,0.7604790329933167,10.0,6.054154872894287,180.0,150.0,15.267380065584563,0
bg_881,85.62841177446651,27.9169432638528,55.377079010009766,1103.0,133.86477661132812,0.659069836139679,10.0,4.625964164733887,30.0,390.0,13.616422683987047,0
bg_882,85.85721267733176,27.9950966935712,29.2785701751709,3391.0,251.48292541503906,0.6804018020629883,10.0,4.297876358032227,6444.974786607005,161.55494421403512,15.615862288343202,0
bg_883,85.87796376039492,27.739076837597135,24.626121520996094,1045.0,274.0501403808594,0.7876901626586914,10.0,5.7190961837768555,1892.1416437465773,516.1395160225576,14.8083434329007,0
bg_884,85.53813108841251,27.91451781258568,12.252076148986816,1298.0,111.88325500488281,0.4497418701648712,30.0,5.221707344055176,870.0,60.0,15.229092213041657,0
bg_885,85.78337116097714,27.709971422391664,30.943567276000977,957.0,23.35877799987793,0.7971269488334656,10.0,4.292092323303223,1236.9316876852981,67.0820393249937,13.887808482498404,0
bg_886,85.75291827284549,27.68302196386808,20.59636878967285,1048.0,137.0776824951172,0.8057539463043213,10.0,4.292092323303223,973.4988443752771,60.0,14.645747786623772,0
bg_887,85.88443163044059,28.015308787463887,39.115055084228516,4336.0,40.841854095458984,0.0804123729467392,100.0,4.106739044189453,9365.815501065563,2131.9005605327843,15.4921757658506,0
bg_888,85.89116899507148,27.744466729301852,22.53350830078125,1501.0,12.733834266662598,0.539393961429596,10.0,4.780183792114258,2229.7085011274453,60.0,15.161444765276467,0
bg_889,85.92728126949308,27.938233336086434,36.66646194458008,1984.0,65.5978775024414,0.7711823582649231,10.0,3.8100929260253906,666.1080993352356,361.2478373637689,14.926369265899044,0
bg_890,85.90167928389567,27.909127920880962,20.67204475402832,2026.0,112.71371459960938,0.7501001358032227,10.0,4.404165267944336,1315.9027319676786,212.13203435596427,16.220020378187797,0
bg_891,85.56049913898708,28.053846513152617,38.039878845214844,3839.0,173.2682342529297,0.3968085050582886,100.0,4.726099014282227,11952.995440474324,3019.4370336206716,15.171683439712098,0
bg_892,85.89871484345808,27.9093974154662,58.75604248046875,2279.0,104.79354095458984,0.31012988090515137,30.0,4.404165267944336,1632.7277789025334,540.0,14.528879843781015,0
bg_893,85.67530383229756,27.7568634802227,42.750980377197266,827.0,58.30907440185547,0.6449182033538818,10.0,4.0218892097473145,4260.105632493166,210.0,14.234792983989573,0
bg_894,85.98468361614832,27.866008787243224,31.608463287353516,2529.0,178.29495239257812,0.8071412444114685,10.0,4.215697765350342,7969.504376057523,108.16653826391968,14.98104321979622,0
bg_895,85.78579661224425,27.7883943466953,28.841062545776367,1520.0,178.09585571289062,0.5641711354255676,30.0,5.361922740936279,2160.0,94.86832980505139,14.829853494137822,0
bg_896,85.87742477122445,28.096965646790352,43.194766998291016,4779.0,180.0,0.07490432262420654,100.0,3.896871328353882,11352.929137451709,2998.799759903952,15.442041997915116,0
bg_897,85.64646791167732,27.759019436904588,35.42392349243164,1305.0,191.87306213378906,0.6786318421363831,30.0,4.361113548278809,3652.245884384018,30.0,14.467276502093428,0
bg_898,85.64619841709208,27.729105537943408,7.451254844665527,842.0,188.0380401611328,0.2920667827129364,40.0,3.9692416191101074,615.5485358604958,67.0820393249937,15.702752850117252,0
bg_899,85.7087211608668,28.02312413043573,32.988704681396484,2866.0,261.39471435546875,0.7063572406768799,10.0,4.635933876037598,6149.414606285707,1524.1062955056645,15.106704096654328,0
bg_900,85.68177170234321,27.779501025382515,21.3170223236084,1094.0,5.380743503570557,0.4221463203430176,10.0,4.263062000274658,6802.3304830036,0.0,14.889310748584252,0
bg_901,85.89979282179902,27.72263766789775,22.999126434326172,1725.0,197.5526123046875,0.31293705105781555,30.0,4.780183792114258,4798.874868133154,360.0,15.25597206303176,0
bg_902,85.62409986110275,27.85900192802709,42.7755012512207,1481.0,242.94142150878906,0.6353244781494141,10.0,4.559855937957764,2524.460338369371,313.20919526731655,14.289957855036763,0
bg_903,85.65024083587062,28.14520517754757,53.70628356933594,5119.0,164.3563995361328,0.06734434515237808,60.0,3.7368857860565186,5850.0,8529.343468286408,15.22938625851613,0
bg_904,85.52061394037217,28.089958787574222,31.663131713867188,3994.0,199.10366821289062,0.28546231985092163,100.0,4.3097357749938965,12622.729498804925,5969.396954467009,15.925474961135814,0
bg_905,85.61170311018189,27.901582072494357,17.545608520507812,1289.0,166.60079956054688,0.7540951371192932,10.0,4.625964164733887,569.2099788303083,318.9043743820395,14.563247903046246,0
bg_906,85.82649029461487,28.120411675705874,21.86036491394043,4541.0,113.79652404785156,0.207337886095047,100.0,3.67387318611145,9777.28489919364,626.4183905346331,16.132059729605267,0
bg_907,85.51279859740033,28.11151835439309,19.852096557617188,5056.0,113.79827880859375,-0.07416621595621109,60.0,4.169457912445068,10351.78245521031,6925.063176607127,16.529566118807455,0
bg_908,85.72462134139572,27.949282614081103,49.77685546875,3220.0,244.0166473388672,0.8566761612892151,10.0,4.318940162658691,5823.710157622888,339.4112549695428,14.814437692725782,0
bg_909,85.5230393916393,27.811301386440345,34.00627136230469,1270.0,159.3502960205078,0.5663650035858154,10.0,4.967405796051025,5204.546089718104,42.42640687119285,14.487288635533298,0
bg_910,85.67665130522374,27.91882972594945,20.374502182006836,1865.0,290.4075622558594,0.4495578408241272,30.0,4.5489630699157715,4386.570414344218,182.48287590894657,15.487654622759978,0
bg_911,85.63541863368265,27.771416187825437,22.53375244140625,1327.0,347.26312255859375,0.7801088690757751,10.0,4.361113548278809,3844.3334922974623,150.0,14.977339642133288,0
bg_912,85.75642170245355,28.077562036653372,33.581687927246094,2921.0,167.22817993164062,0.6673474311828613,30.0,4.430944442749023,797.1198153351854,276.5863337187866,15.024313273973435,0
bg_913,85.8688009444969,27.63074001433232,31.718547821044922,1616.0,232.9580841064453,0.6319597363471985,10.0,4.407373905181885,6495.8833117598415,108.16653826391968,14.931590220323054,0
bg_914,85.84454643182568,28.062200845294928,35.17654037475586,4771.0,38.65713882446289,-0.06568285077810287,60.0,4.297876358032227,6960.581872228787,1051.7128885774862,15.553049835726423,0
bg_915,85.70629570959969,27.921255177216576,24.816823959350586,3232.0,348.5745544433594,0.7970924973487854,10.0,4.452770709991455,6256.27684809424,551.5432893255071,15.908835722299958,0
bg_916,85.80196628735841,28.190210773281958,42.56267166137695,6185.0,170.79339599609375,-0.07339563965797424,70.0,3.266342878341675,13231.22443313543,8741.12692963556,16.06096522717873,0
bg_917,85.80142729818795,27.72533261375011,43.9556999206543,1343.0,13.15566349029541,0.7032141089439392,10.0,5.668778419494629,947.2592042308166,234.30749027719963,14.095778055903017,0
bg_918,85.91757946442459,27.795131711326192,16.88315773010254,1582.0,295.2578430175781,0.5795860290527344,30.0,5.2163896560668945,1980.0,30.0,15.392337097895847,0
bg_919,85.55187531225954,28.11017088146691,25.826215744018555,3813.0,279.6270751953125,0.3719782829284668,30.0,4.3097357749938965,10193.380204819203,2724.0594707164523,15.77925480343225,0
bg_920,85.71411105257152,28.01072737951488,27.74700927734375,3187.0,349.963623046875,0.8527737855911255,10.0,4.635933876037598,6603.067468987426,848.5281374238571,16.26932616478907,0
bg_921,85.571817911567,27.956019978712,28.472257614135742,2016.0,241.47267150878906,0.8256732225418091,10.0,4.808651447296143,2574.0629362935165,702.9224708315988,15.267273326532672,0
bg_922,86.00408722628531,27.758210953148883,65.54833221435547,2135.0,281.0332336425781,0.8322295546531677,10.0,4.674496173858643,12966.94258489641,169.7056274847714,14.3668455907446,0
bg_923,85.91272856189035,27.791358787132893,16.342344284057617,1388.0,273.1647033691406,0.28190743923187256,30.0,5.2163896560668945,1440.0,42.42640687119285,15.429502430136127,0
bg_924,85.90814715394134,27.729375032528644,20.728689193725586,1836.0,340.228271484375,0.5967426896095276,10.0,4.780183792114258,4650.0,192.09372712298546,15.309529520199746,0
bg_925,85.78956953643757,27.85576799300426,44.477989196777344,1899.0,237.04226684570312,0.42888063192367554,10.0,5.7131733894348145,1988.617610301186,90.0,14.637162125653958,0
bg_926,85.49582043853047,27.951708065348228,23.68243980407715,2429.0,184.7934112548828,0.7640274167060852,10.0,4.546175479888916,6535.38828226755,271.66155414412253,15.52708172812502,0
bg_927,85.60146231594294,27.81830824565648,31.545761108398438,1272.0,212.4564208984375,0.7352442145347595,30.0,4.647837162017822,2520.0,150.0,14.661956746391125,0
bg_928,86.02349083642228,27.756054996466993,74.67436218261719,3021.0,221.81585693359375,0.22061799466609955,60.0,4.0183281898498535,10967.041533613337,1073.3126291998992,14.262210318506112,0
bg_929,85.77905924761336,27.90858893171049,17.688133239746094,1474.0,300.5036315917969,0.6286976933479309,10.0,4.774409770965576,930.0,296.98484809834997,15.152146951575418,0
bg_930,85.86314155820695,27.842023769157233,43.94575881958008,1533.0,132.20526123046875,0.4838709533214569,60.0,5.761692047119141,1008.4641788382966,42.42640687119285,14.528176229495854,0
bg_931,85.72947224392996,27.7959401950819,25.878141403198242,1109.0,42.76578903198242,0.6225773692131042,10.0,4.541873455047607,3690.0,30.0,14.564036581534838,0
bg_932,85.92108289403266,27.761175393586477,19.657926559448242,2109.0,17.894149780273438,0.7968184947967529,10.0,5.2163896560668945,3437.586362551492,84.8528137423857,15.587249361393187,0
bg_933,85.8545177314794,27.956558967882472,11.413673400878906,3469.0,344.19696044921875,0.7385717034339905,10.0,4.01486349105835,6201.370816198625,1051.7128885774862,15.932544864635343,0
bg_934,85.77366935590865,27.86115788470898,29.251358032226562,1517.0,288.5384521484375,0.5383665561676025,10.0,5.343934535980225,1124.499888839479,152.97058540778355,14.91102557501386,0
bg_935,85.78337116097714,28.040371783890823,38.83718490600586,2464.0,258.40057373046875,0.839820384979248,10.0,4.903069972991943,30.0,212.13203435596427,15.07842430013056,0
bg_936,85.78903054726709,27.971920159240916,60.42717361450195,1906.0,86.84056091308594,0.3656958043575287,30.0,4.540307521820068,644.1273166075166,1370.8391590555036,13.835169494704532,0
bg_937,85.76558451835157,27.701347595664117,35.18286895751953,968.0,340.2965393066406,0.6865164041519165,10.0,4.292092323303223,330.0,60.0,14.063388469395617,0
bg_938,85.57424336283411,27.799443624689967,2.7974884510040283,770.0,131.49551391601562,0.10691642761230469,80.0,4.549545764923096,0.0,180.0,17.555194386295494,0
bg_939,85.77313036673817,27.999947596105446,32.41328430175781,3068.0,67.5162353515625,0.6605132818222046,10.0,4.903069972991943,1140.3946685248927,774.2092740338364,15.277243589170963,0
bg_940,85.70602621501445,27.895653191619168,39.1241455078125,2934.0,140.91162109375,0.8196969628334045,10.0,4.452770709991455,5820.0,632.8506932918697,15.101873828092087,0
bg_941,85.62571682861416,28.119872686535402,31.699262619018555,4941.0,174.88490295410156,-0.107200488448143,60.0,3.7368857860565186,8030.255288594504,5177.064805466511,16.130762058253456,0
bg_942,85.73998253275417,27.842023769157233,19.965848922729492,1729.0,20.655031204223633,0.4089881181716919,30.0,4.7904558181762695,2446.977727728636,60.0,15.372578428596288,0
bg_943,85.64053903080213,27.75848044773412,18.3073787689209,1234.0,275.6155090332031,0.35143333673477173,10.0,4.361113548278809,3304.0883765420076,0.0,15.696424351032432,0
bg_944,85.45889968035317,27.813187848536998,36.70551300048828,2071.0,54.10820388793945,0.7930014729499817,10.0,4.804811000823975,10513.277319656321,30.0,14.831038408652983,0
bg_945,85.8108596086712,27.818577740241714,21.49186897277832,2151.0,198.98924255371094,0.7817703485488892,10.0,6.791383266448975,4195.283065539202,174.92855684535903,15.808345037303747,0
bg_946,85.57316538449317,27.980543985968463,25.811185836791992,2687.0,209.51779174804688,0.6140291094779968,10.0,4.808651447296143,5085.508824100102,296.98484809834997,15.390004663171535,0
bg_947,85.5154935432527,28.139006802087145,55.49671936035156,5165.0,237.71766662597656,0.028904708102345467,70.0,3.683410167694092,7889.771859819522,5607.111555872596,15.088038780087276,0
bg_948,85.79037802019327,27.99374922064502,33.187198638916016,1733.0,299.669189453125,0.5404937863349915,30.0,4.568583965301514,0.0,702.2819946431775,14.682825248860274,0
bg_949,85.67233939185996,27.86627828182846,25.899202346801758,2305.0,250.5255889892578,0.8274425268173218,10.0,4.626403331756592,6240.0,174.92855684535903,15.406356295136284,0
bg_950,85.89036051131578,27.709432433221192,20.24925994873047,1710.0,82.4355239868164,0.44889894127845764,30.0,4.370652198791504,5467.741764202109,180.0,15.51607007271435,0
bg_951,85.87985022249157,28.113135321904505,25.126312255859375,5585.0,101.95219421386719,-0.0759715810418129,70.0,3.7391419410705566,9875.788576108745,4796.717627711684,15.691782389937508,0
bg_952,85.52438686456549,28.11286582731927,33.236026763916016,4616.0,78.60166931152344,-0.0309570524841547,100.0,4.3097357749938965,11237.79337770543,5707.337382703076,15.768765648070863,0
bg_953,85.65428325464916,27.91829073677898,14.412514686584473,1581.0,266.3885498046875,0.5519596338272095,30.0,4.625964164733887,1913.6614120580473,60.0,15.840542703338265,0
bg_954,85.83161069173435,27.966799762121436,26.096460342407227,2630.0,256.6240539550781,0.824654757976532,10.0,4.312197685241699,3540.127116361784,218.40329667841553,15.497696107974098,0
bg_955,85.53220220753732,27.954403011200586,27.20993995666504,2027.0,86.3897476196289,0.8326522707939148,10.0,4.987441062927246,3102.208890452092,90.0,14.762003205001882,0
bg_956,85.93132368827162,27.927723047262237,41.39908981323242,1553.0,154.12371826171875,0.37937870621681213,30.0,4.404165267944336,0.0,150.0,14.510375557490036,0
bg_957,85.69928885038355,27.762253371927418,17.617582321166992,1201.0,311.5052490234375,0.6972757577896118,10.0,4.541873455047607,6411.442895323954,30.0,15.044229808132794,0
bg_958,85.93536610705016,27.847683155447186,34.01879119873047,2825.0,332.5419006347656,0.7310774922370911,30.0,4.941662311553955,4659.66737010272,1046.5658125507446,15.13412713060155,0
bg_959,85.63649661202359,28.062200845294928,41.29071807861328,3173.0,232.53607177734375,0.6409569382667542,10.0,4.772528171539307,9720.0,2855.678553338943,15.040634599642027,0
bg_960,85.60011484301675,28.033903913845162,29.62934112548828,2718.0,268.3690490722656,0.8439446091651917,10.0,4.835017204284668,7535.316848016412,1266.0568707605514,15.340895003292268,0
bg_961,85.74052152192463,28.117716729853512,22.582195281982422,3816.0,236.98094177246094,0.47598254680633545,30.0,3.7445425987243652,5324.55631954438,4969.597569220268,16.23959112450223,0
bg_962,85.6087386697443,27.911014382977612,29.50082015991211,1704.0,50.99130630493164,0.7642477750778198,10.0,5.441863059997559,1382.9316685939332,108.16653826391968,14.93572286678576,0
bg_963,85.523847875395,28.15571546637177,28.79175567626953,5662.0,110.69944763183594,-0.04841713234782219,70.0,4.091997146606445,5910.532970891881,4207.386362101774,16.268373884987902,0
bg_964,85.98252765946644,27.867895249339874,39.95994567871094,2657.0,135.6278076171875,0.7795275449752808,10.0,4.215697765350342,7677.948944868023,94.86832980505139,14.991967537226593,0
bg_965,85.47938126883109,27.79540120591143,19.501447677612305,1878.0,34.637420654296875,0.788286030292511,10.0,4.618796348571777,9885.716969446374,335.4101966249685,15.480572013045066,0
bg_966,85.5260038320769,28.098043625131297,38.44549560546875,4673.0,200.28700256347656,0.1567143201828003,60.0,4.3097357749938965,12443.202963867463,5310.0,15.417063294162695,0
bg_967,85.52196141329836,28.105589473517902,55.00350570678711,4845.0,31.78841781616211,-0.03241923078894615,60.0,4.3097357749938965,11558.762909585092,5808.622900481662,15.242699068586848,0
bg_968,85.9183879481803,27.806180989320865,23.184925079345703,1562.0,326.25518798828125,0.3910614550113678,30.0,4.941662311553955,2181.9715855161817,0.0,15.04009776444714,0
bg_969,85.59553343506775,27.93257394979648,24.61052703857422,2452.0,270.0,0.7937757968902588,10.0,5.441863059997559,3718.3060659391663,90.0,15.491583051253297,0
bg_970,85.68150220775799,27.828818534480675,18.113550186157227,1253.0,243.5522003173828,0.6802650094032288,30.0,4.6042256355285645,8757.79081732374,0.0,15.196956560071111,0
bg_971,85.8041222440403,28.033095430089457,36.805381774902344,3041.0,174.37368774414062,0.7094252705574036,10.0,4.568583965301514,1890.0,1381.9551367537224,15.216946895491837,0
bg_972,86.01271105301285,27.903199040005774,30.890159606933594,3244.0,242.61341857910156,0.7158176898956299,10.0,4.020069122314453,8487.243368726975,1234.382436686459,15.582734695927801,0
bg_973,85.8755383091278,28.015308787463887,30.862777709960938,4439.0,280.9302673339844,0.007045172154903412,60.0,4.297876358032227,8978.474257912643,2300.8259386576815,15.821940138040743,0
bg_974,85.7936119552161,28.021776657509548,34.71730041503906,2710.0,252.31886291503906,0.885435163974762,10.0,4.568583965301514,818.8406438373709,874.642784226795,15.183153945325497,0
bg_975,85.71141610671917,28.079717993335258,22.55176544189453,4306.0,144.94517517089844,0.27038124203681946,100.0,4.176478385925293,4402.74914116169,4024.027832905732,15.808989102137073,0
bg_976,85.94533740670389,27.73692088091525,22.53196907043457,2567.0,236.88864135742188,0.7225286364555359,30.0,4.780183792114258,7255.411773290334,254.5584412271571,15.26817473210139,0
bg_977,85.91704047525413,27.923680628483698,23.789310455322266,1880.0,107.08374786376953,0.4645611345767975,30.0,4.404165267944336,885.889383614004,42.42640687119285,15.772559530257505,0
bg_978,85.67126141351902,27.992940736889313,35.59145736694336,1973.0,272.59271240234375,0.494834840297699,30.0,4.758371829986572,4281.17974394909,192.09372712298546,15.050807834065745,0
bg_979,85.69470744243453,28.021237668339076,27.06460189819336,3259.0,156.74778747558594,0.5231053829193115,30.0,4.758371829986572,7587.687394720476,2700.0,15.659963155766686,0
bg_980,85.85182278562705,28.0770230474829,30.597610473632812,4636.0,105.88731384277344,0.08913705497980118,100.0,3.896871328353882,8443.228055666861,1760.0568172647154,15.874564640248327,0
bg_981,85.51333758657081,28.127149040336768,34.482242584228516,4852.0,61.87609100341797,-0.0590205118060112,70.0,3.683410167694092,9384.679003567464,6349.590537979595,15.83130916844028,0
bg_982,85.5839451679026,27.912361855903793,27.990446090698242,2387.0,271.7453308105469,0.7795844674110413,10.0,5.441863059997559,3444.7786576208346,67.0820393249937,15.348896657512636,0
bg_983,85.9650105114261,27.89538369703393,23.006912231445312,3138.0,319.6819152832031,0.7887462973594666,10.0,4.404165267944336,4568.084937914356,1812.456896039186,15.819318245964222,0
bg_984,85.92054390486219,27.69568820937416,20.863426208496094,1960.0,328.1528015136719,0.4844686686992645,30.0,4.370652198791504,8555.103739873644,108.16653826391968,15.451710986324331,0
bg_985,85.60065383218722,27.958984419149594,25.93341827392578,2377.0,78.47895812988281,0.8292601108551025,10.0,4.808651447296143,3654.216742340279,872.066511224918,15.030332149194232,0
bg_986,85.49258650350765,27.98512539391747,38.704280853271484,3228.0,43.34017562866211,0.5628709197044373,10.0,4.541608810424805,8682.914257321674,351.14099732158877,15.252802397489994,0
bg_987,85.92862874241926,27.919907704290395,55.636924743652344,1408.0,126.70597839355469,0.4000000059604645,30.0,4.404165267944336,0.0,241.86773244895647,15.060972715978446,0
bg_988,85.80304426569936,28.02554958170285,24.83989906311035,3260.0,323.542724609375,0.5564219951629639,10.0,4.568583965301514,1770.0,1293.1357237351385,16.230710803199077,0
bg_989,85.56831448195892,28.05869741568686,42.070167541503906,4108.0,52.427833557128906,0.5676077008247375,30.0,4.835017204284668,11803.465592782486,2197.3848092675985,15.330404098265308,0
bg_990,85.86179408528078,28.06866871534059,33.8255500793457,4271.0,80.2642822265625,0.3742953836917877,100.0,4.297876358032227,9009.245251407023,421.07006542854594,15.267115603178866,0
bg_991,85.5470244097253,28.021507162924312,32.55091094970703,2541.0,300.4774475097656,0.7681888341903687,10.0,4.726099014282227,9394.982703549806,1686.6831356244716,15.177440301299336,0
bg_992,85.5448684530434,27.88568189196544,35.15932083129883,1162.0,218.6113739013672,0.6963730454444885,10.0,5.103635787963867,0.0,324.4996147917591,14.310695335015513,0
bg_993,85.69201249658218,27.725602108335345,33.18775177001953,1094.0,302.98907470703125,0.7706751823425293,10.0,4.0218892097473145,2715.2900397563426,379.47331922020555,14.224112723819468,0
bg_994,85.71950094427623,28.013152830782,30.602981567382812,3158.0,244.02999877929688,0.8638489246368408,10.0,4.635933876037598,5983.477249894078,576.2811813689564,15.611581209234192,0
bg_995,85.86017711776935,27.985664383087943,12.438606262207031,3660.0,274.208740234375,0.5181846022605896,30.0,4.297876358032227,6720.0,870.0,16.624817145978515,0
bg_996,85.69982783955402,27.942006260279737,26.669776916503906,2137.0,345.2046813964844,0.8560240268707275,10.0,4.318940162658691,6510.0,670.820393249937,15.358303201859727,0
bg_997,85.66102061928005,28.031747957163276,33.78817367553711,2983.0,291.2769775390625,0.7237834334373474,10.0,4.758371829986572,6858.4619267004755,1306.981254647518,15.306647692784658,0
bg_998,85.64889336294445,27.850108606714308,16.983783721923828,2390.0,17.44097328186035,0.834906816482544,10.0,4.559855937957764,5197.624457384353,360.0,15.87281607551171,0
bg_999,85.62086592607992,27.80914542975846,19.361331939697266,1594.0,123.55949401855469,0.466126412153244,40.0,4.497191429138184,4680.0,84.8528137423857,15.276219591759917,0
bg_1000,85.47318289337066,28.078640014994313,30.82638168334961,4610.0,347.5716552734375,0.013181332498788834,100.0,4.169457912445068,9968.400072228242,5943.710962016911,15.58793142635219,0
bg_1001,85.8793112333211,27.70377304693124,24.950300216674805,1689.0,213.37945556640625,0.45181727409362793,30.0,4.370652198791504,5721.118771708904,123.69316876852982,15.415906164333082,0
bg_1002,85.65967314635388,28.129574491603893,45.28084182739258,4573.0,225.14512634277344,0.12668371200561523,60.0,3.9022998809814453,7817.173402195963,9064.965526685692,15.32733932873903,0
bg_1003,85.94911033089718,27.949282614081103,51.20117950439453,1715.0,128.6607666015625,0.40735068917274475,30.0,3.8100929260253906,0.0,283.0194339616981,14.139163894384584,0
bg_1004,85.65563072757534,28.122028643217288,28.316680908203125,4580.0,72.51657104492188,0.031357862055301666,100.0,3.9022998809814453,8498.476334026,8515.61506880155,15.856595397826627,0
bg_1005,85.63919155787596,27.740693805108553,2.9706037044525146,1111.0,339.36260986328125,0.5773219466209412,10.0,3.9692416191101074,1462.942240828393,0.0,15.461052128282464,0
bg_1006,85.94048650416964,27.722368173312514,49.08677673339844,2248.0,273.21685791015625,0.7603249549865723,10.0,4.780183792114258,7815.503822531213,426.38011210655685,14.671659533329192,0
bg_1007,85.88092820083251,27.710510411562137,12.140109062194824,1870.0,301.7871398925781,0.5917590856552124,30.0,4.370652198791504,5021.12537186635,42.42640687119285,16.3398867233069,0
bg_1008,85.93051520451591,27.721020700386333,30.03225326538086,2278.0,78.6961898803711,0.8450753688812256,10.0,4.780183792114258,7035.687599659325,234.30749027719963,15.292951907228435,0
bg_1009,85.5020188139909,27.951708065348228,28.1633358001709,2430.0,263.05328369140625,0.8593945503234863,10.0,4.546175479888916,5904.743855579173,218.40329667841553,15.402195348483321,0
bg_1010,85.55430076352665,28.156254455542243,16.126659393310547,5200.0,206.39158630371094,-0.05885932967066765,70.0,4.091997146606445,5408.160500576882,966.0745312862771,16.67527914120437,0
bg_1011,85.71195509588964,27.764678823194544,18.125415802001953,1176.0,317.88360595703125,0.653753399848938,10.0,4.541873455047607,5685.771715431424,30.0,15.002859646192992,0
bg_1012,85.771782893812,27.730183516284352,43.61292266845703,1074.0,29.939937591552734,0.6757761836051941,10.0,4.70947265625,379.47331922020555,42.42640687119285,14.353829211142843,0
bg_1013,85.54271249636152,27.787316368354354,15.359626770019531,985.0,199.4549102783203,0.4775397479534149,40.0,4.46352481842041,3120.0,30.0,15.092029962901027,0
bg_1014,85.86933993366738,27.642867270667935,17.502660751342773,1841.0,135.94381713867188,0.3533596694469452,30.0,4.407373905181885,7736.976153511137,0.0,15.576683282942547,0
bg_1015,85.52842928334401,28.090497776744694,32.03672790527344,4287.0,94.45101928710938,0.34211474657058716,100.0,4.3097357749938965,13204.431074453756,5100.0,15.522575340977086,0
bg_1016,85.68284968068416,27.971381170070444,24.920717239379883,2693.0,311.4503479003906,0.8546867370605469,10.0,4.595747470855713,4724.880950881196,1124.499888839479,15.661488500890359,0
bg_1017,85.92296935612931,27.934190917307895,15.89612865447998,2216.0,345.0868835449219,0.5734493732452393,30.0,4.404165267944336,894.9860334105779,589.406481131655,15.869123206780458,0
bg_1018,85.46940996917736,27.851725574225725,20.421241760253906,1838.0,-0.0,0.7118912935256958,10.0,4.607892036437988,7773.705680047322,0.0,15.411060353201762,0
bg_1019,85.8372700780243,27.69056781225468,18.593549728393555,2131.0,164.2337188720703,0.42241379618644714,10.0,4.840806007385254,6358.3724332568,0.0,15.746841656606616,0
bg_1020,85.72165690095812,27.92017719887563,73.11783599853516,3252.0,134.62940979003906,0.488654226064682,30.0,4.452770709991455,4659.281060421232,468.61498055439927,14.376877931870775,0
bg_1021,85.69012603448553,27.701886584834586,36.11041259765625,920.0,143.0211944580078,0.6981481313705444,10.0,3.767113208770752,807.7747210701756,417.85164831552356,14.239925857926895,0
bg_1022,85.93294065578304,27.76090589900124,34.904354095458984,2175.0,28.160015106201172,0.7640984654426575,10.0,5.2163896560668945,4468.388971430308,371.0795063055894,14.956162944950359,0
bg_1023,85.97201737064223,27.911014382977612,21.193592071533203,2836.0,82.80508422851562,0.7626082301139832,10.0,4.020069122314453,4374.757136116244,1260.3570922560002,15.271073219254186,0
bg_1024,85.63865256870548,27.90400752376148,16.706979751586914,1291.0,282.45843505859375,0.372714102268219,30.0,4.625964164733887,1194.361754243663,108.16653826391968,15.069644026404376,0
bg_1025,85.61951845315373,27.99105427479266,38.80012893676758,1951.0,36.35715103149414,0.8262757658958435,10.0,4.772528171539307,2362.3928547132036,510.0,14.671923700407957,0
bg_1026,85.67287838103043,28.029053011310918,43.19506072998047,3372.0,144.1288299560547,0.541456401348114,10.0,4.758371829986572,7214.0487938466285,2659.360825461637,15.18349260670847,0
bg_1027,85.62086592607992,27.861427379294216,27.977245330810547,1430.0,232.44815063476562,0.5372241735458374,10.0,4.559855937957764,2080.624906127964,284.60498941515414,14.823073396012095,0
bg_1028,85.73324516812326,28.010996874100115,32.72336959838867,3455.0,87.1119384765625,0.34240245819091797,30.0,4.635933876037598,5073.549053670418,408.0441152620633,15.248868882530399,0
bg_1029,85.65859516801294,27.987550845184597,37.28858947753906,1734.0,293.8226623535156,0.6822803616523743,10.0,4.758371829986572,2757.7164466275353,361.2478373637689,14.638172300581404,0
bg_1030,85.48288469843915,28.06139236153922,21.977691650390625,4233.0,90.0,0.39082932472229004,100.0,4.541608810424805,15926.157728717873,3746.6384933697564,15.755854250136172,0
bg_1031,85.90275726223662,27.982969437235585,31.878555297851562,3647.0,188.47467041015625,0.48871564865112305,30.0,4.106739044189453,5723.713829324453,134.1640786499874,15.357476149478957,0
bg_1032,85.5831366841469,27.793245249229543,13.352639198303223,981.0,207.5522918701172,0.8292827606201172,10.0,4.549545764923096,480.0,60.0,14.912230569844933,0
bg_1033,85.83161069173435,27.72533261375011,27.18850326538086,1344.0,192.333740234375,0.5551425218582153,10.0,5.668778419494629,2806.0826787534256,30.0,14.774265484236931,0
bg_1034,85.7876830743409,27.727219075846758,29.70775604248047,1057.0,248.35675048828125,0.6277878284454346,10.0,4.70947265625,563.6488268416781,84.8528137423857,14.428894341013047,0
bg_1035,85.57047043864081,27.99105427479266,36.61897277832031,3118.0,216.30023193359375,0.8414206504821777,10.0,4.835017204284668,6127.421970127404,123.69316876852982,15.214702783086475,0
bg_1036,85.91111159437894,27.66469633207204,5.015911102294922,2277.0,123.59449005126953,0.7899497747421265,10.0,4.343433856964111,10956.737653152055,0.0,16.962134764608884,0
bg_1037,85.49932386813855,27.944162216961622,45.70042419433594,2059.0,235.34156799316406,0.41596290469169617,10.0,4.546175479888916,5809.320097911631,563.6488268416781,14.51296190878127,0
bg_1038,85.97228686522747,27.902929545420537,13.685545921325684,2809.0,355.6859436035156,0.7144340872764587,10.0,4.020069122314453,4819.18042824711,1590.2829936838286,15.629261950868141,0
bg_1039,85.54675491514006,28.035790375941815,39.82619857788086,3199.0,255.3837127685547,0.7503293752670288,10.0,4.726099014282227,10982.17191633786,2830.1943396169813,15.180366701917062,0
bg_1040,85.69767188287213,27.688950844743268,14.316391944885254,1070.0,225.753662109375,0.5087426900863647,10.0,3.767113208770752,934.3446901438462,0.0,15.248527652753044,0
bg_1041,85.87284336327544,27.923141639313226,38.44005584716797,2725.0,159.74325561523438,0.8461538553237915,10.0,4.632851600646973,4884.475406837463,134.1640786499874,14.869131536512397,0
bg_1042,85.4990543735533,27.97677106177516,27.580060958862305,3206.0,100.71615600585938,0.8026248812675476,10.0,4.546175479888916,7550.291385105611,973.4988443752771,15.631082598910798,0
bg_1043,85.93671357997634,27.716978281607794,32.1065559387207,2286.0,328.3605041503906,0.867226243019104,10.0,4.780183792114258,7851.808708826266,84.8528137423857,15.05558989420606,0
bg_1044,85.7876830743409,27.941467271109264,24.453508377075195,1501.0,297.5657043457031,0.7849332094192505,10.0,4.540307521820068,60.0,424.26406871192853,15.013470214211669,0
bg_1045,85.77717278551671,27.934190917307895,34.20290756225586,1445.0,94.09732818603516,0.5064508318901062,10.0,4.774409770965576,90.0,360.0,14.566749848925392,0
bg_1046,85.99842783999534,27.80079109761615,28.861173629760742,2391.0,275.0550842285156,0.7238699197769165,10.0,4.674496173858643,13209.439806441453,360.0,15.86200205071669,0
bg_1047,85.69443794784931,27.733956440477655,38.434234619140625,1117.0,200.2243194580078,0.7860558032989502,10.0,4.0218892097473145,3590.111418883821,123.69316876852982,14.154671027713764,0
bg_1048,85.81813596247257,28.06031438319828,11.182475090026855,4370.0,349.3046875,0.0843949019908905,30.0,4.568583965301514,4290.104893822528,284.60498941515414,17.457003843260114,0
bg_1049,85.55214480684477,27.946048679058272,18.071962356567383,1361.0,287.316650390625,0.8237704634666443,10.0,4.987441062927246,989.5453501482385,84.8528137423857,14.80142333524736,0
bg_1050,85.51225960822987,28.04899561061837,27.595172882080078,2951.0,44.57550048828125,0.8505114316940308,60.0,4.541608810424805,13272.48281219456,2681.2683565805196,15.564101588978165,0
bg_1051,85.99788885082488,27.83959831789011,27.738615036010742,3276.0,299.506591796875,0.6597912907600403,10.0,4.383127212524414,11518.788998848795,1480.0675660252812,16.329813651642507,0
bg_1052,85.92269986154407,27.905624491272896,48.41297149658203,1399.0,262.5714111328125,0.7052631378173828,30.0,4.404165267944336,240.0,67.0820393249937,14.050522123827651,0
bg_1053,85.59903686467581,28.019351206242426,46.183834075927734,2009.0,260.1624450683594,0.8593140840530396,10.0,4.835017204284668,6246.487012713626,900.0,14.570826111640613,0
bg_1054,85.90383524057756,27.972189653826153,22.53203773498535,3227.0,242.08065795898438,0.5686385631561279,10.0,3.8100929260253906,5055.155783949689,1124.499888839479,15.909601734734736,0
bg_1055,85.6499713412854,27.963026837928133,22.53762435913086,1842.0,206.2088623046875,0.27621036767959595,30.0,4.582652568817139,961.8731725128839,30.0,14.916146192341136,0
bg_1056,85.84670238850757,27.743119256375675,39.983863830566406,1153.0,15.172194480895996,0.7583586573600769,10.0,5.7190961837768555,1260.0,301.4962686336267,14.047473719988995,0
bg_1057,85.57666881410124,27.923141639313226,31.241090774536133,1746.0,302.2571105957031,0.8265466094017029,10.0,5.441863059997559,2181.9715855161817,540.8326913195983,14.876034175200889,0
bg_1058,85.89278596258289,27.843640736668647,23.627119064331055,1888.0,177.6014862060547,0.6636022925376892,10.0,4.941662311553955,1080.0,384.1874542459709,15.280362327139134,0
bg_1059,85.94048650416964,27.929879003944123,34.293251037597656,1788.0,313.50006103515625,0.8102224469184875,10.0,4.404165267944336,360.0,123.69316876852982,14.681041326103546,0
bg_1060,85.80762567364836,27.811301386440345,47.186668395996094,1647.0,222.70504760742188,0.6788710951805115,10.0,6.791383266448975,4110.0,331.36083051561786,14.27686850431279,0
bg_1061,85.7011753124802,27.797826657178554,27.901987075805664,1564.0,11.967316627502441,0.7722935080528259,10.0,4.541873455047607,6840.0,90.0,15.193771067177211,0
bg_1062,85.57693830868647,27.862774852220394,20.399703979492188,1304.0,79.97294616699219,0.5498881340026855,10.0,5.267827987670898,1170.3845521878695,212.13203435596427,15.071619018055566,0
bg_1063,85.89844534887284,27.906432975028604,37.96045684814453,2259.0,80.44517517089844,0.6003140807151794,10.0,4.404165267944336,1578.3535725559086,366.1966684720111,15.211209977429967,0
bg_1064,85.60173181052816,27.947396151984453,18.99410629272461,2522.0,147.834228515625,0.8316131830215454,10.0,4.808651447296143,3681.331280936287,94.86832980505139,14.641874452250297,0
bg_1065,85.82918524046723,27.73180048379577,35.70512771606445,1479.0,215.82164001464844,0.3391416668891907,10.0,5.668778419494629,2070.217379890334,0.0,14.542759783216924,0
bg_1066,85.8582906556727,27.664426837486804,32.5610237121582,1859.0,236.1029815673828,0.38624587655067444,10.0,4.407373905181885,10020.0,0.0,14.693901106415108,0
bg_1067,85.64296448206926,28.02878351672568,27.420238494873047,2070.0,242.09312438964844,0.8047745227813721,10.0,4.772528171539307,6032.984336130834,890.9545442950498,15.046200605121966,0
bg_1068,85.88470112502581,27.956019978712,30.246370315551758,3180.0,250.54052734375,0.7184836864471436,10.0,3.8100929260253906,5783.1565775102445,536.6563145999496,15.386853453708921,0
bg_1069,85.60766069140335,27.922333155557517,46.450286865234375,1898.0,112.62564086914062,0.7916327714920044,10.0,5.441863059997559,2020.7176942858694,296.98484809834997,14.397101800048524,0
bg_1070,85.84858885060422,27.7245241299944,16.858261108398438,1759.0,221.59280395507812,0.5820895433425903,10.0,5.7190961837768555,3330.0,150.0,15.582851112709207,0
bg_1071,85.78364065556238,27.712396873658786,34.90169906616211,900.0,28.149442672729492,0.7379475235939026,10.0,4.292092323303223,1101.4535850411492,0.0,14.304090548277907,0
bg_1072,85.86017711776935,27.91505680175615,44.072566986083984,2221.0,197.62318420410156,0.7650145888328552,10.0,4.632851600646973,4951.545213365218,0.0,14.646857528069594,0
bg_1073,85.98818704575639,27.854151025492847,51.05088806152344,2653.0,342.7831115722656,0.7092546820640564,10.0,4.215697765350342,8817.193431018739,1447.7914214416385,15.20617083545764,0
bg_1074,85.55753469854949,28.044414202669362,33.50743865966797,3374.0,265.7935485839844,0.5869776606559753,10.0,4.726099014282227,11444.321736127486,2737.0787347096903,15.66672783935669,0
bg_1075,85.88793506004865,27.904277018346715,27.599637985229492,2285.0,196.2786865234375,0.5048308968544006,30.0,4.404165267944336,2701.499583564654,30.0,15.29326405082141,0
bg_1076,85.89413343550908,27.871129184362704,37.9484748840332,1478.0,324.0525817871094,0.7401353120803833,10.0,4.586504936218262,450.0,161.55494421403512,14.455338261176896,0
bg_1077,85.51252910281511,28.053846513152617,24.50589942932129,3302.0,148.45912170410156,0.2869934141635895,30.0,4.541608810424805,13768.954208653611,3128.7857069476654,14.812997750599386,0
bg_1078,85.73243668436756,27.809953913514168,31.545196533203125,1268.0,212.45443725585938,0.4876912832260132,30.0,4.7904558181762695,3364.8179742743887,0.0,14.743042986153108,0
bg_1079,85.56265509566897,28.062200845294928,27.598102569580078,4337.0,100.70783996582031,0.29700541496276855,70.0,4.726099014282227,12500.319995904105,2096.7832506007862,16.223569996195568,0
bg_1080,85.81786646788733,28.141701747939507,48.926300048828125,5445.0,128.3723907470703,-0.04112477973103523,70.0,3.67387318611145,10620.932162479901,3063.233585608515,15.697079256448879,0
bg_1081,85.92027441027695,28.00479849863969,15.357504844665527,3318.0,152.14105224609375,0.5318253636360168,10.0,4.106739044189453,5505.143049912509,2635.9059163786555,16.3127862295798,0
bg_1082,85.66641051098478,27.986472866843652,20.407760620117188,2137.0,330.4808654785156,0.4144810736179352,10.0,4.758371829986572,3487.3629005310013,0.0,15.775666564618056,0
bg_1083,85.61655401271614,27.77518911201874,10.822821617126465,1280.0,300.534423828125,0.6059165596961975,10.0,4.361113548278809,2334.0308481251914,42.42640687119285,15.560522983900675,0
bg_1084,85.67665130522374,27.80429452722421,29.992399215698242,1306.0,107.96963500976562,0.5926222801208496,30.0,4.6042256355285645,9172.938460493453,30.0,14.634448935531314,0
bg_1085,85.57424336283411,27.980274491383227,30.99766731262207,2696.0,207.2353515625,0.730248212814331,10.0,4.808651447296143,5098.323253776676,375.89892258425004,15.24673207551134,0
bg_1086,85.65482224381964,27.79809615176379,23.724946975708008,1379.0,92.1108627319336,0.6227691173553467,10.0,4.263062000274658,7289.444423273972,134.1640786499874,14.657134312231806,0
bg_1087,85.61817098022756,27.990245791036955,20.62119483947754,2026.0,43.00323486328125,0.8097053170204163,10.0,4.772528171539307,2397.185850116757,494.77267507411926,15.877970828392984,0
bg_1088,85.8566736881613,27.894575213278227,25.930627822875977,1985.0,240.04092407226562,0.7551949620246887,10.0,4.632851600646973,3338.6374466239968,216.33307652783935,15.221319085734477,0
bg_1089,85.91973542110648,27.859271422612327,16.54700469970703,2237.0,67.57996368408203,0.4396211504936218,30.0,4.586504936218262,2593.5689695861183,123.69316876852982,15.831480128979967,0
bg_1090,85.662098597621,27.78354344416105,16.01531982421875,1359.0,296.8189392089844,0.781895637512207,10.0,4.263062000274658,6571.9175283930645,120.0,15.492561888293896,0
bg_1091,85.62760329071081,27.995905177326907,34.54790115356445,1851.0,212.17733764648438,0.4475330114364624,30.0,4.772528171539307,2423.324163210527,0.0,14.575994892151538,0
bg_1092,85.92755076407832,27.916673769267565,45.89002227783203,1395.0,140.25816345214844,0.7263888716697693,30.0,4.404165267944336,30.0,192.09372712298546,14.135793109967446,0
bg_1093,85.64619841709208,28.0379463326237,34.53700637817383,2443.0,253.60548400878906,0.8603078126907349,10.0,4.772528171539307,7089.464013590872,60.0,14.973305078661305,0
bg_1094,85.70360076374732,28.125532072825354,37.98733901977539,4945.0,126.95133209228516,0.004456448368728161,60.0,3.7445425987243652,7982.0861934709765,8049.900620504578,16.04610223195978,0
bg_1095,85.68931755072983,27.69892214439699,27.943828582763672,805.0,271.7487487792969,0.7614991664886475,10.0,3.767113208770752,690.0,330.0,14.230820741340308,0
bg_1096,85.80520022238125,27.870320700607,24.40034294128418,1958.0,182.31350708007812,0.4361339509487152,30.0,5.7131733894348145,4352.585438564072,0.0,15.279277844456969,0
bg_1097,85.5831366841469,27.76171438275695,19.964160919189453,953.0,20.641063690185547,0.5384237170219421,10.0,4.549545764923096,494.77267507411926,0.0,14.672453196067922,0
bg_1098,85.55025834474812,28.096965646790352,12.269423484802246,3610.0,291.8497009277344,0.3721155822277069,100.0,4.3097357749938965,11640.347932944273,2610.689564080724,16.636501237882143,0
bg_1099,85.81867495164303,27.86304434680563,27.117752075195312,2290.0,235.32147216796875,0.5691946744918823,10.0,5.7131733894348145,5253.427452625572,349.85711369071805,15.1412365194494,0
bg_1100,85.58583162999925,27.813187848536998,21.33958625793457,986.0,242.88462829589844,0.2196667194366455,10.0,4.647837162017822,785.175139698144,0.0,14.741961264366463,0
bg_1101,85.51145112447416,27.936885863160253,35.4222526550293,1920.0,115.62212371826172,0.8125784397125244,10.0,4.496346950531006,4240.94329129735,300.0,14.918302690652414,0
bg_1102,85.82649029461487,27.869781711436527,27.802688598632812,2434.0,303.5447692871094,0.8488237857818604,10.0,5.7131733894348145,5411.986696214247,758.9466384404111,15.445627559070502,0
bg_1103,85.5470244097253,27.860079906368036,28.26383399963379,1007.0,252.4766387939453,0.7727081775665283,10.0,5.103635787963867,150.0,182.48287590894657,14.387896595783044,0
bg_1104,85.56049913898708,28.15113405842276,31.64263153076172,4837.0,183.4160919189453,0.0583684965968132,70.0,4.091997146606445,5621.618983887115,483.73546489791295,15.876374344759196,0
bg_1105,85.73917404899845,27.77977051996775,17.295223236083984,1254.0,339.3558044433594,0.6788109540939331,10.0,4.541873455047607,2610.0,127.27922061357854,15.207307161428888,0
bg_1106,85.89413343550908,27.97165066465568,21.317325592041016,3313.0,174.60975646972656,0.5166028141975403,10.0,3.8100929260253906,5782.61186662221,842.1401308570919,16.301868534450414,0
bg_1107,85.69147350741171,27.71347485199973,17.31931495666504,1198.0,235.17831420898438,0.3238978087902069,40.0,4.0218892097473145,1758.0102388780335,127.27922061357854,15.234033348094496,0
bg_1108,85.54136502343533,27.98000499679799,27.044788360595703,1821.0,239.512939453125,0.8053781986236572,10.0,4.987441062927246,4953.907548592323,84.8528137423857,15.083771443043151,0
