sample_id,longitude,latitude,Slope,Elevation,Aspect,NDVI,LULC,Rainfall,River Proximity,Road Proximity,TWI,landslide
1,85.74194461412213,27.86381603246813,55.198463439941406,1493.0,152.7307891845703,0.6620630025863647,30.0,4.696327209472656,1380.0,123.69316876852982,13.656511977832,1
2,85.88764172041945,27.86256773330516,38.278560638427734,1724.0,315.88604736328125,0.6453143358230591,10.0,4.586504936218262,657.9513659838393,666.1080993352356,14.396695358888715,1
3,85.73704296190492,27.86301697669006,61.363067626953125,1626.0,138.70736694335938,0.4318309426307678,60.0,4.696327209472656,1920.0,60.0,13.776602978642284,1
4,85.73667548204722,27.89870797787304,45.40750503540039,1942.0,155.4598388671875,0.7058193683624268,10.0,4.452770709991455,2430.0,0.0,14.40572178276577,1
5,85.74008102667753,27.89227066206497,30.669240951538086,1457.0,169.32093811035156,0.6223297119140625,10.0,4.696327209472656,2040.0,42.42640687119285,14.71317989545308,1
6,85.73905613773522,27.88988402609659,30.321460723876953,1387.0,24.023000717163086,0.30490994453430176,10.0,4.696327209472656,2160.0,67.0820393249937,14.36327531228753,1
8,85.8878924444891,27.813064820876765,44.87065887451172,1104.0,224.31703186035156,0.26266852021217346,30.0,4.941662311553955,108.16653826391968,60.0,14.293348512791944,1
9,85.58133491666376,28.03222396008928,23.619983673095703,2877.0,141.01950073242188,0.41203704476356506,30.0,4.835017204284668,8623.004116895689,1221.1879462228571,15.701460029340591,1
10,85.72544838528468,27.889435394823177,34.29833984375,1841.0,36.20747375488281,0.8132522702217102,10.0,4.696327209472656,3595.6223383442257,192.09372712298546,14.807072980342427,1
12,85.73416217450067,27.891364525664123,38.99348449707031,1478.0,1.2963039875030518,0.7177868485450745,10.0,4.696327209472656,2700.0,300.0,14.428911580238639,1
13,85.78113999960479,27.89351659823767,38.12701416015625,1733.0,204.83790588378906,0.497592568397522,60.0,4.774409770965576,1655.1737068960467,30.0,14.605301390342758,1
14,85.61359881651256,28.00921429180124,51.2608642578125,2260.0,180.0,0.6150125861167908,30.0,4.772528171539307,4420.599506854245,722.4956747275378,14.409385566456674,1
15,85.90413352306754,27.901740205067235,38.665775299072266,1808.0,124.50311279296875,0.35192251205444336,30.0,4.404165267944336,930.0,218.40329667841553,14.738958550873862,1
16,85.62449466055268,27.999248526087847,21.744163513183594,1881.0,240.85354614257812,0.8467618227005005,10.0,4.772528171539307,2903.962809679215,0.0,15.366255792388381,1
18,85.64123661467679,28.022615030954444,36.583011627197266,1957.0,278.7818298339844,0.09781477600336075,10.0,4.772528171539307,5356.491388959755,933.3809511662427,14.932017871047657,1
19,85.972782850038,27.803355186919585,62.814762115478516,1980.0,133.63575744628906,0.3886832296848297,30.0,4.383127212524414,8109.383453752819,335.4101966249685,14.001926026073793,1
20,85.68340716776686,27.994752481171734,47.84456253051758,2482.0,333.3764343261719,0.7416716814041138,10.0,4.758371829986572,5589.749547162199,510.8815909777921,14.825803092513475,1
21,85.9729208502281,27.804735385027733,48.02769088745117,2091.0,124.60346984863281,0.8348909616470337,30.0,4.383127212524414,8147.913843432562,234.30749027719963,14.630927400892922,1
22,85.97382645749934,27.805739678467443,40.04551315307617,2041.0,113.85826873779297,0.5462856888771057,10.0,4.383127212524414,8246.453783293762,268.3281572999748,14.522993134493307,1
23,85.9780776718157,27.80592321057497,44.264068603515625,2129.0,227.08042907714844,0.40458470582962036,30.0,4.383127212524414,8727.319176012757,108.16653826391968,14.629368609289447,1
24,85.93771904251265,27.785728243465154,49.627159118652344,1205.0,139.2004852294922,0.36764705181121826,30.0,5.2163896560668945,4200.0,108.16653826391968,13.844866607213996,1
25,85.92416213677018,27.78429225921749,46.01110076904297,1055.0,144.34750366210938,0.5238922834396362,30.0,5.2163896560668945,2700.0,84.8528137423857,13.66580463548293,1
26,85.92300160498088,27.797025370153644,26.66371726989746,1846.0,177.9115753173828,0.26658695936203003,30.0,5.2163896560668945,2580.0,0.0,14.923754110794878,1
27,85.92340168459582,27.79775362723108,39.5491828918457,1918.0,181.26980590820312,0.3368258774280548,10.0,5.2163896560668945,2610.0,30.0,14.483614829536911,1
28,85.92859936640484,27.79817090943033,37.59966278076172,1873.0,157.65362548828125,0.5569834113121033,10.0,5.2163896560668945,3180.0,120.0,14.860761559318876,1
29,85.92575994238156,27.79949861121675,39.569889068603516,2009.0,177.46160888671875,0.31655314564704895,30.0,5.2163896560668945,2880.0,60.0,14.527457829717052,1
30,85.92636134985838,27.79890723669247,29.64963722229004,1950.0,174.46548461914062,0.38674992322921753,30.0,5.2163896560668945,2940.0,42.42640687119285,14.443335425982449,1
31,85.92615674811056,27.798149348910098,39.09782791137695,1879.0,162.97720336914062,0.31253859400749207,10.0,5.2163896560668945,2910.0,0.0,14.733217338748265,1
32,85.93579392933783,27.81339709157548,42.09333038330078,1850.0,256.5289306640625,0.6889795660972595,10.0,4.941662311553955,4262.640027025505,30.0,14.52745590334147,1
33,85.93056739743459,27.808000478417725,45.56248092651367,1838.0,-0.0,0.5804877877235413,10.0,4.941662311553955,3536.43888678993,30.0,14.40447530470612,1
34,85.92715601117563,27.80831075858564,50.40018081665039,1753.0,339.62139892578125,0.5792880058288574,10.0,4.941662311553955,3169.511003293726,108.16653826391968,14.204625960830525,1
35,85.92657548008795,27.80756404328956,57.246978759765625,1849.0,336.40399169921875,0.48158255219459534,10.0,4.941662311553955,3094.802093834111,134.1640786499874,14.088468383916592,1
36,85.92818008125212,27.80776028484553,50.14823913574219,1849.0,0.8752872943878174,0.4949643909931183,10.0,4.941662311553955,3267.935127875093,180.0,14.236726072970809,1
37,85.92928327639954,27.808474364682205,29.585878372192383,1756.0,3.696394443511963,0.6956688165664673,10.0,4.941662311553955,3408.005281686048,94.86832980505139,14.956436829959058,1
38,85.92569347830828,27.80176923123647,39.41980743408203,2010.0,290.7616882324219,0.7042016983032227,10.0,5.2163896560668945,2887.6461001999533,134.1640786499874,14.849192164943666,1
39,85.92242972155572,27.797965652229323,40.57289505004883,1891.0,250.10580444335938,0.5022915005683899,10.0,5.2163896560668945,2520.0,30.0,14.60390996100854,1
41,85.93420073792365,27.8016858198202,48.87138748168945,2053.0,128.46031188964844,0.31121549010276794,30.0,5.2163896560668945,3815.783012698704,90.0,14.406966656661341,1
44,85.93417320020193,27.79983349104638,50.50620651245117,1931.0,140.69554138183594,0.6618013381958008,30.0,5.2163896560668945,3810.0,67.0820393249937,14.282241673028672,1
45,85.9329472041279,27.79831459417169,39.6870002746582,1841.0,145.0153045654297,0.5888268351554871,10.0,5.2163896560668945,3690.0,108.16653826391968,14.607861963028519,1
46,85.94003982035915,27.80034880712598,38.96695327758789,1926.0,199.8390350341797,0.6116264462471008,10.0,5.2163896560668945,4470.402666427264,192.09372712298546,14.678652073679896,1
47,85.9596913398223,27.81702396836746,30.024471282958984,2376.0,153.68016052246094,0.3995726406574249,30.0,4.941662311553955,6931.233656427981,835.7032966310471,15.124146268922068,1
48,85.96479580976082,27.79037787228536,51.43868637084961,1777.0,160.39682006835938,0.24222299456596375,30.0,5.2163896560668945,7230.0,42.42640687119285,14.34266380232403,1
49,85.98138946496933,27.82163488739081,32.23649215698242,2914.0,115.87319946289062,0.38034605979919434,30.0,4.383127212524414,9380.218547560606,684.7627326307996,15.346314701365603,1
50,85.95635387573834,27.813088035429217,51.92149353027344,2303.0,167.57894897460938,0.4364994764328003,10.0,4.941662311553955,6440.01552793159,330.0,14.220027697101303,1
51,85.96835536995651,27.81001802947463,38.31455993652344,2228.0,210.6344451904297,0.6010767221450806,10.0,4.941662311553955,7704.803696396164,134.1640786499874,14.860747051855904,1
52,85.98332763676522,27.818551817665668,44.265872955322266,2617.0,132.9162139892578,0.6213517785072327,30.0,4.383127212524414,9527.586263057396,424.26406871192853,15.102175687300752,1
54,85.9827689232729,27.820792986544514,49.48912048339844,2759.0,110.22908020019531,0.48999014496803284,30.0,4.383127212524414,9502.615429448884,706.1161377563892,14.68165825294056,1
56,85.4953221205932,27.946364876389136,41.30868911743164,2062.0,149.9700927734375,0.12129539996385574,30.0,4.546175479888916,6332.771904940206,523.9274758971894,14.672465414070532,1
57,85.52679247019996,27.93450578161548,58.99089813232422,1975.0,141.11500549316406,0.6709359884262085,10.0,5.221707344055176,2664.4323973409423,212.13203435596427,14.700309292496964,1
58,85.52575522358639,27.93231846187513,37.076690673828125,1779.0,154.12278747558594,0.38504907488822937,60.0,5.221707344055176,2608.6203249994046,30.0,14.581070826493125,1
59,85.49275708552011,27.9288483156568,40.52910232543945,2176.0,56.695743560791016,0.8159648776054382,10.0,4.496346950531006,6012.362264534631,174.92855684535903,14.751115243674395,1
60,85.49642154958806,27.949571988495144,60.3895263671875,2149.0,139.78147888183594,0.7358712553977966,10.0,4.546175479888916,6400.624969485401,488.3646178829912,13.55533567897455,1
61,85.65423982257364,27.89589661141625,43.4139404296875,1757.0,221.1639862060547,0.2532922327518463,50.0,4.625964164733887,3126.0518229869444,30.0,14.438012291831436,1
62,85.654337526867,27.89490543518357,35.07222366333008,1695.0,211.45010375976562,0.39974918961524963,30.0,4.625964164733887,3194.1195970094795,42.42640687119285,14.859187824342381,1
63,85.65435942769201,27.895515957902592,28.882471084594727,1723.0,229.78956604003906,0.4695340394973755,60.0,4.625964164733887,3166.385952470103,30.0,14.47382379208665,1
64,85.65486794408734,27.89517058691532,33.22626495361328,1735.0,222.15061950683594,0.14830176532268524,60.0,4.5489630699157715,3233.4656330321495,0.0,14.633031452336906,1
65,85.6540333259118,27.89721331604304,33.69538497924805,1856.0,206.07223510742188,0.45368170738220215,60.0,4.625964164733887,3061.3232433050907,0.0,14.735183535818319,1
66,85.59196937552156,27.798237792823688,22.152196884155273,1004.0,156.13758850097656,0.505540668964386,10.0,4.549545764923096,1455.2319402761884,94.86832980505139,14.702561471198994,1
67,85.47845186720527,27.86987378640437,22.086023330688477,1898.0,276.8736877441406,0.46762821078300476,10.0,4.607892036437988,6600.0,0.0,15.108600994592175,1
68,85.51882501382117,27.908733139451268,40.98963928222656,1896.0,59.802982330322266,0.7727272510528564,10.0,4.496346950531006,2546.2914208707534,534.1348144429458,14.153043376308137,1
69,85.51832222615202,27.905404850332328,46.31954574584961,1856.0,78.40663146972656,0.6429623961448669,10.0,4.496346950531006,2414.953415699773,480.0,14.227303792643204,1
70,85.49176179383343,27.83785205972959,59.50204086303711,1661.0,117.85223388671875,0.6014082431793213,10.0,4.804811000823975,6039.246641759219,381.8376618407357,13.765828359640093,1
71,85.47786590787275,27.837040475776536,45.18737030029297,1663.0,220.89895629882812,0.3794991075992584,60.0,4.804811000823975,7432.738391736924,60.0,14.392601791906094,1
72,85.47612192651859,27.868586870976166,40.05198669433594,1784.0,143.9755096435547,0.6655025482177734,10.0,4.607892036437988,6870.0,300.0,14.569689345339839,1
73,85.51018113529346,27.89855712452836,53.442405700683594,1845.0,169.83013916015625,0.5423411130905151,10.0,4.496346950531006,3074.6707140765498,120.0,14.274720049355242,1
74,85.4967061568623,27.90456582783285,44.04341506958008,2035.0,150.49951171875,0.44874563813209534,10.0,4.496346950531006,4666.2297414508,30.0,14.657032756608963,1
75,85.49107371555549,27.90409504606614,42.379573822021484,2075.0,207.49781799316406,0.4871068298816681,10.0,4.496346950531006,5272.665360138077,30.0,14.811795946434906,1
76,85.49195128474781,27.903200201104795,34.29803466796875,2065.0,175.37908935546875,0.374485582113266,30.0,4.496346950531006,5168.713573027625,30.0,14.920235493421464,1
77,85.65203403365645,27.75869297394389,32.65146255493164,1247.0,189.8625030517578,0.5709545016288757,10.0,4.361113548278809,3750.0,90.0,14.58985148553772,1
79,85.56802322654283,27.778729201488275,33.37812805175781,965.0,24.617820739746094,0.6037027835845947,10.0,4.549545764923096,607.4537019394976,42.42640687119285,14.055150201790727,1
80,85.5630746441098,27.77791738760816,25.695960998535156,921.0,335.2752990722656,0.2541073262691498,30.0,4.46352481842041,1056.834897228512,30.0,14.497214309943368,1
83,85.93773942082139,27.72241170334207,42.78727722167969,2093.0,355.46734619140625,0.7489480972290039,10.0,4.780183792114258,7530.239040030536,305.9411708155671,14.635793007729427,1
85,85.9271389952118,27.75254675981621,32.223182678222656,1972.0,244.11248779296875,0.8453691005706787,10.0,4.780183792114258,4591.666364186318,465.72524088780074,14.743881390699624,1
86,85.9488854300373,27.747618289675927,35.42380905151367,2572.0,11.871889114379883,0.7892756462097168,10.0,4.780183792114258,6762.52171900394,1087.0602559196063,14.75245841358525,1
87,85.6765286212418,27.751641853074112,42.983402252197266,807.0,242.0323944091797,0.5033121705055237,10.0,4.0218892097473145,3875.6934863324786,60.0,14.213611352341372,1
88,85.73843780302849,27.755169687014625,26.184528350830078,1470.0,342.686279296875,0.681929886341095,30.0,4.136266231536865,3228.451641267064,30.0,15.195537349225935,1
90,85.94222867468315,27.74230435384973,33.40374755859375,2554.0,228.48953247070312,0.36915886402130127,30.0,4.780183792114258,6576.640479758644,127.27922061357854,15.171569927685512,1
91,85.92089945072215,27.747760664584195,56.7392692565918,1864.0,324.8400573730469,0.7491329312324524,10.0,4.780183792114258,4458.004037683232,432.6661530556787,14.020918354738166,1
92,85.92027020877677,27.74707094407147,47.42613983154297,1889.0,310.8710632324219,0.7698594331741333,10.0,4.780183792114258,4476.438316340347,324.4996147917591,14.505322020737248,1
93,85.91958629123444,27.748700472507217,20.976150512695312,1694.0,294.97552490234375,0.7174177765846252,10.0,4.780183792114258,4286.9569626951,342.05262752974136,14.84985759263358,1
94,85.91799957722547,27.74162955014142,45.59696960449219,1718.0,225.7674560546875,0.57861328125,10.0,4.780183792114258,4522.4440295044005,0.0,14.440242000563872,1
95,85.9335947318998,27.74827451475804,48.620513916015625,2427.0,267.5479431152344,0.7050592303276062,10.0,4.780183792114258,5410.40663906143,94.86832980505139,14.569866759917845,1
96,85.9415862315965,27.742700182085677,36.49014663696289,2545.0,220.0081024169922,0.46329113841056824,30.0,4.780183792114258,6491.794821156935,134.1640786499874,14.922001582086377,1
97,85.9209668890966,27.735979709780644,33.47071075439453,1589.0,242.27679443359375,0.45232558250427246,30.0,4.780183792114258,5144.015940877322,0.0,14.730008835428618,1
98,85.49385314865592,27.85623802757023,33.693458557128906,1423.0,333.936279296875,0.6668482422828674,10.0,4.607892036437988,5028.021479667723,361.2478373637689,14.39241236581892,1
99,85.62705095491403,27.99221842514057,40.453617095947266,1594.0,206.83966064453125,0.6015275716781616,30.0,4.772528171539307,2078.6774641584007,30.0,14.443658018918962,1
100,85.49001833048419,27.854662656004724,31.211809158325195,1493.0,351.3099060058594,0.5992229580879211,10.0,4.607892036437988,5478.923251880793,301.4962686336267,14.909240132310549,1
101,86.0056288941357,27.765282359364324,45.55378723144531,2619.0,239.4632568359375,0.7449284195899963,10.0,4.674496173858643,12637.729226407724,721.2489168102784,14.721058625852912,1
103,85.54053570648878,27.987197931547644,38.428924560546875,1902.0,178.6760711669922,0.7245244383811951,10.0,4.726099014282227,5765.0758884857705,90.0,14.653859274869486,1
104,85.57565468392582,27.969406466334743,41.6552619934082,2544.0,169.31349182128906,0.4535100758075714,60.0,4.808651447296143,4067.849554740195,60.0,14.922236940646174,1
105,85.90145383248989,27.63893790295222,41.54988098144531,1770.0,170.50621032714844,0.5614258646965027,30.0,4.343433856964111,9439.899363870358,108.16653826391968,14.85008647144395,1
106,85.90170339702384,27.63960707419466,34.69480895996094,1868.0,149.90069580078125,0.6213991641998291,10.0,4.343433856964111,9503.515139147199,152.97058540778355,14.089627280377904,1
107,85.90765278774867,27.64447208632372,47.217735290527344,1676.0,78.76990509033203,0.4020296633243561,30.0,4.343433856964111,10352.391028163493,30.0,14.618068232376011,1
108,85.89761467545966,27.639700878255464,43.044639587402344,1802.0,200.6199493408203,0.5345364212989807,10.0,4.343433856964111,9192.39359470644,0.0,14.476581496188059,1
109,85.89816489199136,27.640368957128167,33.731483459472656,1892.0,186.2846221923828,0.4521714448928833,30.0,4.343433856964111,9277.181684110752,42.42640687119285,14.685372680283532,1
110,85.89081297498255,27.658027762825725,40.787044525146484,1970.0,275.3829040527344,0.654955267906189,10.0,4.343433856964111,10937.664284480485,241.86773244895647,14.641499456979872,1
111,85.87949919292112,27.634412007574408,63.03284454345703,1556.0,34.549198150634766,0.8174827098846436,10.0,4.343433856964111,7464.274914551313,42.42640687119285,13.559051177168923,1
112,85.98090730227015,27.7563662432733,35.13623046875,2138.0,333.7762756347656,0.8757764101028442,10.0,4.183233737945557,9515.298208674281,1087.0602559196063,14.73435814643782,1
115,85.78192469682324,27.75000221202761,39.15792465209961,920.0,322.6664123535156,0.6582998037338257,10.0,4.70947265625,330.0,134.1640786499874,13.923590381132868,1
116,85.94071103287907,27.84995325164445,63.183746337890625,2632.0,341.6596984863281,0.7197197079658508,30.0,4.586504936218262,4863.424719269335,902.4965373894794,14.887092413161827,1
117,85.95058490085708,27.85105210380948,45.274715423583984,2613.0,353.7536926269531,0.6587473154067993,30.0,4.586504936218262,5561.906148075496,937.709976485267,14.775508765486817,1
122,85.98547046429005,27.788701726085517,45.993385314941406,1699.0,342.5146179199219,0.26435571908950806,10.0,4.674496173858643,9510.0,0.0,14.548020065258797,1
126,85.97668442646207,27.788769424341123,25.344087600708008,1520.0,321.8207092285156,0.8143041133880615,10.0,4.674496173858643,8550.0,313.20919526731655,14.94273490464005,1
127,85.98441506579829,27.76130874527655,39.333099365234375,1676.0,8.990274429321289,0.8766321539878845,10.0,4.674496173858643,9735.91290018558,436.80659335683106,14.364426292253668,1
128,85.98227664296284,27.76078770212581,50.863895416259766,1753.0,22.769786834716797,0.7979452013969421,10.0,4.674496173858643,9519.600831967693,591.6924876994806,14.411726144408208,1
129,85.9804539219601,27.76209249831304,63.90088653564453,1744.0,77.63668823242188,0.8212290406227112,10.0,4.674496173858643,9277.812242118289,570.0,14.947485806506315,1
130,85.98028305232774,27.763440536350288,38.13388442993164,1728.0,21.890878677368164,0.8582766652107239,10.0,4.674496173858643,9211.51453345214,420.0,14.582215678997132,1
131,85.96868367288262,27.77755095580169,27.624834060668945,1378.0,36.46463394165039,0.763719916343689,10.0,5.2163896560668945,7678.417805772228,330.0,14.716241443615049,1
132,85.96426439256877,27.78020741575961,32.93392562866211,1299.0,1.6185671091079712,0.8428637981414795,10.0,5.2163896560668945,7179.031968169525,67.0820393249937,14.683925003238766,1
133,85.9544094560524,27.78291520866082,22.8780574798584,1199.0,22.970314025878906,0.7270240783691406,10.0,5.2163896560668945,6060.297022423902,60.0,14.028098733662425,1
134,85.95372853982431,27.782807216885608,49.346073150634766,1244.0,16.428720474243164,0.7116130590438843,10.0,5.2163896560668945,6000.299992500375,84.8528137423857,14.009129979993542,1
135,85.92246604223978,27.781100377428917,46.46153259277344,1052.0,0.9962135553359985,0.6825667023658752,10.0,5.2163896560668945,2534.4230112591704,42.42640687119285,13.82121806555183,1
136,85.92438012852486,27.78116043268913,41.52090072631836,1118.0,341.9418029785156,0.7707454562187195,10.0,5.2163896560668945,2740.5291459862274,152.97058540778355,13.878762736203186,1
137,85.92406739053212,27.781206121357503,45.04706573486328,1103.0,325.50958251953125,0.7056659460067749,10.0,5.2163896560668945,2710.645679538364,161.55494421403512,13.757951875632576,1
138,85.93634844262179,27.781868883980263,45.66162872314453,1082.0,312.8577880859375,0.7597222328186035,10.0,5.2163896560668945,4053.9980266398748,189.73665961010278,13.764925518161139,1
139,85.54033447385773,27.96373426535684,49.185577392578125,1641.0,191.874267578125,0.49946141242980957,30.0,4.987441062927246,3328.2427796060792,30.0,14.254642076349755,1
140,85.54399424820105,27.965716536139677,48.06268310546875,1853.0,171.47755432128906,0.5649769306182861,30.0,4.987441062927246,3360.2678464670043,228.47319317591726,14.262484628649458,1
141,85.93174371550687,27.77905875347696,30.649303436279297,1387.0,21.747798919677734,0.3367675542831421,10.0,5.2163896560668945,3572.394155185007,30.0,14.94371064179992,1
142,85.93896169729734,27.782682321032137,25.01046371459961,1090.0,25.557300567626953,0.797359049320221,10.0,5.2163896560668945,4350.930934868997,90.0,14.39491420127025,1
143,85.9393398343627,27.782373515213365,31.65534782409668,1097.0,19.053298950195312,0.8296296000480652,10.0,5.2163896560668945,4381.643527262344,123.69316876852982,14.39528056352951,1
144,85.94194167399763,27.781945435520974,35.95695877075195,1118.0,23.801755905151367,0.7061165571212769,10.0,5.2163896560668945,4682.403229112161,174.92855684535903,14.255419823191588,1
145,86.027256820397,27.75341633214782,45.230804443359375,3047.0,314.9546203613281,0.6799184679985046,30.0,4.0183281898498535,10663.850148984653,576.2811813689564,14.982568019282535,1
146,86.01533440380645,27.75001132338484,29.262916564941406,2736.0,78.33258056640625,0.7541447877883911,30.0,4.0183281898498535,12064.663277522503,1132.0777358467924,15.403142104733739,1
147,86.01579994279025,27.752370185241737,42.244930267333984,2801.0,183.4641571044922,0.7862504720687866,10.0,4.0183281898498535,11916.685780870452,1072.0541031123382,15.049460267428156,1
148,86.01660641631814,27.751833970598582,49.644195556640625,2760.0,212.95724487304688,0.8711094856262207,30.0,4.0183281898498535,11851.822644639939,1176.5202930676546,14.73992765933681,1
150,85.91815528476062,27.71165633843002,42.70342254638672,1933.0,181.13526916503906,0.5799868106842041,10.0,4.370652198791504,6881.780292918395,30.0,14.687017460217877,1
151,85.92285470834955,27.71036641751735,34.21060562133789,1967.0,246.12318420410156,0.16989418864250183,30.0,4.370652198791504,7302.08874227094,0.0,14.83472677236529,1
152,85.92323607511017,27.709967873638515,31.089101791381836,1979.0,256.01800537109375,0.4326750338077545,30.0,4.370652198791504,7386.155969108694,30.0,15.066837262362453,1
153,85.77897469674416,27.75038742244283,32.69052505493164,800.0,343.439697265625,0.38373643159866333,10.0,4.70947265625,0.0,30.0,13.992253302243816,1
154,85.88108878769984,27.84838466096994,32.211265563964844,1066.0,261.1315002441406,0.6291313171386719,10.0,4.586504936218262,0.0,84.8528137423857,14.515459131445747,1
156,85.93282355230203,27.7474577144302,48.55644607543945,2403.0,279.8761901855469,0.36433836817741394,30.0,4.780183792114258,5414.397473403666,0.0,14.604459047890815,1
158,85.90096909943209,27.712579962399392,19.192739486694336,1477.0,251.00247192382812,0.7933474779129028,10.0,4.370652198791504,5736.906832082947,722.4956747275378,15.148137486829055,1
159,85.91119850630805,27.70751964886971,14.132503509521484,1648.0,205.83067321777344,0.6019271016120911,30.0,4.370652198791504,6891.908298867593,283.0194339616981,15.69239023685778,1
160,85.93190410653821,27.71077636055063,48.30646896362305,2540.0,241.58572387695312,0.7028621435165405,10.0,4.370652198791504,7937.820859656635,218.40329667841553,14.827926204322031,1
161,85.93273996041604,27.70717635567064,42.607269287109375,2455.0,252.5908660888672,0.75693279504776,10.0,4.370652198791504,8286.301949603332,351.14099732158877,14.800501726373264,1
162,85.93265352222588,27.706108673774327,51.42536926269531,2429.0,262.5819396972656,0.6547563672065735,10.0,4.370652198791504,8356.440629837563,360.0,14.440924999593008,1
163,85.93061569890912,27.696876396974787,31.9987735748291,2269.0,190.11111450195312,0.7441776990890503,10.0,4.370652198791504,9025.563694307408,192.09372712298546,14.67542252300408,1
164,85.91622602433199,27.75998392358841,39.23250198364258,1841.0,215.6263427734375,0.2567029595375061,30.0,5.2163896560668945,3162.5464423467365,120.0,14.284499255544684,1
165,85.91717694587294,27.759996033134037,48.1343994140625,1904.0,189.43551635742188,0.2514752745628357,30.0,5.2163896560668945,3228.8697712976905,120.0,14.349965983681484,1
166,85.9179549019951,27.759611334005303,47.083126068115234,1885.0,242.18643188476562,0.3630756437778473,30.0,5.2163896560668945,3316.0518693168838,134.1640786499874,14.312084894107,1
168,85.94722755345657,27.75131622072218,53.678497314453125,2477.0,1.541117787361145,0.8063063025474548,30.0,4.780183792114258,6373.641031623918,1240.2015965156631,14.670211829687112,1
169,85.94403213291905,27.75136378509641,38.43476867675781,2548.0,20.227312088012695,0.7755905389785767,10.0,4.780183792114258,6078.758096848402,954.829827770373,14.839663285115147,1
170,85.92774377357715,27.76137788454159,46.05357360839844,2194.0,3.032259702682495,0.8251082301139832,10.0,5.2163896560668945,3949.645553717447,400.24992192379,14.576168451942761,1
171,85.92485586213385,27.762856596109252,45.12316131591797,1960.0,357.9122314453125,0.7962003350257874,10.0,5.2163896560668945,3603.1236448392942,361.2478373637689,14.538689077053258,1
172,85.91901787416306,27.76190174277726,59.77451705932617,1973.0,327.0738830566406,0.6870155334472656,10.0,5.2163896560668945,3208.87830869293,94.86832980505139,14.064541377174143,1
173,85.91969532693946,27.770431450614332,27.157691955566406,1499.0,311.5031433105469,0.4519572854042053,10.0,5.2163896560668945,2621.011255221923,240.0,14.805248152901953,1
174,85.91917746004373,27.765945071109925,37.32160186767578,1687.0,24.07481575012207,0.5877929925918579,10.0,5.2163896560668945,2887.8019322661307,30.0,14.770445827053909,1
175,85.93162788797163,27.723885521306592,58.25941848754883,1971.0,348.9124450683594,0.8010948896408081,10.0,4.780183792114258,6915.374176427476,123.69316876852982,14.023181142752538,1
176,85.93456642557922,27.718461668431885,35.627899169921875,2231.0,37.76158142089844,0.8551554679870605,10.0,4.780183792114258,7552.436692882636,127.27922061357854,14.99713198856943,1
177,85.76717860570484,27.77433037705996,37.00244140625,898.0,322.632568359375,0.6754854917526245,10.0,5.361922740936279,60.0,0.0,13.971711230284962,1
178,85.68039718815184,27.71637257710023,44.42247772216797,1162.0,261.4508972167969,0.5116869807243347,10.0,4.0218892097473145,1081.6653826391967,127.27922061357854,13.770638552121435,1
179,85.62198039893185,27.77794183623643,33.08961486816406,1336.0,186.44847106933594,0.31438347697257996,30.0,4.361113548278809,3013.171087077533,0.0,14.366576465086316,1
180,85.6791950193381,27.76328237207557,39.896018981933594,1102.0,259.9639587402344,0.7064896821975708,10.0,4.263062000274658,5092.317743424894,60.0,14.088466618108237,1
181,85.71430852369708,27.78767718210888,56.869224548339844,1374.0,104.68836975097656,0.5767800807952881,10.0,4.541873455047607,5400.0,94.86832980505139,13.888295132791733,1
182,85.63360729469596,27.76230701925869,44.460304260253906,1055.0,147.27528381347656,0.4678790271282196,30.0,4.361113548278809,3012.723020790328,30.0,13.798325109663041,1
183,85.67213338519676,27.77102882041749,53.939762115478516,1062.0,106.43282318115234,0.7463514804840088,10.0,4.263062000274658,5509.718686103674,108.16653826391968,14.078901549896933,1
184,85.65264016419465,27.81054117397425,31.950828552246094,1135.0,114.53733825683594,0.7301868200302124,10.0,4.497191429138184,7940.994899885026,400.24992192379,13.980012516693384,1
197,85.48493878438704,27.893129874628407,34.80924606323242,1849.0,132.47052001953125,0.6041111350059509,10.0,4.496346950531006,5880.0,228.47319317591726,14.707124554989965,1
198,85.48660549655824,27.89895990716892,17.834545135498047,1784.0,104.57066345214844,0.8190159797668457,10.0,4.496346950531006,5711.357106677886,30.0,15.09723980659695,1
199,85.48758470207204,27.894428221088912,26.665185928344727,1793.0,118.91546630859375,0.7075437903404236,10.0,4.496346950531006,5580.0,123.69316876852982,15.073819949651304,1
200,85.48580976973697,27.90757297936178,37.33665466308594,2271.0,175.86871337890625,0.694915235042572,10.0,4.496346950531006,5938.560431619771,60.0,14.998296277575964,1
201,85.48859168365857,27.907817899016734,40.788509368896484,2316.0,186.09353637695312,0.7178757190704346,10.0,4.496346950531006,5624.419970094694,30.0,14.807842053950045,1
202,85.48844625445815,27.903830510688397,33.82161331176758,2037.0,172.14308166503906,0.5731629133224487,30.0,4.496346950531006,5563.281405789213,30.0,14.793873797467313,1
203,85.48942351488418,27.90271387708868,42.20420837402344,1958.0,151.00350952148438,0.7007312774658203,10.0,4.496346950531006,5426.352366000572,60.0,14.592822948755778,1
204,85.48938503700171,27.902317132510404,31.200300216674805,1940.0,164.20448303222656,0.6973609328269958,10.0,4.496346950531006,5418.0531558854245,108.16653826391968,15.102296987374475,1
205,85.53301362585832,27.887450548152746,38.335914611816406,1091.0,142.97418212890625,0.48507171869277954,10.0,5.103635787963867,510.8815909777921,0.0,14.137689150261561,1
206,85.5307935974324,27.8870951758079,33.31898880004883,1106.0,163.82261657714844,0.4834243953227997,30.0,5.103635787963867,782.3042886243179,42.42640687119285,14.206649256085852,1
207,85.52460241526919,27.88697114227621,32.19706726074219,1142.0,154.1322021484375,0.47986510396003723,30.0,5.103635787963867,1472.7525250360293,0.0,14.266166376563955,1
208,85.52140884588317,27.886020177810327,39.29636001586914,1190.0,165.74923706054688,0.596657395362854,30.0,5.103635787963867,1838.8311504866347,30.0,14.246583549833474,1
209,85.52050284669085,27.88589609060036,33.612327575683594,1201.0,176.8411102294922,0.3840043246746063,30.0,5.103635787963867,1931.4502323383847,0.0,14.410125655907565,1
210,85.52097263213366,27.88589747642753,35.17213821411133,1200.0,171.0289764404297,0.4689004421234131,30.0,5.103635787963867,1871.8172987767796,30.0,14.164260737971809,1
211,85.51624928897157,27.89211849256269,38.60063171386719,1494.0,166.73654174804688,0.5891891717910767,10.0,4.607892036437988,2400.0,0.0,14.36042974726038,1
212,85.51647316172806,27.89246323284021,36.02378463745117,1512.0,168.37545776367188,0.5251054167747498,30.0,4.607892036437988,2370.0,30.0,14.505023200231292,1
213,85.51720311718918,27.893389343479747,31.608469009399414,1591.0,181.7054901123047,0.36541062593460083,30.0,4.496346950531006,2280.0,60.0,14.561947230160836,1
214,85.52005508121363,27.892750300582197,32.490570068359375,1548.0,195.00132751464844,0.5536871552467346,10.0,5.221707344055176,1980.0,42.42640687119285,14.701363453385786,1
215,85.51889251125421,27.891112587919007,26.743932723999023,1458.0,201.31314086914062,0.5420875549316406,30.0,4.607892036437988,2100.0,30.0,14.872321680907296,1
216,85.51868844297223,27.8914345027648,29.944398880004883,1460.0,229.73509216308594,0.5795574188232422,10.0,4.607892036437988,2130.0,30.0,14.743648665073486,1
217,85.51872628313977,27.891743702943742,32.002723693847656,1472.0,229.64077758789062,0.5366901755332947,30.0,4.607892036437988,2100.0,0.0,14.807442653297583,1
218,85.51878533321653,27.891967553473908,30.773000717163086,1485.0,225.02540588378906,0.5652644634246826,30.0,4.607892036437988,2100.0,30.0,14.865825448606708,1
219,85.51663888227112,27.89131254539897,40.66205978393555,1412.0,157.4308624267578,0.46836718916893005,30.0,4.607892036437988,2340.0,30.0,14.337990825969433,1
220,85.51700543549823,27.89100352096508,29.723125457763672,1383.0,200.6636199951172,0.6065999269485474,30.0,4.607892036437988,2310.0,0.0,14.775547902552416,1
221,85.51018617294528,27.890999140574237,43.2002067565918,1320.0,181.1175537109375,0.35036730766296387,10.0,4.607892036437988,3060.0,60.0,14.781434083579047,1
222,85.50910307409681,27.89252979970187,33.47029495239258,1448.0,146.3540496826172,0.8321384787559509,10.0,4.607892036437988,3180.0,60.0,14.43086942681408,1
223,85.50960795785059,27.8936012638976,40.726531982421875,1512.0,152.09353637695312,0.7020534873008728,10.0,4.496346950531006,3120.0,30.0,14.503579428219876,1
224,85.51096512894931,27.89440009111713,15.982375144958496,1496.0,73.58483123779297,0.798688530921936,10.0,4.496346950531006,2970.0,201.24611797498108,14.701442457577834,1
225,85.51154522489664,27.895807322855187,48.47872543334961,1551.0,161.0745849609375,0.591791033744812,30.0,4.496346950531006,2910.0,182.48287590894657,14.0976703656581,1
226,85.49946860673622,27.89358436374912,30.82438087463379,1555.0,167.59230041503906,0.49340084195137024,30.0,4.496346950531006,4260.0,0.0,14.536750822293772,1
227,85.50018394578669,27.89390609492948,39.556846618652344,1600.0,168.48841857910156,0.4955054223537445,30.0,4.496346950531006,4170.0,0.0,14.331534554242886,1
228,85.50106779467288,27.8929828637065,35.072113037109375,1479.0,148.55029296875,0.3792710602283478,60.0,4.496346950531006,4080.0,30.0,14.619784362277732,1
229,85.50256438539242,27.893020730216268,38.01754379272461,1444.0,162.2679443359375,0.5601710677146912,30.0,4.496346950531006,3900.0,60.0,14.577528044102463,1
230,85.57642720491006,27.83680086797774,37.42109680175781,889.0,111.07942962646484,0.25786375999450684,30.0,4.647837162017822,0.0,0.0,13.854492169131047,1
231,85.49317173455192,27.89499973385234,35.340858459472656,1659.0,196.5065155029297,0.4409918785095215,60.0,4.496346950531006,4950.0,60.0,14.654264770676994,1
232,85.57707732820586,27.83904990932185,42.033817291259766,861.0,127.62844848632812,0.7180487513542175,10.0,4.647837162017822,180.0,0.0,13.729272888788756,1
233,85.48900282259589,27.887524428408177,26.690227508544922,1852.0,130.0899658203125,0.647687554359436,10.0,4.607892036437988,5430.082872295781,0.0,14.942965763627026,1
234,85.49632896408595,27.860698430439463,34.36509704589844,1388.0,173.85153198242188,0.49479368329048157,10.0,4.607892036437988,4666.904755831214,30.0,14.40341713167419,1
235,85.49629664344938,27.859526683615368,31.777387619018555,1304.0,173.2101593017578,0.15751667320728302,60.0,4.607892036437988,4690.469059699681,120.0,14.712444698934846,1
236,85.49705766478658,27.8595437487134,30.281047821044922,1293.0,176.40432739257812,0.40226370096206665,60.0,4.607892036437988,4596.661832243047,90.0,14.33650660245384,1
237,85.50492633119929,27.861645147803763,41.842201232910156,1226.0,163.3645477294922,0.793186366558075,10.0,4.607892036437988,3704.1193285314125,216.33307652783935,14.048493717639069,1
238,85.50408356513637,27.86126600726736,40.415191650390625,1209.0,142.98089599609375,0.37675005197525024,10.0,4.607892036437988,3797.6966703516487,192.09372712298546,13.875591301158853,1
239,85.50313539176494,27.86077694509608,43.0654182434082,1233.0,148.0661163330078,0.30112865567207336,30.0,4.607892036437988,3896.3059428130127,212.13203435596427,14.177498772577062,1
240,85.50364640704828,27.860934238572604,38.98755645751953,1209.0,151.6376495361328,0.136376291513443,60.0,4.607892036437988,3832.140394087878,201.24611797498108,13.946687407269978,1
241,85.56659195687534,27.841065482044343,33.318119049072266,1038.0,196.1708526611328,0.5622542500495911,10.0,4.647837162017822,0.0,30.0,14.476111481720759,1
242,85.50386358181946,27.86112688515545,47.45101547241211,1226.0,146.31455993652344,0.136376291513443,60.0,4.607892036437988,3832.140394087878,201.24611797498108,13.946687407269978,1
243,85.49123027303793,27.857918612753405,32.36276626586914,1390.0,175.0274200439453,0.15493790805339813,30.0,4.607892036437988,5254.112674848151,108.16653826391968,14.657363279128202,1
245,85.48897847964238,27.857111527491835,38.56147766113281,1405.0,162.627685546875,0.18931834399700165,30.0,4.607892036437988,5536.361621137116,134.1640786499874,14.737105496178462,1
246,85.48314029654009,27.872646111418067,51.308258056640625,1982.0,235.21763610839844,0.6068117022514343,10.0,4.607892036437988,6090.0,210.0,14.32696121194612,1
247,85.48551961279519,27.87152446299307,40.0894660949707,1891.0,180.0,0.793894350528717,10.0,4.607892036437988,5820.0,90.0,14.270777523654042,1
248,85.48870281248466,27.87285210188904,46.13848114013672,2082.0,195.30625915527344,0.3981677293777466,10.0,4.607892036437988,5460.0,120.0,14.337539055650772,1
249,85.5091346830284,27.86326020892626,44.48697280883789,1216.0,171.42337036132812,0.4091622233390808,10.0,4.607892036437988,3203.825837963106,67.0820393249937,14.252349125675458,1
250,85.5392737115638,27.868994226649804,36.340213775634766,963.0,161.11984252929688,0.3472740948200226,30.0,5.103635787963867,0.0,0.0,14.182149723880102,1
251,85.53759689513099,27.86834894493793,27.616830825805664,963.0,188.04820251464844,0.2635146677494049,30.0,5.103635787963867,0.0,120.0,14.357759117597745,1
252,85.53783852168262,27.868380627990703,29.547504425048828,966.0,181.85113525390625,0.2635146677494049,30.0,5.103635787963867,0.0,120.0,14.357759117597745,1
253,85.5201773401451,27.871470629424973,33.85147476196289,1317.0,132.51272583007812,0.5024461150169373,10.0,5.103635787963867,1950.0,335.4101966249685,14.366030068745033,1
254,85.5203492812658,27.87206800305316,43.618934631347656,1349.0,165.533203125,0.6536529064178467,10.0,5.103635787963867,1920.0,379.47331922020555,14.224606945900646,1
255,85.52120417535663,27.871689835973797,36.983192443847656,1296.0,149.29420471191406,0.46209263801574707,30.0,5.103635787963867,1830.0,331.36083051561786,14.541225914350555,1
256,85.51959020939633,27.870359251752628,46.53755187988281,1286.0,138.74063110351562,0.5000771284103394,10.0,4.607892036437988,2010.0,258.0697580112788,14.237752013618916,1
257,85.51911209718624,27.86795117966519,49.43511962890625,1112.0,133.8577117919922,0.5621734857559204,10.0,4.607892036437988,2070.0,150.0,13.811478651431147,1
258,85.51650612851815,27.866034761178028,39.7066650390625,1105.0,159.34075927734375,0.4653710126876831,10.0,4.607892036437988,2370.7593720156415,108.16653826391968,14.055124688608625,1
259,85.48924704039989,27.86322522391244,42.029361724853516,1569.0,194.1097869873047,0.32260140776634216,60.0,4.607892036437988,5414.065016233181,123.69316876852982,14.611309427635547,1
260,85.47985484419934,27.871488829388248,43.899505615234375,1846.0,149.08334350585938,0.6579084992408752,10.0,4.607892036437988,6450.0,90.0,14.634234740980773,1
261,85.49632767564091,27.89200467994047,40.80266571044922,1552.0,85.69832611083984,0.8058132529258728,10.0,4.607892036437988,4620.0,30.0,14.965925283973357,1
262,85.49599651790346,27.89266345167248,14.421194076538086,1549.0,67.80851745605469,0.7186066508293152,30.0,4.607892036437988,4650.0,0.0,14.8317362076925,1
263,85.48986012147054,27.89307243214943,31.339141845703125,1723.0,10.396889686584473,0.760475218296051,10.0,4.496346950531006,5340.0,120.0,14.817020247329168,1
264,85.51063503662152,27.89960116609207,52.43998336791992,1969.0,161.0970916748047,0.4712683856487274,30.0,4.496346950531006,3029.257334727441,216.33307652783935,14.478289637989485,1
265,85.48653932209903,27.8867226245812,37.4123649597168,1997.0,100.98017120361328,0.7908040881156921,10.0,4.607892036437988,5701.263017963652,0.0,14.866645863484328,1
266,85.488048887164,27.88739299693835,42.35527038574219,1918.0,128.4220428466797,0.4875066578388214,10.0,4.607892036437988,5520.0815211371655,30.0,14.743886501744413,1
267,85.50552691354443,27.89950905010708,44.87779998779297,1924.0,187.3982391357422,0.5363636612892151,10.0,4.496346950531006,3594.6209814109748,84.8528137423857,14.470377919041368,1
268,85.56507690818493,27.807503186216763,29.769567489624023,1051.0,208.6805877685547,0.5618196129798889,10.0,4.647837162017822,849.5881355103778,42.42640687119285,14.527833214325316,1
269,85.56902900447724,27.798059343785017,30.182817459106445,895.0,118.23920440673828,0.28119292855262756,30.0,4.549545764923096,210.0,30.0,14.261103255435785,1
270,85.566714454023,27.79676185140085,31.861623764038086,985.0,117.95779418945312,0.5203067660331726,30.0,4.549545764923096,450.0,0.0,14.140627497044385,1
271,85.5750791168121,27.809524007256016,33.04395294189453,813.0,79.9681167602539,0.3195418119430542,30.0,4.647837162017822,0.0,0.0,14.224565909708744,1
272,85.76260888005757,28.039483134763373,40.84539031982422,2757.0,55.825782775878906,0.712895393371582,10.0,4.903069972991943,550.7267925205746,952.9428104561155,14.9655034145967,1
273,85.57408429110004,27.806752508115743,32.73625183105469,845.0,136.90481567382812,0.6565707325935364,30.0,4.647837162017822,120.0,0.0,14.192089397107818,1
274,85.57450201859298,27.80829278399209,24.872032165527344,869.0,114.77262115478516,0.624018669128418,30.0,4.647837162017822,90.0,30.0,14.426796642861216,1
275,85.5449782756327,27.882096492629284,59.898983001708984,1140.0,290.89129638671875,0.07635882496833801,60.0,5.103635787963867,0.0,120.0,14.28478284118736,1
276,85.51338552031973,27.81838849728549,29.64967918395996,1250.0,185.53550720214844,0.16035054624080658,30.0,4.804811000823975,5394.163512538344,0.0,14.602751165161306,1
277,85.57377286274462,27.84089247174462,34.281700134277344,1119.0,133.52362060546875,0.3325802683830261,30.0,4.647837162017822,390.0,0.0,14.316906943367117,1
278,85.58083436850276,27.81899460075365,37.4548225402832,901.0,134.21206665039062,0.2084784209728241,30.0,4.647837162017822,210.0,30.0,14.412333384634932,1
279,85.58107576534546,27.819355801163404,34.58058166503906,909.0,153.16830444335938,0.20717781782150269,30.0,4.647837162017822,240.0,0.0,14.279678864556406,1
280,85.58156372702325,27.81947566291522,31.657413482666016,903.0,166.26226806640625,0.49355894327163696,30.0,4.647837162017822,300.0,42.42640687119285,14.406799772073267,1
281,85.56316738682418,27.81402927562734,31.89535140991211,1075.0,109.76412963867188,0.4751567840576172,30.0,4.967405796051025,870.0,0.0,14.224731419405755,1
283,85.6202482781522,27.7775944322304,34.159523010253906,1361.0,149.1831512451172,0.17942558228969574,30.0,4.361113548278809,2808.0064102490933,0.0,14.503538285132816,1
284,85.61990074893444,27.77727220944195,22.114131927490234,1353.0,174.83340454101562,0.19279785454273224,30.0,4.361113548278809,2766.026030246281,0.0,14.634064098899021,1
286,85.55607503121853,27.85446759516138,39.985843658447266,1168.0,195.18704223632812,0.260825514793396,60.0,5.103635787963867,218.40329667841553,0.0,14.146923248197107,1
287,85.59121961068924,27.86527553785209,31.745798110961914,1057.0,137.10279846191406,0.5164490938186646,30.0,5.267827987670898,60.0,180.0,14.17651558640908,1
288,85.58540593747404,27.850627929091065,32.30491256713867,866.0,150.51171875,0.4357246160507202,30.0,5.267827987670898,60.0,94.86832980505139,14.131548442165393,1
289,85.58578498642115,27.850761354494757,24.323827743530273,851.0,145.4550018310547,0.2817409336566925,30.0,5.267827987670898,90.0,120.0,14.11629743911622,1
290,85.57888302911299,27.842837976862015,43.41152572631836,974.0,129.28025817871094,0.7807364463806152,10.0,4.647837162017822,30.0,42.42640687119285,13.67105985099854,1
291,85.57912011228038,27.843111337365524,44.34825134277344,975.0,131.4840850830078,0.5829310417175293,10.0,4.647837162017822,0.0,30.0,13.800610457448656,1
292,85.58356169942304,27.860123752189622,25.076871871948242,1122.0,101.9794692993164,0.47894051671028137,10.0,5.267827987670898,450.0,0.0,14.742774866924929,1
293,85.57967204939467,27.847012844838066,30.110631942749023,1065.0,127.88622283935547,0.3564704358577728,60.0,4.647837162017822,150.0,0.0,14.31971191668882,1
294,85.57531646397207,27.86961076628737,27.07127571105957,1390.0,104.67776489257812,0.5713022947311401,10.0,5.267827987670898,1574.3570116082312,0.0,15.085035563835469,1
295,85.58078780916063,27.850878251940287,24.322389602661133,1041.0,158.61952209472656,0.17536115646362305,30.0,5.267827987670898,313.20919526731655,0.0,14.646257332401515,1
296,85.59004084064186,27.844749863305104,25.076763153076172,1066.0,231.48739624023438,0.18351593613624573,30.0,4.647837162017822,323.10988842807024,442.944691807002,13.986879073802013,1
297,85.59620653571922,27.827288109769466,35.76619338989258,1374.0,199.28993225097656,0.32124432921409607,30.0,4.647837162017822,1836.627343801676,201.24611797498108,14.465689568612948,1
298,85.63905880727872,27.80980206196188,20.188451766967773,1613.0,165.589599609375,0.26354843378067017,30.0,4.497191429138184,6690.0,67.0820393249937,15.290800483506986,1
300,85.62221046636637,27.803763472810523,25.581737518310547,1437.0,122.75352478027344,0.6674795150756836,10.0,4.497191429138184,4830.0,201.24611797498108,14.910378656767415,1
301,85.62250173447542,27.80399206096795,29.554821014404297,1426.0,115.35466766357422,0.7255859375,30.0,4.497191429138184,4860.0,216.33307652783935,14.733628296734189,1
302,85.9827686099943,27.75681666380319,36.6955451965332,2146.0,34.37081527709961,0.8082758784294128,10.0,4.183233737945557,9677.034669773588,986.8130522039115,14.80206158791334,1
303,85.60886378262535,27.824604441416497,35.92744064331055,1542.0,163.86709594726562,0.2611593008041382,60.0,4.647837162017822,3193.133257476111,0.0,14.423805211192274,1
304,85.66663938325338,27.783266998702093,35.7639274597168,1210.0,113.86260223388672,0.7834268808364868,10.0,4.263062000274658,6625.315086846813,30.0,14.458448184171312,1
305,85.65048572461482,27.794388592627683,36.747161865234375,1259.0,184.21640014648438,0.5330570340156555,10.0,4.361113548278809,6649.586453306702,60.0,14.317053570380207,1
306,85.66419874279768,27.780063520110183,33.475223541259766,1335.0,120.93605041503906,0.6257520914077759,10.0,4.263062000274658,6249.367968042849,123.69316876852982,14.862886325331258,1
307,85.66899819606184,27.78903811064572,31.86018943786621,1168.0,62.04051208496094,0.2682857811450958,30.0,4.263062000274658,7328.171668294896,30.0,14.30033350421159,1
308,85.66258449829442,27.798816990151597,41.22751998901367,1273.0,118.70526123046875,0.38130536675453186,30.0,4.263062000274658,8052.583436388599,30.0,14.183391157533904,1
309,85.66281938474955,27.797208210398427,21.021203994750977,1245.0,90.0,0.5746473670005798,30.0,4.263062000274658,7989.806005154318,90.0,14.99388811213327,1
310,85.6630296689784,27.797497782664426,24.27277374267578,1244.0,68.9627914428711,0.6502167582511902,10.0,4.263062000274658,8030.5915099698595,120.0,14.422231170632594,1
311,85.66148029076916,27.79491868379045,32.02718734741211,1348.0,95.94155883789062,0.391780823469162,30.0,4.263062000274658,7742.848313120954,30.0,14.426399353952348,1
312,85.6619860852901,27.79501122344002,34.37202453613281,1312.0,98.16351318359375,0.2590644061565399,30.0,4.263062000274658,7785.274561632365,30.0,14.51011099111763,1
313,85.67430659504268,27.86037036921216,29.471271514892578,2277.0,166.89088439941406,0.5902643799781799,10.0,4.626403331756592,6694.9085131912,60.0,15.19084363183669,1
314,85.67308682860227,27.85604391358376,38.56145095825195,2129.0,197.3721466064453,0.6742438077926636,10.0,4.626403331756592,6796.506455525515,361.2478373637689,14.799971929021826,1
315,85.67233326220116,27.85708051104268,36.50847244262695,2205.0,195.78924560546875,0.502728283405304,10.0,4.626403331756592,6698.805863734222,254.5584412271571,14.745803673551636,1
316,85.6735129023104,27.856963161641627,36.0006103515625,2204.0,153.0247039794922,0.5682553648948669,10.0,4.626403331756592,6802.264328883434,342.05262752974136,14.91331322701814,1
317,85.67365557210435,27.850718292968,45.433021545410156,1723.0,146.0100555419922,0.6785010099411011,10.0,4.626403331756592,7174.01561191499,362.49137920783716,14.24971165741236,1
318,85.67156317304766,27.842937030353863,43.4803352355957,1770.0,108.92507934570312,0.5643219351768494,10.0,4.6042256355285645,7546.475998769227,276.5863337187866,14.454982743275314,1
319,85.66757702464679,27.838217497483797,33.69260787963867,1764.0,153.9400634765625,0.48036670684814453,30.0,4.6042256355285645,7597.288990159582,276.5863337187866,14.53632784462554,1
320,85.67581239150985,27.8359203132508,50.62513732910156,1391.0,144.1329345703125,0.3603825867176056,30.0,4.6042256355285645,8404.284621548702,234.30749027719963,13.946407474132052,1
321,85.66904933382294,27.83063417015484,21.222793579101562,1467.0,109.48031616210938,0.6899904608726501,10.0,4.6042256355285645,8294.389670132457,268.3281572999748,14.511964263855491,1
322,85.66880930763996,27.829939986057862,40.11921691894531,1502.0,87.798095703125,0.658015251159668,10.0,4.6042256355285645,8316.008658004152,324.4996147917591,14.646689819000402,1
323,85.66794677634589,27.82921700835482,33.41560363769531,1556.0,87.18730926513672,0.5759243369102478,10.0,4.6042256355285645,8318.281072433174,276.5863337187866,14.85484252812353,1
324,85.6683060844479,27.82945156378386,37.559417724609375,1537.0,91.20623016357422,0.5860852599143982,10.0,4.6042256355285645,8338.111296930498,331.36083051561786,14.507746473144042,1
325,85.66840192179494,27.827978641648063,41.14460754394531,1561.0,70.51922607421875,0.759804904460907,10.0,4.6042256355285645,8468.559499702413,240.0,14.34612054135906,1
327,85.66678619809242,27.82787837297025,27.401657104492188,1652.0,57.93629837036133,0.6520400047302246,10.0,4.6042256355285645,8340.053956659993,134.1640786499874,14.933787556482207,1
328,85.66731886740764,27.82815905659112,41.275455474853516,1601.0,63.72947692871094,0.7257443070411682,10.0,4.6042256355285645,8363.276869744299,201.24611797498108,14.4264022441486,1
329,85.65797765712668,27.812350397765105,34.71580505371094,1110.0,134.50167846679688,0.6551137566566467,10.0,4.6042256355285645,8506.309423010664,360.0,14.57416666419644,1
330,85.641150365102,27.825901577396213,35.45195007324219,1364.0,230.4633026123047,0.7895699739456177,10.0,4.497191429138184,6144.949145436437,234.30749027719963,14.371424068141955,1
331,85.65052967403842,27.868473677251856,25.978187561035156,1603.0,64.41273498535156,0.7316789627075195,10.0,4.559855937957764,3952.9482668003634,67.0820393249937,14.872861461534638,1
332,85.66226952384446,27.85102444841242,34.01997375488281,2228.0,102.4643325805664,0.6258856654167175,10.0,4.626403331756592,6163.667739260448,30.0,14.883801134470842,1
333,85.64877549639321,27.86001091674804,34.858551025390625,1921.0,87.33588409423828,0.7844151258468628,30.0,4.559855937957764,4391.184350491334,480.93658625644196,14.244146158373468,1
334,85.64970450320881,27.861218839765417,40.207252502441406,1857.0,111.3376693725586,0.6328424215316772,10.0,4.559855937957764,4375.0657137921935,349.85711369071805,14.782883204445854,1
335,85.65094649640639,27.862185778907776,33.110652923583984,1790.0,107.32928466796875,0.7808438539505005,10.0,4.559855937957764,4405.916476738977,218.40329667841553,14.83236488364862,1
336,85.6510031743257,27.86456233638458,32.250545501708984,1677.0,39.676124572753906,0.5925925970077515,10.0,4.559855937957764,4236.2719459449245,30.0,14.300965254696013,1
337,85.6506238688695,27.866719326703585,38.27958679199219,1654.0,61.849918365478516,0.7471152544021606,10.0,4.559855937957764,4069.950859654205,0.0,14.447446466238016,1
338,85.65050722536061,27.86728629205243,39.5212516784668,1633.0,40.06830978393555,0.7430469393730164,10.0,4.559855937957764,4035.7527178953865,30.0,14.503050749955005,1
339,85.64987643424686,27.86858084029169,38.80317306518555,1620.0,52.84758758544922,0.734689474105835,10.0,4.559855937957764,3877.4347189862524,0.0,14.65533131472155,1
340,85.65011464580294,27.869400869931862,13.960384368896484,1578.0,54.12234878540039,0.709504246711731,10.0,4.559855937957764,3854.1536035814656,60.0,15.399727542415429,1
341,85.64961248470661,27.87128651467477,29.58233070373535,1538.0,90.0,0.2708333432674408,30.0,4.559855937957764,3694.996617048519,67.0820393249937,14.459234739670496,1
342,85.64992980642258,27.8719080616953,25.51109504699707,1526.0,86.10990142822266,0.7323071360588074,10.0,4.559855937957764,3691.950703896248,67.0820393249937,14.613991318808086,1
343,85.64951618618935,27.869739074390484,56.284080505371094,1612.0,61.620750427246094,0.7151982188224792,10.0,4.559855937957764,3787.373760272413,30.0,13.894015752559943,1
344,85.64789670574615,27.872299365450893,52.65312194824219,1639.0,43.213233947753906,0.6579949259757996,10.0,4.559855937957764,3479.2240514229607,30.0,14.604818107143512,1
345,85.65920563558142,27.861143898585954,35.08686065673828,2008.0,249.77781677246094,0.6882076859474182,30.0,4.626403331756592,5217.758139277826,30.0,14.87034632334738,1
346,85.65547497962804,27.865912147265107,31.87886619567871,1818.0,238.62998962402344,0.7890068292617798,10.0,4.626403331756592,4569.660818922997,67.0820393249937,14.663871015332333,1
347,85.65686237563966,27.86511918282058,35.176292419433594,1913.0,254.0014190673828,0.7495679259300232,60.0,4.626403331756592,4744.554773632612,84.8528137423857,14.693916228252979,1
348,85.65361924663343,27.86839880852052,32.21585464477539,1724.0,261.1330871582031,0.8110425472259521,10.0,4.559855937957764,4249.847056071548,90.0,14.828327482322937,1
349,85.65171832602509,27.86785491378006,32.12165069580078,1626.0,277.4071350097656,0.8260743618011475,10.0,4.559855937957764,4102.547988750406,60.0,14.77198458965322,1
350,85.65281198082334,27.87180974107439,31.962879180908203,1665.0,294.52508544921875,0.7844703197479248,10.0,4.559855937957764,3984.695722385839,108.16653826391968,14.753159529162499,1
351,85.6522129870482,27.873697995618414,41.1417121887207,1530.0,10.873988151550293,0.8332110643386841,10.0,4.559855937957764,3841.054542700481,241.86773244895647,14.406117659154267,1
352,85.65208067362511,27.874153741145143,22.114274978637695,1509.0,5.171188831329346,0.6410088539123535,10.0,4.559855937957764,3789.5118419131504,228.47319317591726,14.599360691944828,1
353,85.65365225891372,27.873546991795276,32.362796783447266,1567.0,355.0267028808594,0.7957307696342468,10.0,4.559855937957764,3990.451102319135,268.3281572999748,14.532410698729398,1
354,85.65449600260146,27.87341175600508,40.5469856262207,1600.0,330.5065612792969,0.798305869102478,10.0,4.626403331756592,4073.156024509741,241.86773244895647,14.44870092816028,1
355,85.65737025643459,27.87403907866226,30.544647216796875,1635.0,309.1200256347656,0.6352941393852234,60.0,4.626403331756592,4357.441910111941,123.69316876852982,14.122476780972411,1
356,85.65788523801139,27.87292416877629,34.42607498168945,1736.0,290.7492370605469,0.37808293104171753,60.0,4.626403331756592,4456.691598035475,90.0,14.799358164001728,1
357,85.63283156347947,27.877828049150374,32.96525955200195,1228.0,356.7625427246094,0.6109625697135925,10.0,4.559855937957764,1747.741399635541,536.6563145999496,14.455945374716585,1
358,85.63162941843433,27.877641122246768,32.80287170410156,1266.0,21.67678451538086,0.3573782742023468,30.0,4.559855937957764,1634.6559270990333,510.8815909777921,14.741974157667284,1
359,85.6295696268722,27.881309465754487,45.60055160522461,1178.0,217.5711669921875,0.7141132354736328,10.0,4.559855937957764,1224.13234578619,442.944691807002,13.837466488498528,1
360,85.64148777236875,27.87948350334012,43.61906051635742,1465.0,194.46775817871094,0.7160744667053223,10.0,4.559855937957764,2490.180716333656,268.3281572999748,14.349238293604259,1
361,85.65830814180093,27.875859358624005,41.34588623046875,1789.0,196.9393310546875,0.45021185278892517,60.0,4.626403331756592,4373.934155883007,60.0,14.345652741211637,1
362,85.61977013601754,27.8871326627151,33.87938690185547,1025.0,214.9457244873047,0.4340991675853729,30.0,4.559855937957764,60.0,30.0,14.241640416667584,1
363,85.62010442688553,27.88686297889833,30.981346130371094,1015.0,213.30218505859375,0.5038434863090515,60.0,4.559855937957764,90.0,0.0,13.96303567616645,1
364,85.6586863125089,27.893969130553213,29.498498916625977,1870.0,230.98692321777344,0.6289654970169067,30.0,4.5489630699157715,3676.1936836896934,30.0,14.88323108148604,1
365,85.6585397783051,27.89358234755473,34.65900802612305,1845.0,221.4750518798828,0.5763878226280212,10.0,4.5489630699157715,3662.7039192378083,60.0,14.753332998833988,1
366,85.66231364379692,27.891025933190043,38.284420013427734,1822.0,241.85523986816406,0.6063793897628784,30.0,4.626403331756592,4173.5596317771715,192.09372712298546,14.921631244638725,1
367,85.6802473536585,27.858533152064,36.502220153808594,2056.0,220.03817749023438,0.6644100546836853,10.0,4.626403331756592,7379.329237810169,258.0697580112788,14.695634613895713,1
368,85.65389777409226,27.837173771048167,40.720401763916016,1866.0,160.10595703125,0.45146235823631287,10.0,4.497191429138184,6576.229922987791,90.0,14.595336778969179,1
369,85.51072648469409,27.93077926273894,40.73096466064453,1553.0,175.11753845214844,0.6702017188072205,10.0,4.496346950531006,4092.0043988246152,432.6661530556787,14.260087937495122,1
370,85.52753694049682,27.938110729870623,26.709585189819336,2264.0,175.82325744628906,0.367156445980072,60.0,4.987441062927246,2718.602582210206,30.0,15.179497700308012,1
371,85.52832115914008,27.93780107567277,35.60353469848633,2221.0,174.12484741210938,0.5628526210784912,60.0,4.987441062927246,2623.9283526803856,0.0,14.948897628722426,1
372,85.52402514622008,27.92986520480491,31.355886459350586,1637.0,151.24339294433594,0.697476863861084,30.0,5.221707344055176,2663.080922540658,228.47319317591726,14.850647997039678,1
373,85.52076173484771,27.949119514944,37.893516540527344,2506.0,206.5742645263672,0.766477644443512,10.0,4.987441062927246,3969.3072443437786,84.8528137423857,14.99398423069794,1
374,85.5297284777302,27.938179067247376,27.307598114013672,2282.0,212.16357421875,0.5694261789321899,10.0,4.987441062927246,2497.758995579838,84.8528137423857,15.140550131959492,1
375,85.58694504736818,27.94874496515648,37.903812408447266,2309.0,200.67367553710938,0.7287505269050598,10.0,4.808651447296143,3459.5086356302104,150.0,14.911957079557007,1
376,85.56442962889017,27.941525849684076,39.557334899902344,1706.0,168.4835205078125,0.7025991678237915,10.0,4.987441062927246,840.535543567314,228.47319317591726,14.593784471461943,1
378,85.68599435088255,27.84056018215157,30.767183303833008,1461.0,322.0481872558594,0.7346465587615967,10.0,4.6042256355285645,7880.640836886299,134.1640786499874,14.99494677950637,1
379,85.69495872281223,27.825023799599656,43.13670349121094,1825.0,226.2861328125,0.5246701240539551,10.0,4.6042256355285645,7617.046671775091,42.42640687119285,14.652859413606702,1
380,85.69212446661322,27.82524868515677,28.085264205932617,1764.0,193.8932342529297,0.46593695878982544,30.0,4.6042256355285645,7865.322625296434,0.0,14.917416244644853,1
381,85.68814438863224,27.85671603871751,46.13819122314453,2335.0,195.3041229248047,0.44143205881118774,30.0,4.626403331756592,7382.987200313975,60.0,14.652108180326607,1
382,85.69214128245093,27.85464382594198,40.2555046081543,2291.0,173.793212890625,0.45042192935943604,60.0,4.626403331756592,6944.595020589753,30.0,15.169492327976384,1
383,85.68873765387595,27.83103175014068,24.80179214477539,1721.0,240.63119506835938,0.3693189024925232,30.0,4.6042256355285645,7933.851523692639,30.0,15.170993128479266,1
384,85.68045000022249,27.810787806831,46.89946746826172,1329.0,315.3963317871094,0.6592414379119873,10.0,4.6042256355285645,9154.916711800277,182.48287590894657,14.03585489423975,1
385,85.68342920744921,27.80665046769533,53.29840850830078,1372.0,153.2444305419922,0.48929449915885925,30.0,4.6042256355285645,8820.0,150.0,14.069922439879813,1
386,85.71949327811006,27.83032783399567,43.252498626708984,1888.0,158.30372619628906,0.48175060749053955,10.0,4.7904558181762695,4989.9298592264795,150.0,14.466111465746224,1
387,85.68499458715003,27.801052894822902,33.99999237060547,1130.0,327.13775634765625,0.4826548993587494,10.0,4.263062000274658,8670.0,30.0,14.134158447151046,1
388,85.68562026276564,27.80769938697481,39.475460052490234,1474.0,152.18411254882812,0.793994665145874,10.0,4.6042256355285645,8580.0,90.0,14.394613999025813,1
390,85.68679087294612,27.80736506095112,44.21582794189453,1381.0,142.99456787109375,0.7097004055976868,10.0,4.6042256355285645,8460.0,150.0,14.058682019174512,1
391,85.69998747692769,27.830120046922417,42.028846740722656,1983.0,165.89434814453125,0.4110552668571472,30.0,4.7904558181762695,6843.683218852258,30.0,14.511776789788282,1
395,85.73813938856053,27.851840932501524,33.612300872802734,1352.0,3.157896041870117,0.7241665124893188,60.0,4.696327209472656,1950.0,492.0365840057018,14.491965072972164,1
396,85.73630758408413,27.850436485593228,41.52923583984375,1450.0,14.363424301147461,0.7415871620178223,10.0,4.696327209472656,2202.2942582679543,563.6488268416781,14.654613590193371,1
397,85.73567771266164,27.85044509671836,44.180267333984375,1465.0,31.83790397644043,0.7572502493858337,10.0,4.696327209472656,2257.1885167172018,553.1726674375732,14.545582517197879,1
398,85.71865069105363,27.852918390440827,30.517215728759766,1694.0,83.69332885742188,0.6755056381225586,60.0,4.696327209472656,4039.430652950982,256.3201123595259,14.974547011340231,1
400,85.72353516347877,27.86375545811913,40.73542404174805,1636.0,87.84557342529297,0.6536986231803894,30.0,4.696327209472656,3420.0,94.86832980505139,14.493606042299314,1
404,85.68133138822967,27.935756828163225,31.659210205078125,1966.0,19.078319549560547,0.8369770050048828,10.0,4.5489630699157715,4444.963441919405,90.0,14.816710539399711,1
409,85.6465021575352,27.931655806120148,37.01716613769531,1607.0,217.4075164794922,0.6429205536842346,10.0,4.625964164733887,872.066511224918,276.5863337187866,14.369914245243745,1
410,85.63629356863878,27.897207599698053,42.39107894897461,1355.0,192.7511749267578,0.6397683620452881,10.0,4.625964164733887,1331.540461270329,94.86832980505139,14.09104222681564,1
411,85.63604642699306,27.897020626966427,38.5400276184082,1328.0,185.27723693847656,0.7534393668174744,10.0,4.625964164733887,1302.4976007655446,108.16653826391968,14.213619532239523,1
412,85.64688402743053,27.895240188045136,33.6811408996582,1490.0,202.62916564941406,0.4747510552406311,60.0,4.625964164733887,2466.029196907449,60.0,14.735035561112818,1
413,85.64650218823738,27.894292553847432,38.22113037109375,1435.0,189.3696746826172,0.7370338439941406,10.0,4.625964164733887,2516.068361551411,180.0,14.59372878425292,1
414,85.64634398475333,27.911620879572595,36.04234313964844,1454.0,244.99652099609375,0.21710793673992157,60.0,4.625964164733887,1421.442928857856,120.0,14.513694928754509,1
415,85.6459935473764,27.91243220963961,28.96159553527832,1472.0,211.97900390625,0.5449013113975525,60.0,4.625964164733887,1336.6001645967278,30.0,14.877021175513624,1
416,85.64697983684106,27.91260531194937,32.201900482177734,1525.0,240.7662811279297,0.6712236404418945,10.0,4.625964164733887,1402.6403673073153,60.0,14.695100834736984,1
417,85.64769296120048,27.912527413525837,31.443187713623047,1572.0,248.24435424804688,0.5944032073020935,30.0,4.625964164733887,1471.2239802287074,60.0,14.75428176656029,1
418,85.64893048457074,27.911293474422177,40.198577880859375,1601.0,240.1274871826172,0.23567691445350647,60.0,4.625964164733887,1663.3099530754935,0.0,14.45969244614667,1
419,85.63360744080917,27.9086778309538,25.5616455078125,1100.0,191.04002380371094,0.4519922733306885,30.0,4.625964164733887,510.0,30.0,14.65755962904244,1
420,85.63321961105578,27.90886369062775,29.841726303100586,1110.0,215.08349609375,0.5540902614593506,10.0,4.625964164733887,450.0,42.42640687119285,14.5918113634154,1
421,85.6480463008228,27.917761108554227,45.41674041748047,1384.0,22.28167152404785,0.4626273214817047,60.0,4.625964164733887,1215.6479753612887,108.16653826391968,14.126604257413835,1
422,85.64892183403127,27.916504111001927,37.08232116699219,1478.0,15.46336555480957,0.7663525342941284,10.0,4.625964164733887,1376.4083696345353,174.92855684535903,14.384786678955491,1
424,85.68912867134298,27.94851058887024,47.32754135131836,2683.0,179.0320281982422,0.7489935755729675,10.0,4.595747470855713,5310.0,937.709976485267,14.715641310221615,1
425,85.68443331312382,27.94653174170397,29.53467559814453,2480.0,180.0,0.7891395688056946,30.0,4.595747470855713,4770.0,742.1590126111788,14.946883031305275,1
427,85.68461707698953,27.948436365861618,35.96379089355469,2642.0,156.1656951904297,0.5163578391075134,60.0,4.595747470855713,4800.0,942.0191080864549,15.095270984381859,1
428,85.68326928597494,27.944643624476324,40.63446044921875,2330.0,178.7764434814453,0.4147964119911194,10.0,4.595747470855713,4650.0,553.1726674375732,14.762768700044258,1
429,85.68009690184145,27.946163282283447,39.19987106323242,2364.0,255.0469512939453,0.6206972002983093,10.0,4.595747470855713,4290.0,408.0441152620633,14.707483079266584,1
430,85.73064480418076,27.9175832700714,37.4251594543457,2539.0,38.49354553222656,0.7485470771789551,10.0,4.452770709991455,3669.945503682582,960.0,15.017269176230428,1
432,85.77350814041114,27.953178983869904,58.168670654296875,2552.0,120.16255950927734,0.36940068006515503,30.0,4.540307521820068,1392.0129309744218,381.8376618407357,14.165989064258666,1
433,85.7743002085615,27.99692002556288,48.23829650878906,2895.0,79.16957092285156,0.491262823343277,60.0,4.903069972991943,1081.6653826391967,975.8073580374356,15.000625827641898,1
434,85.95856334729551,27.753626228146928,47.15940475463867,2608.0,7.799232006072998,0.8899082541465759,30.0,4.780183792114258,7338.9713175621555,1200.3749414245533,14.701544224460845,1
435,85.89582712037117,27.810256755680808,39.77125930786133,1355.0,208.9307861328125,0.30043384432792664,30.0,4.941662311553955,536.6563145999496,0.0,14.30431125932643,1
436,85.88797436713605,27.82491412241902,37.05951690673828,1508.0,233.1161346435547,0.4849785268306732,10.0,4.941662311553955,722.4956747275378,30.0,14.50827896430475,1
437,85.88903474084036,27.824934140955914,40.331390380859375,1543.0,220.2997589111328,0.3434617519378662,30.0,4.941662311553955,816.0882305241266,108.16653826391968,14.592060551966508,1
438,85.8832287583466,27.829335506347967,37.874061584472656,1691.0,142.27105712890625,0.43648794293403625,30.0,4.941662311553955,657.9513659838393,123.69316876852982,14.435984672977204,1
439,85.90338964943668,27.83921076712796,25.0728816986084,2140.0,281.981689453125,0.6805093884468079,60.0,4.941662311553955,2269.9118925632333,60.0,15.053111680738112,1
441,85.57017066636662,27.968613986350125,48.498207092285156,2381.0,150.8892059326172,0.45611241459846497,10.0,4.808651447296143,3721.9349806249975,42.42640687119285,14.53070039420817,1
442,85.57360752173166,27.965712067494103,36.52950668334961,2258.0,223.8506622314453,0.6832893490791321,60.0,4.808651447296143,3584.215395313178,330.0,15.046532634024118,1
443,85.57585505455516,27.965254752584503,40.737762451171875,2317.0,240.74688720703125,0.8021052479743958,10.0,4.808651447296143,3695.240181639077,189.73665961010278,14.526409703862113,1
444,85.58189297284117,27.97268752335925,39.97334671020508,2947.0,224.40000915527344,0.3318222761154175,60.0,4.808651447296143,4734.395420748039,192.09372712298546,15.153074573468883,1
445,85.5831657663845,27.970445804616357,46.07207489013672,2866.0,200.67752075195312,0.34893009066581726,30.0,4.808651447296143,4626.035019322703,323.10988842807024,15.274032712018226,1
446,85.58212025399261,27.96765701306851,37.61662292480469,2649.0,233.96963500976562,0.5838918089866638,10.0,4.808651447296143,4315.205672966238,400.24992192379,15.246650065885413,1
447,85.58417456711275,27.967307215075525,42.77157974243164,2779.0,240.6619873046875,0.5498534440994263,30.0,4.808651447296143,4402.646931108603,313.20919526731655,14.91761620796042,1
448,85.58585138741711,27.965461644375612,41.26115798950195,2824.0,241.33187866210938,0.4132063388824463,30.0,4.808651447296143,4412.550282999618,161.55494421403512,14.98185521704246,1
449,85.55374877814793,27.940528433608367,50.86632537841797,1333.0,192.92276000976562,0.47074761986732483,10.0,4.987441062927246,371.0795063055894,60.0,13.676693404599574,1
450,85.55933117714324,27.939130987044845,33.79161071777344,1531.0,217.03897094726562,0.5458158254623413,10.0,4.987441062927246,241.86773244895647,127.27922061357854,14.363413960711624,1
451,85.5578247552398,27.939888723412395,43.51554489135742,1476.0,216.74490356445312,0.5474199056625366,10.0,4.987441062927246,300.0,150.0,14.380941959745636,1
452,85.55818288987246,27.939920310014998,44.55461502075195,1491.0,217.8903045654297,0.4766099750995636,10.0,4.987441062927246,300.0,169.7056274847714,14.498662456266064,1
453,85.55714517970074,27.939964709890827,47.261444091796875,1442.0,217.55535888671875,0.37487122416496277,10.0,4.987441062927246,300.0,67.0820393249937,14.238369685974458,1
454,85.55172669971057,27.941011882485284,35.321449279785156,1251.0,214.6734161376953,0.4312668442726135,10.0,4.987441062927246,516.1395160225576,0.0,13.912893139850441,1
455,85.50455716488398,27.995584839872645,46.264732360839844,2980.0,120.73837280273438,0.27083224058151245,60.0,4.541608810424805,8531.875526518188,1032.2790320451152,14.86465443936641,1
456,85.50431304385681,27.99339430496761,51.05453872680664,2883.0,117.25224304199219,0.3447948694229126,10.0,4.541608810424805,8371.021443049825,870.0,14.877586331707857,1
457,85.50587543959018,27.98950771433623,39.652835845947266,2531.0,174.92428588867188,0.40064266324043274,30.0,4.541608810424805,7939.294679000144,484.6648326421053,14.941275387819804,1
458,85.50723531453913,27.98898665253984,32.53757858276367,2471.0,152.6297149658203,0.5890467166900635,30.0,4.541608810424805,7793.593522887885,323.10988842807024,14.915709927538073,1
459,85.51551012822465,27.99716565779933,38.22506332397461,2791.0,160.98162841796875,0.552484929561615,60.0,4.541608810424805,7938.387745631981,759.5393340703298,15.076378728143856,1
460,85.51672870691831,27.99733894800725,25.74153709411621,2733.0,166.81243896484375,0.6278250813484192,30.0,4.541608810424805,7899.120204174639,764.8529270389178,15.454227453515106,1
461,85.51748166656621,27.997382928598785,31.95064353942871,2722.0,151.94415283203125,0.7019432783126831,10.0,4.541608810424805,7851.636772036771,752.3961722390673,15.545743860435211,1
462,85.5183341838261,27.997476005043595,29.277727127075195,2705.0,143.9429931640625,0.8055095672607422,10.0,4.541608810424805,7804.90230560255,750.0,15.3895347739192,1
463,85.52161726911724,27.992729822131437,43.48796844482422,2316.0,166.58990478515625,0.7197657227516174,10.0,4.726099014282227,7182.478680789802,127.27922061357854,14.712842200007405,1
464,85.52321752289903,27.986888882057155,35.603660583496094,1963.0,185.8778076171875,0.5647858381271362,10.0,4.726099014282227,6525.396539674812,349.85711369071805,14.70819482774222,1
465,85.52809852890493,27.986098252301748,33.971920013427734,1813.0,155.91490173339844,0.7812737226486206,10.0,4.726099014282227,6174.827932825335,30.0,14.79848830926776,1
466,85.52971227566172,27.9891065381966,47.533138275146484,1912.0,112.65737915039062,0.5915348529815674,10.0,4.726099014282227,6387.112023442207,152.97058540778355,14.364023727311002,1
467,85.52919278883707,27.990409162311025,63.42243957519531,2029.0,97.9131088256836,0.7048100233078003,10.0,4.726099014282227,6548.320395338029,161.55494421403512,13.863661287547481,1
468,85.52229810682113,28.00181201273138,49.85851287841797,2570.0,149.3209686279297,0.361347496509552,30.0,4.726099014282227,8009.606731918865,766.6159403508383,15.743928845829476,1
469,85.52243042044891,28.00495546769012,53.8019905090332,2652.0,78.38142395019531,0.45571058988571167,10.0,4.726099014282227,8333.414666269764,958.5927185202274,15.321869289816412,1
470,85.9068122874934,27.853381526185785,47.804283142089844,1767.0,49.778621673583984,0.5675984025001526,10.0,4.586504936218262,2523.568901377571,296.98484809834997,14.45399849995131,1
471,85.52474561987712,28.00510338475215,29.280609130859375,2497.0,71.48452758789062,0.658831000328064,10.0,4.726099014282227,8248.854465924343,750.0,15.159353755866242,1
472,85.5248932481496,28.00674152134686,32.248165130615234,2404.0,81.14424896240234,0.8309774994850159,10.0,4.726099014282227,8414.130971169869,684.7627326307996,14.938867119505819,1
474,85.531554970385,28.01932459097495,43.079200744628906,2232.0,106.08001708984375,0.48510313034057617,10.0,4.726099014282227,9469.78880440319,540.8326913195983,14.829363502000316,1
475,85.53331916052332,28.01954823078005,31.93870735168457,2119.0,109.72944641113281,0.29323768615722656,60.0,4.726099014282227,9444.474575115335,597.7457653551382,14.873698197498403,1
476,85.53298870522394,28.01616760135244,53.74130630493164,2039.0,79.0489501953125,0.8102344870567322,10.0,4.726099014282227,9111.756142478793,241.86773244895647,14.548658841526567,1
477,85.53361810850384,28.01735163523361,33.349525451660156,2034.0,102.78977966308594,0.5712061524391174,10.0,4.726099014282227,9204.574949447693,391.15214431215895,14.490530081248533,1
480,85.55887699395637,28.007734484301757,43.054317474365234,2944.0,189.03265380859375,0.6950093507766724,30.0,4.726099014282227,7830.517224296234,726.2231062146122,15.066490496017614,1
481,85.90289111104734,27.781243989861405,39.54546356201172,1094.0,141.64903259277344,0.2865681052207947,30.0,5.2163896560668945,408.0441152620633,67.0820393249937,14.571592919620388,1
482,85.93199672831895,27.812148300221708,50.400882720947266,1730.0,305.1573791503906,0.6743764281272888,10.0,4.941662311553955,3827.4403979683343,67.0820393249937,14.179144149721479,1
483,85.93159063575398,27.811489150486903,49.48145294189453,1749.0,312.6799011230469,0.6966249346733093,10.0,4.941662311553955,3767.7181423243433,84.8528137423857,14.06561661319745,1
487,85.88880311102363,27.868175028208075,31.123798370361328,1484.0,283.96246337890625,0.4675324559211731,10.0,4.586504936218262,349.85711369071805,600.7495318350236,14.633821744917435,1
489,85.56616592915344,27.83971563128315,31.018253326416016,946.0,199.56640625,0.37147435545921326,60.0,4.647837162017822,0.0,0.0,14.33189586561086,1
494,85.55332719783426,27.843576843219875,29.17003059387207,1030.0,136.46929931640625,0.4728260934352875,30.0,4.967405796051025,295.4657340538831,60.0,14.419839835984126,1
495,85.55118576427876,27.844793973961757,22.64330291748047,1135.0,67.16620635986328,0.5257656574249268,10.0,4.967405796051025,379.47331922020555,60.0,14.80045579866002,1
496,85.55142322694549,27.82229171521181,23.72963523864746,1561.0,92.11039733886719,0.7907654047012329,30.0,4.967405796051025,2106.418761785035,67.0820393249937,15.086750901336954,1
497,85.50571564527782,27.897643015860115,36.07145309448242,1751.0,180.0,0.424048513174057,30.0,4.496346950531006,3576.1711368445444,0.0,14.564010308269097,1
498,85.50558833561364,27.894918029325364,36.245445251464844,1563.0,154.8666229248047,0.637083113193512,30.0,4.496346950531006,3570.0,108.16653826391968,14.681440976900195,1
499,85.502990715111,27.89580543744671,47.16009521484375,1634.0,172.190673828125,0.5388669371604919,30.0,4.496346950531006,3870.0,30.0,14.234746146784259,1
500,85.50248590462607,27.89578023880447,34.270992279052734,1614.0,157.8944549560547,0.5325711965560913,30.0,4.496346950531006,3930.0,30.0,14.182814065359961,1
501,85.5021383901269,27.89555157597744,43.90119171142578,1636.0,149.07769775390625,0.5772548913955688,30.0,4.496346950531006,3960.0,30.0,14.344054545074401,1
502,85.50575946250426,27.89195168075316,35.54118347167969,1387.0,184.4112548828125,0.5678946375846863,10.0,4.607892036437988,3570.0,30.0,14.424517348887544,1
503,85.48865813660782,27.901584281734262,32.19773483276367,1910.0,154.129150390625,0.8112056255340576,10.0,4.496346950531006,5499.745448654874,189.73665961010278,14.92618509530572,1
504,85.48837707110226,27.90232674376726,34.58476638793945,1979.0,153.15060424804688,0.6793407201766968,10.0,4.496346950531006,5537.011829497929,150.0,14.718054019478705,1
505,85.7377404376863,27.87255553544342,49.3646125793457,1954.0,116.3940658569336,0.5439069867134094,60.0,4.696327209472656,1860.0,342.05262752974136,14.337204241427147,1
506,85.73764530983247,27.87371655637829,46.80823516845703,2075.0,94.35780334472656,0.7358081936836243,10.0,4.696327209472656,1860.0,330.0,14.21815262668687,1
507,85.73987403609085,27.877245139786197,32.954166412353516,2003.0,81.38326263427734,0.7268292903900146,10.0,4.696327209472656,1642.3458831805194,42.42640687119285,14.579072316177546,1
508,85.73968853596874,27.877451972053414,43.31651306152344,2019.0,82.10575866699219,0.758693516254425,10.0,4.696327209472656,1677.0509831248423,60.0,14.914021198705335,1
509,85.73958935332594,27.877597109440057,43.60380935668945,2020.0,90.973876953125,0.758693516254425,10.0,4.696327209472656,1677.0509831248423,60.0,14.914021198705335,1
510,85.73973888315827,27.877809772676724,38.86662673950195,2020.0,91.1509017944336,0.7756343483924866,10.0,4.696327209472656,1653.2694880145825,94.86832980505139,14.732416080116954,1
511,85.74048298244985,27.878444212441828,31.43624496459961,1966.0,68.23812103271484,0.7754788994789124,10.0,4.696327209472656,1615.5494421403512,201.24611797498108,14.99046673198187,1
512,85.73358524253048,27.88600950819496,50.1561279296875,1792.0,105.6739730834961,0.6312722563743591,30.0,4.696327209472656,2631.2924580897507,0.0,14.337904871655985,1
513,85.73411763574622,27.88705522888764,39.83570098876953,1772.0,70.73865509033203,0.8219118118286133,10.0,4.696327209472656,2639.4885868288957,94.86832980505139,14.337299123188362,1
514,85.73429875046479,27.88728796154032,38.59444808959961,1737.0,63.49946212768555,0.8219118118286133,10.0,4.696327209472656,2639.4885868288957,94.86832980505139,14.337299123188362,1
515,85.7319835012877,27.88861454871691,39.16462326049805,1700.0,353.54498291015625,0.7771300077438354,10.0,4.696327209472656,2922.498930709813,30.0,14.557430610491027,1
516,85.7277398829154,27.888393029866855,36.127357482910156,1834.0,37.02602767944336,0.818862795829773,10.0,4.696327209472656,3340.9280147887052,201.24611797498108,14.893218896886694,1
517,85.72666355806642,27.88843047420489,34.80842971801758,1887.0,35.41912841796875,0.7798620462417603,10.0,4.696327209472656,3448.0429231667054,240.0,14.591814951984082,1
519,85.73451365630245,27.859342764054688,47.30735778808594,1232.0,170.27523803710938,0.5935238003730774,30.0,4.696327209472656,2220.0,351.14099732158877,14.220003069164921,1
520,85.73822631482895,27.86260981285621,53.516422271728516,1426.0,161.03550720214844,0.43506115674972534,60.0,4.696327209472656,1800.0,152.97058540778355,13.85317426563059,1
521,85.75732726030044,27.90929391660572,43.236053466796875,1610.0,204.15040588378906,0.3048441708087921,60.0,4.774409770965576,827.5868534480234,210.0,14.489801571372153,1
522,85.75806598339335,27.90885936561637,36.955291748046875,1604.0,222.981689453125,0.47358429431915283,30.0,4.774409770965576,742.7651041883969,120.0,14.575460805226754,1
523,85.75436088687327,27.909635040494628,45.88053894042969,1517.0,222.45631408691406,0.5926833748817444,30.0,4.774409770965576,1106.752004741803,466.6904755831213,14.20452164129673,1
524,85.75287037711895,27.913565403327237,40.33290481567383,1814.0,197.5815887451172,0.4049125015735626,30.0,4.774409770965576,1527.9397893896212,258.0697580112788,14.619952507229394,1
525,85.75387209811062,27.91261103722823,44.57169723510742,1746.0,189.63400268554688,0.3199999928474426,60.0,4.774409770965576,1358.3077707206126,313.20919526731655,14.382950109421243,1
526,85.7604644132059,27.91053667688668,47.25248336791992,1645.0,92.5727310180664,0.6260135173797607,30.0,4.774409770965576,690.0,120.0,14.23469216440487,1
527,85.76020112571541,27.910630219286123,43.120872497558594,1660.0,37.32999801635742,0.6271013617515564,30.0,4.774409770965576,720.0,90.0,14.246799257760033,1
528,85.75948720538207,27.91057683845581,14.493463516235352,1716.0,97.19495391845703,0.469548761844635,30.0,4.774409770965576,804.9844718999243,0.0,15.702776774377114,1
529,85.75899988354419,27.91113877133138,36.66073226928711,1746.0,114.40754699707031,0.6551470756530762,30.0,4.774409770965576,870.0,30.0,15.438382260727582,1
530,85.7592798828699,27.91155573901069,45.74537658691406,1707.0,91.80763244628906,0.5391988754272461,30.0,4.774409770965576,840.0,60.0,14.38546032199228,1
531,85.75999961408736,27.912620878932543,30.83962059020996,1688.0,100.94042205810547,0.6974560618400574,10.0,4.774409770965576,750.0,30.0,14.848855405277737,1
532,85.7616001576244,27.91282677257756,41.93800354003906,1595.0,43.88766860961914,0.723649263381958,10.0,4.774409770965576,570.0,30.0,14.384675377858658,1
533,85.76069122292067,27.912689318918137,20.83766746520996,1641.0,50.3604736328125,0.7346982359886169,10.0,4.774409770965576,690.0,30.0,14.47169612170655,1
534,85.76107925538575,27.912841382184688,34.83964920043945,1622.0,24.903974533081055,0.7265507578849792,10.0,4.774409770965576,630.0,30.0,14.658966827128763,1
535,85.74264801365122,27.915503661322152,32.4149055480957,1938.0,72.18658447265625,0.5044500827789307,10.0,4.452770709991455,2482.0354550247666,256.3201123595259,13.829670988851571,1
536,85.71930741006321,27.87953047246048,46.613975524902344,2545.0,72.18102264404297,0.7686480283737183,10.0,4.696327209472656,3937.2071319655006,787.4642849044013,14.716292478071514,1
537,85.75198944476077,27.870150583707645,60.545040130615234,1043.0,109.77010345458984,0.7749733924865723,10.0,5.343934535980225,270.0,150.0,13.844060205628917,1
538,85.75145231079442,27.870656329409336,34.207969665527344,1115.0,70.52628326416016,0.7998743057250977,10.0,5.343934535980225,330.0,210.0,14.199238419065864,1
539,85.75183509478649,27.87133645432311,40.15598678588867,1057.0,86.70043182373047,0.7821655869483948,10.0,5.343934535980225,270.0,134.1640786499874,14.047867324624653,1
540,85.74947886087858,27.8733743482652,38.69068145751953,1262.0,136.6893768310547,0.5535815358161926,10.0,5.343934535980225,540.0,408.0441152620633,14.273734298516482,1
541,85.75162388576197,27.877420021961623,40.06111145019531,1256.0,113.84426879882812,0.4835537374019623,30.0,5.343934535980225,424.26406871192853,391.15214431215895,14.380473521075242,1
542,85.75565302360357,27.88161083264109,36.08988952636719,1131.0,101.529052734375,0.49084994196891785,30.0,5.343934535980225,300.0,30.0,14.199397277547943,1
543,85.75744893170999,27.89128968032427,43.619869232177734,1124.0,91.94694519042969,0.3709118366241455,30.0,5.343934535980225,120.0,0.0,14.42323935707017,1
545,85.75571160389225,27.904498082886388,42.77909469604492,1301.0,58.343868255615234,0.725875735282898,10.0,4.774409770965576,591.6924876994806,240.0,14.218345899057388,1
546,85.75391744795829,27.905845915797563,46.489166259765625,1408.0,73.02338409423828,0.5226863026618958,10.0,4.774409770965576,834.0863264674706,408.0441152620633,14.090310088129126,1
547,85.75234152970114,27.90604412967581,43.33524703979492,1479.0,76.10186767578125,0.43794578313827515,30.0,4.774409770965576,975.8073580374356,465.72524088780074,14.05552628525935,1
548,85.75222823166453,27.907202489181586,45.23017883300781,1505.0,78.88967895507812,0.4963536262512207,30.0,4.774409770965576,1064.048871058092,582.494635168428,14.21709544550779,1
549,85.75028204689295,27.90742536243644,42.00209426879883,1636.0,77.54197692871094,0.7859480381011963,10.0,4.774409770965576,1231.0970717209916,684.1052550594827,14.410992470978378,1
550,85.74937623644121,27.90799398033301,32.604244232177734,1644.0,76.83407592773438,0.7545883655548096,30.0,4.774409770965576,1360.294085850556,755.3806987208503,14.782050965076946,1
551,85.7511857160385,27.90944527912685,52.65692901611328,1508.0,82.9052734375,0.5318095684051514,30.0,4.774409770965576,1350.0,737.9024325749307,14.450124598477364,1
552,85.74602085385621,27.906975474124824,62.647361755371094,1974.0,115.813720703125,0.4020141661167145,30.0,4.774409770965576,1600.1562423713503,670.820393249937,14.054592978633297,1
553,85.73284787114433,27.89418476234232,50.5038948059082,1838.0,137.20823669433594,0.4460744857788086,10.0,4.452770709991455,2850.0,120.0,14.041207950234112,1
554,85.73343765947497,27.8948031358232,52.225765228271484,1830.0,143.4051971435547,0.5315490961074829,30.0,4.452770709991455,2790.0,60.0,14.186576780414828,1
555,85.73370382626435,27.895078493561943,52.4067268371582,1843.0,136.291748046875,0.4852718412876129,30.0,4.452770709991455,2760.0,42.42640687119285,14.350975020860357,1
556,85.73431143646494,27.895010194322097,40.58980941772461,1794.0,146.23348999023438,0.41430947184562683,30.0,4.452770709991455,2700.0,90.0,14.204092267539766,1
557,85.76078122282128,27.942583832096684,43.731082916259766,1930.0,176.70582580566406,0.7599412202835083,10.0,4.540307521820068,1905.4133409840501,60.0,14.73892349458285,1
558,85.76086768130251,27.935841660697367,46.745140075683594,1892.0,89.1273193359375,0.5534531474113464,30.0,4.774409770965576,1618.054387219416,152.97058540778355,14.413650282319312,1
559,85.76120809899317,27.9391060980781,37.65865707397461,1777.0,112.18289184570312,0.7284947633743286,10.0,4.540307521820068,1693.8713056191725,417.85164831552356,14.779072917869122,1
560,85.76720345898084,27.956702631156237,42.676326751708984,2929.0,161.45635986328125,0.6562264561653137,30.0,4.540307521820068,2180.1146758828995,966.0745312862771,15.06551837055982,1
562,85.77988962002985,28.02333575099465,16.934505462646484,2090.0,133.72091674804688,0.092464879155159,60.0,4.903069972991943,0.0,308.86890422961005,15.752146982986732,1
563,85.77367538986896,28.01646392044016,44.52534103393555,2310.0,68.7719497680664,0.7348942756652832,10.0,4.903069972991943,600.0,980.866963456309,14.42861366114555,1
564,85.7737809966622,28.026853989289528,34.367618560791016,2815.0,151.1400604248047,0.4287276566028595,30.0,4.903069972991943,635.6886030125128,1100.6361796706485,14.677289346461908,1
565,85.7797661038932,28.02573266697924,50.674705505371094,2213.0,119.38493347167969,0.5156641602516174,30.0,4.903069972991943,90.0,442.944691807002,14.26598176669239,1
566,85.7745451324064,28.03195511891938,32.77781677246094,2615.0,52.88929748535156,0.3521505296230316,60.0,4.903069972991943,632.8506932918697,831.9254774317228,15.511064634928173,1
568,85.76435427892787,28.03768707361241,27.73854637145996,2688.0,337.4409484863281,0.7378965020179749,10.0,4.903069972991943,524.785670536077,1047.8549517943788,15.308917079308618,1
569,85.76338242277278,28.037462659294004,31.660329818725586,2696.0,13.764425277709961,0.7018836736679077,30.0,4.903069972991943,618.4658438426491,1110.0,15.295608559975022,1
570,85.76328558524929,28.039318250527824,48.600948333740234,2699.0,75.95957946777344,0.6142046451568604,10.0,4.903069972991943,474.3416490252569,913.892772703669,15.532412599386364,1
571,85.76893448762557,28.04322296176528,39.11818313598633,2340.0,40.8492431640625,0.7569388151168823,10.0,4.903069972991943,0.0,295.4657340538831,14.874524440454007,1
572,85.75943012677925,28.05106892337505,37.97503662109375,2397.0,53.02958297729492,0.7815293073654175,10.0,4.903069972991943,0.0,216.33307652783935,14.937696539453134,1
573,85.7568532000794,28.04316950500178,28.1778564453125,2813.0,45.97148132324219,0.5591588020324707,30.0,4.903069972991943,724.9827584156743,1068.2696288858915,15.251711080921334,1
574,85.75930500155522,28.04486468617949,36.10837173461914,2617.0,44.75294494628906,0.7564367651939392,10.0,4.903069972991943,408.0441152620633,745.1845409024533,15.104503144578134,1
575,85.73256879237083,27.884191204125564,30.29973793029785,1853.0,36.54707717895508,0.746627151966095,10.0,4.696327209472656,2647.1494102146935,150.0,14.979974986017169,1
576,85.73182840913925,27.883357537848227,42.64535140991211,1934.0,32.471981048583984,0.45146825909614563,10.0,4.696327209472656,2696.6646065093078,161.55494421403512,14.58943011659355,1
577,85.7498772453077,27.900764718301208,40.508453369140625,1665.0,165.09127807617188,0.5211840867996216,30.0,4.774409770965576,964.2095207992918,30.0,14.533123923949962,1
578,85.75016826214296,27.899999006368507,31.6988468170166,1595.0,174.89527893066406,0.5329275131225586,10.0,4.774409770965576,930.4837451562494,90.0,14.964578900032464,1
579,85.75134983249276,27.901508509425778,45.58121109008789,1656.0,118.41661071777344,0.5194346308708191,30.0,4.774409770965576,800.49984384758,30.0,14.33495937561838,1
580,85.7508293441721,27.90109109085264,38.416229248046875,1652.0,132.34523010253906,0.4531683027744293,30.0,4.774409770965576,853.2877591996735,30.0,14.546060445051642,1
581,85.75828433185232,27.90618794807334,45.4854850769043,1347.0,189.3282470703125,0.5380354523658752,10.0,4.774409770965576,563.6488268416781,323.10988842807024,14.030323415943226,1
582,85.75646105795502,27.906047310408027,41.829368591308594,1355.0,174.12655639648438,0.5019184947013855,30.0,4.774409770965576,721.2489168102784,429.5346318982906,14.335392991817026,1
583,85.76011248034196,27.90509413362334,49.10114288330078,1292.0,197.545654296875,0.6843398809432983,10.0,4.774409770965576,323.10988842807024,161.55494421403512,13.758698333928455,1
584,85.76163410837488,27.908248201525197,50.58863067626953,1494.0,111.04852294921875,0.19301284849643707,30.0,4.774409770965576,465.72524088780074,42.42640687119285,14.233717067234798,1
585,85.76238553739671,27.908746549182148,43.825313568115234,1480.0,110.74295806884766,0.37688443064689636,30.0,4.774409770965576,480.0,30.0,14.337454439232902,1
586,85.76522178233623,27.912781150380123,50.891178131103516,1354.0,107.6180648803711,0.5219752788543701,10.0,4.774409770965576,180.0,276.5863337187866,13.924183312487152,1
587,85.76725385973802,27.913046637826778,42.04601287841797,1219.0,127.60955810546875,0.47255468368530273,60.0,4.774409770965576,0.0,276.5863337187866,14.120631391270107,1
588,85.76710229503277,27.914280389652323,63.82686233520508,1309.0,133.17361450195312,0.42548468708992004,30.0,4.774409770965576,0.0,366.1966684720111,13.932257754813063,1
589,85.76822999374254,27.913929210283865,47.12380599975586,1165.0,121.7391357421875,0.6170648336410522,10.0,4.774409770965576,0.0,234.30749027719963,13.731057732368852,1
590,85.74692028344846,27.89590237294417,56.29195022583008,1534.0,144.0899658203125,0.33002057671546936,30.0,4.774409770965576,1290.0,240.0,13.830361697300534,1
592,85.75068367173508,27.89594741135964,38.987403869628906,1318.0,125.4489517211914,0.6836624145507812,10.0,4.774409770965576,870.0,540.0,14.460471757797873,1
593,85.75115674997299,27.894142977838523,39.1927375793457,1200.0,153.30348205566406,0.4951718747615814,30.0,4.774409770965576,810.0,510.0,14.20686640527665,1
594,85.74565134748904,27.892884759243028,36.911041259765625,1354.0,165.88650512695312,0.43616852164268494,30.0,4.774409770965576,1410.0,335.4101966249685,14.019936231818328,1
595,85.7422317388701,27.895410763622262,34.87793731689453,1673.0,176.9875030517578,0.37297654151916504,30.0,4.452770709991455,1800.0,30.0,14.598953069299426,1
596,85.74199355744767,27.894833751350724,32.289852142333984,1642.0,198.59201049804688,0.5533269047737122,30.0,4.452770709991455,1830.0,30.0,14.76952588631029,1
597,85.74250177182144,27.894880273337872,33.383018493652344,1635.0,155.35894775390625,0.5541078448295593,30.0,4.452770709991455,1770.0,30.0,14.721287036813777,1
598,85.74282416648518,27.894873919796314,41.164222717285156,1632.0,178.79965209960938,0.47884345054626465,30.0,4.452770709991455,1740.0,30.0,14.508331071589353,1
599,85.74174415468445,27.8942260465512,27.190160751342773,1623.0,192.3523712158203,0.47713062167167664,30.0,4.452770709991455,1860.0,0.0,15.637508256641999,1
600,85.74219209061269,27.89420518323116,35.17219161987305,1625.0,171.0282745361328,0.501619279384613,30.0,4.452770709991455,1800.0,60.0,14.676169521388186,1
601,85.74370550003584,27.894787735818035,45.00075912475586,1620.0,166.2255401611328,0.45208486914634705,30.0,4.452770709991455,1650.0,60.0,14.39503020328419,1
602,85.74387019755791,27.89266039524739,43.24998092651367,1369.0,191.22723388671875,0.5653905868530273,30.0,4.696327209472656,1620.0,295.4657340538831,14.125619156790316,1
603,85.74146066710064,27.899341528959766,28.130929946899414,1940.0,141.92637634277344,0.7731200456619263,10.0,4.452770709991455,1890.0,42.42640687119285,14.843122648542156,1
604,85.73937486820027,27.898815299410497,30.33677864074707,1880.0,194.50071716308594,0.653514564037323,10.0,4.452770709991455,2130.0,30.0,14.981873710002024,1
605,85.73991646669975,27.898594221365453,29.54751205444336,1871.0,181.85165405273438,0.5491417050361633,30.0,4.452770709991455,2070.0,30.0,14.938663532349912,1
606,85.74086157564327,27.898577473950752,32.53507614135742,1889.0,188.25404357910156,0.533132016658783,30.0,4.452770709991455,1950.0,30.0,14.89488401663824,1
607,85.74115530762293,27.894792449121628,27.73394775390625,1630.0,202.5321502685547,0.6968435645103455,30.0,4.452770709991455,1920.0,30.0,14.949824291689005,1
608,85.74040397213732,27.89578079957903,42.01469039916992,1691.0,197.75656127929688,0.6694396734237671,10.0,4.452770709991455,2010.0,42.42640687119285,14.642569057817568,1
609,85.74075792955287,27.895563984231597,41.65459442138672,1695.0,190.67938232421875,0.6220998167991638,10.0,4.452770709991455,1980.0,42.42640687119285,14.44134512910428,1
610,85.752218246311,27.90162117439162,27.546199798583984,1602.0,138.14596557617188,0.5050281286239624,30.0,4.774409770965576,721.2489168102784,30.0,14.93531115848222,1
611,85.74556676654119,27.89944614525553,36.20417404174805,1717.0,108.03522491455078,0.3489402234554291,30.0,4.774409770965576,1440.0,0.0,14.674637243760358,1
612,85.7463696488049,27.897478239199422,27.21769142150879,1639.0,112.19060516357422,0.4581686854362488,30.0,4.774409770965576,1350.0,192.09372712298546,14.973246963549991,1
613,85.73780702928039,27.899576755849036,43.97797393798828,1992.0,145.28707885742188,0.49199745059013367,30.0,4.452770709991455,2310.0,60.0,14.747350535208906,1
614,85.75125298409388,27.912061431076484,43.53900909423828,1618.0,188.87168884277344,0.36646586656570435,30.0,4.774409770965576,1555.9562975867927,510.8815909777921,14.170330504029698,1
615,85.75505880472987,27.914816518228974,40.11618423461914,1965.0,182.49227905273438,0.41106656193733215,30.0,4.774409770965576,1320.0,30.0,14.819517507163999,1
616,85.75507119927457,27.9126182582766,32.914974212646484,1763.0,198.13795471191406,0.2693417966365814,30.0,4.774409770965576,1253.1959144523253,212.13203435596427,14.883324381057164,1
617,85.75747390786728,27.9142879706915,43.41604232788086,1902.0,138.83120727539062,0.4111773371696472,60.0,4.774409770965576,1050.0,30.0,14.394635162781405,1
618,85.75716792159287,27.913426245615916,46.870452880859375,1860.0,137.99032592773438,0.6287634968757629,10.0,4.774409770965576,1080.0,0.0,14.377496477519761,1
619,85.75611769526844,27.91059481368413,39.986846923828125,1687.0,195.19454956054688,0.39228567481040955,30.0,4.774409770965576,1039.6634070698074,254.5584412271571,14.511107075633456,1
620,85.75463642188096,27.92587802012993,41.962032318115234,2509.0,106.74047088623047,0.8506603240966797,10.0,4.774409770965576,1710.263137648707,84.8528137423857,14.816761047075254,1
621,85.75646102883772,27.92368793451423,42.378875732421875,2331.0,124.59083557128906,0.6935659646987915,10.0,4.774409770965576,1398.4634424967999,256.3201123595259,14.934302791728198,1
622,85.75668966729336,27.923869908718427,37.269344329833984,2330.0,125.0557632446289,0.6645985245704651,10.0,4.774409770965576,1374.1178988718543,284.60498941515414,14.779272067892162,1
623,85.75769343095656,27.92480607255144,28.37409210205078,2258.0,79.6403579711914,0.7066624760627747,10.0,4.774409770965576,1380.3260484392808,360.0,15.029666415457118,1
624,85.77091613897652,27.923436889441604,35.06955337524414,1325.0,117.4631576538086,0.5707810521125793,10.0,4.774409770965576,30.0,161.55494421403512,14.401768958818128,1
625,85.7716965689163,27.923132247434364,34.40293502807617,1284.0,81.84600067138672,0.6027237176895142,10.0,4.774409770965576,0.0,240.0,14.447751827909133,1
626,85.77163210863061,27.92422459437522,43.63545608520508,1352.0,131.46278381347656,0.45899930596351624,30.0,4.774409770965576,0.0,283.0194339616981,14.011464941036145,1
627,85.7717951127577,27.925105597695744,42.23666763305664,1387.0,129.93128967285156,0.42999446392059326,30.0,4.774409770965576,30.0,361.2478373637689,14.021719191186266,1
628,85.77243113551249,27.925826552674323,47.25843811035156,1411.0,134.67559814453125,0.4135942757129669,30.0,4.774409770965576,90.0,445.9820624195552,13.979309595758115,1
629,85.77655058496822,27.935336333406187,62.565345764160156,1535.0,92.89009094238281,0.3736918270587921,30.0,4.774409770965576,240.0,474.3416490252569,13.860671468594258,1
631,85.78297193514578,27.944058828685748,56.86039352416992,1417.0,117.71149444580078,0.27448800206184387,30.0,4.540307521820068,60.0,603.7383539249432,13.74120877051825,1
632,85.7739233748034,27.957444941457297,45.34693145751953,2648.0,112.57112121582031,0.4678839445114136,60.0,4.540307521820068,1530.0,680.147042925278,14.77566983523315,1
647,85.74751843564927,28.064345447987,57.92900085449219,2804.0,77.701416015625,0.6373006105422974,10.0,4.903069972991943,270.0,551.5432893255071,14.919756587545653,1
648,85.74553614647687,28.06303908960824,47.77145004272461,2959.0,87.47366333007812,0.5862628221511841,30.0,4.903069972991943,510.0,819.3900170248597,14.8057766429529,1
649,85.74617712181447,28.061684211608355,27.523035049438477,2873.0,108.09896087646484,0.5796642899513245,10.0,4.903069972991943,429.5346318982906,807.7747210701756,15.303761288239201,1
650,85.74725299378082,28.05965288131207,27.23262596130371,2879.0,93.60673522949219,0.5885381698608398,30.0,4.903069972991943,445.9820624195552,764.8529270389178,15.810959827895108,1
651,85.750082865445,28.05719246710611,58.8953971862793,2807.0,65.1669921875,0.5295152068138123,30.0,4.903069972991943,480.0,550.7267925205746,13.94280776486079,1
652,85.74942872255178,28.05437756711527,27.757862091064453,2907.0,70.2245864868164,0.6928251385688782,10.0,4.903069972991943,540.0,757.1657678474378,14.818184850335156,1
653,85.75042664604251,28.055835486339006,36.945919036865234,2802.0,90.0,0.5943232774734497,10.0,4.903069972991943,450.0,590.9314681077662,15.140544470091156,1
654,85.74963524133462,28.0493572904621,32.894866943359375,3080.0,58.29301071166992,0.665726363658905,10.0,4.903069972991943,763.6753236814714,1106.3453348751464,15.285167275879914,1
655,85.75407271312133,28.046602024389088,31.261930465698242,2866.0,122.22747802734375,0.3858119249343872,30.0,4.903069972991943,618.4658438426491,984.0731680114036,14.563314799298986,1
656,85.7544580369249,28.04714991913884,39.15278625488281,2857.0,121.1259765625,0.5335478186607361,10.0,4.903069972991943,558.0322571321483,924.1753080449618,15.066030776393744,1
657,85.75701532393872,28.04798852334588,38.147056579589844,2700.0,73.22930908203125,0.7853013873100281,10.0,4.903069972991943,283.0194339616981,636.3961030678928,15.162632032234258,1
658,85.75669880331282,28.048694326492768,44.29859924316406,2706.0,47.144596099853516,0.6897411942481995,10.0,4.903069972991943,254.5584412271571,618.4658438426491,14.7397595858072,1
664,85.746026174618,28.06821085503682,34.543880462646484,2903.0,106.39018249511719,0.6372697949409485,10.0,4.903069972991943,450.0,641.3267497929585,14.61707755289462,1
665,85.76753546856527,28.04034146135094,30.767610549926758,2496.0,29.53141975402832,0.7681564092636108,10.0,4.903069972991943,180.0,657.9513659838393,15.251697985637561,1
669,85.74087473611583,28.015339789897045,49.55094528198242,3218.0,67.2679443359375,0.44529014825820923,30.0,4.635933876037598,4115.580153514204,1200.3749414245533,15.1238670771352,1
671,85.73815553100299,28.008454183863257,38.32786560058594,3306.0,30.680587768554688,0.48748570680618286,30.0,4.635933876037598,4585.193561890272,1008.4641788382966,15.499295748312433,1
672,85.73430612247124,28.01284480794479,43.427371978759766,3478.0,138.80526733398438,0.24380925297737122,60.0,4.635933876037598,4865.644869901625,453.9823785126467,15.52602485250329,1
676,85.7640870940013,28.008749303763604,40.51033020019531,2721.0,345.0770263671875,0.7217934727668762,10.0,4.903069972991943,1739.2239648762893,391.15214431215895,15.441056236415173,1
677,85.76196603185409,28.00926362795191,30.349454879760742,2671.0,54.507808685302734,0.6426482200622559,10.0,4.903069972991943,1959.2090240706834,593.9696961966999,14.682407711637271,1
678,85.7591427893679,28.00866098010397,49.32616424560547,2772.0,338.75274658203125,0.7088504433631897,10.0,4.903069972991943,2265.14900172152,782.3042886243179,14.682289999714051,1
680,85.74059162974274,27.994991687609893,34.939735412597656,3514.0,130.44894409179688,0.4013442397117615,30.0,4.635933876037598,4724.880950881196,785.175139698144,15.431487364522463,1
681,85.74122115461796,27.99897956515964,47.69820785522461,3398.0,108.01969909667969,0.43289175629615784,30.0,4.635933876037598,4498.199639855929,960.0,14.945244267047608,1
682,85.74378538688593,27.99884869023668,35.57231903076172,3248.0,71.52595520019531,0.6438105702400208,10.0,4.635933876037598,4228.297529739363,1248.879497789919,15.23403289826303,1
683,85.74238531931341,27.999524808680167,38.94316101074219,3303.0,93.44512176513672,0.4748603403568268,30.0,4.635933876037598,4364.974226728034,1081.6653826391967,14.892663158713287,1
684,85.7615293426023,27.997106220571887,31.777843475341797,3320.0,6.798403263092041,0.6763551235198975,10.0,4.903069972991943,2482.0354550247666,94.86832980505139,15.375193950660462,1
687,85.65424477769572,27.760041605389063,40.12711715698242,1202.0,86.69705200195312,0.6330567002296448,10.0,4.361113548278809,3900.0,30.0,14.172488528746014,1
688,86.01157712654287,27.76340305828591,54.21980667114258,2675.0,216.39096069335938,0.26817256212234497,30.0,4.674496173858643,12036.731283866064,1049.571341072154,14.640437456195459,1
689,86.01407160704636,27.75772347821192,22.689355850219727,2754.0,285.7254638671875,0.32301342487335205,30.0,4.0183281898498535,11905.200544299958,882.3264701911645,15.701991594158837,1
692,86.00775052399631,27.76295791743184,40.71907424926758,2503.0,152.1220245361328,0.7461664080619812,30.0,4.674496173858643,12459.538514728385,787.4642849044013,14.882584576679015,1
693,86.00705806933341,27.770166955574048,57.60006332397461,2916.0,211.4975128173828,0.30778300762176514,30.0,4.674496173858643,12364.732103850856,576.2811813689564,14.868235812455907,1
695,85.99302680741278,27.789590989292734,40.13506317138672,1994.0,214.35177612304688,0.7864680290222168,10.0,4.674496173858643,10350.0,0.0,14.758454808650873,1
699,86.00453299087359,27.791325265333533,41.19500732421875,2587.0,217.32028198242188,0.5440537333488464,10.0,4.674496173858643,12510.0,1025.2804494381037,14.359542036060988,1
703,85.9767200503514,27.81282801542947,39.15444564819336,2424.0,203.86529541015625,0.6318195462226868,10.0,4.383127212524414,8670.415214970964,42.42640687119285,15.055654964579247,1
704,85.97870235465051,27.81241749524862,38.272342681884766,2492.0,224.10076904296875,0.4833720028400421,30.0,4.383127212524414,8872.75041912033,134.1640786499874,15.107193405049193,1
705,85.96421947924958,27.81877427281499,47.54482650756836,2615.0,218.28541564941406,0.7007625699043274,10.0,4.941662311553955,7471.204722131499,931.933474020544,14.70599756937671,1
706,85.96474894346338,27.81668543512215,37.88673782348633,2517.0,206.54627990722656,0.6933621764183044,10.0,4.941662311553955,7465.420282877582,882.3264701911645,15.050839110580684,1
707,85.96912557985821,27.820842095256985,48.55720520019531,2938.0,203.82998657226562,0.33851706981658936,30.0,4.383127212524414,8057.27621470184,510.8815909777921,14.771773436000698,1
708,85.96952633569609,27.81984436030277,47.447689056396484,2895.0,213.67543029785156,0.3552199602127075,30.0,4.383127212524414,8052.080476497985,630.0,15.176815187316,1
709,85.95365842012133,27.814069143638843,44.5457763671875,2402.0,166.01119995117188,0.42944785952568054,30.0,4.941662311553955,6178.106506042122,258.0697580112788,14.702795099998635,1
710,85.93705828260268,27.831755116526107,36.78618240356445,2367.0,204.59396362304688,0.3837874233722687,30.0,4.941662311553955,5447.127683467682,569.2099788303083,15.177353273856633,1
711,85.92816730645626,27.818529791526043,50.34914016723633,1702.0,155.82261657714844,0.508175253868103,30.0,4.941662311553955,3769.2704864469465,268.3281572999748,14.346381608417342,1
712,85.92060746451698,27.831458833304527,51.369834899902344,2609.0,154.89801025390625,0.2694161832332611,30.0,4.941662311553955,4118.859065323794,360.0,14.556394943721868,1
713,85.91691202344947,27.82946281769561,59.68332290649414,2561.0,145.43824768066406,0.44117647409439087,30.0,4.941662311553955,3683.653078127744,295.4657340538831,14.215741694422077,1
714,85.9190826145808,27.83058431210385,57.42353057861328,2585.0,166.4720001220703,0.4083474278450012,30.0,4.941662311553955,3931.373805681673,324.4996147917591,14.767402793739159,1
715,85.92098016159612,27.832605978882462,48.60552978515625,2733.0,194.0063018798828,0.41204389929771423,30.0,4.941662311553955,4250.270579621962,510.0,14.853392079392117,1
716,85.91485894362125,27.824708580204184,46.83631134033203,2268.0,196.96795654296875,0.22010494768619537,30.0,4.941662311553955,3120.1442274356486,42.42640687119285,14.706751677367413,1
717,85.91392976335419,27.823387431094872,27.505130767822266,2194.0,150.51788330078125,0.41887998580932617,30.0,4.941662311553955,2949.321955975644,30.0,15.251974143101497,1
718,85.91305728002958,27.82675743967716,46.3213996887207,2486.0,166.86611938476562,0.3700202703475952,30.0,4.941662311553955,3169.369022376536,150.0,14.678277090494669,1
719,85.91384700087954,27.825070182728236,41.42104721069336,2282.0,159.34791564941406,0.3496529161930084,30.0,4.941662311553955,3104.383996866367,30.0,14.50094348720342,1
720,85.92416359916879,27.816131109178457,28.955543518066406,1643.0,148.04388427734375,0.3442826271057129,30.0,4.941662311553955,3244.9961479175904,442.944691807002,14.900775444415606,1
721,85.92321918017267,27.81825052080688,49.829898834228516,1821.0,234.97451782226562,0.6738752126693726,10.0,4.941662311553955,3289.0728176797793,453.9823785126467,14.56223636518087,1
722,85.91778184193316,27.81755121683488,14.13510799407959,1709.0,154.1466064453125,0.4851127862930298,30.0,4.941662311553955,2800.142853498728,60.0,15.73900021498347,1
723,85.91951017591104,27.82340664001788,51.09342956542969,2009.0,124.17987060546875,0.5199677348136902,10.0,4.941662311553955,3407.080861969672,268.3281572999748,14.800215224398016,1
724,85.91971269977773,27.820389141297063,43.0275993347168,1821.0,122.5216064453125,0.5833632349967957,30.0,4.941662311553955,3161.4079142053147,189.73665961010278,14.71345734841406,1
725,85.91102778680441,27.816261592670223,34.74373245239258,1698.0,163.12513732910156,0.35307180881500244,30.0,4.941662311553955,2178.669318643837,432.6661530556787,14.782102971172664,1
726,85.90963152051435,27.814209108579885,46.55607986450195,1577.0,136.10256958007812,0.26528117060661316,30.0,4.941662311553955,1914.601786273062,301.4962686336267,14.212086015814393,1
727,85.90721348274425,27.816386354236545,41.70357894897461,1749.0,177.6456298828125,0.25749367475509644,30.0,4.941662311553955,1867.2439583514522,247.38633753705963,14.501961550425516,1
728,85.90190899679304,27.817980882303917,55.5070686340332,1859.0,228.98672485351562,0.50998854637146,10.0,4.941662311553955,1570.350279396288,84.8528137423857,14.478021418435928,1
729,85.90636771271376,27.81587903459828,54.713375091552734,1712.0,164.2164764404297,0.44320109486579895,30.0,4.941662311553955,1761.8456232031228,174.92855684535903,14.011015943613659,1
732,85.69885775485012,27.95740738023492,36.913902282714844,3035.0,128.6768035888672,0.6294017434120178,10.0,4.595747470855713,6390.0,969.3296652842106,15.162097764286711,1
733,85.76423082775784,27.719656933033832,33.544578552246094,902.0,55.836082458496094,0.6451674103736877,10.0,4.70947265625,426.38011210655685,234.30749027719963,13.910906281371268,1
734,85.76488368611855,27.71864215328992,36.5323600769043,985.0,26.37850570678711,0.6341681480407715,10.0,4.70947265625,318.9043743820395,216.33307652783935,14.206089642502183,1
735,85.76649211718912,27.719395297710577,34.85765838623047,863.0,54.47696304321289,0.6372681856155396,10.0,4.70947265625,301.4962686336267,247.38633753705963,14.28009480324528,1
736,85.77876014479682,27.73010213618375,49.9936637878418,702.0,86.10484313964844,0.3000304698944092,10.0,4.70947265625,60.0,30.0,13.484921997473627,1
738,85.77498188989227,27.741588212582457,43.44440460205078,824.0,38.16722106933594,0.7616564035415649,10.0,4.70947265625,30.0,180.0,14.025937865458843,1
739,85.88806575407307,27.867169041316487,39.14503860473633,1514.0,308.06097412109375,0.5582562685012817,10.0,4.586504936218262,429.5346318982906,666.1080993352356,14.431107409205845,1
740,85.88692408031476,27.867001845737462,49.7545280456543,1451.0,313.2425537109375,0.46491414308547974,10.0,4.586504936218262,420.0,577.0615218501403,14.665788225169043,1
741,85.88357262437233,27.871410957655566,38.240943908691406,1221.0,272.3544616699219,0.5991590619087219,10.0,4.586504936218262,0.0,30.0,14.375214919706865,1
742,85.88339696499546,27.871110522707777,46.07278060913086,1183.0,278.9705505371094,0.5990615487098694,10.0,4.586504936218262,0.0,60.0,13.858976504343202,1
744,85.88131149504288,27.86839493735476,43.314208984375,1072.0,262.1051025390625,0.5585200190544128,10.0,4.586504936218262,0.0,42.42640687119285,13.475782199256601,1
746,85.88282030423164,27.865005334839086,46.61051940917969,1283.0,287.8211975097656,0.4333953857421875,10.0,4.586504936218262,180.0,254.5584412271571,13.579331079948643,1
747,85.88258961608234,27.86155359552517,40.980953216552734,1390.0,288.4685974121094,0.6110444068908691,30.0,4.586504936218262,390.0,420.0,14.546579285415852,1
748,85.88403862319836,27.859005504724383,26.309368133544922,1449.0,242.7186737060547,0.4686150848865509,60.0,4.586504936218262,540.0,570.7889277132134,14.823743520109531,1
749,85.88261315750846,27.85837387493977,25.913312911987305,1346.0,281.5314636230469,0.4129190444946289,60.0,4.586504936218262,390.0,436.80659335683106,14.783666761998795,1
750,85.88574563986379,27.85875306800655,41.354618072509766,1540.0,266.8372497558594,0.4449152648448944,30.0,4.586504936218262,603.7383539249432,750.0,14.26897705436687,1
751,85.88504574391874,27.858128727643216,31.1776123046875,1464.0,266.9328918457031,0.35107654333114624,60.0,4.586504936218262,496.58836071740546,702.9224708315988,14.70617694272667,1
752,85.88826966452513,27.857677248739147,38.9105110168457,1631.0,257.2559509277344,0.35051244497299194,60.0,4.586504936218262,708.0254232723568,458.91175622335066,14.525607868770033,1
753,85.88657271482431,27.84691521102225,37.6384162902832,1496.0,247.80003356933594,0.5015225410461426,30.0,4.941662311553955,360.0,630.7138812488591,14.580186144209753,1
754,85.88654890395581,27.84641740270339,24.28119659423828,1490.0,291.028564453125,0.439859539270401,30.0,4.941662311553955,360.0,630.7138812488591,14.768094973884997,1
755,85.88833955875182,27.84581267982261,41.9361686706543,1710.0,273.09869384765625,0.5474649667739868,30.0,4.941662311553955,570.0,618.4658438426491,14.042448373075441,1
756,85.88834343948248,27.844820009727936,59.84944152832031,1707.0,268.3835754394531,0.38035187125205994,10.0,4.941662311553955,570.0,674.1661516273269,14.040575724714719,1
757,85.88663199081076,27.843312427776663,48.62220764160156,1472.0,270.81707763671875,0.5914526581764221,10.0,4.941662311553955,390.0,658.6349520030045,14.091787454573184,1
758,85.88678515740642,27.8412671969952,53.63665008544922,1562.0,274.100830078125,0.6725623607635498,10.0,4.941662311553955,394.58839313897715,488.3646178829912,13.792776990387685,1
759,85.88421256276526,27.8325662320875,40.51151657104492,1730.0,303.3276672363281,0.7045857906341553,10.0,4.941662311553955,806.1017305526642,150.0,14.520199305193467,1
760,85.89039232601289,27.84177039739186,37.566162109375,1680.0,214.83584594726562,0.38213998079299927,30.0,4.941662311553955,810.0,700.3570517957252,14.363949790613088,1
761,85.89106712951798,27.841355288993327,40.00984191894531,1711.0,226.0314178466797,0.6731380224227905,10.0,4.941662311553955,872.066511224918,702.9224708315988,14.528702710701072,1
762,85.89272335112993,27.84005998674588,54.73297882080078,1719.0,215.63162231445312,0.609398365020752,10.0,4.941662311553955,1070.7940978544848,611.8823416311342,14.028055253504807,1
763,85.87998802903236,27.852739563464954,36.59333419799805,1084.0,236.97166442871094,0.5949240922927856,10.0,4.586504936218262,0.0,84.8528137423857,14.19921609612297,1
765,85.88115905154213,27.84785159090737,28.009366989135742,1065.0,266.510498046875,0.7113083600997925,10.0,4.586504936218262,0.0,67.0820393249937,13.81835970059221,1
766,85.88153004832108,27.84151940486714,28.65955352783203,1067.0,315.3010559082031,0.5535939335823059,10.0,4.941662311553955,30.0,150.0,14.206590980711173,1
770,85.87983624241764,27.82818687507713,37.916847229003906,1438.0,184.0425567626953,0.25581395626068115,30.0,4.941662311553955,364.96575181789314,0.0,14.858825645756673,1
773,85.8834141601063,27.82751750345124,39.71417236328125,1509.0,173.67405700683594,0.40843257308006287,30.0,4.941662311553955,566.0388679233962,84.8528137423857,14.741454206363752,1
774,85.88427509400489,27.824467945708868,37.15336990356445,1254.0,237.71934509277344,0.4619829058647156,10.0,4.941662311553955,436.80659335683106,67.0820393249937,14.331820445187097,1
775,85.88422540435975,27.821693934912226,22.958398818969727,1190.0,245.1436767578125,0.31223881244659424,30.0,4.941662311553955,169.7056274847714,42.42640687119285,14.73507762678405,1
776,85.88392164075111,27.82273573594954,31.89715576171875,1191.0,250.23731994628906,0.4319612681865692,10.0,4.941662311553955,256.3201123595259,30.0,14.449290252667328,1
777,85.89359287734588,27.803586498185904,41.31821060180664,933.0,249.52047729492188,0.632478654384613,30.0,4.941662311553955,0.0,30.0,13.87163825002018,1
778,85.89358509512994,27.80428842915728,36.39598846435547,948.0,246.71681213378906,0.6087836027145386,10.0,4.941662311553955,0.0,67.0820393249937,14.064155716704684,1
779,85.89610025234106,27.804434237947184,37.48595428466797,961.0,149.92703247070312,0.5316641926765442,30.0,4.941662311553955,67.0820393249937,42.42640687119285,14.05180985846336,1
780,85.90034007509446,27.8067256496828,27.442861557006836,1013.0,175.95823669433594,0.46257585287094116,30.0,4.941662311553955,617.7378084592201,210.0,14.236660540603415,1
781,85.90058493479692,27.80677260713132,30.33544921875,1012.0,165.51109313964844,0.46257585287094116,30.0,4.941662311553955,617.7378084592201,210.0,14.236660540603415,1
782,85.90076555792825,27.807005151380167,35.95429611206055,1020.0,148.00375366210938,0.5017770528793335,30.0,4.941662311553955,658.6349520030045,180.0,14.03486663553976,1
783,85.90094264348686,27.807334677132893,40.074546813964844,1043.0,149.97901916503906,0.5421521663665771,30.0,4.941662311553955,699.7142273814361,152.97058540778355,13.948027382678859,1
784,85.9008387765949,27.8221065691278,47.35895919799805,1801.0,312.1294250488281,0.5741410255432129,10.0,4.941662311553955,1863.866948041088,228.47319317591726,14.71501763350818,1
785,85.90004092038254,27.821525984657463,32.24636459350586,1759.0,320.3350524902344,0.5726807713508606,30.0,4.941662311553955,1739.4826817189069,120.0,14.724825025135502,1
786,85.89930489481729,27.819987694995607,22.95809555053711,1730.0,294.8567199707031,0.5399187803268433,10.0,4.941662311553955,1580.9174551506478,30.0,14.709673085010168,1
787,85.89617982920909,27.82222853772257,40.069549560546875,1788.0,286.7780456542969,0.6078431606292725,10.0,4.941662311553955,1451.2063946937387,0.0,14.426260175918793,1
788,85.89580268599755,27.821557943577314,31.92964744567871,1750.0,267.0219421386719,0.4034983813762665,10.0,4.941662311553955,1415.0971698084907,0.0,14.837769336501479,1
789,85.8945997253233,27.82569487748777,26.06598472595215,1768.0,206.6819610595703,0.33429187536239624,10.0,4.941662311553955,1382.9316685939332,0.0,14.713733643665497,1
790,85.89432613974091,27.826037129141703,42.569122314453125,1804.0,206.001953125,0.3747572898864746,10.0,4.941662311553955,1368.5393673548451,0.0,14.6125416661753,1
791,85.89503736848445,27.826567536495432,34.95746612548828,1857.0,198.31211853027344,0.45428672432899475,10.0,4.941662311553955,1475.8048651498614,0.0,14.788588936430283,1
792,85.89546126004515,27.82627675959821,30.646005630493164,1853.0,205.62767028808594,0.31122449040412903,10.0,4.941662311553955,1489.7650821522163,0.0,14.798383403101209,1
793,85.89538272964545,27.825503875728423,38.683082580566406,1797.0,219.80039978027344,0.4307228922843933,10.0,4.941662311553955,1453.9944979263162,0.0,14.698717146425432,1
794,85.89735954018357,27.825721482919647,26.86927604675293,1907.0,210.38368225097656,0.6307448744773865,30.0,4.941662311553955,1689.0825912311095,150.0,15.145153383215979,1
795,85.89758475795558,27.821743657378864,46.274173736572266,1777.0,163.73300170898438,0.4214155972003937,30.0,4.941662311553955,1549.8709623707387,30.0,14.569301049799849,1
796,85.89850760834985,27.82127870269876,39.56990051269531,1717.0,182.53890991210938,0.062488678842782974,60.0,4.941662311553955,1621.1107303327556,0.0,14.788880983981361,1
797,85.8985457503784,27.822601177549902,39.14715576171875,1806.0,167.00601196289062,0.37427499890327454,30.0,4.941662311553955,1699.1762710207556,120.0,14.658685867553071,1
798,85.89614567826196,27.82929334225267,41.633811950683594,2110.0,201.75697326660156,0.612754762172699,30.0,4.941662311553955,1730.6646122227148,120.0,14.463006331074205,1
799,85.89723630830741,27.829845485595133,46.18305206298828,2206.0,212.98992919921875,0.5975439548492432,10.0,4.941662311553955,1863.866948041088,201.24611797498108,14.98660415145549,1
800,85.89775237340714,27.82964364765947,39.95510482788086,2184.0,224.36215209960938,0.29542645812034607,30.0,4.941662311553955,1914.366736025258,234.30749027719963,14.600513684446959,1
801,85.89830284406483,27.828453963145027,49.943729400634766,2122.0,219.12371826171875,0.5014110803604126,30.0,4.941662311553955,1891.9038030513075,150.0,14.213163390857986,1
803,85.88428426037134,27.83008554910219,31.69871711730957,1738.0,185.10145568847656,0.20225384831428528,60.0,4.941662311553955,806.1017305526642,84.8528137423857,14.609651254084664,1
804,85.88361815484204,27.84908218141845,47.44703674316406,1309.0,257.1197814941406,0.4912151098251343,10.0,4.586504936218262,60.0,331.36083051561786,14.007759674891044,1
806,85.8835469289587,27.85078071892562,42.35236740112305,1335.0,280.2285461425781,0.5493860244750977,10.0,4.586504936218262,30.0,301.4962686336267,13.95969874146722,1
807,85.88371474505462,27.850527534549613,42.35236740112305,1335.0,280.2285461425781,0.3200327157974243,30.0,4.586504936218262,60.0,330.0,14.22190421841326,1
808,85.88479524711425,27.863190668677305,29.580501556396484,1471.0,270.0,0.4817184507846832,30.0,4.586504936218262,429.5346318982906,551.5432893255071,14.824355158261604,1
809,85.88877581231222,27.85958078169088,37.159732818603516,1748.0,237.72769165039062,0.26361867785453796,60.0,4.586504936218262,890.9545442950498,394.58839313897715,15.192580217690073,1
810,85.88815368153297,27.85856208752948,35.161964416503906,1660.0,224.57110595703125,0.40731924772262573,30.0,4.586504936218262,742.7651041883969,480.0,14.748785835134237,1
811,85.8853753247686,27.85901806774333,44.09968948364258,1520.0,254.4978485107422,0.3787551522254944,30.0,4.586504936218262,618.4658438426491,720.6247289678588,14.286333564811176,1
813,85.89562248966483,27.809158140524485,31.72413444519043,1272.0,210.21725463867188,0.37821781635284424,30.0,4.941662311553955,465.72524088780074,42.42640687119285,14.401138759942867,1
814,85.88981519444927,27.80991734314273,50.06911087036133,1049.0,211.3896942138672,0.3415948152542114,30.0,4.941662311553955,180.0,201.24611797498108,13.828651272339009,1
815,85.88785542180737,27.809284711552102,42.28326416015625,952.0,221.61502075195312,0.18371152877807617,80.0,4.941662311553955,60.0,0.0,14.344636566739075,1
816,85.91711757473455,27.85298073729744,44.2662239074707,2320.0,232.08522033691406,0.5941944718360901,10.0,4.586504936218262,3102.208890452092,67.0820393249937,14.728238488628074,1
820,85.88651243425667,27.864105737577955,44.16913604736328,1605.0,292.53680419921875,0.595278263092041,10.0,4.586504936218262,468.61498055439927,632.8506932918697,14.526631508563069,1
821,85.88860212949308,27.86532209899133,27.842483520507812,1691.0,18.18023109436035,0.47095179557800293,10.0,4.586504936218262,618.4658438426491,725.6031973468694,14.974233527774171,1
822,85.89657876298597,27.82307266982848,39.318931579589844,1801.0,253.93667602539062,0.6992977857589722,30.0,4.941662311553955,1524.1062955056645,30.0,14.607091546430734,1
823,85.88124424936913,27.82811797744999,49.84670639038086,1477.0,210.6386260986328,0.375028520822525,30.0,4.941662311553955,432.6661530556787,67.0820393249937,13.869283488166,1
824,85.55687255963632,27.89758745422579,42.17626190185547,1301.0,164.7624969482422,0.4299516975879669,30.0,5.221707344055176,1082.081327812286,67.0820393249937,13.853915335342153,1
825,85.56000239076441,27.898735487374857,51.144065856933594,1427.0,172.36814880371094,0.5538856387138367,30.0,5.221707344055176,1302.4976007655446,90.0,14.08830564309464,1
826,85.52683751827827,27.83960547064314,32.648983001708984,1706.0,90.0,0.6020352244377136,60.0,4.967405796051025,2670.6740722147283,0.0,14.795368237383752,1
827,85.53227122352239,27.84362312097316,32.53021240234375,1419.0,152.6611328125,0.8003150820732117,10.0,4.967405796051025,1944.4536507718562,94.86832980505139,14.619308419285204,1
828,85.53015776185413,27.813413614992477,41.6796989440918,1360.0,164.5001678466797,0.41520655155181885,30.0,4.967405796051025,4476.0361928831635,212.13203435596427,14.150072152687663,1
829,85.54459337823288,27.84466918820883,19.497398376464844,1152.0,111.45409393310547,0.5301370024681091,10.0,4.967405796051025,870.0,30.0,14.98891558729215,1
830,85.54406741511723,27.843244052985035,31.934768676757812,1162.0,92.97746276855469,0.6922792196273804,10.0,4.967405796051025,1021.7631819555842,108.16653826391968,14.438453399586194,1
831,85.53498527995303,27.83966584232792,33.15901565551758,1399.0,60.29573059082031,0.7479961514472961,10.0,4.967405796051025,2034.0353979220713,241.86773244895647,14.573255509277931,1
832,85.5293902940251,27.838264621647102,35.30226516723633,1633.0,68.54476165771484,0.6234830021858215,60.0,4.967405796051025,2567.5864152935533,67.0820393249937,14.655788982218592,1
833,85.5053843703777,27.830752051590007,34.293312072753906,1801.0,143.8072967529297,0.3990178108215332,30.0,4.804811000823975,5094.173141933831,30.0,14.776009298150054,1
834,85.5319827358197,27.817387120830794,33.530391693115234,1454.0,197.68771362304688,0.4204244017601013,30.0,4.967405796051025,4012.0443666539886,30.0,14.59508788683802,1
835,85.48727703882714,27.84563792699774,33.340362548828125,1752.0,306.1951599121094,0.4635098874568939,60.0,4.804811000823975,6078.461976520047,366.1966684720111,14.794292837571591,1
836,85.48714646158366,27.84883913309666,23.919540405273438,1616.0,308.347900390625,0.6997302174568176,10.0,4.607892036437988,5977.4576535513825,436.80659335683106,15.016179549922882,1
837,85.48555607222502,27.8494768470497,24.214378356933594,1565.0,322.363037109375,0.6944812536239624,10.0,4.607892036437988,6128.5234763358785,318.9043743820395,15.059484600643119,1
838,85.48475495025586,27.846743906972797,30.203786849975586,1611.0,41.33620071411133,0.777222216129303,10.0,4.804811000823975,6313.20045618702,361.2478373637689,14.906327553306966,1
839,85.48414959579009,27.84752877101096,30.571916580200195,1614.0,63.99543762207031,0.6210598945617676,10.0,4.804811000823975,6338.596059065446,305.9411708155671,14.822770425748466,1
840,85.4760312258625,27.870039629202644,19.356168746948242,1836.0,97.946044921875,0.675430953502655,10.0,4.607892036437988,6870.0,240.0,15.465461959879171,1
841,85.47878427620259,27.8713217932034,23.603679656982422,1894.0,202.1581268310547,0.4274410605430603,10.0,4.607892036437988,6570.0,0.0,15.113759351451185,1
842,85.48028750774594,27.872912471177067,33.5587272644043,1975.0,129.38064575195312,0.7609502673149109,10.0,4.607892036437988,6390.0,42.42640687119285,14.562154758423924,1
843,85.47923579734999,27.87216682600122,16.91593360900879,1932.0,217.0219268798828,0.5799737572669983,10.0,4.607892036437988,6510.0,30.0,15.283909943832965,1
844,85.47746205138628,27.877776169582845,31.025306701660156,2084.0,174.75914001464844,0.4672619104385376,10.0,4.607892036437988,6728.097799526996,0.0,15.082080701834961,1
845,85.47381105928308,27.87668958883472,34.52018737792969,2087.0,129.45416259765625,0.37451738119125366,60.0,4.607892036437988,7113.100589756903,123.69316876852982,14.705731519635345,1
846,85.47405125933342,27.876898645375658,40.31752395629883,2066.0,124.90965270996094,0.14669926464557648,10.0,4.607892036437988,7084.066628709812,161.55494421403512,14.876572138242196,1
847,85.7121319130817,28.0239858245729,26.534700393676758,3140.0,262.54925537109375,0.5063722729682922,30.0,4.635933876037598,5785.646031343432,1168.4605256490267,15.210187286675339,1
848,85.47324998215844,27.87622692411593,23.001779556274414,2078.0,162.42408752441406,0.3865070343017578,10.0,4.607892036437988,7171.568866015302,60.0,14.988784384439109,1
849,85.47445069022818,27.866116492769457,37.60222625732422,1738.0,154.66188049316406,0.5427820682525635,10.0,4.607892036437988,7050.255314525851,216.33307652783935,14.625642506529253,1
851,85.47247897361363,27.866095527067564,25.037609100341797,1751.0,200.65924072265625,0.8184269666671753,10.0,4.607892036437988,7260.247929650888,127.27922061357854,15.140779722353951,1
852,85.4659860041353,27.862643083111397,38.03919982910156,1917.0,186.719970703125,0.5926653742790222,10.0,4.607892036437988,7992.677899177471,67.0820393249937,14.825517531900275,1
853,85.46531236145312,27.863480728257265,32.196006774902344,1960.0,205.86294555664062,0.5474428534507751,10.0,4.607892036437988,8078.025748906722,30.0,14.71731702290251,1
854,85.46230623822116,27.859855939237555,39.94244384765625,1834.0,219.35340881347656,0.4008515775203705,60.0,4.607892036437988,8433.415678122357,0.0,14.617295013973871,1
855,85.46303640527296,27.859120152670197,33.182708740234375,1801.0,171.95248413085938,0.6700934767723083,10.0,4.607892036437988,8352.346975551243,30.0,14.835318062908446,1
858,85.4596363823208,27.844005991687,27.149791717529297,1742.0,198.7410888671875,0.4547799825668335,10.0,4.804811000823975,9057.615580272768,0.0,15.02709538537535,1
859,85.46370656556974,27.84272329146615,27.750886917114258,1744.0,213.8291015625,0.5034288763999939,10.0,4.804811000823975,8671.29748076953,30.0,14.970385669010719,1
860,85.46463476435689,27.84302019710315,28.236345291137695,1769.0,185.8700408935547,0.5173989534378052,30.0,4.804811000823975,8547.894477589203,123.69316876852982,14.708843787461593,1
861,85.51438690272226,27.83083959955474,37.87419509887695,1852.0,217.72930908203125,0.5920349955558777,10.0,4.804811000823975,4348.758443510055,300.0,14.844959052802825,1
862,85.46768493008226,27.84127980333872,33.763973236083984,1657.0,225.3959197998047,0.7750659584999084,10.0,4.804811000823975,8294.118397997463,60.0,14.80933505588837,1
863,85.46753045476738,27.840336739978703,20.1308650970459,1612.0,228.5151824951172,0.6110206246376038,10.0,4.804811000823975,8335.682335597969,30.0,14.84300764198876,1
864,85.4973379716411,27.836051828262203,32.20254135131836,1787.0,253.57647705078125,0.6231343150138855,10.0,4.804811000823975,5554.53868471541,120.0,14.771954722096979,1
865,85.49783095343656,27.83558834550521,38.87267303466797,1802.0,267.6982421875,0.3387436866760254,10.0,4.804811000823975,5514.943336064297,60.0,14.619374991152522,1
866,85.49814090318638,27.835503406813967,29.03044319152832,1838.0,253.0420684814453,0.13113848865032196,10.0,4.804811000823975,5502.36312869298,42.42640687119285,14.821773718529066,1
867,85.4882897427254,27.85250595080821,52.765953063964844,1607.0,306.19342041015625,0.3974853456020355,10.0,4.607892036437988,5715.610203644052,283.0194339616981,14.001294778145223,1
868,85.48844823922181,27.850632815307613,26.306509017944336,1658.0,301.5946044921875,0.500707745552063,30.0,4.607892036437988,5777.551384453453,271.66155414412253,14.734675135257845,1
869,85.48721447586733,27.854166928397472,26.074186325073242,1449.0,283.3893737792969,0.741053581237793,10.0,4.607892036437988,5777.239825383745,123.69316876852982,14.902806107719272,1
870,85.48681159625498,27.853284257151223,26.941762924194336,1453.0,290.5089111328125,0.7338950037956238,60.0,4.607892036437988,5865.057544474734,84.8528137423857,15.404741865869049,1
871,85.48783702453791,27.850978060695084,34.4823112487793,1604.0,260.5037841796875,0.645548403263092,10.0,4.607892036437988,5816.364844127301,342.05262752974136,14.89901769777869,1
872,85.53424145970872,27.800828523466112,38.421478271484375,986.0,180.0,0.4834900498390198,30.0,4.46352481842041,4081.764324406788,60.0,13.997238552242884,1
873,85.53466328827768,27.801362539130576,46.52627182006836,1044.0,183.97958374023438,0.40754103660583496,30.0,4.46352481842041,4024.027832905732,120.0,13.804407404345495,1
874,85.53564925649437,27.80073512444796,43.772891998291016,1019.0,208.52423095703125,0.4817323088645935,10.0,4.46352481842041,3931.030399271926,42.42640687119285,13.872529722143264,1
875,85.53689034849243,27.80020348257439,42.641117095947266,990.0,208.4856414794922,0.73481684923172,10.0,4.46352481842041,3780.119045744459,67.0820393249937,13.95534904825212,1
876,85.54964341452819,27.79724535076342,30.217594146728516,918.0,136.27264404296875,0.248444065451622,10.0,4.46352481842041,2370.0,0.0,14.280699514857911,1
877,85.5506896372733,27.797389423895066,37.07378387451172,911.0,189.76077270507812,0.19384974241256714,30.0,4.46352481842041,2250.0,30.0,14.217017951351737,1
878,85.5510313243079,27.79725852018613,40.63444519042969,913.0,181.22189331054688,0.19441141188144684,30.0,4.46352481842041,2220.0,0.0,13.9999049676034,1
879,85.55153217837444,27.797178710263864,32.9651985168457,913.0,183.2350616455078,0.3914770781993866,10.0,4.46352481842041,2160.0,0.0,13.99556015724052,1
880,85.55550111288292,27.796981346567204,35.575862884521484,899.0,193.31167602539062,0.14988398551940918,30.0,4.46352481842041,1710.0,0.0,13.965016786438799,1
881,85.63077524994621,27.83290111478791,34.718353271484375,1970.0,134.49632263183594,0.7544236183166504,10.0,4.497191429138184,4754.8817019984845,108.16653826391968,14.857944169493132,1
882,85.64837907629398,27.874801892772787,26.785518646240234,1445.0,353.7523193359375,0.8026303052902222,10.0,4.559855937957764,3409.06145441821,134.1640786499874,15.59845545565866,1
883,85.67117681498851,27.892580663055103,55.53471755981445,2182.0,180.0,0.5945587158203125,30.0,4.626403331756592,4897.448315194352,429.5346318982906,13.98654190977534,1
884,85.66576774118009,27.89064355031873,39.148048400878906,1901.0,166.9981231689453,0.5132128000259399,30.0,4.626403331756592,4535.063395367258,457.93012567421243,14.661760417338465,1
885,85.66494704954422,27.889215414082003,25.561498641967773,1785.0,191.03810119628906,0.5961503982543945,30.0,4.626403331756592,4522.941520736256,313.20919526731655,14.814296633062987,1
886,85.66512068742162,27.88920737952841,25.561498641967773,1785.0,191.03810119628906,0.5512532591819763,30.0,4.626403331756592,4549.42853554158,342.05262752974136,14.89348684297396,1
887,85.66567767515647,27.889377950798504,31.200075149536133,1802.0,195.793701171875,0.6316779851913452,10.0,4.626403331756592,4602.531911893713,361.2478373637689,14.880755347769776,1
888,85.66907271151054,27.890141197242983,40.255958557128906,1904.0,212.7350311279297,0.7380073666572571,60.0,4.626403331756592,4886.22553716056,379.47331922020555,15.040578709008368,1
889,85.66737203897198,27.889614794197207,36.285491943359375,1838.0,172.83477783203125,0.49992358684539795,30.0,4.626403331756592,4749.4841825191925,305.9411708155671,14.710552330147966,1
890,85.6711874525627,27.89094864874976,34.16684341430664,1964.0,149.15675354003906,0.4779101014137268,30.0,4.626403331756592,5015.117147186095,516.1395160225576,14.692865833786831,1
891,85.66751890436214,27.85660453044967,37.8580436706543,2214.0,203.6055145263672,0.6372426748275757,10.0,4.626403331756592,6257.06800346616,120.0,14.861636619997139,1
892,85.6476880239978,27.895711108324445,33.612335205078125,1535.0,176.8408203125,0.485588401556015,30.0,4.625964164733887,2504.595775769016,0.0,14.771342283272633,1
893,85.64800803438803,27.895925398608917,32.53797912597656,1544.0,159.8485870361328,0.4927354156970978,30.0,4.625964164733887,2512.846990964631,30.0,13.982927162812738,1
894,85.64867602264638,27.896147461258,50.961700439453125,1577.0,199.0718231201172,0.5742032527923584,30.0,4.625964164733887,2588.5324027332554,0.0,14.078122730394233,1
895,85.64899519746089,27.896023534131043,41.36251449584961,1570.0,214.1720733642578,0.5834630727767944,30.0,4.625964164733887,2613.962509295036,30.0,14.332937621715256,1
896,85.65084976594797,27.89679141197614,31.72937774658203,1734.0,210.23736572265625,0.5767195820808411,60.0,4.625964164733887,2751.18156434649,30.0,14.62416733359358,1
897,85.6519233824232,27.896529145415407,39.986595153808594,1746.0,195.19264221191406,0.48533904552459717,60.0,4.625964164733887,2871.3933899763715,0.0,14.632493490284224,1
898,85.65245676171898,27.896444320235197,30.5368595123291,1752.0,188.93101501464844,0.38707730174064636,50.0,4.625964164733887,2938.4689891166113,0.0,14.906702995673525,1
899,85.66913615588294,27.85625231166798,43.20020294189453,2240.0,181.1171875,0.2817552089691162,60.0,4.626403331756592,6440.504638613344,150.0,14.80490962657098,1
900,85.66961332391594,27.8563466386001,37.84767150878906,2245.0,180.0,0.2895911931991577,10.0,4.626403331756592,6449.4418363142095,150.0,14.74987142937793,1
901,85.65846246484536,27.838729341440715,40.78830337524414,2090.0,186.08969116210938,0.699577271938324,10.0,4.6042256355285645,6833.944688099253,189.73665961010278,14.835759678281027,1
902,85.65154538346746,27.837183709866807,46.06768035888672,1864.0,159.34579467773438,0.7076768279075623,10.0,4.497191429138184,6378.08748764079,108.16653826391968,14.498132558758739,1
903,85.64965779504088,27.83708203655696,37.145503997802734,1919.0,131.48561096191406,0.6628448367118835,10.0,4.497191429138184,6241.874718383893,174.92855684535903,14.929929974967147,1
904,85.65324319328435,27.83006632670501,31.96147918701172,1558.0,146.1222381591797,0.47203078866004944,10.0,4.497191429138184,7085.209947489207,362.49137920783716,14.832842452413441,1
905,85.65412309136684,27.829192322642548,38.6488037109375,1461.0,148.23263549804688,0.5206774473190308,30.0,4.497191429138184,7212.489168102785,339.4112549695428,14.34276062015097,1
906,85.63970518424946,27.829679160848176,49.29734420776367,1513.0,154.83999633789062,0.7067241668701172,10.0,4.497191429138184,5806.375805956758,0.0,14.084615768689506,1
907,85.64016090344775,27.83001061046509,34.85256576538086,1518.0,158.40748596191406,0.6043910384178162,10.0,4.497191429138184,5850.0,0.0,14.280209605944497,1
908,85.67312725846725,27.815901189193937,43.40726852416992,1216.0,129.28721618652344,0.5098292231559753,10.0,4.6042256355285645,9747.045706264027,60.0,14.515910236765285,1
909,85.67776465191969,27.830000203359173,20.17981719970703,1259.0,84.94627380371094,0.740311861038208,10.0,4.6042256355285645,9036.924255519685,30.0,15.043291607489772,1
910,85.52497033734049,27.919435689062013,40.653804779052734,1280.0,182.44541931152344,0.7018842697143555,10.0,5.221707344055176,2340.0,400.24992192379,14.217278190707747,1
911,85.52584993341392,27.91919052178846,45.12321853637695,1255.0,177.9092254638672,0.5242956876754761,10.0,5.221707344055176,2250.0,402.49223594996215,14.0519121740703,1
912,85.51961111980606,27.9088544381919,46.51063537597656,1782.0,76.68299102783203,0.8071942329406738,10.0,4.496346950531006,2472.589735479786,466.6904755831213,14.783867360980445,1
913,85.51928550666089,27.914588858950527,51.749027252197266,1597.0,132.561279296875,0.27511656284332275,60.0,4.496346950531006,2751.18156434649,0.0,14.422714161841924,1
914,85.53327130715817,27.93735098635275,54.206565856933594,2123.0,102.12815856933594,0.6843329668045044,10.0,5.221707344055176,2079.5432190748047,283.0194339616981,14.522547079058036,1
915,85.53276209680324,27.937472791664472,25.912355422973633,2181.0,109.46257781982422,0.5633987784385681,10.0,5.221707344055176,2146.6252583997984,254.5584412271571,15.309673991971252,1
916,85.53357652099265,27.937996398104783,36.05815887451172,2123.0,137.19671630859375,0.6836400032043457,10.0,4.987441062927246,2095.0656314301946,361.2478373637689,14.884260632236828,1
917,85.53558208604335,27.93737281956732,24.03232765197754,1974.0,70.92965698242188,0.8434834480285645,10.0,5.221707344055176,1867.9668091269716,182.48287590894657,15.498914506595298,1
918,85.53593446100156,27.93765142203192,38.662208557128906,1950.0,69.88164520263672,0.8120710849761963,10.0,4.987441062927246,1857.3368030596928,150.0,15.30476127088921,1
919,85.52418824041727,27.932946335812478,43.939544677734375,1858.0,172.3515625,0.43281587958335876,30.0,5.221707344055176,2794.512479843309,30.0,14.65127308355866,1
920,85.52317299991915,27.93491520447024,35.17137908935547,1941.0,224.59140014648438,0.6440480947494507,10.0,5.221707344055176,3005.0956723538766,94.86832980505139,14.82409605769718,1
921,85.523717308758,27.93506766435937,34.29389953613281,1975.0,226.5012664794922,0.6140813231468201,10.0,5.221707344055176,2970.6059987820668,150.0,15.014572444966824,1
922,85.52473141921857,27.93668844680285,36.70186996459961,2129.0,197.15553283691406,0.5753004550933838,30.0,5.221707344055176,2951.1523173160685,127.27922061357854,14.86085840679274,1
923,85.52544184382816,27.936239806352404,36.05187225341797,2127.0,220.87857055664062,0.7742769122123718,10.0,5.221707344055176,2876.4040050034696,127.27922061357854,14.680745762811519,1
924,85.54266233688774,27.92998357539704,34.44960403442383,1707.0,121.27534484863281,0.6263135671615601,10.0,5.221707344055176,848.5281374238571,134.1640786499874,14.342610224300781,1
925,85.49745115432542,27.917996093308936,30.465911865234375,2265.0,94.73552703857422,0.7698089480400085,10.0,4.496346950531006,5102.205405508485,241.86773244895647,15.16272341607034,1
926,85.49878856434229,27.919024038683087,30.4186954498291,2185.0,93.16098022460938,0.5497850179672241,30.0,4.496346950531006,5031.779009455801,174.92855684535903,15.37903007291269,1
927,85.64544779805628,27.89825241330187,27.02655601501465,1625.0,190.3426971435547,0.41178181767463684,30.0,4.625964164733887,2156.038033059714,42.42640687119285,15.019936388966125,1
928,85.64587853082205,27.898335868507264,28.628864288330078,1637.0,222.15150451660156,0.35467979311943054,30.0,4.625964164733887,2181.5590755237413,30.0,14.914856631391435,1
929,85.6511816370404,27.90123353121776,35.78924560546875,1835.0,262.2574157714844,0.4933112561702728,10.0,4.625964164733887,2589.922778771599,42.42640687119285,14.68334324171388,1
930,85.65088766056809,27.900531388156367,38.87251281738281,1806.0,271.1506652832031,0.5660181641578674,30.0,4.625964164733887,2581.046299468493,67.0820393249937,14.629022685476857,1
931,85.64283608205879,27.91192941756724,33.85687255859375,1307.0,227.4979705810547,0.4569821357727051,30.0,4.625964164733887,1157.6268828944844,108.16653826391968,14.76180978355746,1
932,85.64378695590904,27.91180875277872,36.946510314941406,1348.0,221.12045288085938,0.4924701452255249,30.0,4.625964164733887,1248.5191228010888,152.97058540778355,14.94318271389434,1
933,85.64456492901634,27.91142159729537,28.49338150024414,1366.0,237.5337371826172,0.3825781047344208,80.0,4.625964164733887,1308.0137613954985,180.0,15.118487632147815,1
934,85.64080157338091,27.91237371325528,27.63519287109375,1256.0,216.49871826171875,0.3579244613647461,30.0,4.625964164733887,993.6297097007517,30.0,14.69155083245456,1
935,85.69864470398956,27.91849229834722,32.8001594543457,2851.0,275.76641845703125,0.5010274052619934,30.0,4.5489630699157715,6707.197626430878,607.4537019394976,14.982124708317214,1
936,85.69667081582004,27.910627690519792,57.087772369384766,2960.0,213.05165100097656,0.32708126306533813,30.0,4.5489630699157715,6697.730959063674,420.0,14.459956682559849,1
937,85.69364081736684,27.910905613634448,42.047760009765625,2721.0,243.33932495117188,0.7291960716247559,10.0,4.5489630699157715,6367.495583037337,630.7138812488591,14.985537905604946,1
938,85.68258825152746,27.920795516187265,46.91801834106445,2160.0,242.98902893066406,0.6702920794487,10.0,4.5489630699157715,4952.544800403122,330.0,14.489011953507601,1
939,85.6854225225188,27.91774322584419,40.0699577331543,2305.0,246.16366577148438,0.8071773052215576,10.0,4.5489630699157715,5352.121074863685,637.808748764079,14.452510982056944,1
940,85.68825083991696,27.916170653173484,55.760562896728516,2475.0,247.3182373046875,0.8316571712493896,10.0,4.5489630699157715,5692.890302825095,468.61498055439927,14.412753865529021,1
941,85.68016728209912,27.90394839745364,23.774009704589844,2428.0,352.8338623046875,0.7068498730659485,30.0,4.5489630699157715,5130.789412946121,859.0692637965813,15.522423955875485,1
943,85.69041647971805,27.927383360051337,31.48849105834961,2315.0,347.9139709472656,0.8256029486656189,10.0,4.5489630699157715,5577.7414784122075,450.0,15.220603994839202,1
944,85.69108902058794,27.91399336972189,40.30662536621094,2655.0,263.4251708984375,0.7799999713897705,10.0,4.5489630699157715,6016.9261255228985,381.8376618407357,14.710440762131164,1
945,85.68440330315869,27.91830755926901,41.2515983581543,2233.0,241.3213348388672,0.714675784111023,10.0,4.5489630699157715,5223.96401212719,577.0615218501403,14.744199832314045,1
946,85.67185120713623,27.9090475301488,24.661846160888672,2074.0,9.18297004699707,0.7373338341712952,10.0,4.5489630699157715,4060.5418357652716,426.38011210655685,15.183821633659084,1
947,85.67123295485048,27.90864389409161,27.026626586914062,2112.0,10.343656539916992,0.7638275027275085,10.0,4.5489630699157715,3985.5990766759264,349.85711369071805,15.28269589012615,1
948,85.67369601618955,27.90710098576828,31.02536392211914,2205.0,5.2422614097595215,0.8236374855041504,10.0,4.5489630699157715,4329.36484949005,403.6087214122113,15.249215925206705,1
949,85.67548734686238,27.90654944896588,32.290138244628906,2258.0,341.4061279296875,0.8068234920501709,10.0,4.5489630699157715,4518.96005735833,488.3646178829912,14.983234482792088,1
950,85.67249896452253,27.9070291559493,28.06052589416504,2201.0,335.6466979980469,0.8096708059310913,30.0,4.5489630699157715,4189.379428984679,318.9043743820395,15.392658358819702,1
951,85.91625719828501,27.908641885559327,49.79150390625,1484.0,182.66259765625,0.22831977903842926,30.0,4.404165267944336,60.0,192.09372712298546,13.951380609953109,1
952,85.91363221900039,27.91024357859958,22.709835052490234,1693.0,211.68505859375,0.5780822038650513,30.0,4.404165267944336,360.0,375.89892258425004,15.197870361648294,1
953,85.91447035768165,27.91144816586125,42.26933670043945,1736.0,288.69720458984375,0.8135472536087036,10.0,4.404165267944336,270.0,458.91175622335066,14.692688319212277,1
954,85.91415762842546,27.91520137362251,57.66682052612305,1899.0,234.2636260986328,0.38448846340179443,10.0,4.404165267944336,424.26406871192853,218.40329667841553,14.000495509923228,1
955,85.91416079310962,27.91305819981678,33.90424728393555,1715.0,258.8902587890625,0.46302464604377747,30.0,4.404165267944336,305.9411708155671,445.9820624195552,14.767348533115795,1
956,85.91843960170576,27.909867528822847,61.78718185424805,1483.0,143.8675079345703,0.5957343578338623,30.0,4.404165267944336,0.0,375.89892258425004,14.514337722891279,1
957,85.91788193841523,27.915053561950888,51.88522720336914,1934.0,219.22451782226562,0.25881168246269226,30.0,4.404165267944336,270.0,201.24611797498108,15.171931593302237,1
958,85.91932012484496,27.914826493002497,59.437191009521484,1899.0,151.57614135742188,0.23382113873958588,30.0,4.404165267944336,180.0,300.0,14.125362236723394,1
960,85.923901485784,27.917289111403267,31.281375885009766,1679.0,115.23294067382812,0.432824969291687,30.0,4.404165267944336,90.0,323.10988842807024,14.845491771527582,1
962,85.91938456524709,27.92008268065212,44.10248947143555,1935.0,79.41270446777344,0.2896305024623871,30.0,4.404165267944336,429.5346318982906,216.33307652783935,14.466196573369464,1
983,85.91744752698581,27.930149094577363,37.32857131958008,2114.0,155.8928680419922,0.24947145581245422,30.0,4.404165267944336,1325.4433220624715,468.61498055439927,14.65354394923152,1
984,85.90879061005829,27.927474410670857,36.85438537597656,2580.0,118.36646270751953,0.5379084944725037,30.0,4.404165267944336,1826.3077506269308,442.944691807002,15.038134590734474,1
985,85.91006043990579,27.929270518801207,41.94011306762695,2601.0,136.10792541503906,0.43643608689308167,30.0,4.404165267944336,1851.5128949051366,666.1080993352356,14.994872378145631,1
986,85.91109892679846,27.929612773821454,53.20051956176758,2559.0,141.9185791015625,0.280732661485672,30.0,4.404165267944336,1842.0097719610503,774.2092740338364,14.73120622582337,1
988,85.83777952054302,27.93281244777581,37.6693115234375,2818.0,256.6649475097656,0.5689342021942139,30.0,4.632851600646973,5336.459500455334,1086.6462165764901,15.113195197668256,1
989,85.80830639743054,27.944569442287047,15.591270446777344,1776.0,318.951904296875,0.7630922198295593,10.0,4.312197685241699,1866.0385848100784,90.0,15.190254496035367,1
990,85.80257326353706,27.9455985972838,37.84767150878906,1695.0,-0.0,0.7255611419677734,60.0,4.312197685241699,1230.3657992645926,30.0,14.600703333484615,1
991,85.80063358903341,27.94024338082772,28.633047103881836,1998.0,42.1624870300293,0.590983510017395,60.0,4.312197685241699,1198.8744721612852,67.0820393249937,15.14889149950231,1
992,85.80180064436034,27.93806117598624,38.44051742553711,2093.0,20.259323120117188,0.5870398283004761,60.0,4.312197685241699,1434.0502083260544,94.86832980505139,14.913524297692764,1
993,85.81115197100465,27.93859011334538,33.074195861816406,2033.0,327.6847229003906,0.7739517092704773,10.0,4.312197685241699,2334.9946466748056,90.0,14.733274052802287,1
994,85.81052313386142,27.93928482264493,19.45442771911621,1992.0,313.427001953125,0.7661663889884949,60.0,4.312197685241699,2229.9103120977757,84.8528137423857,15.631669411616329,1
995,85.81023286436893,27.942135393216716,29.396747589111328,1892.0,326.4331970214844,0.7709689140319824,10.0,4.312197685241699,2112.1789696898322,84.8528137423857,15.035679635083707,1
996,85.82103340248291,27.948906942135896,54.52316665649414,2335.0,191.29730224609375,0.4727436304092407,10.0,4.312197685241699,3019.7350877187887,715.6116265125938,14.183640933471972,1
997,85.79953018963207,27.954669175356955,49.25565719604492,1897.0,214.6355438232422,0.3704136908054352,30.0,4.312197685241699,636.3961030678928,123.69316876852982,14.546157216134118,1
1000,86.01020925863773,27.755204719428548,50.87569808959961,2571.0,265.4688415527344,1.0,10.0,4.183233737945557,12422.20994831435,391.15214431215895,14.34165862969299,1
1031,85.52769276380671,28.00409228619636,24.43622589111328,2155.0,75.55912017822266,0.7408427596092224,10.0,4.726099014282227,8010.898825974523,420.0,14.627784839520821,1
1032,85.52154710129903,27.99905282616968,51.268367767333984,2483.0,89.2560806274414,0.5804328322410583,30.0,4.726099014282227,7784.118447197474,600.0,14.851499845056455,1
1033,85.57142781850835,28.03215502718404,29.304447174072266,3210.0,191.30580139160156,0.4219196140766144,30.0,4.835017204284668,9404.366007339357,1065.3168542738822,15.57416391090965,1
1034,85.57514491707494,28.031157900985257,34.96249771118164,3115.0,161.65553283691406,0.5111209750175476,30.0,4.835017204284668,9016.834255990292,1106.752004741803,15.359984715420365,1
1045,85.61146999323624,27.92842805417074,48.53993606567383,2134.0,189.3153839111328,0.5542770624160767,30.0,4.625964164733887,1998.0990966416057,30.0,14.395683079918784,1
1046,85.61090615148221,27.926725756113555,30.66951560974121,1944.0,190.682373046875,0.6960112452507019,10.0,4.625964164733887,1932.1490625725542,150.0,14.88959845157383,1
1047,85.61256758191864,27.928047339488817,39.43910598754883,2069.0,169.7355194091797,0.6463280916213989,10.0,4.625964164733887,1889.0473789717398,0.0,14.735716343327573,1
1048,85.61159929178741,27.91957937335427,51.041080474853516,1601.0,149.75732421875,0.2557765245437622,30.0,4.625964164733887,1535.8710883404246,67.0820393249937,14.169182136436923,1
1049,85.6121838673121,27.91991482452732,45.70673370361328,1607.0,164.4484100341797,0.21676267683506012,30.0,4.625964164733887,1491.8780110987627,30.0,14.266958484752434,1
1050,85.62759901079028,27.918978264812765,50.70295333862305,1280.0,122.89996337890625,0.5266613364219666,10.0,4.625964164733887,180.0,134.1640786499874,14.167220528822542,1
1051,85.62761947470084,27.91946744188927,54.726924896240234,1305.0,126.54175567626953,0.6071963906288147,10.0,4.625964164733887,180.0,84.8528137423857,13.72994691787823,1
1052,85.62892056619907,27.918860137028823,40.200050354003906,1154.0,119.87078857421875,0.8118740916252136,10.0,4.625964164733887,60.0,216.33307652783935,14.12987434895672,1
1053,85.62448493934264,27.919516639924137,36.28291320800781,1509.0,121.95265197753906,0.6871249079704285,10.0,4.625964164733887,335.4101966249685,60.0,14.277898242214794,1
1054,85.62577021769351,27.92765702267174,37.812835693359375,1453.0,124.27783203125,0.6439790725708008,10.0,4.625964164733887,840.0,60.0,14.635285261864714,1
1055,85.63067389444757,27.9303925251372,36.332149505615234,1349.0,213.2358856201172,0.7000472545623779,10.0,4.625964164733887,300.0,161.55494421403512,14.08957449606039,1
1056,85.62563966306446,27.93782794521324,37.46371841430664,1766.0,186.86630249023438,0.8547824621200562,10.0,4.582652568817139,872.066511224918,94.86832980505139,14.520664775271804,1
1057,85.6304051951941,27.93781885136953,43.05921936035156,1625.0,106.09156799316406,0.4975196421146393,30.0,4.582652568817139,335.4101966249685,30.0,14.169188444265327,1
1058,85.62942153219842,27.93596197656933,47.776859283447266,1637.0,105.33258819580078,0.4755959212779999,30.0,4.625964164733887,450.0,90.0,14.335919921129145,1
1059,85.61807322096989,27.94149159333229,47.844642639160156,1975.0,184.75787353515625,0.76462721824646,10.0,4.582652568817139,1776.0912138738822,335.4101966249685,14.257116044285807,1
1060,85.62080927264067,27.94253608717117,52.011573791503906,2081.0,166.7638397216797,0.7799895405769348,10.0,4.582652568817139,1520.8550226763891,161.55494421403512,14.305258210455142,1
1061,85.62188858744364,27.942216825008085,43.53919982910156,2059.0,188.87411499023438,0.7362949848175049,10.0,4.582652568817139,1398.4634424967999,108.16653826391968,14.70988038417931,1
1062,85.62257907663927,27.943089530976422,44.34721374511719,2144.0,186.45823669433594,0.8050532341003418,10.0,4.582652568817139,1369.5254652615993,30.0,14.70289481106565,1
1063,85.62296660740842,27.943199016303897,49.40230941772461,2152.0,177.29962158203125,0.7413021326065063,10.0,4.582652568817139,1343.3167906342867,42.42640687119285,14.769665139205246,1
1064,85.62188985218094,27.94457522315841,35.341861724853516,2303.0,163.48629760742188,0.8210155963897705,10.0,4.582652568817139,1523.2202729743324,30.0,14.686092859963226,1
1065,85.62438243383302,27.94404862921273,37.49251174926758,2188.0,123.27462768554688,0.5707120895385742,10.0,4.582652568817139,1242.014492669067,123.69316876852982,14.85465440396893,1
1066,85.62622651700786,27.946173040457133,44.22660446166992,2072.0,86.18568420410156,0.8191866278648376,10.0,4.582652568817139,1279.1403363196705,84.8528137423857,14.997402116987528,1
1067,85.62700976227403,27.950838175408087,41.258174896240234,2018.0,118.67141723632812,0.39220094680786133,10.0,4.582652568817139,1200.0,84.8528137423857,14.641877249600975,1
1068,85.62689188017201,27.951435469041208,18.517045974731445,2029.0,61.09730529785156,0.5402925610542297,30.0,4.582652568817139,1200.0,30.0,15.559114683606307,1
1069,85.63182023997358,27.94788323467812,45.53242111206055,1719.0,107.5719985961914,0.7668393850326538,10.0,4.582652568817139,660.0,60.0,14.485302955527064,1
1070,85.62943576422647,27.966047965091526,38.67705154418945,1635.0,124.48722839355469,0.495008647441864,30.0,4.582652568817139,450.0,180.0,14.535802395298443,1
1071,85.63141118438186,27.964386486679835,50.4891471862793,1445.0,75.30715942382812,0.7421074509620667,10.0,4.582652568817139,210.0,335.4101966249685,14.00557760666042,1
1072,85.62746300850993,27.968644860723145,36.079734802246094,1702.0,38.96396255493164,0.7769468426704407,10.0,4.582652568817139,660.0,67.0820393249937,14.578005840018038,1
1073,85.6249195432286,27.96893339101411,46.877037048339844,1805.0,42.024330139160156,0.6899213790893555,10.0,4.582652568817139,930.0,108.16653826391968,14.347309155961065,1
1074,85.61559975666879,27.96955035889194,43.93971633911133,2039.0,187.6510009765625,0.8076403141021729,10.0,4.582652568817139,1980.0,480.0,14.589739223000208,1
1075,85.61739527329419,27.970087887214056,55.01522445678711,2004.0,126.09148406982422,0.4329974353313446,30.0,4.582652568817139,1770.0,421.07006542854594,14.2539515825639,1
1076,85.61436951281311,27.973506521187744,24.400375366210938,2194.0,177.6842803955078,0.830940306186676,10.0,4.582652568817139,2130.0,90.0,15.441241663264583,1
1077,85.61818698528995,27.972590469217035,16.366289138793945,2019.0,172.829345703125,0.7954993844032288,10.0,4.582652568817139,1680.0,180.0,14.657093729174674,1
1078,85.63218416135865,27.97143844942444,54.93156814575195,1417.0,180.0,0.8373779654502869,10.0,4.582652568817139,120.0,120.0,13.825791576101958,1
1079,85.62449504670269,27.97413583311411,51.630008697509766,1765.0,163.9945068359375,0.4671262502670288,30.0,4.582652568817139,990.0,120.0,14.155900968604126,1
1080,85.62638349901773,27.973464321306302,37.0750732421875,1718.0,189.77638244628906,0.7689810991287231,10.0,4.582652568817139,780.0,60.0,14.738573738987613,1
1081,85.62709801468132,27.972091058484036,48.01808547973633,1634.0,210.74951171875,0.5447350144386292,30.0,4.582652568817139,690.0,67.0820393249937,13.976089690364125,1
1082,85.62752104226382,27.97257142642032,49.60536193847656,1620.0,127.30569458007812,0.5132656693458557,30.0,4.582652568817139,660.0,42.42640687119285,14.133353230445724,1
1083,85.62799021328287,27.975863597937145,42.575809478759766,1736.0,94.04132843017578,0.36000001430511475,30.0,4.582652568817139,611.8823416311342,30.0,14.441406429344328,1
1084,85.63053934779535,27.976817397656102,35.21023941040039,1452.0,80.75987243652344,0.547042727470398,30.0,4.582652568817139,408.0441152620633,161.55494421403512,14.79470078640122,1
1086,85.61157846280454,28.01246746624765,31.736339569091797,2510.0,210.26405334472656,0.7899983525276184,10.0,4.772528171539307,4852.308728842385,913.892772703669,14.91905862439984,1
1087,85.62082444262842,28.01115901952346,53.24224853515625,2420.0,142.9425811767578,0.32385215163230896,60.0,4.772528171539307,4288.426284780933,750.5997601918082,14.513630557964058,1
1088,85.61968656142595,28.00889009048064,56.831424713134766,2231.0,148.98190307617188,0.41116324067115784,60.0,4.772528171539307,4105.7277065095295,531.6013544000805,14.193329606026113,1
1089,85.60391490782438,28.011515699801752,59.34141540527344,2048.0,269.4501953125,0.7663060426712036,10.0,4.835017204284668,5228.699647139812,865.3323061113574,14.12876621311121,1
1090,85.600837181074,28.030687997601024,30.65489959716797,2620.0,205.66989135742188,0.1279737502336502,60.0,4.835017204284668,7219.03733194392,1158.792474949678,15.009221931012158,1
1091,85.61702312395475,28.009396175038404,40.2121696472168,2321.0,229.38211059570312,0.8297683596611023,10.0,4.772528171539307,4280.864398693329,726.2231062146122,14.805709270017404,1
1092,85.62573461853815,28.00839357217884,43.876121520996094,2335.0,235.0814666748047,0.764609158039093,10.0,4.772528171539307,3842.928570764749,602.9925372672534,14.7047802063656,1
1093,85.59949184606378,28.031173068589982,34.17593002319336,2600.0,210.87596130371094,0.8422334790229797,10.0,4.835017204284668,7321.290869785191,1033.1505214633537,15.160255636498533,1
1094,85.59691680789409,28.02772661517284,42.824466705322266,2290.0,227.06382751464844,0.7175028324127197,10.0,4.835017204284668,7164.537668265832,655.2098900352466,14.720557034456679,1
1095,85.59781297281886,28.008256599779425,42.30022048950195,2239.0,117.55110931396484,0.3047162890434265,30.0,4.835017204284668,5433.23108288245,818.8406438373709,14.082246029152072,1
1096,85.60390154295506,28.00555237787577,33.956787109375,1842.0,54.76560974121094,0.8189403414726257,10.0,4.835017204284668,4731.733297640517,483.73546489791295,14.821239981164352,1
1097,85.60825603427064,28.003522549048924,43.50237274169922,1786.0,45.62636947631836,0.8018978834152222,10.0,4.835017204284668,4253.022454678555,123.69316876852982,14.201135486617305,1
1098,85.6181378302985,27.999181121232933,45.07881546020508,1668.0,48.55696487426758,0.8162626028060913,10.0,4.772528171539307,3221.335126931068,67.0820393249937,14.325424123796104,1
1099,85.61551962590876,28.000236295501992,39.5460319519043,1686.0,43.49842834472656,0.867875874042511,10.0,4.772528171539307,3470.2881724721365,123.69316876852982,14.533215039344697,1
1100,85.6151869881589,27.981573800707658,36.249412536621094,2070.0,205.15110778808594,0.7717971205711365,30.0,4.582652568817139,2173.499482401595,30.0,14.59737557924193,1
1101,85.61504404496674,27.982017877857324,35.57832336425781,2078.0,193.33363342285156,0.5114460587501526,30.0,4.582652568817139,2194.9259668608415,30.0,14.886240250251364,1
1102,85.61586991470779,27.98255307410728,28.439346313476562,2119.0,128.87924194335938,0.7476767897605896,10.0,4.772528171539307,2135.2751579129094,42.42640687119285,15.174784679666043,1
1103,85.6180700886886,27.98276535331303,27.233469009399414,2018.0,112.17479705810547,0.7155545949935913,10.0,4.772528171539307,1932.3819498225498,67.0820393249937,15.186480241537586,1
1104,85.63163469616532,27.985461179729707,56.46327590942383,1610.0,265.0759582519531,0.6488353610038757,30.0,4.772528171539307,1218.2364302548172,189.73665961010278,14.128750252520598,1
1105,85.62299618350744,27.996595893189397,53.46577835083008,1640.0,212.90943908691406,0.3287034332752228,30.0,4.772528171539307,2696.9983314789056,84.8528137423857,14.03678421673472,1
1106,85.62159284049572,27.99862659758862,53.154075622558594,1679.0,229.07781982421875,0.5695546269416809,10.0,4.772528171539307,2978.472763011272,94.86832980505139,14.04197757931469,1
1107,85.64083666191236,28.00118092681615,46.258392333984375,2222.0,100.71375274658203,0.4118672311306,30.0,4.772528171539307,2965.754541427864,1050.0,14.515589341088221,1
1108,85.65156599993827,27.98874459753286,46.140621185302734,1815.0,195.3218994140625,0.691734790802002,10.0,4.772528171539307,2206.1731573020284,67.0820393249937,14.641150598925107,1
1109,85.66382255790496,28.003703037258404,46.86812973022461,2475.0,153.4755096435547,0.3997872769832611,30.0,4.758371829986572,4352.89558799657,1008.0178569846864,14.359293290140632,1
1116,85.66317535173614,27.955510602285518,39.80654525756836,2202.0,255.373291015625,0.8046730160713196,10.0,4.595747470855713,2430.0,603.7383539249432,14.901392630897746,1
1117,85.66736594406593,27.9740110393404,39.53823471069336,2304.0,272.247802734375,0.8283761739730835,10.0,4.595747470855713,3155.709112069742,700.3570517957252,14.87570077807069,1
1118,85.6660566395297,27.97617101170397,30.30153465270996,2160.0,313.8290100097656,0.8459686636924744,10.0,4.595747470855713,3129.5047531518467,502.8916384272063,15.119921760538263,1
1119,85.66892816547823,27.97222372177301,43.1079216003418,2414.0,267.02606201171875,0.6503250002861023,10.0,4.595747470855713,3255.1036849845505,737.9024325749307,14.7641654977226,1
1122,85.6461390189855,28.01504407739207,44.372962951660156,1897.0,196.32777404785156,0.6825437545776367,10.0,4.772528171539307,4601.260696809082,84.8528137423857,14.618313429669724,1
1123,85.64479988788572,28.016198781756657,50.79015350341797,1912.0,221.1663055419922,0.6023716926574707,60.0,4.772528171539307,4690.469059699681,256.3201123595259,14.377067601530982,1
1124,85.673231618731,27.99088260909289,43.08504867553711,2003.0,218.84500122070312,0.4833728075027466,10.0,4.758371829986572,4377.2251484245135,60.0,14.718995469787862,1
1125,85.67428848280187,27.990839224630516,39.62285232543945,2059.0,216.7146759033203,0.5525004267692566,10.0,4.758371829986572,4486.880876510986,60.0,14.721472898524887,1
1127,85.66046256618155,28.001493022232253,51.63296890258789,2281.0,178.33656311035156,0.6963945031166077,10.0,4.758371829986572,3914.5114637716924,825.4089895318563,14.345563770366997,1
1128,85.65292460009033,27.997566972318644,33.8682975769043,1926.0,227.5205841064453,0.2907871901988983,30.0,4.772528171539307,3070.276860480175,30.0,14.824964013779312,1
1130,85.66689296786704,28.00228893297521,46.19660568237305,2170.0,146.9683074951172,0.22797244787216187,30.0,4.758371829986572,4478.448392021504,657.9513659838393,14.535548162205652,1
1131,85.66923246123768,28.00599614152331,53.97733688354492,2605.0,192.31658935546875,0.5563632249832153,30.0,4.758371829986572,4964.070910049533,894.9860334105779,14.99624166175033,1
1132,85.66632412127187,28.00481006587269,55.01787185668945,2546.0,156.56463623046875,0.3425063490867615,30.0,4.758371829986572,4646.902193935224,924.1753080449618,14.75318960073549,1
1143,85.87339552885832,27.869151840638377,31.320878982543945,1358.0,133.7617645263672,0.49323785305023193,30.0,5.2028632164001465,349.85711369071805,174.92855684535903,14.504223977634542,1
1144,85.87066720038263,27.86921134554217,25.887828826904297,1453.0,140.1008758544922,0.2581314742565155,60.0,5.2028632164001465,591.6924876994806,30.0,14.916478058611057,1
1145,85.8720608276748,27.867768371938336,22.548568725585938,1324.0,159.34046936035156,0.45079928636550903,30.0,5.2028632164001465,362.49137920783716,174.92855684535903,14.89101815285275,1
1146,85.87377344420337,27.86620568953241,41.775535583496094,1222.0,184.7029571533203,0.21990257501602173,60.0,5.2028632164001465,150.0,30.0,14.105199488978146,1
1147,85.87004816547224,27.85090799187247,45.031715393066406,1380.0,350.5263366699219,0.7089329361915588,10.0,5.2028632164001465,690.6518659932802,324.4996147917591,13.89263980890482,1
1148,85.85998658710929,27.88242993281217,30.98105239868164,1654.0,33.30116653442383,0.712984025478363,10.0,5.2028632164001465,2317.584949899356,247.38633753705963,14.584907090247906,1
1149,85.86600631827949,27.881922288871586,33.08495330810547,1492.0,23.174407958984375,0.7851739525794983,10.0,5.2028632164001465,1704.7287174210446,30.0,15.034953833252393,1
1150,85.86509397472035,27.88208456718289,25.561445236206055,1494.0,11.037405967712402,0.738082766532898,10.0,5.2028632164001465,1784.4326829555662,30.0,14.485337902351779,1
1163,85.84564413763086,27.88560181108046,49.082828521728516,2046.0,147.33566284179688,0.630174458026886,30.0,5.2028632164001465,3902.537635949204,212.13203435596427,14.710929682223899,1
1164,85.84635254514377,27.885880076770707,41.618316650390625,2019.0,133.82020568847656,0.6051291227340698,30.0,5.2028632164001465,3869.0696556148996,150.0,14.650782059969155,1
1165,85.84685180027373,27.886161306718325,40.366172790527344,2008.0,141.3317413330078,0.6686207056045532,10.0,5.2028632164001465,3836.4827641995216,94.86832980505139,14.684538552618868,1
1172,85.8488511173265,27.897176058236692,40.17852020263672,1786.0,25.710174560546875,0.7884008288383484,10.0,4.632851600646973,4206.209695200657,90.0,14.567363491645441,1
1173,85.8876815880126,27.8743384260186,35.34044647216797,1155.0,343.4964599609375,0.7442251443862915,10.0,4.586504936218262,60.0,60.0,13.836044481439068,1
1174,85.90188096565362,27.877609173610704,50.833980560302734,1191.0,298.3406066894531,0.48671025037765503,10.0,4.586504936218262,180.0,0.0,14.328161487284763,1
1175,85.90301349104088,27.874269644309976,34.24985885620117,1481.0,3.0835013389587402,0.6979256868362427,10.0,4.586504936218262,342.05262752974136,391.15214431215895,14.535971599706327,1
1176,85.90237507844097,27.874582313303485,34.24985885620117,1459.0,356.91650390625,0.6857143044471741,10.0,4.586504936218262,276.5863337187866,335.4101966249685,14.336224545452339,1
1177,85.90163520708303,27.87434301209208,46.797908782958984,1477.0,281.39849853515625,0.5587261319160461,60.0,4.586504936218262,201.24611797498108,323.10988842807024,13.72330972596445,1
1178,85.89600375847832,27.87438089022511,36.90629959106445,1301.0,18.48139762878418,0.6760292649269104,10.0,4.586504936218262,60.0,308.86890422961005,14.45327373283105,1
1180,85.91007859136218,27.87547365274255,29.8131103515625,1435.0,312.6883850097656,0.6373182535171509,10.0,4.586504936218262,469.5742752749559,218.40329667841553,14.373995337968102,1
1181,85.90768576397538,27.87429659694292,42.522247314453125,1511.0,13.86458969116211,0.5818353891372681,60.0,4.586504936218262,570.0,276.5863337187866,14.428854891340732,1
1182,85.90765953620287,27.87209042033844,29.5859375,1710.0,3.698556423187256,0.5889763832092285,10.0,4.586504936218262,810.0,120.0,14.815904059362166,1
1183,85.90745283707959,27.870887521168548,37.07432174682617,1813.0,350.23272705078125,0.4731965661048889,10.0,4.586504936218262,930.0,0.0,14.644891427868814,1
1184,85.90690236346236,27.870784096784345,33.15281295776367,1807.0,340.3419189453125,0.6424580812454224,10.0,4.586504936218262,915.8602513484249,30.0,14.573131034031631,1
1185,85.9107313113691,27.86867540135337,35.69548416137695,1889.0,25.67626190185547,0.6402166485786438,10.0,4.586504936218262,1230.0,180.0,14.785351535005073,1
1186,85.91265066269447,27.869574330625305,37.16352844238281,1824.0,331.1098327636719,0.6644697189331055,10.0,4.586504936218262,1181.8629362155325,60.0,14.614382192488351,1
1187,85.91052939799633,27.870836570184785,29.26780891418457,1738.0,36.025054931640625,0.33739131689071655,30.0,4.586504936218262,989.5453501482385,30.0,14.948425440207926,1
1188,85.91168303751613,27.871682621934124,25.918743133544922,1680.0,2.159458875656128,0.32019704580307007,60.0,4.586504936218262,926.1209424259879,60.0,15.054509991426713,1
1189,85.9180139678818,27.878508822148564,55.53401184082031,1406.0,38.94057083129883,0.4833424389362335,30.0,4.586504936218262,829.7590011563599,60.0,13.484166224315343,1
1190,85.91623587493523,27.87966859614773,43.44743347167969,1325.0,16.858352661132812,0.6971881985664368,10.0,4.586504936218262,615.5485358604958,84.8528137423857,14.12009076486115,1
1191,85.92596082429428,27.873791187482038,33.68037796020508,1420.0,22.625198364257812,0.5702199935913086,60.0,4.586504936218262,1872.778684201633,152.97058540778355,14.451616249642974,1
1192,85.93436420591388,27.87091230126007,38.03923034667969,1615.0,353.279541015625,0.7108667492866516,10.0,4.586504936218262,2716.615541441225,313.20919526731655,14.27264927400632,1
1193,85.93486615894047,27.87117169828003,45.9953498840332,1587.0,17.497873306274414,0.49659863114356995,10.0,4.586504936218262,2740.5291459862274,362.49137920783716,14.4603950268821,1
1194,85.94123910381347,27.869435629213893,23.62712860107422,1634.0,357.6009216308594,0.09520653635263443,60.0,4.586504936218262,3408.005281686048,730.5477397131552,15.156100988611392,1
1195,85.93832036755359,27.87110062671232,30.320737838745117,1556.0,24.019285202026367,0.5349521636962891,30.0,4.586504936218262,3060.1470552899905,510.8815909777921,14.795385510891565,1
1196,85.94746903576079,27.867968281018687,48.010894775390625,1837.0,30.725194931030273,0.3840739130973816,60.0,4.586504936218262,4061.095911204265,577.0615218501403,14.308135717864788,1
1197,85.9514362281984,27.865010800438057,40.254032135009766,1930.0,327.27105712890625,0.5718181729316711,30.0,4.586504936218262,4618.148979840299,458.91175622335066,14.32439886466884,1
1198,85.94952474425756,27.86591986466731,33.76151657104492,1844.0,19.190532684326172,0.5065034627914429,10.0,4.586504936218262,4393.2334333609,547.4486277268397,14.3962498632611,1
1199,85.96157165224233,27.85187230843655,37.124969482421875,2730.0,340.2077331542969,0.6706444025039673,30.0,4.586504936218262,6404.701398191801,740.9453421137081,14.939081981197955,1
1200,85.94127859411176,27.863706510913183,31.777400970458984,1912.0,353.20989990234375,0.79049152135849,10.0,4.586504936218262,3818.6123133934398,445.9820624195552,15.062521187252642,1
1201,85.94055608055088,27.863055393048725,40.0894660949707,1960.0,-0.0,0.7196893095970154,10.0,4.586504936218262,3818.6123133934398,391.15214431215895,14.655668752740098,1
1202,85.90023980685919,27.86520436200604,42.34184646606445,1697.0,31.49626350402832,0.1994120478630066,60.0,4.586504936218262,1080.4165863221465,408.0441152620633,14.443981140883215,1
1203,85.90174579441691,27.86761088009401,43.06591033935547,1534.0,31.935470581054688,0.46145832538604736,60.0,4.586504936218262,865.8521813797087,429.5346318982906,14.308395456566892,1
1204,85.90685479680162,27.87834365114036,40.255577087402344,1244.0,353.7918701171875,0.6876693964004517,10.0,4.586504936218262,120.0,84.8528137423857,14.09022149170321,1
1205,85.90363404251096,27.868694349224604,33.85616683959961,1565.0,244.25692749023438,0.833607017993927,10.0,4.586504936218262,833.5466393669882,283.0194339616981,14.675466735139514,1
1206,85.90198949196801,27.870013190161025,38.88664627075195,1525.0,252.4781494140625,0.7906354665756226,10.0,4.586504936218262,618.4658438426491,420.0,14.44920177951442,1
1207,85.90510172653362,27.858687600847663,43.077972412109375,1704.0,87.02294921875,0.5100032687187195,30.0,4.586504936218262,1916.7159413955944,283.0194339616981,14.60690489185902,1
1208,85.8725116470977,27.88379939778824,48.19662857055664,1651.0,182.81607055664062,0.39792388677597046,30.0,5.2028632164001465,1284.0560735419617,161.55494421403512,14.220774393037157,1
1209,85.8717853308399,27.880886470060453,54.2751579284668,1479.0,209.1667022705078,0.5028586983680725,30.0,5.2028632164001465,1087.0602559196063,84.8528137423857,14.250702752125685,1
1210,85.87326318381945,27.88020628125348,49.86476135253906,1441.0,190.6779022216797,0.2598475217819214,30.0,5.2028632164001465,914.3850392476903,123.69316876852982,14.012250936549199,1
1211,85.87559472629314,27.88171539684272,37.5501708984375,1639.0,188.21812438964844,0.5249221324920654,30.0,5.2028632164001465,885.889383614004,60.0,14.572987487164445,1
1213,85.87500387833919,27.89181630150584,37.902000427246094,2208.0,200.66375732421875,0.117232546210289,60.0,5.2028632164001465,1950.0,108.16653826391968,14.95632788271073,1
1214,85.87775886301843,27.8777741379738,45.26700973510742,1334.0,195.79208374023438,0.4822404384613037,30.0,5.2028632164001465,375.89892258425004,152.97058540778355,14.100457508802904,1
1215,85.89703546822574,27.87908808830288,46.438392639160156,1233.0,157.47076416015625,0.3706701099872589,10.0,4.586504936218262,0.0,161.55494421403512,14.145093438055843,1
1216,85.90049253801283,27.8793508181366,44.07170486450195,1201.0,162.3822479248047,0.27663305401802063,60.0,4.586504936218262,0.0,216.33307652783935,14.053888169657307,1
1217,85.90533197567595,27.88390605622048,40.50815963745117,1359.0,194.906494140625,0.49426230788230896,30.0,4.586504936218262,90.0,67.0820393249937,13.975059081238678,1
1218,85.90740843964723,27.88299688287353,39.84178924560547,1249.0,129.8076629638672,0.4945935010910034,30.0,4.586504936218262,0.0,84.8528137423857,14.472526985101569,1
1219,85.90889977507572,27.88514182249381,57.010372161865234,1259.0,139.16513061523438,0.3978930413722992,60.0,4.586504936218262,0.0,254.5584412271571,13.65629751097413,1
1220,85.90620933067459,27.900221140358926,38.222412109375,1633.0,160.99746704101562,0.18888618052005768,30.0,4.404165267944336,720.0,30.0,14.554152005930211,1
1221,85.91115694516294,27.89874385208569,33.681270599365234,1423.0,157.3701629638672,0.3050776422023773,60.0,4.404165267944336,150.0,60.0,14.416791442287805,1
1223,85.89677119314618,27.89322099414437,41.34626770019531,1898.0,196.94187927246094,0.5222728848457336,10.0,4.404165267944336,1176.5202930676546,134.1640786499874,14.682562777928654,1
1224,85.86778034842439,27.891755231837173,38.99348449707031,2211.0,178.7036895751953,0.28755640983581543,30.0,5.2028632164001465,2288.274459062986,123.69316876852982,14.872558660017836,1
1225,85.86032778391555,27.88902250863785,36.37876510620117,1857.0,188.57861328125,0.4945926368236542,60.0,5.2028632164001465,2658.0067720004026,241.86773244895647,14.855291352055387,1
1226,85.87030336402343,27.884738379870992,45.75202941894531,1728.0,228.52684020996094,0.3018372654914856,30.0,5.2028632164001465,1507.4813431681334,174.92855684535903,14.064064090063855,1
1227,85.87044823213698,27.885455609227296,26.0521240234375,1752.0,228.52699279785156,0.6328566670417786,10.0,5.2028632164001465,1555.6670594957009,268.3281572999748,15.052804113038688,1
1228,85.86867774163063,27.886224788259195,35.16537094116211,1781.0,135.42153930664062,0.41881486773490906,30.0,5.2028632164001465,1761.8456232031228,300.0,14.035700356358914,1
1229,85.86932490538335,27.885870438898007,25.35580825805664,1752.0,157.26498413085938,0.3948051929473877,30.0,5.2028632164001465,1677.0509831248423,247.38633753705963,15.0516745859113,1
1230,85.86949807269664,27.88663915469391,42.17606735229492,1782.0,164.76394653320312,0.5944293737411499,30.0,5.2028632164001465,1724.673882216577,342.05262752974136,14.780518846506842,1
1231,85.86644543529295,27.88399417896977,41.02594757080078,1585.0,161.5950469970703,0.4641415774822235,10.0,5.2028632164001465,1764.652940382329,0.0,15.137815851637715,1
1232,85.89329308042545,27.87945155784731,41.71076202392578,1422.0,199.19271850585938,0.4043535590171814,10.0,4.586504936218262,30.0,120.0,14.73862047132086,1
1233,85.88891395325508,27.879788218035053,61.76685333251953,1446.0,178.30955505371094,0.22849541902542114,30.0,4.586504936218262,90.0,240.0,13.764190998993568,1
1234,85.93118715494379,27.902107146677963,39.536014556884766,2098.0,257.5413818359375,0.47632312774658203,10.0,4.404165267944336,1200.74976577137,30.0,14.743648136883946,1
1236,85.93101412174448,27.90025848875241,63.73052978515625,2084.0,312.1551208496094,0.6706336736679077,10.0,4.404165267944336,1225.6018929489296,90.0,14.313833699764931,1
1237,85.93168716944861,27.89801265577473,36.57036209106445,2174.0,242.7271270751953,0.6223495602607727,10.0,4.404165267944336,1425.2368224263644,60.0,14.8897868762732,1
1238,85.93141861133095,27.89678003662564,52.246604919433594,2078.0,239.90615844726562,0.491308331489563,30.0,4.404165267944336,1464.7866738880443,0.0,14.38058254417301,1
1239,85.93322225050753,27.894467804190583,49.02610778808594,2151.0,245.05386352539062,0.3341107964515686,30.0,4.404165267944336,1794.4915714485817,150.0,14.442232394136186,1
1240,85.94196239146748,27.883712253075487,40.462127685546875,2430.0,232.6038360595703,0.1370992362499237,60.0,4.586504936218262,2855.678553338943,445.9820624195552,14.816461437058418,1
1241,85.94231438525446,27.88261627895314,43.07381057739258,2405.0,218.8170166015625,0.5054977536201477,10.0,4.586504936218262,2906.4411227478877,342.05262752974136,14.89934787088346,1
1242,85.94454378789878,27.883347847595637,37.48200225830078,2439.0,193.81736755371094,0.11772315949201584,60.0,4.586504936218262,3156.707145111817,300.0,15.05102601306996,1
1243,85.94637291851186,27.88000334708332,40.19455337524414,2430.0,265.6047058105469,0.7373935580253601,10.0,4.586504936218262,3412.75548494175,90.0,14.867786741670525,1
1244,85.94548430207983,27.87827913571488,36.08750915527344,2284.0,224.70870971679688,0.39053481817245483,30.0,4.586504936218262,3377.3658374537986,90.0,14.958865613470513,1
1245,85.94903876336343,27.868822601728503,53.760738372802734,1905.0,237.72987365722656,0.4645426571369171,30.0,4.586504936218262,4167.733196834942,483.73546489791295,14.204417926267988,1
1246,85.9486210992655,27.87001444235964,41.034366607666016,1903.0,261.4429016113281,0.7728843092918396,10.0,4.586504936218262,4082.315519408072,361.2478373637689,14.60561126805409,1
1247,85.9459845167137,27.872896281357857,39.98623275756836,2030.0,217.6880340576172,0.7476889491081238,30.0,4.586504936218262,3662.7039192378083,182.48287590894657,14.44371720487204,1
1248,85.93058254904895,27.876117022469785,57.646629333496094,1434.0,213.83724975585938,0.4698731601238251,30.0,4.586504936218262,2024.2776489404805,212.13203435596427,13.720629272283261,1
1249,85.91554778051783,27.88339409803917,34.80803680419922,1265.0,215.41795349121094,0.30789613723754883,60.0,4.586504936218262,360.0,108.16653826391968,14.30694385784367,1
1250,85.9148859682565,27.884012699788077,50.92271041870117,1327.0,182.55706787109375,0.20878136157989502,60.0,4.586504936218262,300.0,60.0,13.752890000122557,1
1251,85.91678325606493,27.881559604312475,54.671260833740234,1255.0,249.16444396972656,0.3333333432674408,60.0,4.586504936218262,551.5432893255071,84.8528137423857,13.81219191061876,1
1252,85.91795596449474,27.880403433613385,31.87737274169922,1247.0,227.40817260742188,0.514483630657196,30.0,4.586504936218262,711.1961754677818,108.16653826391968,13.809992421911305,1
1253,85.94608640741478,27.87451317105233,42.79412841796875,2154.0,202.0747833251953,0.3135100305080414,60.0,4.586504936218262,3585.2196585425554,30.0,14.872742884213759,1
1254,85.94775939056484,27.872384988569763,38.37654113769531,2087.0,196.11007690429688,0.4634709656238556,30.0,4.586504936218262,3877.4347189862524,94.86832980505139,14.64086689186902,1
1255,85.95043608139069,27.87043455928798,54.5387077331543,2072.0,258.0216369628906,0.39997801184654236,10.0,4.586504936218262,4212.944338583173,296.98484809834997,14.246151362132002,1
1256,85.9508765150719,27.869660984602767,33.230384826660156,2107.0,220.006103515625,0.6951673030853271,30.0,4.586504936218262,4307.690796703031,318.9043743820395,15.038558111549916,1
1257,85.95974598040067,27.86848072100836,36.50326919555664,2377.0,220.04078674316406,0.3914819061756134,30.0,4.586504936218262,5251.371249492841,150.0,15.28468829305853,1
1258,85.96080881872878,27.866290828270824,23.9504451751709,2194.0,155.65475463867188,0.37906137108802795,30.0,4.586504936218262,5461.071323467585,318.9043743820395,15.423815558449427,1
1259,85.96405845095761,27.86755167897109,44.68749237060547,2247.0,161.65689086914062,0.5264256000518799,30.0,4.586504936218262,5739.4163466331665,180.0,15.485725688991867,1
1260,85.96894597758103,27.86911476784257,42.99940490722656,2519.0,239.7728729248047,0.5129274129867554,30.0,4.215697765350342,6177.159541407362,30.0,14.870505576837976,1
1261,85.96810383820863,27.87166728809551,26.891321182250977,2481.0,171.69549560546875,0.5652454495429993,30.0,4.586504936218262,6006.0719276412265,30.0,15.40429432781235,1
1262,85.95816669815751,27.909025098722225,34.22376251220703,2685.0,224.4427490234375,0.5594485998153687,10.0,4.404165267944336,3086.5028754238997,349.85711369071805,14.898219238675479,1
1263,85.95643937752742,27.91272037959352,36.934879302978516,2818.0,272.4682312011719,0.633490264415741,10.0,4.404165267944336,2760.8150970320344,189.73665961010278,15.242752555221205,1
1264,85.95712358396261,27.91114974498214,42.92191696166992,2837.0,209.5020751953125,0.5170998573303223,30.0,4.404165267944336,2880.1562457616774,169.7056274847714,15.2497137944951,1
1265,85.4892068780708,27.864232272043623,33.96693801879883,1634.0,204.06101989746094,0.7112513184547424,10.0,4.607892036437988,5406.745786515212,30.0,14.691969592234654,1
1266,85.48939698736523,27.864139682058948,32.913841247558594,1640.0,198.13038635253906,0.8097524642944336,10.0,4.607892036437988,5376.783425060005,0.0,14.737814282637117,1
1267,85.49010649365654,27.86450967534231,25.948904037475586,1667.0,164.72840881347656,0.7203431129455566,10.0,4.607892036437988,5315.420961692497,0.0,14.946636128568386,1
1268,85.48979496436313,27.864079839156584,38.22092056274414,1650.0,189.36709594726562,0.6555054783821106,10.0,4.607892036437988,5348.420327535972,30.0,14.633966140568301,1
1269,85.49023381438708,27.86341417823889,39.098201751708984,1598.0,220.80198669433594,0.8126591444015503,10.0,4.607892036437988,5292.258497087987,90.0,14.492654233078357,1
1270,85.48708260565782,27.864227205853958,34.366355895996094,1577.0,193.94456481933594,0.7483299970626831,10.0,4.607892036437988,5646.459067415613,212.13203435596427,14.652632367065017,1
1271,85.7882739404903,27.997994701088786,32.982765197753906,1810.0,81.39275360107422,0.4300098717212677,30.0,4.903069972991943,0.0,730.5477397131552,14.833744001634845,1
1272,85.7859926047759,28.005188915821822,54.0897216796875,1942.0,104.25102996826172,0.5065094232559204,30.0,4.903069972991943,0.0,458.91175622335066,14.469433202570867,1
1280,85.65955823681871,27.966054177544567,45.574214935302734,2166.0,194.56629943847656,0.6671460270881653,10.0,4.595747470855713,2053.411795037712,108.16653826391968,14.55925316402078,1
1281,85.66321470889696,27.966840804512263,38.38935089111328,2260.0,203.15773010253906,0.7424242496490479,10.0,4.595747470855713,2482.9418035870276,0.0,14.943893004648707,1
1282,85.66148217774608,27.967310686901143,35.60361099243164,2257.0,185.87673950195312,0.7439881563186646,10.0,4.595747470855713,2284.7319317591728,30.0,15.033029304616566,1
1285,85.70785300450076,27.750648609576672,28.626867294311523,1006.0,219.5479736328125,0.6759026050567627,10.0,4.136266231536865,5940.3030225738485,174.92855684535903,14.43224832555138,1
1286,85.70795647584227,27.7499593606906,22.70151710510254,954.0,211.64718627929688,0.48981499671936035,30.0,4.136266231536865,5918.521774902919,182.48287590894657,13.925747686369167,1
1287,85.70896133129015,27.74965720114756,40.44073486328125,1012.0,206.78802490234375,0.4536939263343811,30.0,4.136266231536865,5961.2498689452705,270.0,13.987868416564277,1
1288,85.70876125433446,27.749248603671383,43.828704833984375,970.0,217.57215881347656,0.4152137041091919,30.0,4.136266231536865,5919.4340945735685,276.5863337187866,14.240632932915256,1
1289,85.67615251265866,27.75804495678515,40.794986724853516,864.0,235.7565155029297,0.6061328649520874,30.0,4.263062000274658,4434.828068820707,60.0,13.818669941452933,1
1290,85.67579129497496,27.763836944407387,40.4422492980957,889.0,226.8651123046875,0.5125703811645508,10.0,4.263062000274658,4941.902467673761,210.0,13.780837159243456,1
1291,85.68274616264387,27.76316987230065,26.730756759643555,1176.0,334.1578674316406,0.537929117679596,10.0,4.263062000274658,5316.013544000805,0.0,14.5881205378531,1
1294,85.77906547762538,28.09747487672773,44.998985290527344,3224.0,144.03903198242188,0.39716023206710815,30.0,4.430944442749023,4074.923312161837,268.3281572999748,14.987952292565273,1
1301,85.78751784846087,28.108260734398343,42.366756439208984,3523.0,135.23016357421875,0.22883670032024384,30.0,4.430944442749023,5588.139225180418,960.4686356149273,15.516874867350648,1
1302,85.78779892561191,28.109771356153367,48.06087112426758,3557.0,98.36300659179688,0.2950981855392456,100.0,4.430944442749023,5743.256915722994,1129.690223025764,14.98366281104421,1
1308,85.7898680631824,28.11007218224676,20.012407302856445,3553.0,319.07562255859375,0.18562550842761993,60.0,4.129517078399658,5924.905062530538,1140.0,15.233284169699859,1
1312,85.8270274120825,28.01090085491704,55.35675811767578,3025.0,112.35214233398438,0.48051947355270386,10.0,4.568583965301514,3999.124904275934,1166.9190203266035,15.258055963405166,1
1313,85.83235872689549,28.014380637851925,13.646114349365234,2915.0,137.17649841308594,0.5649976134300232,30.0,4.568583965301514,4686.149805543992,998.5990186255943,14.937097875298583,1
1314,85.83118313387656,28.016774354428275,54.00768280029297,3161.0,87.3043212890625,0.3822934925556183,30.0,4.568583965301514,4775.280096496958,1240.2015965156631,14.645754456113814,1
1315,85.82855597454487,28.01391300355812,61.56111526489258,3105.0,135.96255493164062,0.4110046923160553,30.0,4.568583965301514,4330.819783828461,1100.2272492535349,14.334251715943376,1
1316,85.82962509320556,28.018827369666667,32.692142486572266,3305.0,90.0,0.4421370327472687,30.0,4.568583965301514,4736.010979717003,1113.642671596235,14.791205215833498,1
1319,85.80226829896242,27.996417143422036,40.19621658325195,2673.0,184.97891235351562,0.6348253488540649,10.0,4.568583965301514,924.1753080449618,524.785670536077,14.966316294438663,1
1320,85.79864485169173,27.99510406408576,53.037601470947266,2398.0,226.986083984375,0.6398941874504089,10.0,4.568583965301514,534.1348144429458,108.16653826391968,14.549670510467964,1
1324,85.76655996067275,28.056920891840907,37.67742156982422,3040.0,229.47276306152344,0.4514767825603485,30.0,4.903069972991943,558.0322571321483,750.0,15.004597553984857,1
1325,85.77090727319148,28.055787245066146,38.38019561767578,3081.0,196.13604736328125,0.5276033878326416,10.0,4.903069972991943,816.0882305241266,990.4544411531506,15.22166283091761,1
1328,85.62960558483054,27.936942835103807,30.976940155029297,1673.0,108.87996673583984,0.7873230576515198,10.0,4.625964164733887,420.0,30.0,14.466719866062911,1
1329,85.59380158540561,28.024054410603032,35.327857971191406,2137.0,79.47211456298828,0.8350401520729065,10.0,4.835017204284668,7041.888951126679,276.5863337187866,14.468500673119273,1
1330,85.59233217521914,28.033738765423102,31.994787216186523,2362.0,114.49271392822266,0.797599732875824,10.0,4.835017204284668,7997.405829392428,764.8529270389178,15.0529769448369,1
1331,85.59115073689982,28.032956940219023,39.96814727783203,2433.0,105.6875228881836,0.804025411605835,10.0,4.835017204284668,8010.898825974523,660.0,14.84640529746723,1
1332,85.59165302682527,28.029579340270736,57.02809143066406,2248.0,116.84322357177734,0.7000417113304138,10.0,4.835017204284668,7662.284254711515,276.5863337187866,14.581214192614263,1
1333,85.58169310350776,28.03303849663033,58.00720977783203,2910.0,128.82687377929688,0.41234126687049866,30.0,4.835017204284668,8669.948096730452,1240.2015965156631,14.415293645944198,1
1334,85.62757235562523,27.97441756736801,40.95886993408203,1739.0,126.63858795166016,0.8129917979240417,10.0,4.582652568817139,660.0,0.0,14.502163337059319,1
1335,85.62812371063845,27.974912605243556,34.92325210571289,1699.0,86.01165008544922,0.3918367326259613,60.0,4.582652568817139,600.7495318350236,30.0,14.703964098462292,1
1336,85.5920215793238,28.00689840223,47.5471305847168,2539.0,150.89431762695312,0.4139096438884735,10.0,4.835017204284668,5814.894668005603,450.0,14.442464147019907,1
1337,85.59291126148415,28.007104897349755,56.66658020019531,2494.0,134.64364624023438,0.7462319731712341,10.0,4.835017204284668,5762.811813689564,510.0,14.826163084776972,1
1338,85.58559752161331,28.00440073381087,26.481477737426758,2812.0,135.63229370117188,0.3666341006755829,60.0,4.835017204284668,6251.88771492259,182.48287590894657,15.540315649320668,1
1339,85.58905601119808,28.003183903126548,23.739595413208008,2536.0,123.51220703125,0.768693208694458,30.0,4.835017204284668,5858.224987144144,228.47319317591726,15.036853887109162,1
1340,85.63179473441565,27.99155994557817,35.3457145690918,1898.0,228.55499267578125,0.7712888717651367,10.0,4.772528171539307,1868.6893802876923,468.61498055439927,14.853643233735228,1
1341,85.62900342323962,27.996358591747438,53.59689712524414,1983.0,241.4816436767578,0.4618516266345978,10.0,4.772528171539307,2447.5293665245367,127.27922061357854,14.294088260802814,1
1342,85.59634251555647,28.016341275678545,46.26548385620117,2053.0,118.69384002685547,0.8726294636726379,10.0,4.835017204284668,6183.566931795919,606.7124524847005,14.490763762463812,1
1343,85.59796429625287,28.01368356606953,24.075098037719727,2011.0,59.520748138427734,0.8598563075065613,10.0,4.835017204284668,5840.1455461315345,840.0,15.321439387966011,1
1349,85.6626442193543,27.99913772205616,50.18375778198242,2074.0,203.41445922851562,0.642660915851593,10.0,4.758371829986572,3904.1516363993856,934.3446901438462,14.484599856229302,1
1354,85.51613461122638,27.97307710044046,48.16679000854492,2471.0,117.62571716308594,0.6857264041900635,10.0,4.546175479888916,5836.754235017952,607.4537019394976,14.614810240449838,1
1355,85.52000179184326,27.973638132581485,47.76689529418945,2259.0,121.93981170654297,0.8359655141830444,10.0,4.987441062927246,5581.048288628222,551.5432893255071,14.528754564226157,1
1356,85.52145765471812,27.97420590590029,43.64289855957031,2202.0,131.4496307373047,0.8113997578620911,10.0,4.987441062927246,5503.426205555954,474.3416490252569,14.664650404595486,1
1357,85.52104603680806,27.976091542574576,40.15055465698242,2312.0,145.60226440429688,0.6150410175323486,10.0,4.987441062927246,5700.9472897054575,684.7627326307996,14.683304384115573,1
1358,85.52306867805515,27.975667341220365,40.83896255493164,2174.0,133.86282348632812,0.8166914582252502,10.0,4.987441062927246,5500.727224649483,547.4486277268397,14.743382319651234,1
1359,85.56301368555641,27.986864518297757,46.44257354736328,2695.0,157.45059204101562,0.7199937701225281,10.0,4.726099014282227,5546.350151225578,180.0,14.794467242086654,1
1360,85.5647047398843,27.987498697932644,40.686065673828125,2782.0,176.33233642578125,0.7396016120910645,10.0,4.835017204284668,5626.259858911602,42.42640687119285,14.988237236265492,1
1361,85.56536096821492,27.98923217528213,40.65383529663086,2932.0,182.44700622558594,0.4279899597167969,30.0,4.835017204284668,5846.383497513655,30.0,15.024308505980294,1
1362,85.53974245108007,27.99279746045538,39.520381927490234,2043.0,245.6641082763672,0.7290651202201843,10.0,4.726099014282227,6388.802704732711,30.0,15.085899444871345,1
1368,85.55313749597622,28.01163742891151,43.05875015258789,2864.0,221.84817504882812,0.6231220364570618,30.0,4.726099014282227,8281.35858419378,991.8165152889925,15.135977629740541,1
1369,85.55646333730189,28.006004795566355,49.204769134521484,2654.0,208.3401336669922,0.6747400164604187,30.0,4.726099014282227,7650.0,429.5346318982906,15.26624877013043,1
1370,85.55802048487276,28.00683329577921,46.83685302734375,2831.0,213.38458251953125,0.38876423239707947,30.0,4.726099014282227,7740.0,582.494635168428,14.788938792166809,1
1371,85.54376850699214,28.011299997500384,41.201576232910156,2387.0,207.43606567382812,0.842557966709137,10.0,4.726099014282227,8336.815938954152,624.2595614005444,14.814290703312574,1
1372,85.54337361326375,28.00704802849415,37.68510055541992,2144.0,208.3403778076172,0.7774454951286316,10.0,4.726099014282227,7866.752824386946,182.48287590894657,14.961983436525244,1
1373,85.54188739251923,28.007086855197887,33.61241912841797,2134.0,183.1624298095703,0.7951512932777405,10.0,4.726099014282227,7896.898125213468,150.0,15.446129131491688,1
1374,85.54236259656503,28.007281917574613,27.399200439453125,2147.0,182.0271453857422,0.7222599387168884,10.0,4.726099014282227,7915.964881175258,189.73665961010278,15.5172507225552,1
1375,85.52304450331441,28.00123087589065,37.97083282470703,2545.0,185.3917236328125,0.5366066098213196,30.0,4.726099014282227,7915.964881175258,670.820393249937,14.707073135710699,1
1376,85.52064382167578,27.993340525687685,42.198612213134766,2397.0,178.84144592285156,0.5203981399536133,30.0,4.726099014282227,7280.116757305476,228.47319317591726,14.830006382810245,1
1377,85.49991886155817,27.99379165001636,46.084999084472656,2946.0,175.95127868652344,0.29150569438934326,30.0,4.541608810424805,8741.487287641618,1101.4535850411492,14.656211246718126,1
1378,85.51148061823604,28.022614495114443,39.01398849487305,2973.0,168.24636840820312,0.35580912232398987,60.0,4.541608810424805,10639.219896214196,732.3933369440222,15.202666997240447,1
1380,85.51015617774615,28.02476834256094,38.22201919555664,3194.0,189.3807830810547,0.3543337881565094,30.0,4.541608810424805,10921.030171188064,1015.1354589413179,15.12957743392144,1
1381,85.50929180884154,28.02466368813524,28.96868324279785,3207.0,147.9942169189453,0.288837730884552,10.0,4.541608810424805,10935.195471503928,1044.8444860360798,15.479082861654112,1
1382,85.511195778223,28.024870628685484,48.6643180847168,3212.0,184.6260986328125,0.4373411536216736,30.0,4.541608810424805,10867.497412007973,952.9428104561155,15.035599301539623,1
1383,85.51480693909362,28.02373237429905,40.932029724121094,3013.0,153.63661193847656,0.4521782696247101,10.0,4.541608810424805,10591.742066345838,697.7822009767805,14.883790967693473,1
1384,85.51489350427634,28.0245104668081,48.25782012939453,3092.0,175.3071746826172,0.4787695109844208,30.0,4.541608810424805,10673.635744206376,780.0,14.754071897375757,1
1385,85.5296465339668,28.017366917267086,42.39570617675781,2368.0,124.56753540039062,0.5846808552742004,30.0,4.726099014282227,9327.684600156676,283.0194339616981,14.918441891262939,1
1386,85.52861112828417,28.017299941563607,32.2575798034668,2427.0,122.58970642089844,0.6416769027709961,10.0,4.726099014282227,9363.893421008166,241.86773244895647,15.157668748118333,1
1387,85.52908339645403,28.01627138652144,45.20774459838867,2331.0,139.0540313720703,0.7982192039489746,10.0,4.726099014282227,9231.278351344412,150.0,14.802127000179993,1
1388,85.50994964018184,28.01932698236141,56.706886291503906,2862.0,91.82757568359375,0.30511945486068726,60.0,4.541608810424805,10376.748045510212,635.6886030125128,15.05241711920622,1
1389,85.5079134146701,28.02014847273057,40.168846130371094,3037.0,87.80196380615234,0.13770033419132233,60.0,4.541608810424805,10571.66968836995,891.9641248391104,15.170628648507448,1
1390,85.50762791608128,28.022200814511404,21.253000259399414,3105.0,182.70236206054688,0.2833513617515564,30.0,4.541608810424805,10795.874211938559,1023.9628899525608,15.358424672658243,1
1422,85.97503217757493,27.870134616204503,42.68613815307617,2803.0,219.44403076171875,0.555763840675354,10.0,4.215697765350342,6795.778101144858,324.4996147917591,14.59220507522542,1
1423,85.97159925063943,27.868765958869037,41.5295295715332,2540.0,194.36575317382812,0.2858942151069641,30.0,4.215697765350342,6470.270473480997,60.0,14.94723542242231,1
1424,85.9721307998537,27.8688500129257,39.100624084472656,2579.0,185.1709442138672,0.3251849412918091,30.0,4.215697765350342,6527.051401666759,60.0,14.937152369840609,1
1425,85.9634759603246,27.87118921374004,29.037736892700195,2576.0,106.95269012451172,0.7045363187789917,10.0,4.586504936218262,5531.482622227065,94.86832980505139,15.274313873898803,1
1427,85.92413601419364,27.90639874257202,34.03296661376953,1571.0,282.4581298828125,0.5358916521072388,30.0,4.404165267944336,390.0,234.30749027719963,14.653837883447274,1
1428,85.93056983118913,27.914116011536613,49.431880950927734,1638.0,286.9201354980469,0.5385633707046509,10.0,4.404165267944336,349.85711369071805,123.69316876852982,14.152205135789242,1
1429,85.93043108353415,27.912360053035574,55.89175796508789,1730.0,296.71142578125,0.44923076033592224,10.0,4.404165267944336,531.6013544000805,120.0,13.853233386971661,1
1430,85.92880714750693,27.911040392315616,44.21593475341797,1677.0,297.7643127441406,0.5772594809532166,10.0,4.404165267944336,456.9463863518345,284.60498941515414,14.347596118436991,1
1431,85.93357549872194,27.916867069728,55.411048889160156,1541.0,341.58984375,0.5196171998977661,60.0,4.404165267944336,453.9823785126467,150.0,13.892425146924062,1
1432,85.92000496241324,27.893680414546985,39.067138671875,1567.0,276.8721618652344,0.3943036198616028,30.0,4.404165267944336,390.0,120.0,14.068810563650366,1
1433,85.9161895876325,27.890701059212933,43.983219146728516,1390.0,255.4282989501953,0.6922833919525146,10.0,4.586504936218262,0.0,189.73665961010278,14.462502825291333,1
