OID_,Name,FolderPath,SymbolID,AltMode,Base,Clamped,Extruded,Snippet,PopupInfo,Shape_Leng,Shape_Area,district,longitude,latitude
0,5/3/015,Sindhupalchowk.kmz/Sindhupalchowk/5/3,0,0,0.0,-1,0,,,0.00422891281497,6.89226356719e-07,Sindhupalchowk,85.86963495896583,27.7565803612722
0,5/3/015,Sindhupalchowk.kmz/Sindhupalchowk/5/3,0,0,0.0,-1,0,,,0.00303620062589,1.99635107802e-07,Sindhupalchowk,85.74194461412213,27.863816032468126
0,5/4/15,Sindhupalchowk.kmz/Sindhupalchowk/5/4,0,0,0.0,-1,0,,,0.00217787630013,8.48117115326e-08,Sindhupalchowk,85.88764172041945,27.862567733305156
0,5/3/015,Sindhupalchowk.kmz/Sindhupalchowk/5/3,0,0,0.0,-1,0,,,0.00391646467714,5.00910331687e-07,Sindhupalchowk,85.73704296190492,27.86301697669006
0,5/3/015,Sindhupalchowk.kmz/Sindhupalchowk/5/3,0,0,0.0,-1,0,,,0.00558665386991,5.36564311272e-07,Sindhupalchowk,85.73667548204722,27.89870797787304
0,5/3/015,Sindhupalchowk.kmz/Sindhupalchowk/5/3,0,0,0.0,-1,0,,,0.00301405248332,4.22376674533e-07,Sindhupalchowk,85.74008102667753,27.89227066206497
0,4/7/2001,Sindhupalchowk.kmz/Sindhupalchowk/4/7,1,0,0.0,-1,0,,,0.0056764604625,5.67558359967e-07,Sindhupalchowk,85.73905613773522,27.88988402609659
0,5/14/015,Sindhupalchowk.kmz/Sindhupalchowk/5/14,0,0,0.0,-1,0,,,0.00127671058903,5.3052372401e-08,Sindhupalchowk,85.82579963899676,27.81707900635043
0,5/14/015,Sindhupalchowk.kmz/Sindhupalchowk/5/14,0,0,0.0,-1,0,,,0.00184530049697,2.00866277788e-07,Sindhupalchowk,85.8878924444891,27.813064820876765
0,5/3/015,Sindhupalchowk.kmz/Sindhupalchowk/5/3,0,0,0.0,-1,0,,,0.00383753318865,3.97606680701e-07,Sindhupalchowk,85.58133491666376,28.032223960089276
0,5/3/015,Sindhupalchowk.kmz/Sindhupalchowk/5/3,0,0,0.0,-1,0,,,0.000816750874127,2.25670577434e-08,Sindhupalchowk,85.72544838528468,27.889435394823177
0,3/8/04,Sindhupalchowk.kmz/Sindhupalchowk/3/8,1,0,0.0,-1,0,,,0.00347729246902,5.74232352702e-07,Sindhupalchowk,85.87597443814387,27.826620852635305
0,5/3/015,Sindhupalchowk.kmz/Sindhupalchowk/5/3,0,0,0.0,-1,0,,,0.00229788134281,1.58218368056e-07,Sindhupalchowk,85.73416217450067,27.891364525664123
0,10/6/012,Sindhupalchowk.kmz/Sindhupalchowk/10/6,0,0,0.0,-1,0,,,0.00213659042164,2.24434831125e-07,Sindhupalchowk,85.78113999960479,27.89351659823767
0,2/1/016,Sindhupalchowk.kmz/Sindhupalchowk/2/1,0,0,0.0,-1,0,,,0.00328580396061,4.17580911555e-07,Sindhupalchowk,85.61359881651256,28.009214291801236
0,12/4/015,Sindhupalchowk.kmz/Sindhupalchowk/12/4,0,0,0.0,-1,0,,,0.0070617673729,1.05942879962e-06,Sindhupalchowk,85.90413352306754,27.901740205067235
0,2/1/016,Sindhupalchowk.kmz/Sindhupalchowk/2/1,0,0,0.0,-1,0,,,0.00601791289537,1.11149204639e-06,Sindhupalchowk,85.62449466055268,27.999248526087847
0,5/3/015,Sindhupalchowk.kmz/Sindhupalchowk/5/3,0,0,0.0,-1,0,,,0.00340316383722,4.13085452578e-07,Sindhupalchowk,85.58015971832111,28.034043419625466
0,10/28/012,Sindhupalchowk.kmz/Sindhupalchowk/10/28,0,0,0.0,-1,0,,,0.0188990920321,1.19298917244e-05,Sindhupalchowk,85.64123661467679,28.022615030954444
0,5/22/015,Sindhupalchowk.kmz/Sindhupalchowk/5/22,0,0,0.0,-1,0,,,0.00696187986744,1.38457743093e-06,Sindhupalchowk,85.972782850038,27.803355186919585
0,5/2/015,Sindhupalchowk.kmz/Sindhupalchowk/5/2,0,0,0.0,-1,0,,,0.01443069176,6.23555462443e-06,Sindhupalchowk,85.68340716776686,27.994752481171734
0,5/22/015,Sindhupalchowk.kmz/Sindhupalchowk/5/22,0,0,0.0,-1,0,,,0.00582659018275,1.25894659919e-06,Sindhupalchowk,85.9729208502281,27.804735385027733
0,5/22/015,Sindhupalchowk.kmz/Sindhupalchowk/5/22,0,0,0.0,-1,0,,,0.00250729924236,4.14879166632e-07,Sindhupalchowk,85.97382645749934,27.805739678467443
0,5/22/015,Sindhupalchowk.kmz/Sindhupalchowk/5/22,0,0,0.0,-1,0,,,0.003417952176,4.89273366606e-07,Sindhupalchowk,85.9780776718157,27.80592321057497
0,5/22/015,Sindhupalchowk.kmz/Sindhupalchowk/5/22,0,0,0.0,-1,0,,,0.00234207131667,3.35318771545e-07,Sindhupalchowk,85.93771904251265,27.785728243465154
0,5/22/015,Sindhupalchowk.kmz/Sindhupalchowk/5/22,0,0,0.0,-1,0,,,0.00395178666392,7.64699892577e-07,Sindhupalchowk,85.92416213677018,27.784292259217494
0,5/22/015,Sindhupalchowk.kmz/Sindhupalchowk/5/22,0,0,0.0,-1,0,,,0.00391879108614,4.47049951565e-07,Sindhupalchowk,85.92300160498088,27.797025370153644
0,12/04/014,Sindhupalchowk.kmz/Sindhupalchowk/12/04,0,0,0.0,-1,0,,,0.0017308988279,1.51876380503e-07,Sindhupalchowk,85.92340168459582,27.797753627231078
0,5/22/015,Sindhupalchowk.kmz/Sindhupalchowk/5/22,0,0,0.0,-1,0,,,0.0021089002733,1.74218888302e-07,Sindhupalchowk,85.92859936640484,27.798170909430326
0,5/22/015,Sindhupalchowk.kmz/Sindhupalchowk/5/22,0,0,0.0,-1,0,,,0.00171828520122,1.62334572527e-07,Sindhupalchowk,85.92575994238156,27.79949861121675
0,5/22/015,Sindhupalchowk.kmz/Sindhupalchowk/5/22,0,0,0.0,-1,0,,,0.00218414959013,1.58110708263e-07,Sindhupalchowk,85.92636134985838,27.79890723669247
0,5/22/015,Sindhupalchowk.kmz/Sindhupalchowk/5/22,0,0,0.0,-1,0,,,0.00174839954187,9.07730595777e-08,Sindhupalchowk,85.92615674811056,27.798149348910098
0,5/22/015,Sindhupalchowk.kmz/Sindhupalchowk/5/22,0,0,0.0,-1,0,,,0.00116407659985,4.78138592643e-08,Sindhupalchowk,85.93579392933783,27.81339709157548
0,5/4/015,Sindhupalchowk.kmz/Sindhupalchowk/5/4,0,0,0.0,-1,0,,,0.00443686916887,6.97310427523e-07,Sindhupalchowk,85.93056739743459,27.808000478417725
0,5/22/015,Sindhupalchowk.kmz/Sindhupalchowk/5/22,0,0,0.0,-1,0,,,0.00335579817403,6.89092952997e-07,Sindhupalchowk,85.92715601117563,27.80831075858564
0,5/22/015,Sindhupalchowk.kmz/Sindhupalchowk/5/22,0,0,0.0,-1,0,,,0.00352646806097,6.69003396299e-07,Sindhupalchowk,85.92657548008795,27.807564043289556
0,5/22/015,Sindhupalchowk.kmz/Sindhupalchowk/5/22,0,0,0.0,-1,0,,,0.00467476971454,6.05477769644e-07,Sindhupalchowk,85.92818008125212,27.80776028484553
0,5/22/015,Sindhupalchowk.kmz/Sindhupalchowk/5/22,0,0,0.0,-1,0,,,0.00205614852954,2.46420111249e-07,Sindhupalchowk,85.92928327639954,27.808474364682205
0,5/4/015,Sindhupalchowk.kmz/Sindhupalchowk/5/4,0,0,0.0,-1,0,,,0.00323469684848,2.45606230914e-07,Sindhupalchowk,85.92569347830828,27.80176923123647
0,5/22/015,Sindhupalchowk.kmz/Sindhupalchowk/5/22,0,0,0.0,-1,0,,,0.00213709290679,1.83608122684e-07,Sindhupalchowk,85.92242972155572,27.797965652229323
0,5/3/015,Sindhupalchowk.kmz/Sindhupalchowk/5/3,0,0,0.0,-1,0,,,0.00441392341081,6.27969759968e-07,Sindhupalchowk,85.84942197922433,27.82314192853374
0,5/22/015,Sindhupalchowk.kmz/Sindhupalchowk/5/22,0,0,0.0,-1,0,,,0.00201115598697,2.83432774421e-07,Sindhupalchowk,85.93420073792365,27.801685819820197
0,5/3/015,Sindhupalchowk.kmz/Sindhupalchowk/5/3,0,0,0.0,-1,0,,,0.000821365740525,4.08036198651e-08,Sindhupalchowk,85.83175875213708,27.757413640534413
0,2/1/016,Sindhupalchowk.kmz/Sindhupalchowk/2/1,0,0,0.0,-1,0,,,0.00129535310141,5.77010271981e-08,Sindhupalchowk,85.5890194462875,27.93641065513173
0,12/4/014,Sindhupalchowk.kmz/Sindhupalchowk/12/4,1,0,0.0,-1,0,,,0.00489872133577,5.1685647092e-07,Sindhupalchowk,85.93417320020193,27.79983349104638
0,12/4/014,Sindhupalchowk.kmz/Sindhupalchowk/12/4,1,0,0.0,-1,0,,,0.00649274984046,6.41373284471e-07,Sindhupalchowk,85.9329472041279,27.79831459417169
0,5/22/015,Sindhupalchowk.kmz/Sindhupalchowk/5/22,0,0,0.0,-1,0,,,0.00420390080877,4.8885189345e-07,Sindhupalchowk,85.94003982035915,27.80034880712598
0,5/4/015,Sindhupalchowk.kmz/Sindhupalchowk/5/4,0,0,0.0,-1,0,,,0.00869767241205,3.10340643714e-06,Sindhupalchowk,85.9596913398223,27.81702396836746
0,2/13/013,Sindhupalchowk.kmz/Sindhupalchowk/2/13,0,0,0.0,-1,0,,,0.00260778379428,4.5906255701e-07,Sindhupalchowk,85.96479580976082,27.790377872285358
0,5/4/015,Sindhupalchowk.kmz/Sindhupalchowk/5/4,0,0,0.0,-1,0,,,0.00202717110709,1.31457164729e-07,Sindhupalchowk,85.98138946496933,27.821634887390815
0,5/4/015,Sindhupalchowk.kmz/Sindhupalchowk/5/4,0,0,0.0,-1,0,,,0.0034513353711,6.15788398219e-07,Sindhupalchowk,85.95635387573834,27.813088035429217
0,5/22/015,Sindhupalchowk.kmz/Sindhupalchowk/5/22,0,0,0.0,-1,0,,,0.00531536404669,1.3629156143e-06,Sindhupalchowk,85.96835536995651,27.81001802947463
0,5/4/015,Sindhupalchowk.kmz/Sindhupalchowk/5/4,0,0,0.0,-1,0,,,0.00971634814209,2.50475094101e-06,Sindhupalchowk,85.98332763676522,27.818551817665668
0,5/4/015,Sindhupalchowk.kmz/Sindhupalchowk/5/4,0,0,0.0,-1,0,,,0.0030459628891,2.84259455438e-07,Sindhupalchowk,85.98240206496537,27.822325467093787
0,5/4/015,Sindhupalchowk.kmz/Sindhupalchowk/5/4,0,0,0.0,-1,0,,,0.00791389970104,8.95624470599e-07,Sindhupalchowk,85.9827689232729,27.820792986544514
0,3/8/04,Sindhupalchowk.kmz/Sindhupalchowk/3/8,1,0,0.0,-1,0,,,0.00522024749986,7.14870075849e-07,Sindhupalchowk,85.87433748294748,27.82798322281872
0,2/1/016,Sindhupalchowk.kmz/Sindhupalchowk/2/1,0,0,0.0,-1,0,,,0.00871777776186,3.07395882279e-06,Sindhupalchowk,85.4953221205932,27.946364876389136
0,2/1/016,Sindhupalchowk.kmz/Sindhupalchowk/2/1,0,0,0.0,-1,0,,,0.00300865335482,1.80130619499e-07,Sindhupalchowk,85.52679247019996,27.93450578161548
0,1/4/010,Sindhupalchowk.kmz/Sindhupalchowk/1/4,1,0,0.0,-1,0,,,0.0104453333687,2.80049694255e-06,Sindhupalchowk,85.52575522358639,27.93231846187513
0,2/1/016,Sindhupalchowk.kmz/Sindhupalchowk/2/1,0,0,0.0,-1,0,,,0.00596867735393,6.01511320621e-07,Sindhupalchowk,85.49275708552011,27.928848315656797
0,5/25/016,Sindhupalchowk.kmz/Sindhupalchowk/5/25,0,0,0.0,-1,0,,,0.00575368945483,4.8867475118e-07,Sindhupalchowk,85.49642154958806,27.949571988495144
0,12/18/014,Sindhupalchowk.kmz/Sindhupalchowk/12/18,1,0,0.0,-1,0,,,0.00193511915817,1.6645349428e-07,Sindhupalchowk,85.65423982257364,27.89589661141625
0,12/18/014,Sindhupalchowk.kmz/Sindhupalchowk/12/18,1,0,0.0,-1,0,,,0.00159988438548,8.97463532215e-08,Sindhupalchowk,85.654337526867,27.894905435183574
0,12/18/014,Sindhupalchowk.kmz/Sindhupalchowk/12/18,1,0,0.0,-1,0,,,0.00175783606138,1.11558743294e-07,Sindhupalchowk,85.65435942769201,27.895515957902592
0,12/18/014,Sindhupalchowk.kmz/Sindhupalchowk/12/18,1,0,0.0,-1,0,,,0.00223179669906,1.46674090198e-07,Sindhupalchowk,85.65486794408734,27.89517058691532
0,12/18/014,Sindhupalchowk.kmz/Sindhupalchowk/12/18,1,0,0.0,-1,0,,,0.00137197251325,1.04668047313e-07,Sindhupalchowk,85.6540333259118,27.897213316043036
0,2/1/016,Sindhupalchowk.kmz/Sindhupalchowk/2/1,0,0,0.0,-1,0,,,0.0009703663852,6.06968497577e-08,Sindhupalchowk,85.59196937552156,27.798237792823688
0,5/25/015,Sindhupalchowk.kmz/Sindhupalchowk/5/25,0,0,0.0,-1,0,,,0.00257054732871,2.74539795489e-07,Sindhupalchowk,85.47845186720527,27.869873786404366
0,5/2/015,Sindhupalchowk.kmz/Sindhupalchowk/5/2,2,0,0.0,-1,0,,,0.00231647167763,9.81037588572e-08,Sindhupalchowk,85.51882501382117,27.908733139451268
0,5/2/015,Sindhupalchowk.kmz/Sindhupalchowk/5/2,2,0,0.0,-1,0,,,0.00284389847258,3.22581818326e-07,Sindhupalchowk,85.51832222615202,27.905404850332328
0,1/12/010,Sindhupalchowk.kmz/Sindhupalchowk/1/12,2,0,0.0,-1,0,,,0.00435194424135,7.04092050185e-07,Sindhupalchowk,85.49176179383343,27.83785205972959
0,10/28/012,Sindhupalchowk.kmz/Sindhupalchowk/10/28,2,0,0.0,-1,0,,,0.00542214779155,1.51214139541e-06,Sindhupalchowk,85.47786590787275,27.837040475776536
0,10/1/014,Sindhupalchowk.kmz/Sindhupalchowk/10/1,2,0,0.0,-1,0,,,0.00297164105409,2.64956038125e-07,Sindhupalchowk,85.47612192651859,27.868586870976166
0,5/2/015,Sindhupalchowk.kmz/Sindhupalchowk/5/2,2,0,0.0,-1,0,,,0.00439592166114,1.90085929845e-07,Sindhupalchowk,85.51018113529346,27.89855712452836
0,2/1/016,Sindhupalchowk.kmz/Sindhupalchowk/2/1,2,0,0.0,-1,0,,,0.0026286367067,1.74216076911e-07,Sindhupalchowk,85.4967061568623,27.90456582783285
0,5/2/015,Sindhupalchowk.kmz/Sindhupalchowk/5/2,2,0,0.0,-1,0,,,0.00144991044084,6.43129102412e-08,Sindhupalchowk,85.49107371555549,27.90409504606614
0,5/2/015,Sindhupalchowk.kmz/Sindhupalchowk/5/2,2,0,0.0,-1,0,,,0.00182653974316,2.54996755154e-07,Sindhupalchowk,85.49195128474781,27.903200201104795
0,5/3/015,Sindhupalchowk.kmz/Sindhupalchowk/5/3,0,0,0.0,-1,0,,,0.00135756168204,4.08965581989e-08,Sindhupalchowk,85.65203403365645,27.758692973943894
0,5/3/015,Sindhupalchowk.kmz/Sindhupalchowk/5/3,0,0,0.0,-1,0,,,0.00113875039864,6.27137134087e-08,Sindhupalchowk,85.65245447001298,27.75765641335188
0,5/3/015,Sindhupalchowk.kmz/Sindhupalchowk/5/3,0,0,0.0,-1,0,,,0.00206638397112,2.39951631774e-07,Sindhupalchowk,85.56802322654283,27.778729201488275
0,12/4/012,Sindhupalchowk.kmz/Sindhupalchowk/12/4,0,0,0.0,-1,0,,,0.00157255066447,1.72431515825e-07,Sindhupalchowk,85.5630746441098,27.777917387608156
0,5/3/015,Sindhupalchowk.kmz/Sindhupalchowk/5/3,0,0,0.0,-1,0,,,0.0040442311474,8.01298379957e-07,Sindhupalchowk,85.87140872271326,27.757608784654042
0,2/1/016,Sindhupalchowk.kmz/Sindhupalchowk/2/1,0,0,0.0,-1,0,,,0.000836622463071,3.58831615586e-08,Sindhupalchowk,85.59579450459191,27.744547769141345
0,5/22/015,Sindhupalchowk.kmz/Sindhupalchowk/5/22,2,0,0.0,-1,0,,,0.00642783048853,7.63510027658e-07,Sindhupalchowk,85.93773942082139,27.72241170334207
0,5/4/015,Sindhupalchowk.kmz/Sindhupalchowk/5/4,0,0,0.0,-1,0,,,0.00914816437481,1.48335296988e-06,Sindhupalchowk,85.95680462431424,27.988133232963772
0,11/2/09,Sindhupalchowk.kmz/Sindhupalchowk/11/2,3,0,0.0,-1,0,,,0.00857157506377,1.21774787492e-06,Sindhupalchowk,85.9271389952118,27.75254675981621
0,5/25/015,Sindhupalchowk.kmz/Sindhupalchowk/5/25,2,0,0.0,-1,0,,,0.00935643895685,9.51576988548e-07,Sindhupalchowk,85.9488854300373,27.747618289675927
0,10/6/2012,Sindhupalchowk.kmz/Sindhupalchowk/10/6,3,0,0.0,-1,0,,,0.00143501118315,4.76041175405e-08,Sindhupalchowk,85.6765286212418,27.751641853074112
0,5/3/015,Sindhupalchowk.kmz/Sindhupalchowk/5/3,0,0,0.0,-1,0,,,0.00123489838836,1.08088455206e-07,Sindhupalchowk,85.73843780302849,27.755169687014625
0,5/3/015,Sindhupalchowk.kmz/Sindhupalchowk/5/3,0,0,0.0,-1,0,,,0.00330233963329,3.38848987782e-07,Sindhupalchowk,85.70985614641671,27.657254709181228
0,12/15/012,Sindhupalchowk.kmz/Sindhupalchowk/12/15,3,0,0.0,-1,0,,,0.00497446905372,2.40151020957e-07,Sindhupalchowk,85.94222867468315,27.74230435384973
0,5/3/015,Sindhupalchowk.kmz/Sindhupalchowk/5/3,2,0,0.0,-1,0,,,0.00267396477928,1.49762190227e-07,Sindhupalchowk,85.92089945072215,27.747760664584195
0,5/24/015,Sindhupalchowk.kmz/Sindhupalchowk/5/24,2,0,0.0,-1,0,,,0.00353123073732,2.91238435866e-07,Sindhupalchowk,85.92027020877677,27.74707094407147
0,5/3/015,Sindhupalchowk.kmz/Sindhupalchowk/5/3,2,0,0.0,-1,0,,,0.00210324430158,1.74925170665e-07,Sindhupalchowk,85.91958629123444,27.748700472507217
0,5/3/015,Sindhupalchowk.kmz/Sindhupalchowk/5/3,2,0,0.0,-1,0,,,0.0047478110654,3.03506782117e-07,Sindhupalchowk,85.91799957722547,27.74162955014142
0,5/3/015,Sindhupalchowk.kmz/Sindhupalchowk/5/3,2,0,0.0,-1,0,,,0.00199600037596,1.08386926316e-07,Sindhupalchowk,85.9335947318998,27.74827451475804
0,12/15/012,Sindhupalchowk.kmz/Sindhupalchowk/12/15,3,0,0.0,-1,0,,,0.006283658031,9.15553838058e-07,Sindhupalchowk,85.9415862315965,27.742700182085674
0,5/3/015,Sindhupalchowk.kmz/Sindhupalchowk/5/3,2,0,0.0,-1,0,,,0.00926903874792,1.36442270571e-06,Sindhupalchowk,85.9209668890966,27.735979709780644
0,2/1/016,Sindhupalchowk.kmz/Sindhupalchowk/2/1,0,0,0.0,-1,0,,,0.00706055540029,1.8667680953e-06,Sindhupalchowk,85.49385314865592,27.85623802757023
0,2/1/016,Sindhupalchowk.kmz/Sindhupalchowk/2/1,0,0,0.0,-1,0,,,0.00731158363159,1.33599178527e-06,Sindhupalchowk,85.62705095491403,27.992218425140575
0,2/1/2016,Sindhupalchowk.kmz/Sindhupalchowk/2/1,0,0,0.0,-1,0,,,0.00547999462015,7.39767915135e-07,Sindhupalchowk,85.49001833048419,27.854662656004724
0,5/22/015,Sindhupalchowk.kmz/Sindhupalchowk/5/22,0,0,0.0,-1,0,,,0.00516441348603,7.27685411642e-07,Sindhupalchowk,86.0056288941357,27.765282359364324
0,3/5/015,Sindhupalchowk.kmz/Sindhupalchowk/3/5,0,0,0.0,-1,0,,,0.0163557751435,1.5893922856e-05,Sindhupalchowk,85.4416497904068,27.94244289990381
0,2/1/2016,Sindhupalchowk.kmz/Sindhupalchowk/2/1,0,0,0.0,-1,0,,,0.00457754257978,1.08876928467e-06,Sindhupalchowk,85.54053570648878,27.987197931547644
0,2/1/2016,Sindhupalchowk.kmz/Sindhupalchowk/2/1,0,0,0.0,-1,0,,,0.00530519053487,1.1838267627e-06,Sindhupalchowk,85.57565468392582,27.969406466334746
0,5/14/015,Sindhupalchowk.kmz/Sindhupalchowk/5/14,0,0,0.0,-1,0,,,0.00111852174885,7.57388236724e-08,Sindhupalchowk,85.90145383248989,27.63893790295222
0,5/14/015,Sindhupalchowk.kmz/Sindhupalchowk/5/14,0,0,0.0,-1,0,,,0.00167802681618,1.05334826178e-07,Sindhupalchowk,85.90170339702384,27.63960707419466
0,5/25/015,Sindhupalchowk.kmz/Sindhupalchowk/5/25,0,0,0.0,-1,0,,,0.00225727868778,3.37084762618e-07,Sindhupalchowk,85.90765278774867,27.64447208632372
0,5/14/015,Sindhupalchowk.kmz/Sindhupalchowk/5/14,0,0,0.0,-1,0,,,0.00207223200632,2.31124446353e-07,Sindhupalchowk,85.89761467545966,27.639700878255464
0,5/14/015,Sindhupalchowk.kmz/Sindhupalchowk/5/14,0,0,0.0,-1,0,,,0.00146159458975,1.09056502036e-07,Sindhupalchowk,85.89816489199136,27.640368957128167
0,5/14/015,Sindhupalchowk.kmz/Sindhupalchowk/5/14,0,0,0.0,-1,0,,,0.00354021328891,2.7193638915e-07,Sindhupalchowk,85.89081297498255,27.658027762825725
0,5/3/015,Sindhupalchowk.kmz/Sindhupalchowk/5/3,0,0,0.0,-1,0,,,0.00319062776813,2.87892388007e-07,Sindhupalchowk,85.87949919292112,27.634412007574408
0,5/3/015,Sindhupalchowk.kmz/Sindhupalchowk/5/3,0,0,0.0,-1,0,,,0.00376821372347,6.1263916976e-07,Sindhupalchowk,85.98090730227015,27.7563662432733
0,12/4/014,Sindhupalchowk.kmz/Sindhupalchowk/12/4,0,0,0.0,-1,0,,,0.00306390065718,3.55833187462e-07,Sindhupalchowk,85.83607680786129,27.71479479765839
0,5/14/015,Sindhupalchowk.kmz/Sindhupalchowk/5/14,0,0,0.0,-1,0,,,0.00280961999111,2.19248204339e-07,Sindhupalchowk,85.81505513082448,27.74083251658202
0,5/3/015,Sindhupalchowk.kmz/Sindhupalchowk/5/3,0,0,0.0,-1,0,,,0.0029571326626,2.39599907566e-07,Sindhupalchowk,85.78192469682324,27.75000221202761
0,5/4/015,Sindhupalchowk.kmz/Sindhupalchowk/5/4,0,0,0.0,-1,0,,,0.00788297744718,1.81710935041e-06,Sindhupalchowk,85.94071103287907,27.84995325164445
0,5/4/015,Sindhupalchowk.kmz/Sindhupalchowk/5/4,0,0,0.0,-1,0,,,0.00394114874556,5.05175641658e-07,Sindhupalchowk,85.95058490085708,27.85105210380948
0,5/13/015,Sindhupalchowk.kmz/Sindhupalchowk/5/13,0,0,0.0,-1,0,,,0.00462240726235,6.93031810407e-07,Sindhupalchowk,85.99351272968036,27.781888617585317
0,5/13/015,Sindhupalchowk.kmz/Sindhupalchowk/5/13,0,0,0.0,-1,0,,,0.00437277870271,6.872198205e-07,Sindhupalchowk,85.99446485697034,27.781124864093393
0,5/13/015,Sindhupalchowk.kmz/Sindhupalchowk/5/13,0,0,0.0,-1,0,,,0.0099141224498,1.02125697691e-06,Sindhupalchowk,85.99818880535956,27.781877901385467
0,5/13/015,Sindhupalchowk.kmz/Sindhupalchowk/5/13,0,0,0.0,-1,0,,,0.00381970909347,4.44120031132e-07,Sindhupalchowk,85.99697833508355,27.780560854164285
0,5/13/015,Sindhupalchowk.kmz/Sindhupalchowk/5/13,0,0,0.0,-1,0,,,0.00337089359586,6.33841442973e-07,Sindhupalchowk,85.98547046429005,27.788701726085513
0,5/3/015,Sindhupalchowk.kmz/Sindhupalchowk/5/3,0,0,0.0,-1,0,,,0.00834334475761,1.09557716337e-06,Sindhupalchowk,86.01842175892799,27.753032017917207
0,5/3/015,Sindhupalchowk.kmz/Sindhupalchowk/5/3,0,0,0.0,-1,0,,,0.00593672876033,5.55495189467e-07,Sindhupalchowk,86.02043579387657,27.75293314351415
0,5/25/015,Sindhupalchowk.kmz/Sindhupalchowk/5/25,0,0,0.0,-1,0,,,0.00243032404485,3.09206975632e-07,Sindhupalchowk,86.00233723221726,27.760167043198418
0,5/13/015,Sindhupalchowk.kmz/Sindhupalchowk/5/13,0,0,0.0,-1,0,,,0.00294978505703,3.80262614943e-07,Sindhupalchowk,85.97668442646207,27.788769424341123
0,5/13/015,Sindhupalchowk.kmz/Sindhupalchowk/5/13,0,0,0.0,-1,0,,,0.00351686582821,2.01334978809e-07,Sindhupalchowk,85.98441506579829,27.76130874527655
0,5/13/015,Sindhupalchowk.kmz/Sindhupalchowk/5/13,0,0,0.0,-1,0,,,0.00184998473908,1.06320922329e-07,Sindhupalchowk,85.98227664296284,27.76078770212581
0,5/3/015,Sindhupalchowk.kmz/Sindhupalchowk/5/3,0,0,0.0,-1,0,,,0.00704360679617,5.40905168423e-07,Sindhupalchowk,85.9804539219601,27.762092498313038
0,5/3/015,Sindhupalchowk.kmz/Sindhupalchowk/5/3,0,0,0.0,-1,0,,,0.00501319428973,4.26976218438e-07,Sindhupalchowk,85.98028305232774,27.763440536350288
0,5/13/015,Sindhupalchowk.kmz/Sindhupalchowk/5/13,0,0,0.0,-1,0,,,0.00107862530575,2.80247250734e-08,Sindhupalchowk,85.96868367288262,27.77755095580169
0,5/13/015,Sindhupalchowk.kmz/Sindhupalchowk/5/13,0,0,0.0,-1,0,,,0.00284317424107,5.34664602941e-07,Sindhupalchowk,85.96426439256877,27.780207415759612
0,5/25/015,Sindhupalchowk.kmz/Sindhupalchowk/5/25,0,0,0.0,-1,0,,,0.000872544095299,4.17787708826e-08,Sindhupalchowk,85.9544094560524,27.78291520866082
0,5/13/015,Sindhupalchowk.kmz/Sindhupalchowk/5/13,0,0,0.0,-1,0,,,0.0017667542477,1.44040971847e-07,Sindhupalchowk,85.95372853982431,27.782807216885608
0,5/24/015,Sindhupalchowk.kmz/Sindhupalchowk/5/24,0,0,0.0,-1,0,,,0.00473696576827,5.55011029564e-07,Sindhupalchowk,85.92246604223978,27.781100377428913
0,5/25/015,Sindhupalchowk.kmz/Sindhupalchowk/5/25,0,0,0.0,-1,0,,,0.00134799658745,5.78217503864e-08,Sindhupalchowk,85.92438012852486,27.78116043268913
0,5/25/015,Sindhupalchowk.kmz/Sindhupalchowk/5/25,0,0,0.0,-1,0,,,0.00129210684037,4.31473225703e-08,Sindhupalchowk,85.92406739053212,27.781206121357506
0,5/22/015,Sindhupalchowk.kmz/Sindhupalchowk/5/22,0,0,0.0,-1,0,,,0.0021653964576,2.02454248795e-07,Sindhupalchowk,85.93634844262179,27.781868883980266
0,2/1/016,Sindhupalchowk.kmz/Sindhupalchowk/2/1,4,0,0.0,-1,0,,,0.0148883446081,6.09941408717e-06,Sindhupalchowk,85.54033447385773,27.963734265356837
0,5/25/015,Sindhupalchowk.kmz/Sindhupalchowk/5/25,0,0,0.0,-1,0,,,0.00725613061606,4.76872618429e-07,Sindhupalchowk,85.54399424820105,27.965716536139674
0,5/25/015,Sindhupalchowk.kmz/Sindhupalchowk/5/25,0,0,0.0,-1,0,,,0.00106517478171,5.62779132697e-08,Sindhupalchowk,85.93174371550687,27.779058753476956
0,5/25/015,Sindhupalchowk.kmz/Sindhupalchowk/5/25,0,0,0.0,-1,0,,,0.00109553584819,4.1773377004e-08,Sindhupalchowk,85.93896169729734,27.782682321032137
0,5/25/015,Sindhupalchowk.kmz/Sindhupalchowk/5/25,0,0,0.0,-1,0,,,0.00106858404717,6.48444138473e-08,Sindhupalchowk,85.9393398343627,27.782373515213365
0,5/25/015,Sindhupalchowk.kmz/Sindhupalchowk/5/25,0,0,0.0,-1,0,,,0.00169899752912,1.66312251521e-07,Sindhupalchowk,85.94194167399763,27.781945435520978
0,5/3/015,Sindhupalchowk.kmz/Sindhupalchowk/5/3,0,0,0.0,-1,0,,,0.00687368088481,6.72494506924e-07,Sindhupalchowk,86.027256820397,27.75341633214782
0,5/3/015,Sindhupalchowk.kmz/Sindhupalchowk/5/3,0,0,0.0,-1,0,,,0.00546346185916,3.48656066941e-07,Sindhupalchowk,86.01533440380645,27.75001132338484
0,5/3/015,Sindhupalchowk.kmz/Sindhupalchowk/5/3,0,0,0.0,-1,0,,,0.00542361803221,8.04186953882e-07,Sindhupalchowk,86.01579994279025,27.752370185241737
0,5/25/015,Sindhupalchowk.kmz/Sindhupalchowk/5/25,0,0,0.0,-1,0,,,0.00402127505368,3.96886617044e-07,Sindhupalchowk,86.01660641631814,27.751833970598586
0,8/10/2014,Sindhupalchowk.kmz/Sindhupalchowk/8/10,3,0,0.0,-1,0,,,0.0322496994034,5.84375986194e-05,Sindhupalchowk,85.8710403760774,27.76733041600652
0,12/15/012,Sindhupalchowk.kmz/Sindhupalchowk/12/15,3,0,0.0,-1,0,,,0.00414272041083,3.80374931168e-07,Sindhupalchowk,85.91815528476062,27.71165633843002
0,2/13/013,Sindhupalchowk.kmz/Sindhupalchowk/2/13,3,0,0.0,-1,0,,,0.00109047828606,4.49133148417e-08,Sindhupalchowk,85.92285470834955,27.71036641751735
0,5/25/015,Sindhupalchowk.kmz/Sindhupalchowk/5/25,2,0,0.0,-1,0,,,0.000640436091649,2.2773788493e-08,Sindhupalchowk,85.92323607511017,27.709967873638515
0,5/3/015,Sindhupalchowk.kmz/Sindhupalchowk/5/3,2,0,0.0,-1,0,,,0.00192713551952,1.23869937657e-07,Sindhupalchowk,85.77897469674416,27.75038742244283
0,3/8/2004,Sindhupalchowk.kmz/Sindhupalchowk/3/8,3,0,0.0,-1,0,,,0.00426112390976,3.81583851331e-07,Sindhupalchowk,85.88108878769984,27.84838466096994
0,3/8/2004,Sindhupalchowk.kmz/Sindhupalchowk/3/8,3,0,0.0,-1,0,,,0.00321154757444,3.41040472201e-07,Sindhupalchowk,85.88100148791175,27.84970360734243
0,5/3/015,Sindhupalchowk.kmz/Sindhupalchowk/5/3,2,0,0.0,-1,0,,,0.0028485794205,2.63760251806e-07,Sindhupalchowk,85.93282355230203,27.747457714430197
0,5/22/015,Sindhupalchowk.kmz/Sindhupalchowk/5/22,2,0,0.0,-1,0,,,0.00302698429171,1.81527716956e-07,Sindhupalchowk,85.94748488129736,27.72154731455571
0,5/3/015,Sindhupalchowk.kmz/Sindhupalchowk/5/3,2,0,0.0,-1,0,,,0.00154667730314,6.57268911384e-08,Sindhupalchowk,85.90096909943209,27.712579962399392
0,5/3/015,Sindhupalchowk.kmz/Sindhupalchowk/5/3,2,0,0.0,-1,0,,,0.00209413666692,1.4202765915e-07,Sindhupalchowk,85.91119850630805,27.70751964886971
0,5/22/015,Sindhupalchowk.kmz/Sindhupalchowk/5/22,2,0,0.0,-1,0,,,0.0104445249357,1.6659156902e-06,Sindhupalchowk,85.93190410653821,27.71077636055063
0,5/22/0185,Sindhupalchowk.kmz/Sindhupalchowk/5/22,2,0,0.0,-1,0,,,0.00607503240526,4.92640830078e-07,Sindhupalchowk,85.93273996041604,27.707176355670637
0,5/22/015,Sindhupalchowk.kmz/Sindhupalchowk/5/22,2,0,0.0,-1,0,,,0.00646375416656,4.91148298526e-07,Sindhupalchowk,85.93265352222588,27.706108673774327
0,5/22/015,Sindhupalchowk.kmz/Sindhupalchowk/5/22,2,0,0.0,-1,0,,,0.00232609580981,2.03819758961e-07,Sindhupalchowk,85.93061569890912,27.696876396974787
0,5/22/015,Sindhupalchowk.kmz/Sindhupalchowk/5/22,2,0,0.0,-1,0,,,0.00312723152019,4.56092309215e-07,Sindhupalchowk,85.91622602433199,27.759983923588415
0,5/22/015,Sindhupalchowk.kmz/Sindhupalchowk/5/22,2,0,0.0,-1,0,,,0.00430913546507,8.96037203352e-07,Sindhupalchowk,85.91717694587294,27.759996033134033
0,5/22/015,Sindhupalchowk.kmz/Sindhupalchowk/5/22,2,0,0.0,-1,0,,,0.00524147948635,1.03073016087e-06,Sindhupalchowk,85.9179549019951,27.759611334005303
0,5/22/015,Sindhupalchowk.kmz/Sindhupalchowk/5/22,2,0,0.0,-1,0,,,0.00172783906649,1.86400744776e-07,Sindhupalchowk,85.91881670338448,27.757483151340626
0,5/3/015,Sindhupalchowk.kmz/Sindhupalchowk/5/3,2,0,0.0,-1,0,,,0.0118804044356,3.07637796002e-06,Sindhupalchowk,85.94722755345657,27.75131622072218
0,5/3/015,Sindhupalchowk.kmz/Sindhupalchowk/5/3,2,0,0.0,-1,0,,,0.0118929063102,1.11547447176e-06,Sindhupalchowk,85.94403213291905,27.75136378509641
0,5/3/015,Sindhupalchowk.kmz/Sindhupalchowk/5/3,2,0,0.0,-1,0,,,0.00549904966118,8.82970325891e-07,Sindhupalchowk,85.92774377357715,27.76137788454159
0,5/3/015,Sindhupalchowk.kmz/Sindhupalchowk/5/3,2,0,0.0,-1,0,,,0.00866781721256,9.90419015813e-07,Sindhupalchowk,85.92485586213385,27.762856596109255
0,5/22/015,Sindhupalchowk.kmz/Sindhupalchowk/5/22,2,0,0.0,-1,0,,,0.00449644716758,1.02380322805e-06,Sindhupalchowk,85.91901787416306,27.76190174277726
0,5/3/015,Sindhupalchowk.kmz/Sindhupalchowk/5/3,2,0,0.0,-1,0,,,0.00201701103232,1.82132096735e-07,Sindhupalchowk,85.91969532693946,27.770431450614335
0,12/04/014,Sindhupalchowk.kmz/Sindhupalchowk/12/04,3,0,0.0,-1,0,,,0.00170975033663,9.04083254797e-08,Sindhupalchowk,85.91917746004373,27.765945071109925
0,5/3/015,Sindhupalchowk.kmz/Sindhupalchowk/5/3,2,0,0.0,-1,0,,,0.00414963757755,4.82657712341e-07,Sindhupalchowk,85.93162788797163,27.723885521306592
0,5/25/015,Sindhupalchowk.kmz/Sindhupalchowk/5/25,2,0,0.0,-1,0,,,0.00378644978541,4.0601098074e-07,Sindhupalchowk,85.93456642557922,27.718461668431885
0,5/3/015,Sindhupalchowk.kmz/Sindhupalchowk/5/3,0,0,0.0,-1,0,,,0.00171098090928,9.55590708202e-08,Sindhupalchowk,85.76717860570484,27.77433037705996
0,5/3/015,Sindhupalchowk.kmz/Sindhupalchowk/5/3,0,0,0.0,-1,0,,,0.00213934185918,1.39191949668e-07,Sindhupalchowk,85.68039718815184,27.71637257710023
0,5/3/015,Sindhupalchowk.kmz/Sindhupalchowk/5/3,0,0,0.0,-1,0,,,0.00263191883226,2.3942331628e-07,Sindhupalchowk,85.62198039893185,27.77794183623643
0,5/3/015,Sindhupalchowk.kmz/Sindhupalchowk/5/3,0,0,0.0,-1,0,,,0.00165019725988,8.23472992632e-08,Sindhupalchowk,85.6791950193381,27.763282372075572
0,5/3/015,Sindhupalchowk.kmz/Sindhupalchowk/5/3,0,0,0.0,-1,0,,,0.00184421945863,7.2284504195e-08,Sindhupalchowk,85.71430852369708,27.787677182108876
0,5/3/015,Sindhupalchowk.kmz/Sindhupalchowk/5/3,0,0,0.0,-1,0,,,0.00179162894019,7.21474386187e-08,Sindhupalchowk,85.63360729469596,27.76230701925869
0,5/3/015,Sindhupalchowk.kmz/Sindhupalchowk/5/3,0,0,0.0,-1,0,,,0.00130303069184,8.25780550193e-08,Sindhupalchowk,85.67213338519676,27.77102882041749
0,2/1/016,Sindhupalchowk.kmz/Sindhupalchowk/2/1,0,0,0.0,-1,0,,,0.00322978718067,1.37472781177e-07,Sindhupalchowk,85.65264016419465,27.810541173974254
0,5/14/015,Sindhupalchowk.kmz/Sindhupalchowk/5/14,0,0,0.0,-1,0,,,0.0104314316436,1.75016561563e-06,Sindhupalchowk,85.85358397487711,27.77535685146232
0,5/3/015,Sindhupalchowk.kmz/Sindhupalchowk/5/3,0,0,0.0,-1,0,,,0.0101115693709,1.14918108596e-06,Sindhupalchowk,85.84039313006416,27.814942076664764
0,3/8/04,Sindhupalchowk.kmz/Sindhupalchowk/3/8,1,0,0.0,-1,0,,,0.00361141723262,3.70892367316e-07,Sindhupalchowk,85.87303789234429,27.828877915918085
0,5/3/015,Sindhupalchowk.kmz/Sindhupalchowk/5/3,0,0,0.0,-1,0,,,0.00361746840924,4.40361860671e-07,Sindhupalchowk,85.83898110022498,27.81476460967863
0,5/3/015,Sindhupalchowk.kmz/Sindhupalchowk/5/3,0,0,0.0,-1,0,,,0.00298038304566,2.50472944565e-07,Sindhupalchowk,85.83724352434076,27.81495372830711
0,5/3/015,Sindhupalchowk.kmz/Sindhupalchowk/5/3,0,0,0.0,-1,0,,,0.00310052481364,2.6494234835e-07,Sindhupalchowk,85.83660649817153,27.815493670153536
0,5/3/015,Sindhupalchowk.kmz/Sindhupalchowk/5/3,0,0,0.0,-1,0,,,0.004952731844,1.10443678477e-06,Sindhupalchowk,85.83181257978977,27.819176325017864
0,5/3/015,Sindhupalchowk.kmz/Sindhupalchowk/5/3,0,0,0.0,-1,0,,,0.00265965889621,2.68212848894e-07,Sindhupalchowk,85.82998042192558,27.81966629563388
0,5/3/015,Sindhupalchowk.kmz/Sindhupalchowk/5/3,0,0,0.0,-1,0,,,0.0031954921088,4.37133767034e-07,Sindhupalchowk,85.83037305648102,27.820662440772306
0,5/24/015,Sindhupalchowk.kmz/Sindhupalchowk/5/24,0,0,0.0,-1,0,,,0.00368574522694,4.93882796619e-07,Sindhupalchowk,85.82903032098974,27.82378096871553
0,5/24/015,Sindhupalchowk.kmz/Sindhupalchowk/5/24,0,0,0.0,-1,0,,,0.00208655715872,2.01087982178e-07,Sindhupalchowk,85.8290137362237,27.82705347762771
0,5/25/015,Sindhupalchowk.kmz/Sindhupalchowk/5/25,0,0,0.0,-1,0,,,0.00261055149625,1.81331157944e-07,Sindhupalchowk,85.82833043087264,27.820659495939314
0,10/1/014,Sindhupalchowk.kmz/Sindhupalchowk/10/1,3,0,0.0,-1,0,,,0.00298543897602,3.34706005164e-07,Sindhupalchowk,85.48493878438704,27.893129874628407
0,5/25/015,Sindhupalchowk.kmz/Sindhupalchowk/5/25,2,0,0.0,-1,0,,,0.00215303119417,1.8535366079e-07,Sindhupalchowk,85.48660549655824,27.898959907168916
0,5/25/015,Sindhupalchowk.kmz/Sindhupalchowk/5/25,2,0,0.0,-1,0,,,0.00139322536299,5.38071630242e-08,Sindhupalchowk,85.48758470207204,27.894428221088912
0,2/1/016,Sindhupalchowk.kmz/Sindhupalchowk/2/1,2,0,0.0,-1,0,,,0.00382503536881,6.50729827473e-07,Sindhupalchowk,85.48580976973697,27.90757297936178
0,2/1/016,Sindhupalchowk.kmz/Sindhupalchowk/2/1,2,0,0.0,-1,0,,,0.0042451204197,2.23206600862e-07,Sindhupalchowk,85.48859168365857,27.907817899016738
0,2/1/016,Sindhupalchowk.kmz/Sindhupalchowk/2/1,2,0,0.0,-1,0,,,0.00859313735798,1.00157542365e-06,Sindhupalchowk,85.48844625445815,27.903830510688394
0,5/25/015,Sindhupalchowk.kmz/Sindhupalchowk/5/25,2,0,0.0,-1,0,,,0.00156465570951,7.0548953626e-08,Sindhupalchowk,85.48942351488418,27.90271387708868
0,5/25/015,Sindhupalchowk.kmz/Sindhupalchowk/5/25,2,0,0.0,-1,0,,,0.000907425552225,2.67895364855e-08,Sindhupalchowk,85.48938503700171,27.902317132510404
0,2/13/013,Sindhupalchowk.kmz/Sindhupalchowk/2/13,3,0,0.0,-1,0,,,0.000874107891527,5.69166877607e-08,Sindhupalchowk,85.53301362585832,27.887450548152746
0,5/25/015,Sindhupalchowk.kmz/Sindhupalchowk/5/25,2,0,0.0,-1,0,,,0.00129855138413,5.57022814308e-08,Sindhupalchowk,85.5307935974324,27.8870951758079
0,2/1/016,Sindhupalchowk.kmz/Sindhupalchowk/2/1,2,0,0.0,-1,0,,,0.00255188535005,2.95361892051e-07,Sindhupalchowk,85.52460241526919,27.886971142276206
0,2/1/016,Sindhupalchowk.kmz/Sindhupalchowk/2/1,2,0,0.0,-1,0,,,0.0012598099046,8.65323541493e-08,Sindhupalchowk,85.52140884588317,27.886020177810327
0,2/1/016,Sindhupalchowk.kmz/Sindhupalchowk/2/1,2,0,0.0,-1,0,,,0.00154801691651,1.34360823715e-07,Sindhupalchowk,85.52050284669085,27.885896090600358
0,2/1/016,Sindhupalchowk.kmz/Sindhupalchowk/2/1,2,0,0.0,-1,0,,,0.000857641744092,4.87653895791e-08,Sindhupalchowk,85.52097263213366,27.88589747642753
0,2/1/016,Sindhupalchowk.kmz/Sindhupalchowk/2/1,2,0,0.0,-1,0,,,0.00387038959124,2.85810758413e-07,Sindhupalchowk,85.51624928897157,27.892118492562695
0,2/1/016,Sindhupalchowk.kmz/Sindhupalchowk/2/1,2,0,0.0,-1,0,,,0.00154553073225,6.77317225675e-08,Sindhupalchowk,85.51647316172806,27.89246323284021
0,2/1/016,Sindhupalchowk.kmz/Sindhupalchowk/2/1,2,0,0.0,-1,0,,,0.00316450017397,2.33323368911e-07,Sindhupalchowk,85.51720311718918,27.893389343479747
0,2/1/016,Sindhupalchowk.kmz/Sindhupalchowk/2/1,2,0,0.0,-1,0,,,0.00110659215492,7.02839772577e-08,Sindhupalchowk,85.52005508121363,27.892750300582193
0,2/1/016,Sindhupalchowk.kmz/Sindhupalchowk/2/1,2,0,0.0,-1,0,,,0.00156317584042,1.69606368436e-07,Sindhupalchowk,85.51889251125421,27.891112587919007
0,2/1/016,Sindhupalchowk.kmz/Sindhupalchowk/2/1,2,0,0.0,-1,0,,,0.000688695696963,1.97327444998e-08,Sindhupalchowk,85.51868844297223,27.8914345027648
0,2/1/016,Sindhupalchowk.kmz/Sindhupalchowk/2/1,2,0,0.0,-1,0,,,0.000697764190622,2.44563049599e-08,Sindhupalchowk,85.51872628313977,27.891743702943746
0,1/4/010,Sindhupalchowk.kmz/Sindhupalchowk/1/4,2,0,0.0,-1,0,,,0.000771259465841,1.63813651842e-08,Sindhupalchowk,85.51878533321653,27.891967553473908
0,10/1/014,Sindhupalchowk.kmz/Sindhupalchowk/10/1,3,0,0.0,-1,0,,,0.00155878322786,4.79910143657e-08,Sindhupalchowk,85.51663888227112,27.891312545398975
0,5/25/015,Sindhupalchowk.kmz/Sindhupalchowk/5/25,2,0,0.0,-1,0,,,0.000736477270192,2.3626252904e-08,Sindhupalchowk,85.51700543549823,27.89100352096508
0,2/1/016,Sindhupalchowk.kmz/Sindhupalchowk/2/1,2,0,0.0,-1,0,,,0.00176652066539,2.02306737347e-07,Sindhupalchowk,85.51018617294528,27.890999140574234
0,2/1/016,Sindhupalchowk.kmz/Sindhupalchowk/2/1,2,0,0.0,-1,0,,,0.00359514981179,4.65869571731e-07,Sindhupalchowk,85.50910307409681,27.89252979970187
0,2/1/016,Sindhupalchowk.kmz/Sindhupalchowk/2/1,2,0,0.0,-1,0,,,0.00686087417151,3.87571998848e-07,Sindhupalchowk,85.50960795785059,27.8936012638976
0,2/1/016,Sindhupalchowk.kmz/Sindhupalchowk/2/1,2,0,0.0,-1,0,,,0.00177861509343,1.12724623119e-07,Sindhupalchowk,85.51096512894931,27.894400091117134
0,2/1/016,Sindhupalchowk.kmz/Sindhupalchowk/2/1,2,0,0.0,-1,0,,,0.0048857234859,3.55876275113e-07,Sindhupalchowk,85.51154522489664,27.895807322855187
0,2/13/2013,Sindhupalchowk.kmz/Sindhupalchowk/2/13,3,0,0.0,-1,0,,,0.00207451606738,7.96460023004e-08,Sindhupalchowk,85.49946860673622,27.893584363749117
0,2/13/2013,Sindhupalchowk.kmz/Sindhupalchowk/2/13,3,0,0.0,-1,0,,,0.00401910648031,3.06487619883e-07,Sindhupalchowk,85.50018394578669,27.89390609492948
0,2/13/2013,Sindhupalchowk.kmz/Sindhupalchowk/2/13,3,0,0.0,-1,0,,,0.00630110795961,7.30925525587e-07,Sindhupalchowk,85.50106779467288,27.8929828637065
0,2/13/2013,Sindhupalchowk.kmz/Sindhupalchowk/2/13,3,0,0.0,-1,0,,,0.00301832624659,3.05753043367e-07,Sindhupalchowk,85.50256438539242,27.893020730216268
0,2/1/016,Sindhupalchowk.kmz/Sindhupalchowk/2/1,0,0,0.0,-1,0,,,0.00508566149602,7.24032287533e-07,Sindhupalchowk,85.57642720491006,27.83680086797774
0,2/1/016,Sindhupalchowk.kmz/Sindhupalchowk/2/1,3,0,0.0,-1,0,,,0.00379046200988,4.75149712322e-07,Sindhupalchowk,85.49317173455192,27.89499973385234
0,10/1/014,Sindhupalchowk.kmz/Sindhupalchowk/10/1,0,0,0.0,-1,0,,,0.00203219151722,1.48678542699e-07,Sindhupalchowk,85.57707732820586,27.83904990932185
0,10/1/014,Sindhupalchowk.kmz/Sindhupalchowk/10/1,3,0,0.0,-1,0,,,0.00887267391618,4.04221646409e-07,Sindhupalchowk,85.48900282259589,27.887524428408177
0,10/28/012,Sindhupalchowk.kmz/Sindhupalchowk/10/28,3,0,0.0,-1,0,,,0.00122073843879,9.42188971393e-08,Sindhupalchowk,85.49632896408595,27.860698430439466
0,2/13/013,Sindhupalchowk.kmz/Sindhupalchowk/2/13,3,0,0.0,-1,0,,,0.00281242249852,3.67968792193e-07,Sindhupalchowk,85.49629664344938,27.859526683615368
0,2/13/013,Sindhupalchowk.kmz/Sindhupalchowk/2/13,3,0,0.0,-1,0,,,0.00142076600505,7.5690031021e-08,Sindhupalchowk,85.49705766478658,27.8595437487134
0,2/1/016,Sindhupalchowk.kmz/Sindhupalchowk/2/1,2,0,0.0,-1,0,,,0.00104266027621,5.27629697458e-08,Sindhupalchowk,85.50492633119929,27.861645147803763
0,2/1/016,Sindhupalchowk.kmz/Sindhupalchowk/2/1,2,0,0.0,-1,0,,,0.00116461440527,6.09420675373e-08,Sindhupalchowk,85.50408356513637,27.86126600726736
0,12/10/012,Sindhupalchowk.kmz/Sindhupalchowk/12/10,3,0,0.0,-1,0,,,0.000955649603922,4.58828052506e-08,Sindhupalchowk,85.50313539176494,27.86077694509608
0,12/10/012,Sindhupalchowk.kmz/Sindhupalchowk/12/10,3,0,0.0,-1,0,,,0.000798065059706,3.8050613758e-08,Sindhupalchowk,85.50364640704828,27.860934238572604
0,2/1/016,Sindhupalchowk.kmz/Sindhupalchowk/2/1,0,0,0.0,-1,0,,,0.00177471940586,9.97982065971e-08,Sindhupalchowk,85.56659195687534,27.841065482044343
0,12/10/012,Sindhupalchowk.kmz/Sindhupalchowk/12/10,3,0,0.0,-1,0,,,0.00110228108472,5.84523716439e-08,Sindhupalchowk,85.50386358181946,27.86112688515545
0,2/13/013,Sindhupalchowk.kmz/Sindhupalchowk/2/13,3,0,0.0,-1,0,,,0.0028129649084,3.77040717702e-07,Sindhupalchowk,85.49123027303793,27.857918612753405
0,10/28/012,Sindhupalchowk.kmz/Sindhupalchowk/10/28,3,0,0.0,-1,0,,,0.00238703333599,2.83336109328e-07,Sindhupalchowk,85.49005456464833,27.857224965035442
0,1/12/010,Sindhupalchowk.kmz/Sindhupalchowk/1/12,3,0,0.0,-1,0,,,0.00215462083436,8.8800054708e-08,Sindhupalchowk,85.48897847964238,27.857111527491835
0,5/14/015,Sindhupalchowk.kmz/Sindhupalchowk/5/14,2,0,0.0,-1,0,,,0.00330340816424,4.08762211784e-07,Sindhupalchowk,85.48314029654009,27.872646111418067
0,2/1/2016,Sindhupalchowk.kmz/Sindhupalchowk/2/1,2,0,0.0,-1,0,,,0.00267600354071,1.39201557526e-07,Sindhupalchowk,85.48551961279519,27.87152446299307
0,5/25/015,Sindhupalchowk.kmz/Sindhupalchowk/5/25,2,0,0.0,-1,0,,,0.004000533324,1.31949172723e-07,Sindhupalchowk,85.48870281248466,27.87285210188904
0,2/1/016,Sindhupalchowk.kmz/Sindhupalchowk/2/1,2,0,0.0,-1,0,,,0.00130778175099,7.69174983161e-08,Sindhupalchowk,85.5091346830284,27.86326020892626
0,1/4/014,Sindhupalchowk.kmz/Sindhupalchowk/1/4,3,0,0.0,-1,0,,,0.000652297137909,2.1423963964e-08,Sindhupalchowk,85.5392737115638,27.868994226649804
0,2/1/016,Sindhupalchowk.kmz/Sindhupalchowk/2/1,3,0,0.0,-1,0,,,0.000411475581439,1.08746140985e-08,Sindhupalchowk,85.53759689513099,27.868348944937935
0,2/1/016,Sindhupalchowk.kmz/Sindhupalchowk/2/1,3,0,0.0,-1,0,,,0.00122125610669,5.10948968776e-08,Sindhupalchowk,85.53783852168262,27.868380627990703
0,2/1/016,Sindhupalchowk.kmz/Sindhupalchowk/2/1,2,0,0.0,-1,0,,,0.00107589100682,2.75904499566e-08,Sindhupalchowk,85.5201773401451,27.871470629424973
0,2/1/016,Sindhupalchowk.kmz/Sindhupalchowk/2/1,2,0,0.0,-1,0,,,0.00332096459558,1.45205743311e-07,Sindhupalchowk,85.5203492812658,27.872068003053162
0,5/3/015,Sindhupalchowk.kmz/Sindhupalchowk/5/3,2,0,0.0,-1,0,,,0.00108588631356,4.33454455774e-08,Sindhupalchowk,85.52120417535663,27.871689835973793
0,5/3/015,Sindhupalchowk.kmz/Sindhupalchowk/5/3,2,0,0.0,-1,0,,,0.00278327220516,1.21061520535e-07,Sindhupalchowk,85.51959020939633,27.870359251752628
0,2/1/016,Sindhupalchowk.kmz/Sindhupalchowk/2/1,2,0,0.0,-1,0,,,0.00163864912777,1.3024746125e-07,Sindhupalchowk,85.51911209718624,27.86795117966519
0,10/1/014,Sindhupalchowk.kmz/Sindhupalchowk/10/1,2,0,0.0,-1,0,,,0.000933684075221,4.70332950732e-08,Sindhupalchowk,85.51650612851815,27.866034761178028
0,2/3/013,Sindhupalchowk.kmz/Sindhupalchowk/2/3,3,0,0.0,-1,0,,,0.00200004095515,9.55810885638e-08,Sindhupalchowk,85.48924704039989,27.863225223912437
0,1/4/010,Sindhupalchowk.kmz/Sindhupalchowk/1/4,3,0,0.0,-1,0,,,0.00218466550437,2.22193101333e-07,Sindhupalchowk,85.47985484419934,27.871488829388248
0,5/2/015,Sindhupalchowk.kmz/Sindhupalchowk/5/2,2,0,0.0,-1,0,,,0.00136740301743,1.10443782352e-07,Sindhupalchowk,85.49632767564091,27.89200467994047
0,5/2/015,Sindhupalchowk.kmz/Sindhupalchowk/5/2,2,0,0.0,-1,0,,,0.00341379182404,3.87963152858e-07,Sindhupalchowk,85.49599651790346,27.892663451672476
0,2/13/013,Sindhupalchowk.kmz/Sindhupalchowk/2/13,2,0,0.0,-1,0,,,0.00475110107345,5.68397488982e-07,Sindhupalchowk,85.48986012147054,27.89307243214943
0,2/1/016,Sindhupalchowk.kmz/Sindhupalchowk/2/1,2,0,0.0,-1,0,,,0.00425400168384,3.07568377357e-07,Sindhupalchowk,85.51063503662152,27.89960116609207
0,2/13/013,Sindhupalchowk.kmz/Sindhupalchowk/2/13,3,0,0.0,-1,0,,,0.00350759560893,2.14005557733e-07,Sindhupalchowk,85.48653932209903,27.886722624581196
0,10/1/014,Sindhupalchowk.kmz/Sindhupalchowk/10/1,3,0,0.0,-1,0,,,0.00381311854744,1.06793435026e-07,Sindhupalchowk,85.488048887164,27.88739299693835
0,2/1/016,Sindhupalchowk.kmz/Sindhupalchowk/2/1,2,0,0.0,-1,0,,,0.00173748341525,1.01326998258e-07,Sindhupalchowk,85.50552691354443,27.899509050107078
0,1/12/010,Sindhupalchowk.kmz/Sindhupalchowk/1/12,3,0,0.0,-1,0,,,0.000794883656334,2.9678477426e-08,Sindhupalchowk,85.56507690818493,27.807503186216763
0,11/20/015,Sindhupalchowk.kmz/Sindhupalchowk/11/20,2,0,0.0,-1,0,,,0.00132463111473,6.88751077854e-08,Sindhupalchowk,85.56902900447724,27.798059343785017
0,10/1/014,Sindhupalchowk.kmz/Sindhupalchowk/10/1,3,0,0.0,-1,0,,,0.000674582620571,2.54784672126e-08,Sindhupalchowk,85.566714454023,27.796761851400852
0,5/3/015,Sindhupalchowk.kmz/Sindhupalchowk/5/3,2,0,0.0,-1,0,,,0.001234713916,7.10303683338e-08,Sindhupalchowk,85.5750791168121,27.809524007256016
0,5/2/015,Sindhupalchowk.kmz/Sindhupalchowk/5/2,0,0,0.0,-1,0,,,0.00366735146174,3.56511377648e-07,Sindhupalchowk,85.76260888005757,28.039483134763373
0,5/25/015,Sindhupalchowk.kmz/Sindhupalchowk/5/25,2,0,0.0,-1,0,,,0.000556349866812,1.61633660483e-08,Sindhupalchowk,85.57408429110004,27.806752508115743
0,5/25/015,Sindhupalchowk.kmz/Sindhupalchowk/5/25,2,0,0.0,-1,0,,,0.000573469713343,1.89443385868e-08,Sindhupalchowk,85.57450201859298,27.808292783992094
0,1/4/2010,Sindhupalchowk.kmz/Sindhupalchowk/1/4,1,0,0.0,-1,0,,,0.00660834658829,1.59383754437e-06,Sindhupalchowk,85.5449782756327,27.882096492629284
0,10/20/015,Sindhupalchowk.kmz/Sindhupalchowk/10/20,0,0,0.0,-1,0,,,0.00142896644186,9.9566568146e-08,Sindhupalchowk,85.51338552031973,27.81838849728549
0,10/28/012,Sindhupalchowk.kmz/Sindhupalchowk/10/28,0,0,0.0,-1,0,,,0.000903490024569,3.43563107706e-08,Sindhupalchowk,85.57377286274462,27.84089247174462
0,10/1/014,Sindhupalchowk.kmz/Sindhupalchowk/10/1,1,0,0.0,-1,0,,,0.00146151894924,1.33327728546e-07,Sindhupalchowk,85.58083436850276,27.818994600753655
0,10/1/014,Sindhupalchowk.kmz/Sindhupalchowk/10/1,1,0,0.0,-1,0,,,0.00148672921623,7.99094487067e-08,Sindhupalchowk,85.58107576534546,27.819355801163404
0,10/1/014,Sindhupalchowk.kmz/Sindhupalchowk/10/1,1,0,0.0,-1,0,,,0.000673012989626,2.48022041694e-08,Sindhupalchowk,85.58156372702325,27.81947566291522
0,5/25/015,Sindhupalchowk.kmz/Sindhupalchowk/5/25,0,0,0.0,-1,0,,,0.000801163599622,2.50025038669e-08,Sindhupalchowk,85.56316738682418,27.81402927562734
0,2/1/016,Sindhupalchowk.kmz/Sindhupalchowk/2/1,0,0,0.0,-1,0,,,0.000365986258876,9.40290813976e-09,Sindhupalchowk,85.54813569883477,27.804456245344554
0,2/1/016,Sindhupalchowk.kmz/Sindhupalchowk/2/1,0,0,0.0,-1,0,,,0.000976544784747,5.24284044866e-08,Sindhupalchowk,85.6202482781522,27.777594432230398
0,5/25/015,Sindhupalchowk.kmz/Sindhupalchowk/5/25,0,0,0.0,-1,0,,,0.000731083452761,3.13545759889e-08,Sindhupalchowk,85.61990074893444,27.77727220944195
0,2/1/016,Sindhupalchowk.kmz/Sindhupalchowk/2/1,0,0,0.0,-1,0,,,0.00198428837788,2.16378552245e-07,Sindhupalchowk,85.59615748966326,27.76555281973307
0,2/1/016,Sindhupalchowk.kmz/Sindhupalchowk/2/1,0,0,0.0,-1,0,,,0.0011979840626,7.47133338909e-08,Sindhupalchowk,85.55607503121853,27.85446759516138
0,2/1/016,Sindhupalchowk.kmz/Sindhupalchowk/2/1,0,0,0.0,-1,0,,,0.00199202581021,1.22304739137e-07,Sindhupalchowk,85.59121961068924,27.86527553785209
0,2/1/016,Sindhupalchowk.kmz/Sindhupalchowk/2/1,0,0,0.0,-1,0,,,0.000814192748388,3.96727442364e-08,Sindhupalchowk,85.58540593747404,27.850627929091065
0,2/1/016,Sindhupalchowk.kmz/Sindhupalchowk/2/1,0,0,0.0,-1,0,,,0.000366998141248,9.07978603508e-09,Sindhupalchowk,85.58578498642115,27.850761354494754
0,5/3/015,Sindhupalchowk.kmz/Sindhupalchowk/5/3,0,0,0.0,-1,0,,,0.00189262142669,1.25025235602e-07,Sindhupalchowk,85.57888302911299,27.842837976862018
0,5/3/015,Sindhupalchowk.kmz/Sindhupalchowk/5/3,0,0,0.0,-1,0,,,0.00160967860513,7.02681382366e-08,Sindhupalchowk,85.57912011228038,27.843111337365524
0,5/3/015,Sindhupalchowk.kmz/Sindhupalchowk/5/3,0,0,0.0,-1,0,,,0.000993526284213,5.78871062672e-08,Sindhupalchowk,85.58356169942304,27.860123752189626
0,5/3/015,Sindhupalchowk.kmz/Sindhupalchowk/5/3,0,0,0.0,-1,0,,,0.000580753995418,1.97642452685e-08,Sindhupalchowk,85.57967204939467,27.847012844838066
0,5/14/015,Sindhupalchowk.kmz/Sindhupalchowk/5/14,0,0,0.0,-1,0,,,0.00110347765772,4.27176268822e-08,Sindhupalchowk,85.57531646397207,27.869610766287366
0,10/28/012,Sindhupalchowk.kmz/Sindhupalchowk/10/28,1,0,0.0,-1,0,,,0.000631920704855,2.2799680152e-08,Sindhupalchowk,85.58078780916063,27.850878251940287
0,10/28/012,Sindhupalchowk.kmz/Sindhupalchowk/10/28,1,0,0.0,-1,0,,,0.00567263329746,1.40676239545e-06,Sindhupalchowk,85.59004084064186,27.844749863305104
0,5/3/015,Sindhupalchowk.kmz/Sindhupalchowk/5/3,0,0,0.0,-1,0,,,0.00214080093065,2.61422839665e-07,Sindhupalchowk,85.59620653571922,27.827288109769466
0,5/3/015,Sindhupalchowk.kmz/Sindhupalchowk/5/3,0,0,0.0,-1,0,,,0.00127111589067,7.18407323703e-08,Sindhupalchowk,85.63905880727872,27.80980206196188
0,10/1/014,Sindhupalchowk.kmz/Sindhupalchowk/10/1,1,0,0.0,-1,0,,,0.00111040079849,8.66552189175e-08,Sindhupalchowk,85.63896515883685,27.806868078702912
0,10/28/012,Sindhupalchowk.kmz/Sindhupalchowk/10/28,1,0,0.0,-1,0,,,0.00450056756367,3.99196943463e-07,Sindhupalchowk,85.62221046636637,27.803763472810523
0,5/3/015,Sindhupalchowk.kmz/Sindhupalchowk/5/3,0,0,0.0,-1,0,,,0.00145712207199,1.03591575937e-07,Sindhupalchowk,85.62250173447542,27.80399206096795
0,5/3/015,Sindhupalchowk.kmz/Sindhupalchowk/5/3,0,0,0.0,-1,0,,,0.00832413798753,9.7843033349e-07,Sindhupalchowk,85.9827686099943,27.75681666380319
0,2/1/016,Sindhupalchowk.kmz/Sindhupalchowk/2/1,0,0,0.0,-1,0,,,0.00187808757142,1.36162915735e-07,Sindhupalchowk,85.60886378262535,27.824604441416497
0,5/3/015,Sindhupalchowk.kmz/Sindhupalchowk/5/3,0,0,0.0,-1,0,,,0.00387865382178,4.43680436281e-07,Sindhupalchowk,85.66663938325338,27.783266998702093
0,2/1/016,Sindhupalchowk.kmz/Sindhupalchowk/2/1,0,0,0.0,-1,0,,,0.00439080926452,4.51560561863e-07,Sindhupalchowk,85.65048572461482,27.794388592627683
0,2/1/016,Sindhupalchowk.kmz/Sindhupalchowk/2/1,0,0,0.0,-1,0,,,0.000537828407315,1.60002709931e-08,Sindhupalchowk,85.66419874279768,27.780063520110183
0,5/3/015,Sindhupalchowk.kmz/Sindhupalchowk/5/3,0,0,0.0,-1,0,,,0.00153114837917,1.25679203121e-07,Sindhupalchowk,85.66899819606184,27.78903811064572
0,2/1/016,Sindhupalchowk.kmz/Sindhupalchowk/2/1,0,0,0.0,-1,0,,,0.00184784518709,1.54431020651e-07,Sindhupalchowk,85.66258449829442,27.798816990151593
0,2/1/016,Sindhupalchowk.kmz/Sindhupalchowk/2/1,0,0,0.0,-1,0,,,0.000639014519089,2.37993833716e-08,Sindhupalchowk,85.66281938474955,27.797208210398427
0,2/1/016,Sindhupalchowk.kmz/Sindhupalchowk/2/1,0,0,0.0,-1,0,,,0.000842506146151,3.46297479236e-08,Sindhupalchowk,85.6630296689784,27.797497782664422
0,5/3/015,Sindhupalchowk.kmz/Sindhupalchowk/5/3,0,0,0.0,-1,0,,,0.000745679351734,3.43104567722e-08,Sindhupalchowk,85.66148029076916,27.794918683790446
0,5/3/015,Sindhupalchowk.kmz/Sindhupalchowk/5/3,0,0,0.0,-1,0,,,0.0018254148404,1.44466359446e-07,Sindhupalchowk,85.6619860852901,27.79501122344002
0,2/1/016,Sindhupalchowk.kmz/Sindhupalchowk/2/1,0,0,0.0,-1,0,,,0.00652007244054,7.92236479382e-07,Sindhupalchowk,85.67430659504268,27.86037036921216
0,5/3/015,Sindhupalchowk.kmz/Sindhupalchowk/5/3,0,0,0.0,-1,0,,,0.0021986904605,2.08589855679e-07,Sindhupalchowk,85.67308682860227,27.856043913583758
0,5/3/015,Sindhupalchowk.kmz/Sindhupalchowk/5/3,0,0,0.0,-1,0,,,0.00361124555116,3.76910216229e-07,Sindhupalchowk,85.67233326220116,27.85708051104268
0,5/3/015,Sindhupalchowk.kmz/Sindhupalchowk/5/3,0,0,0.0,-1,0,,,0.00491466439697,5.25947975647e-07,Sindhupalchowk,85.6735129023104,27.856963161641627
0,2/1/016,Sindhupalchowk.kmz/Sindhupalchowk/2/1,0,0,0.0,-1,0,,,0.00186544317917,1.05540019717e-07,Sindhupalchowk,85.67365557210435,27.850718292967997
0,2/1/016,Sindhupalchowk.kmz/Sindhupalchowk/2/1,0,0,0.0,-1,0,,,0.00314181920125,1.81120590594e-07,Sindhupalchowk,85.67156317304766,27.842937030353863
0,2/1/016,Sindhupalchowk.kmz/Sindhupalchowk/2/1,0,0,0.0,-1,0,,,0.0028125497448,1.87496087982e-07,Sindhupalchowk,85.66757702464679,27.838217497483793
0,11/10/013,Sindhupalchowk.kmz/Sindhupalchowk/11/10,0,0,0.0,-1,0,,,0.00346110947091,3.82206123906e-07,Sindhupalchowk,85.67581239150985,27.8359203132508
0,5/3/015,Sindhupalchowk.kmz/Sindhupalchowk/5/3,0,0,0.0,-1,0,,,0.0013704655526,6.76929942321e-08,Sindhupalchowk,85.66904933382294,27.830634170154838
0,5/3/015,Sindhupalchowk.kmz/Sindhupalchowk/5/3,0,0,0.0,-1,0,,,0.00153002869739,3.9360903198e-08,Sindhupalchowk,85.66880930763996,27.829939986057862
0,5/3/015,Sindhupalchowk.kmz/Sindhupalchowk/5/3,0,0,0.0,-1,0,,,0.00100401633863,4.5643835116e-08,Sindhupalchowk,85.66794677634589,27.82921700835482
0,5/3/015,Sindhupalchowk.kmz/Sindhupalchowk/5/3,0,0,0.0,-1,0,,,0.00185338843563,5.8647033106e-08,Sindhupalchowk,85.6683060844479,27.82945156378386
0,5/3/015,Sindhupalchowk.kmz/Sindhupalchowk/5/3,0,0,0.0,-1,0,,,0.00140901159593,5.78864175036e-08,Sindhupalchowk,85.66840192179494,27.827978641648066
0,5/4/015,Sindhupalchowk.kmz/Sindhupalchowk/5/4,0,0,0.0,-1,0,,,0.0121841971652,2.597593856e-06,Sindhupalchowk,85.9487681034803,27.981524836622977
0,5/3/015,Sindhupalchowk.kmz/Sindhupalchowk/5/3,0,0,0.0,-1,0,,,0.00113844168118,8.04245534098e-08,Sindhupalchowk,85.66678619809242,27.827878372970254
0,11/10/013,Sindhupalchowk.kmz/Sindhupalchowk/11/10,0,0,0.0,-1,0,,,0.000634668534059,2.29114785639e-08,Sindhupalchowk,85.66731886740764,27.828159056591122
0,2/1/016,Sindhupalchowk.kmz/Sindhupalchowk/2/1,0,0,0.0,-1,0,,,0.00131686814862,8.83086099746e-08,Sindhupalchowk,85.65797765712668,27.812350397765105
0,11/10/013,Sindhupalchowk.kmz/Sindhupalchowk/11/10,1,0,0.0,-1,0,,,0.00235563723474,2.58017670501e-07,Sindhupalchowk,85.641150365102,27.825901577396213
0,5/3/015,Sindhupalchowk.kmz/Sindhupalchowk/5/3,0,0,0.0,-1,0,,,0.00192136553106,1.47761883767e-07,Sindhupalchowk,85.65052967403842,27.868473677251856
0,2/1/016,Sindhupalchowk.kmz/Sindhupalchowk/2/1,0,0,0.0,-1,0,,,0.00231170424499,2.0551146034e-07,Sindhupalchowk,85.66226952384446,27.85102444841242
0,5/3/015,Sindhupalchowk.kmz/Sindhupalchowk/5/3,0,0,0.0,-1,0,,,0.0104540905437,3.24579499977e-06,Sindhupalchowk,85.64877549639321,27.860010916748042
0,5/3/015,Sindhupalchowk.kmz/Sindhupalchowk/5/3,0,0,0.0,-1,0,,,0.00859334626664,9.58749578332e-07,Sindhupalchowk,85.64970450320881,27.861218839765417
0,5/3/015,Sindhupalchowk.kmz/Sindhupalchowk/5/3,0,0,0.0,-1,0,,,0.00191307900502,1.45409209378e-07,Sindhupalchowk,85.65094649640639,27.862185778907776
0,5/3/015,Sindhupalchowk.kmz/Sindhupalchowk/5/3,0,0,0.0,-1,0,,,0.00441131029159,1.14903654271e-06,Sindhupalchowk,85.6510031743257,27.86456233638458
0,5/3/015,Sindhupalchowk.kmz/Sindhupalchowk/5/3,0,0,0.0,-1,0,,,0.00194444832971,6.55820955478e-08,Sindhupalchowk,85.6506238688695,27.866719326703585
0,5/3/015,Sindhupalchowk.kmz/Sindhupalchowk/5/3,0,0,0.0,-1,0,,,0.00126272001079,7.14745517048e-08,Sindhupalchowk,85.65050722536061,27.86728629205243
0,5/3/015,Sindhupalchowk.kmz/Sindhupalchowk/5/3,0,0,0.0,-1,0,,,0.00565011120113,4.91914825846e-07,Sindhupalchowk,85.64987643424686,27.86858084029169
0,5/3/015,Sindhupalchowk.kmz/Sindhupalchowk/5/3,0,0,0.0,-1,0,,,0.00238693077619,2.88133902035e-07,Sindhupalchowk,85.65011464580294,27.869400869931866
0,5/3/015,Sindhupalchowk.kmz/Sindhupalchowk/5/3,0,0,0.0,-1,0,,,0.00413753378699,7.0027807415e-07,Sindhupalchowk,85.64961248470661,27.871286514674775
0,5/3/015,Sindhupalchowk.kmz/Sindhupalchowk/5/3,0,0,0.0,-1,0,,,0.00143370495961,1.06287583818e-07,Sindhupalchowk,85.64992980642258,27.8719080616953
0,5/3/015,Sindhupalchowk.kmz/Sindhupalchowk/5/3,0,0,0.0,-1,0,,,0.00678332055024,5.34368293746e-07,Sindhupalchowk,85.64951618618935,27.869739074390484
0,5/3/015,Sindhupalchowk.kmz/Sindhupalchowk/5/3,0,0,0.0,-1,0,,,0.0073794387103,9.9915140553e-07,Sindhupalchowk,85.64789670574615,27.872299365450893
0,5/3/015,Sindhupalchowk.kmz/Sindhupalchowk/5/3,0,0,0.0,-1,0,,,0.00687757708978,1.2817963083e-06,Sindhupalchowk,85.65920563558142,27.861143898585954
0,5/3/015,Sindhupalchowk.kmz/Sindhupalchowk/5/3,0,0,0.0,-1,0,,,0.00308326652125,3.4106609905e-07,Sindhupalchowk,85.65547497962804,27.865912147265107
0,5/3/015,Sindhupalchowk.kmz/Sindhupalchowk/5/3,0,0,0.0,-1,0,,,0.00771701661346,1.14647165446e-06,Sindhupalchowk,85.65686237563966,27.86511918282058
0,5/3/015,Sindhupalchowk.kmz/Sindhupalchowk/5/3,0,0,0.0,-1,0,,,0.00488060679224,1.44893184778e-06,Sindhupalchowk,85.65361924663343,27.868398808520517
0,5/3/015,Sindhupalchowk.kmz/Sindhupalchowk/5/3,0,0,0.0,-1,0,,,0.00260518339293,3.59128391252e-07,Sindhupalchowk,85.65171832602509,27.86785491378006
0,5/3/015,Sindhupalchowk.kmz/Sindhupalchowk/5/3,0,0,0.0,-1,0,,,0.00651947630653,1.42777446681e-06,Sindhupalchowk,85.65281198082334,27.87180974107439
0,5/3/015,Sindhupalchowk.kmz/Sindhupalchowk/5/3,0,0,0.0,-1,0,,,0.00362116767091,2.66884715568e-07,Sindhupalchowk,85.6522129870482,27.873697995618418
0,5/3/015,Sindhupalchowk.kmz/Sindhupalchowk/5/3,0,0,0.0,-1,0,,,0.00114838745444,7.10322424915e-08,Sindhupalchowk,85.65208067362511,27.874153741145143
0,5/3/015,Sindhupalchowk.kmz/Sindhupalchowk/5/3,0,0,0.0,-1,0,,,0.00262736697693,2.77617555345e-07,Sindhupalchowk,85.65365225891372,27.873546991795273
0,5/3/015,Sindhupalchowk.kmz/Sindhupalchowk/5/3,0,0,0.0,-1,0,,,0.00198764259258,1.93007188559e-07,Sindhupalchowk,85.65449600260146,27.873411756005076
0,5/3/015,Sindhupalchowk.kmz/Sindhupalchowk/5/3,0,0,0.0,-1,0,,,0.00331093515433,5.06907190033e-07,Sindhupalchowk,85.65737025643459,27.87403907866226
0,5/3/015,Sindhupalchowk.kmz/Sindhupalchowk/5/3,0,0,0.0,-1,0,,,0.00301455218508,2.57365387931e-07,Sindhupalchowk,85.65788523801139,27.87292416877629
0,5/3/015,Sindhupalchowk.kmz/Sindhupalchowk/5/3,0,0,0.0,-1,0,,,0.00237567018373,2.68506239827e-07,Sindhupalchowk,85.63283156347947,27.877828049150374
0,5/3/015,Sindhupalchowk.kmz/Sindhupalchowk/5/3,0,0,0.0,-1,0,,,0.00244415838177,1.9226716133e-07,Sindhupalchowk,85.63162941843433,27.877641122246768
0,2/1/016,Sindhupalchowk.kmz/Sindhupalchowk/2/1,0,0,0.0,-1,0,,,0.00135790711981,9.94823926892e-08,Sindhupalchowk,85.6295696268722,27.881309465754487
0,1/4/010,Sindhupalchowk.kmz/Sindhupalchowk/1/4,0,0,0.0,-1,0,,,0.0140749141514,4.78969557742e-06,Sindhupalchowk,85.64148777236875,27.879483503340122
0,1/4/010,Sindhupalchowk.kmz/Sindhupalchowk/1/4,0,0,0.0,-1,0,,,0.00667083794641,2.06120397135e-06,Sindhupalchowk,85.65830814180093,27.875859358624005
0,10/28/012,Sindhupalchowk.kmz/Sindhupalchowk/10/28,1,0,0.0,-1,0,,,0.00168873970706,1.44870312582e-07,Sindhupalchowk,85.61977013601754,27.8871326627151
0,10/28/012,Sindhupalchowk.kmz/Sindhupalchowk/10/28,1,0,0.0,-1,0,,,0.0016827867676,1.41984269409e-07,Sindhupalchowk,85.62010442688553,27.88686297889833
0,1/4/010,Sindhupalchowk.kmz/Sindhupalchowk/1/4,1,0,0.0,-1,0,,,0.00309506895623,1.88435710312e-07,Sindhupalchowk,85.6586863125089,27.893969130553213
0,1/4/010,Sindhupalchowk.kmz/Sindhupalchowk/1/4,1,0,0.0,-1,0,,,0.00622955012054,3.41357077839e-07,Sindhupalchowk,85.6585397783051,27.89358234755473
0,2/1/016,Sindhupalchowk.kmz/Sindhupalchowk/2/1,0,0,0.0,-1,0,,,0.00187833592582,1.04820567032e-07,Sindhupalchowk,85.66231364379692,27.891025933190043
0,5/3/015,Sindhupalchowk.kmz/Sindhupalchowk/5/3,0,0,0.0,-1,0,,,0.00925111077841,2.07881727025e-06,Sindhupalchowk,85.6802473536585,27.858533152064
0,5/3/015,Sindhupalchowk.kmz/Sindhupalchowk/5/3,0,0,0.0,-1,0,,,0.00146864874539,7.62258554952e-08,Sindhupalchowk,85.65389777409226,27.837173771048167
0,5/2/016,Sindhupalchowk.kmz/Sindhupalchowk/5/2,0,0,0.0,-1,0,,,0.00275800399449,2.04279163714e-07,Sindhupalchowk,85.51072648469409,27.93077926273894
0,2/1/016,Sindhupalchowk.kmz/Sindhupalchowk/2/1,0,0,0.0,-1,0,,,0.00177272916943,1.46713533388e-07,Sindhupalchowk,85.52753694049682,27.938110729870626
0,2/1/016,Sindhupalchowk.kmz/Sindhupalchowk/2/1,0,0,0.0,-1,0,,,0.00238679638165,2.2701172973e-07,Sindhupalchowk,85.52832115914008,27.93780107567277
0,2/13/013,Sindhupalchowk.kmz/Sindhupalchowk/2/13,1,0,0.0,-1,0,,,0.00221208280763,8.52922221917e-08,Sindhupalchowk,85.52402514622008,27.92986520480491
0,2/1/016,Sindhupalchowk.kmz/Sindhupalchowk/2/1,0,0,0.0,-1,0,,,0.00329006146003,2.66646349211e-07,Sindhupalchowk,85.52076173484771,27.949119514944
0,2/1/016,Sindhupalchowk.kmz/Sindhupalchowk/2/1,0,0,0.0,-1,0,,,0.00192170699675,1.38634518985e-07,Sindhupalchowk,85.5297284777302,27.938179067247376
0,2/1/016,Sindhupalchowk.kmz/Sindhupalchowk/2/1,0,0,0.0,-1,0,,,0.00325258575349,4.31767878689e-07,Sindhupalchowk,85.58694504736818,27.94874496515648
0,2/1/016,Sindhupalchowk.kmz/Sindhupalchowk/2/1,0,0,0.0,-1,0,,,0.0039346824853,3.22873597668e-07,Sindhupalchowk,85.56442962889017,27.941525849684073
0,5/25/016,Sindhupalchowk.kmz/Sindhupalchowk/5/25,0,0,0.0,-1,0,,,0.00140002793614,8.28584539038e-08,Sindhupalchowk,85.57698069295331,27.9057606710705
0,5/3/015,Sindhupalchowk.kmz/Sindhupalchowk/5/3,0,0,0.0,-1,0,,,0.00242659806097,2.93886981874e-07,Sindhupalchowk,85.68599435088255,27.84056018215157
0,3/5/015,Sindhupalchowk.kmz/Sindhupalchowk/3/5,0,0,0.0,-1,0,,,0.00427130219221,1.06826957188e-06,Sindhupalchowk,85.69495872281223,27.825023799599656
0,1/4/014,Sindhupalchowk.kmz/Sindhupalchowk/1/4,0,0,0.0,-1,0,,,0.0030433222654,2.142677873e-07,Sindhupalchowk,85.69212446661322,27.82524868515677
0,5/3/015,Sindhupalchowk.kmz/Sindhupalchowk/5/3,0,0,0.0,-1,0,,,0.00313454768694,5.86604297845e-07,Sindhupalchowk,85.68814438863224,27.85671603871751
0,12/18/014,Sindhupalchowk.kmz/Sindhupalchowk/12/18,1,0,0.0,-1,0,,,0.00266843633355,1.45076844082e-07,Sindhupalchowk,85.69214128245093,27.85464382594198
0,11/10/013,Sindhupalchowk.kmz/Sindhupalchowk/11/10,1,0,0.0,-1,0,,,0.00107769710316,7.85599450236e-08,Sindhupalchowk,85.68873765387595,27.831031750140678
0,5/3/015,Sindhupalchowk.kmz/Sindhupalchowk/5/3,0,0,0.0,-1,0,,,0.0045620510178,4.64171290815e-07,Sindhupalchowk,85.68045000022249,27.810787806831
0,5/3/015,Sindhupalchowk.kmz/Sindhupalchowk/5/3,0,0,0.0,-1,0,,,0.00640169553104,2.73427913328e-06,Sindhupalchowk,85.68342920744921,27.80665046769533
0,5/3/015,Sindhupalchowk.kmz/Sindhupalchowk/5/3,0,0,0.0,-1,0,,,0.00276498226349,3.19962656748e-07,Sindhupalchowk,85.71949327811006,27.83032783399567
0,5/3/015,Sindhupalchowk.kmz/Sindhupalchowk/5/3,0,0,0.0,-1,0,,,0.00316199690241,1.22647115149e-07,Sindhupalchowk,85.68499458715003,27.801052894822902
0,5/3/015,Sindhupalchowk.kmz/Sindhupalchowk/5/3,0,0,0.0,-1,0,,,0.00247165266689,1.69082369877e-07,Sindhupalchowk,85.68562026276564,27.807699386974814
0,5/3/015,Sindhupalchowk.kmz/Sindhupalchowk/5/3,0,0,0.0,-1,0,,,0.00654504492751,1.39174241531e-06,Sindhupalchowk,85.61591141094094,28.060005423977724
0,5/3/015,Sindhupalchowk.kmz/Sindhupalchowk/5/3,0,0,0.0,-1,0,,,0.00421303706169,3.39470891461e-07,Sindhupalchowk,85.68679087294612,27.807365060951117
0,5/3/015,Sindhupalchowk.kmz/Sindhupalchowk/5/3,0,0,0.0,-1,0,,,0.00209406613391,2.21055009728e-07,Sindhupalchowk,85.69998747692769,27.830120046922417
0,5/25/015,Sindhupalchowk.kmz/Sindhupalchowk/5/25,0,0,0.0,-1,0,,,0.00753181707813,8.32991263055e-07,Sindhupalchowk,85.76685158752308,27.836372480731523
0,5/3/015,Sindhupalchowk.kmz/Sindhupalchowk/5/3,0,0,0.0,-1,0,,,0.00674139329407,1.47466560648e-06,Sindhupalchowk,85.75536061862623,27.857484641752965
0,5/3/015,Sindhupalchowk.kmz/Sindhupalchowk/5/3,0,0,0.0,-1,0,,,0.00433756063399,5.86257734035e-07,Sindhupalchowk,85.75524442331856,27.85868317185659
0,5/3/015,Sindhupalchowk.kmz/Sindhupalchowk/5/3,0,0,0.0,-1,0,,,0.00581234005678,1.32981550264e-06,Sindhupalchowk,85.73813938856053,27.851840932501524
0,5/3/015,Sindhupalchowk.kmz/Sindhupalchowk/5/3,0,0,0.0,-1,0,,,0.00247680954911,2.23399245179e-07,Sindhupalchowk,85.73630758408413,27.850436485593228
0,5/3/015,Sindhupalchowk.kmz/Sindhupalchowk/5/3,0,0,0.0,-1,0,,,0.00158894171868,9.33677758216e-08,Sindhupalchowk,85.73567771266164,27.850445096718357
0,12/18/014,Sindhupalchowk.kmz/Sindhupalchowk/12/18,1,0,0.0,-1,0,,,0.00373084164299,2.53116181062e-07,Sindhupalchowk,85.71865069105363,27.852918390440827
0,5/3/015,Sindhupalchowk.kmz/Sindhupalchowk/5/3,0,0,0.0,-1,0,,,0.00411188442864,8.02729771129e-07,Sindhupalchowk,85.76762751787453,27.832565414333356
0,5/3/015,Sindhupalchowk.kmz/Sindhupalchowk/5/3,0,0,0.0,-1,0,,,0.00222640110573,1.59247621686e-07,Sindhupalchowk,85.72353516347877,27.86375545811913
0,5/3/015,Sindhupalchowk.kmz/Sindhupalchowk/5/3,0,0,0.0,-1,0,,,0.00159980562863,6.77380505966e-08,Sindhupalchowk,85.58199795115016,27.93673849910318
0,5/3/015,Sindhupalchowk.kmz/Sindhupalchowk/5/3,0,0,0.0,-1,0,,,0.00116599834484,6.41534392999e-08,Sindhupalchowk,85.58157888026888,27.936650843565165
0,5/3/015,Sindhupalchowk.kmz/Sindhupalchowk/5/3,0,0,0.0,-1,0,,,0.00148547506839,6.4781657825e-08,Sindhupalchowk,85.57906727594715,27.935725719366722
0,10/31/012,Sindhupalchowk.kmz/Sindhupalchowk/10/31,1,0,0.0,-1,0,,,0.00513228951511,1.20335009866e-06,Sindhupalchowk,85.68133138822967,27.935756828163225
0,5/3/015,Sindhupalchowk.kmz/Sindhupalchowk/5/3,0,0,0.0,-1,0,,,0.00183652932438,9.00304740538e-08,Sindhupalchowk,85.57859553428874,27.935606442465243
0,5/3/015,Sindhupalchowk.kmz/Sindhupalchowk/5/3,0,0,0.0,-1,0,,,0.00774120733389,1.56257395168e-06,Sindhupalchowk,85.56845957655254,27.914506629632992
0,2/1/016,Sindhupalchowk.kmz/Sindhupalchowk/2/1,0,0,0.0,-1,0,,,0.00292996571636,4.72971119237e-07,Sindhupalchowk,85.60323161265487,27.924446528628312
0,5/3/015,Sindhupalchowk.kmz/Sindhupalchowk/5/3,0,0,0.0,-1,0,,,0.0169231645904,2.42738568969e-06,Sindhupalchowk,85.6013946592492,27.928208877947743
0,5/2/015,Sindhupalchowk.kmz/Sindhupalchowk/5/2,0,0,0.0,-1,0,,,0.0103985520617,1.92177256997e-06,Sindhupalchowk,85.6465021575352,27.931655806120148
0,5/2/015,Sindhupalchowk.kmz/Sindhupalchowk/5/2,0,0,0.0,-1,0,,,0.00106614971122,6.36091105542e-08,Sindhupalchowk,85.63629356863878,27.897207599698053
0,5/2/015,Sindhupalchowk.kmz/Sindhupalchowk/5/2,0,0,0.0,-1,0,,,0.000879588336459,4.59802069252e-08,Sindhupalchowk,85.63604642699306,27.897020626966427
0,10/1/014,Sindhupalchowk.kmz/Sindhupalchowk/10/1,1,0,0.0,-1,0,,,0.00308820714216,4.25405247254e-07,Sindhupalchowk,85.64688402743053,27.895240188045136
0,10/1/014,Sindhupalchowk.kmz/Sindhupalchowk/10/1,1,0,0.0,-1,0,,,0.00204802325092,2.5949567454e-07,Sindhupalchowk,85.64650218823738,27.894292553847432
0,1/4/010,Sindhupalchowk.kmz/Sindhupalchowk/1/4,1,0,0.0,-1,0,,,0.00212658530342,1.76082165768e-07,Sindhupalchowk,85.64634398475333,27.911620879572595
0,1/12/010,Sindhupalchowk.kmz/Sindhupalchowk/1/12,1,0,0.0,-1,0,,,0.00189342411866,2.09135497518e-07,Sindhupalchowk,85.6459935473764,27.912432209639615
0,1/12/010,Sindhupalchowk.kmz/Sindhupalchowk/1/12,1,0,0.0,-1,0,,,0.00205241050649,1.82304678772e-07,Sindhupalchowk,85.64697983684106,27.91260531194937
0,5/2/015,Sindhupalchowk.kmz/Sindhupalchowk/5/2,0,0,0.0,-1,0,,,0.00292481799914,3.04607617489e-07,Sindhupalchowk,85.64769296120048,27.912527413525833
0,5/2/015,Sindhupalchowk.kmz/Sindhupalchowk/5/2,0,0,0.0,-1,0,,,0.00124110703684,6.11341068285e-08,Sindhupalchowk,85.64893048457074,27.911293474422177
0,5/2/015,Sindhupalchowk.kmz/Sindhupalchowk/5/2,0,0,0.0,-1,0,,,0.00134140736744,3.93917211969e-08,Sindhupalchowk,85.63360744080917,27.908677830953796
0,5/2/015,Sindhupalchowk.kmz/Sindhupalchowk/5/2,0,0,0.0,-1,0,,,0.0019373809339,1.23734141138e-07,Sindhupalchowk,85.63321961105578,27.90886369062775
0,2/1/016,Sindhupalchowk.kmz/Sindhupalchowk/2/1,0,0,0.0,-1,0,,,0.00461575103304,1.43108872531e-06,Sindhupalchowk,85.6480463008228,27.917761108554227
0,5/3/015,Sindhupalchowk.kmz/Sindhupalchowk/5/3,0,0,0.0,-1,0,,,0.0029803082752,4.12856542996e-07,Sindhupalchowk,85.64892183403127,27.916504111001927
0,5/25/015,Sindhupalchowk.kmz/Sindhupalchowk/5/25,0,0,0.0,-1,0,,,0.00423297978269,4.50475542775e-07,Sindhupalchowk,85.69691445544329,27.948477165024403
0,10/31/012,Sindhupalchowk.kmz/Sindhupalchowk/10/31,1,0,0.0,-1,0,,,0.00978979850835,8.89857822539e-07,Sindhupalchowk,85.68912867134298,27.94851058887024
0,5/2/015,Sindhupalchowk.kmz/Sindhupalchowk/5/2,0,0,0.0,-1,0,,,0.00618319615114,1.30679968301e-06,Sindhupalchowk,85.68443331312382,27.946531741703975
0,5/2/015,Sindhupalchowk.kmz/Sindhupalchowk/5/2,0,0,0.0,-1,0,,,0.00940393411175,3.16932641768e-06,Sindhupalchowk,85.68283546055602,28.01634526914785
0,5/2/015,Sindhupalchowk.kmz/Sindhupalchowk/5/2,0,0,0.0,-1,0,,,0.00263956024885,2.49560005655e-07,Sindhupalchowk,85.68461707698953,27.948436365861618
0,5/2/015,Sindhupalchowk.kmz/Sindhupalchowk/5/2,0,0,0.0,-1,0,,,0.0144678185917,2.20219036919e-06,Sindhupalchowk,85.68326928597494,27.944643624476324
0,5/2/015,Sindhupalchowk.kmz/Sindhupalchowk/5/2,0,0,0.0,-1,0,,,0.00628324778147,1.06057820667e-06,Sindhupalchowk,85.68009690184145,27.946163282283447
0,5/25/015,Sindhupalchowk.kmz/Sindhupalchowk/5/25,0,0,0.0,-1,0,,,0.00700316859163,1.33351982264e-06,Sindhupalchowk,85.73064480418076,27.917583270071397
0,5/3/015,Sindhupalchowk.kmz/Sindhupalchowk/5/3,0,0,0.0,-1,0,,,0.00808955388343,1.76251328401e-06,Sindhupalchowk,85.62682053593812,28.056744426738515
0,5/3/015,Sindhupalchowk.kmz/Sindhupalchowk/5/3,0,0,0.0,-1,0,,,0.00682597368815,2.16588438399e-06,Sindhupalchowk,85.77350814041114,27.953178983869904
0,5/2/015,Sindhupalchowk.kmz/Sindhupalchowk/5/2,0,0,0.0,-1,0,,,0.00878738981042,3.56223464896e-06,Sindhupalchowk,85.7743002085615,27.996920025562876
0,5/3/015,Sindhupalchowk.kmz/Sindhupalchowk/5/3,0,0,0.0,-1,0,,,0.0113700101188,2.56548843748e-06,Sindhupalchowk,85.95856334729551,27.753626228146928
0,5/4/015,Sindhupalchowk.kmz/Sindhupalchowk/5/4,0,0,0.0,-1,0,,,0.00161060020381,1.37780329126e-07,Sindhupalchowk,85.89582712037117,27.810256755680808
0,5/14/015,Sindhupalchowk.kmz/Sindhupalchowk/5/14,0,0,0.0,-1,0,,,0.00213289723426,1.65746849e-07,Sindhupalchowk,85.88797436713605,27.82491412241902
0,5/14/015,Sindhupalchowk.kmz/Sindhupalchowk/5/14,0,0,0.0,-1,0,,,0.00206079144044,1.76166581363e-07,Sindhupalchowk,85.88903474084036,27.824934140955914
0,5/4/015,Sindhupalchowk.kmz/Sindhupalchowk/5/4,0,0,0.0,-1,0,,,0.00180608359119,1.28071294901e-07,Sindhupalchowk,85.8832287583466,27.829335506347967
0,2/13/013,Sindhupalchowk.kmz/Sindhupalchowk/2/13,1,0,0.0,-1,0,,,0.00141520961331,9.20847568062e-08,Sindhupalchowk,85.90338964943668,27.83921076712796
0,2/13/013,Sindhupalchowk.kmz/Sindhupalchowk/2/13,1,0,0.0,-1,0,,,0.00175604910446,1.46029693826e-07,Sindhupalchowk,85.82126273702326,27.748126126691854
0,2/1/016,Sindhupalchowk.kmz/Sindhupalchowk/2/1,0,0,0.0,-1,0,,,0.00809274234267,9.17691710151e-07,Sindhupalchowk,85.57017066636662,27.968613986350125
0,2/1/016,Sindhupalchowk.kmz/Sindhupalchowk/2/1,0,0,0.0,-1,0,,,0.0111790104029,4.03625050028e-06,Sindhupalchowk,85.57360752173166,27.965712067494106
0,2/1/016,Sindhupalchowk.kmz/Sindhupalchowk/2/1,0,0,0.0,-1,0,,,0.00609492357498,2.13603756685e-06,Sindhupalchowk,85.57585505455516,27.965254752584503
0,5/3/015,Sindhupalchowk.kmz/Sindhupalchowk/5/3,0,0,0.0,-1,0,,,0.0133215026717,5.63433153709e-06,Sindhupalchowk,85.58189297284117,27.972687523359255
0,12/5/014,Sindhupalchowk.kmz/Sindhupalchowk/12/5,0,0,0.0,-1,0,,,0.00891302952769,1.72338729732e-06,Sindhupalchowk,85.5831657663845,27.970445804616354
0,5/3/015,Sindhupalchowk.kmz/Sindhupalchowk/5/3,0,0,0.0,-1,0,,,0.00311190349233,4.34059065535e-07,Sindhupalchowk,85.58212025399261,27.96765701306851
0,5/3/015,Sindhupalchowk.kmz/Sindhupalchowk/5/3,0,0,0.0,-1,0,,,0.00453340360597,8.53553231102e-07,Sindhupalchowk,85.58417456711275,27.967307215075525
0,5/3/015,Sindhupalchowk.kmz/Sindhupalchowk/5/3,0,0,0.0,-1,0,,,0.00922436798817,1.76677400973e-06,Sindhupalchowk,85.58585138741711,27.965461644375615
0,2/1/016,Sindhupalchowk.kmz/Sindhupalchowk/2/1,0,0,0.0,-1,0,,,0.00113765082893,9.01646534415e-08,Sindhupalchowk,85.55374877814793,27.940528433608367
0,5/2/015,Sindhupalchowk.kmz/Sindhupalchowk/5/2,0,0,0.0,-1,0,,,0.00159863865951,1.30631130136e-07,Sindhupalchowk,85.55933117714324,27.939130987044845
0,2/1/016,Sindhupalchowk.kmz/Sindhupalchowk/2/1,0,0,0.0,-1,0,,,0.00131239189863,5.95284372463e-08,Sindhupalchowk,85.5578247552398,27.939888723412395
0,2/1/016,Sindhupalchowk.kmz/Sindhupalchowk/2/1,0,0,0.0,-1,0,,,0.00163610040643,9.99458177344e-08,Sindhupalchowk,85.55818288987246,27.939920310014994
0,2/1/016,Sindhupalchowk.kmz/Sindhupalchowk/2/1,0,0,0.0,-1,0,,,0.00130100819828,3.68462385985e-08,Sindhupalchowk,85.55714517970074,27.939964709890827
0,2/1/016,Sindhupalchowk.kmz/Sindhupalchowk/2/1,0,0,0.0,-1,0,,,0.00149780504246,1.09273602365e-07,Sindhupalchowk,85.55172669971057,27.941011882485284
0,5/25/015,Sindhupalchowk.kmz/Sindhupalchowk/5/25,0,0,0.0,-1,0,,,0.00205916882742,2.88990253143e-07,Sindhupalchowk,85.50455716488398,27.995584839872645
0,5/25/015,Sindhupalchowk.kmz/Sindhupalchowk/5/25,0,0,0.0,-1,0,,,0.00178222693337,1.64712922823e-07,Sindhupalchowk,85.50431304385681,27.99339430496761
0,5/25/015,Sindhupalchowk.kmz/Sindhupalchowk/5/25,0,0,0.0,-1,0,,,0.00298448041196,5.53413161114e-07,Sindhupalchowk,85.50587543959018,27.98950771433623
0,2/1/016,Sindhupalchowk.kmz/Sindhupalchowk/2/1,0,0,0.0,-1,0,,,0.00363375215608,3.92072479801e-07,Sindhupalchowk,85.50723531453913,27.98898665253984
0,2/1/016,Sindhupalchowk.kmz/Sindhupalchowk/2/1,0,0,0.0,-1,0,,,0.00493197163623,1.36910574583e-06,Sindhupalchowk,85.51551012822465,27.997165657799332
0,2/1/016,Sindhupalchowk.kmz/Sindhupalchowk/2/1,0,0,0.0,-1,0,,,0.00239020927504,2.83598747711e-07,Sindhupalchowk,85.51672870691831,27.99733894800725
0,2/1/016,Sindhupalchowk.kmz/Sindhupalchowk/2/1,0,0,0.0,-1,0,,,0.00169041263576,1.22676693252e-07,Sindhupalchowk,85.51748166656621,27.997382928598782
0,2/1/016,Sindhupalchowk.kmz/Sindhupalchowk/2/1,0,0,0.0,-1,0,,,0.00157123956357,9.79304634686e-08,Sindhupalchowk,85.5183341838261,27.997476005043595
0,5/25/015,Sindhupalchowk.kmz/Sindhupalchowk/5/25,0,0,0.0,-1,0,,,0.00669105667701,1.59071822351e-06,Sindhupalchowk,85.52161726911724,27.992729822131434
0,5/25/015,Sindhupalchowk.kmz/Sindhupalchowk/5/25,0,0,0.0,-1,0,,,0.0033170677058,5.79313537997e-07,Sindhupalchowk,85.52321752289903,27.986888882057155
0,2/1/016,Sindhupalchowk.kmz/Sindhupalchowk/2/1,0,0,0.0,-1,0,,,0.00322121096104,3.70965294226e-07,Sindhupalchowk,85.52809852890493,27.986098252301748
0,5/25/015,Sindhupalchowk.kmz/Sindhupalchowk/5/25,0,0,0.0,-1,0,,,0.00769230872597,8.597304158e-07,Sindhupalchowk,85.52971227566172,27.989106538196598
0,2/13/013,Sindhupalchowk.kmz/Sindhupalchowk/2/13,0,0,0.0,-1,0,,,0.00920771983258,1.1733238584e-06,Sindhupalchowk,85.52919278883707,27.990409162311025
0,2/1/016,Sindhupalchowk.kmz/Sindhupalchowk/2/1,0,0,0.0,-1,0,,,0.0033636543507,3.17375974043e-07,Sindhupalchowk,85.52229810682113,28.00181201273138
0,5/3/015,Sindhupalchowk.kmz/Sindhupalchowk/5/3,0,0,0.0,-1,0,,,0.00246362601779,3.05181495745e-07,Sindhupalchowk,85.52243042044891,28.004955467690117
0,5/4/015,Sindhupalchowk.kmz/Sindhupalchowk/5/4,0,0,0.0,-1,0,,,0.00133204384142,4.55103131837e-08,Sindhupalchowk,85.9068122874934,27.853381526185782
0,5/3/015,Sindhupalchowk.kmz/Sindhupalchowk/5/3,0,0,0.0,-1,0,,,0.00252198163386,2.56423820807e-07,Sindhupalchowk,85.52474561987712,28.00510338475215
0,5/25/015,Sindhupalchowk.kmz/Sindhupalchowk/5/25,0,0,0.0,-1,0,,,0.00581904544962,7.01993236281e-07,Sindhupalchowk,85.5248932481496,28.00674152134686
0,2/1/016,Sindhupalchowk.kmz/Sindhupalchowk/2/1,0,0,0.0,-1,0,,,0.001989315995,2.21446971089e-07,Sindhupalchowk,85.52894813690615,28.009867946305164
0,11/9/014,Sindhupalchowk.kmz/Sindhupalchowk/11/9,1,0,0.0,-1,0,,,0.00552441893473,1.41785464036e-06,Sindhupalchowk,85.531554970385,28.01932459097495
0,11/9/014,Sindhupalchowk.kmz/Sindhupalchowk/11/9,1,0,0.0,-1,0,,,0.00531466205209,5.82472732104e-07,Sindhupalchowk,85.53331916052332,28.019548230780046
0,5/2/015,Sindhupalchowk.kmz/Sindhupalchowk/5/2,0,0,0.0,-1,0,,,0.00387986877984,5.44806149155e-07,Sindhupalchowk,85.53298870522394,28.016167601352436
0,5/25/015,Sindhupalchowk.kmz/Sindhupalchowk/5/25,0,0,0.0,-1,0,,,0.00386818499315,7.90587948835e-07,Sindhupalchowk,85.53361810850384,28.017351635233606
0,5/3/015,Sindhupalchowk.kmz/Sindhupalchowk/5/3,0,0,0.0,-1,0,,,0.00192765628454,1.83207020862e-07,Sindhupalchowk,85.53647300470347,28.028757000998205
0,5/2/015,Sindhupalchowk.kmz/Sindhupalchowk/5/2,0,0,0.0,-1,0,,,0.00638022569395,1.09082968181e-06,Sindhupalchowk,85.68292177039872,28.024129328236366
0,2/1/016,Sindhupalchowk.kmz/Sindhupalchowk/2/1,0,0,0.0,-1,0,,,0.00825291606545,1.37454323878e-06,Sindhupalchowk,85.55887699395637,28.007734484301753
0,5/22/015,Sindhupalchowk.kmz/Sindhupalchowk/5/22,0,0,0.0,-1,0,,,0.00165873827101,1.33072865088e-07,Sindhupalchowk,85.90289111104734,27.781243989861405
0,5/22/015,Sindhupalchowk.kmz/Sindhupalchowk/5/22,0,0,0.0,-1,0,,,0.00202453927656,2.36760555819e-07,Sindhupalchowk,85.93199672831895,27.812148300221708
0,5/22/015,Sindhupalchowk.kmz/Sindhupalchowk/5/22,0,0,0.0,-1,0,,,0.00136915289675,1.28309190967e-07,Sindhupalchowk,85.93159063575398,27.811489150486906
0,3/1/06,Sindhupalchowk.kmz/Sindhupalchowk/3/1,1,0,0.0,-1,0,,,0.0116426617302,6.41986860708e-06,Sindhupalchowk,85.58208544955649,28.121796667464952
0,3/1/06,Sindhupalchowk.kmz/Sindhupalchowk/3/1,1,0,0.0,-1,0,,,0.00101452990319,5.96477755954e-08,Sindhupalchowk,85.58304328701867,28.09498357470134
0,5/3/015,Sindhupalchowk.kmz/Sindhupalchowk/5/3,0,0,0.0,-1,0,,,0.0058142844,1.23830553845e-06,Sindhupalchowk,85.58197607738425,28.04258727214567
0,5/4/015,Sindhupalchowk.kmz/Sindhupalchowk/5/4,0,0,0.0,-1,0,,,0.00117295299072,6.21202344345e-08,Sindhupalchowk,85.88880311102363,27.868175028208075
0,5/3/015,Sindhupalchowk.kmz/Sindhupalchowk/5/3,0,0,0.0,-1,0,,,0.00154753175065,6.82089556508e-08,Sindhupalchowk,85.79026108667699,27.83102423041015
0,2/1/016,Sindhupalchowk.kmz/Sindhupalchowk/2/1,0,0,0.0,-1,0,,,0.00153728547855,9.23979920137e-08,Sindhupalchowk,85.56616592915344,27.83971563128315
0,5/3/015,Sindhupalchowk.kmz/Sindhupalchowk/5/3,0,0,0.0,-1,0,,,0.00173792553138,9.9270648545e-08,Sindhupalchowk,85.79358271177972,27.828997824563835
0,5/3/015,Sindhupalchowk.kmz/Sindhupalchowk/5/3,0,0,0.0,-1,0,,,0.00150351889222,6.91396280051e-08,Sindhupalchowk,85.79331946753057,27.828849043757618
0,5/3/015,Sindhupalchowk.kmz/Sindhupalchowk/5/3,0,0,0.0,-1,0,,,0.00240188590166,1.89493468548e-07,Sindhupalchowk,85.79281387050753,27.829359215212456
0,5/3/015,Sindhupalchowk.kmz/Sindhupalchowk/5/3,0,0,0.0,-1,0,,,0.00220045283563,1.59126884898e-07,Sindhupalchowk,85.79100394717436,27.83065145750102
0,2/1/016,Sindhupalchowk.kmz/Sindhupalchowk/2/1,0,0,0.0,-1,0,,,0.00185110851433,1.51246408774e-07,Sindhupalchowk,85.55332719783426,27.843576843219875
0,5/25/015,Sindhupalchowk.kmz/Sindhupalchowk/5/25,0,0,0.0,-1,0,,,0.000989625784832,4.45071630748e-08,Sindhupalchowk,85.55118576427876,27.844793973961753
0,2/1/016,Sindhupalchowk.kmz/Sindhupalchowk/2/1,0,0,0.0,-1,0,,,0.00124634904668,8.59002731621e-08,Sindhupalchowk,85.55142322694549,27.822291715211815
0,2/1/016,Sindhupalchowk.kmz/Sindhupalchowk/2/1,0,0,0.0,-1,0,,,0.00556069500492,2.58155534789e-07,Sindhupalchowk,85.50571564527782,27.897643015860115
0,5/25/015,Sindhupalchowk.kmz/Sindhupalchowk/5/25,0,0,0.0,-1,0,,,0.00139006336066,4.94580381402e-08,Sindhupalchowk,85.50558833561364,27.894918029325364
0,2/1/016,Sindhupalchowk.kmz/Sindhupalchowk/2/1,0,0,0.0,-1,0,,,0.0015699937471,8.76839852952e-08,Sindhupalchowk,85.502990715111,27.89580543744671
0,5/25/015,Sindhupalchowk.kmz/Sindhupalchowk/5/25,0,0,0.0,-1,0,,,0.00102028063446,3.84602182558e-08,Sindhupalchowk,85.50248590462607,27.89578023880447
0,2/1/016,Sindhupalchowk.kmz/Sindhupalchowk/2/1,0,0,0.0,-1,0,,,0.00119484996768,3.98624348508e-08,Sindhupalchowk,85.5021383901269,27.89555157597744
0,5/25/015,Sindhupalchowk.kmz/Sindhupalchowk/5/25,0,0,0.0,-1,0,,,0.00143083249016,1.32098377068e-07,Sindhupalchowk,85.50575946250426,27.89195168075316
0,5/2/015,Sindhupalchowk.kmz/Sindhupalchowk/5/2,0,0,0.0,-1,0,,,0.00879975398082,8.43969202586e-07,Sindhupalchowk,85.48865813660782,27.901584281734262
0,5/2/015,Sindhupalchowk.kmz/Sindhupalchowk/5/2,0,0,0.0,-1,0,,,0.0008612876579,3.96795684797e-08,Sindhupalchowk,85.48837707110226,27.90232674376726
0,5/3/015,Sindhupalchowk.kmz/Sindhupalchowk/5/3,0,0,0.0,-1,0,,,0.00904031142538,1.41101584232e-06,Sindhupalchowk,85.7377404376863,27.87255553544342
0,5/3/015,Sindhupalchowk.kmz/Sindhupalchowk/5/3,0,0,0.0,-1,0,,,0.00311196368958,1.69328083588e-07,Sindhupalchowk,85.73764530983247,27.87371655637829
0,5/3/015,Sindhupalchowk.kmz/Sindhupalchowk/5/3,0,0,0.0,-1,0,,,0.00149059136261,6.9878661539e-08,Sindhupalchowk,85.73987403609085,27.877245139786194
0,5/3/015,Sindhupalchowk.kmz/Sindhupalchowk/5/3,0,0,0.0,-1,0,,,0.000502706281196,1.17883171148e-08,Sindhupalchowk,85.73968853596874,27.877451972053418
0,5/3/015,Sindhupalchowk.kmz/Sindhupalchowk/5/3,0,0,0.0,-1,0,,,0.00196636473302,1.21763202447e-07,Sindhupalchowk,85.73958935332594,27.877597109440057
0,5/3/015,Sindhupalchowk.kmz/Sindhupalchowk/5/3,0,0,0.0,-1,0,,,0.000601418507037,1.77690170359e-08,Sindhupalchowk,85.73973888315827,27.877809772676724
0,5/3/015,Sindhupalchowk.kmz/Sindhupalchowk/5/3,0,0,0.0,-1,0,,,0.000956448503584,4.67418926331e-08,Sindhupalchowk,85.74048298244985,27.878444212441828
0,5/3/015,Sindhupalchowk.kmz/Sindhupalchowk/5/3,0,0,0.0,-1,0,,,0.0028141762238,3.73000835888e-07,Sindhupalchowk,85.73358524253048,27.886009508194956
0,5/3/015,Sindhupalchowk.kmz/Sindhupalchowk/5/3,0,0,0.0,-1,0,,,0.00189073536346,7.50025083052e-08,Sindhupalchowk,85.73411763574622,27.88705522888764
0,5/3/015,Sindhupalchowk.kmz/Sindhupalchowk/5/3,0,0,0.0,-1,0,,,0.00213168983928,5.36438240582e-08,Sindhupalchowk,85.73429875046479,27.88728796154032
0,5/3/015,Sindhupalchowk.kmz/Sindhupalchowk/5/3,0,0,0.0,-1,0,,,0.00288035548491,1.68458017387e-07,Sindhupalchowk,85.7319835012877,27.88861454871691
0,5/3/015,Sindhupalchowk.kmz/Sindhupalchowk/5/3,0,0,0.0,-1,0,,,0.00160541523572,1.0012747343e-07,Sindhupalchowk,85.7277398829154,27.888393029866858
0,5/3/015,Sindhupalchowk.kmz/Sindhupalchowk/5/3,0,0,0.0,-1,0,,,0.00133663791834,1.04442046249e-07,Sindhupalchowk,85.72666355806642,27.888430474204892
0,5/3/015,Sindhupalchowk.kmz/Sindhupalchowk/5/3,0,0,0.0,-1,0,,,0.00669353519643,1.71556405294e-06,Sindhupalchowk,85.73378858599219,27.86006745178117
0,5/3/015,Sindhupalchowk.kmz/Sindhupalchowk/5/3,0,0,0.0,-1,0,,,0.00312999127273,4.58525974179e-07,Sindhupalchowk,85.73451365630245,27.859342764054688
0,5/3/015,Sindhupalchowk.kmz/Sindhupalchowk/5/3,0,0,0.0,-1,0,,,0.00468763788437,9.76832367414e-07,Sindhupalchowk,85.73822631482895,27.86260981285621
0,5/3/015,Sindhupalchowk.kmz/Sindhupalchowk/5/3,0,0,0.0,-1,0,,,0.00578541826456,1.10232540491e-06,Sindhupalchowk,85.75732726030044,27.909293916605716
0,5/3/015,Sindhupalchowk.kmz/Sindhupalchowk/5/3,0,0,0.0,-1,0,,,0.00671403777322,8.82516129764e-07,Sindhupalchowk,85.75806598339335,27.908859365616372
0,5/3/015,Sindhupalchowk.kmz/Sindhupalchowk/5/3,0,0,0.0,-1,0,,,0.00699655227273,2.34921860452e-06,Sindhupalchowk,85.75436088687327,27.909635040494628
0,5/3/015,Sindhupalchowk.kmz/Sindhupalchowk/5/3,0,0,0.0,-1,0,,,0.00323236901433,4.90170559155e-07,Sindhupalchowk,85.75287037711895,27.913565403327233
0,5/3/015,Sindhupalchowk.kmz/Sindhupalchowk/5/3,0,0,0.0,-1,0,,,0.00871107949257,1.17358178813e-06,Sindhupalchowk,85.75387209811062,27.91261103722823
0,5/3/015,Sindhupalchowk.kmz/Sindhupalchowk/5/3,0,0,0.0,-1,0,,,0.00185784990368,1.51160576876e-07,Sindhupalchowk,85.7604644132059,27.910536676886682
0,5/3/015,Sindhupalchowk.kmz/Sindhupalchowk/5/3,0,0,0.0,-1,0,,,0.000848455275012,2.19646929017e-08,Sindhupalchowk,85.76020112571541,27.910630219286123
0,5/3/015,Sindhupalchowk.kmz/Sindhupalchowk/5/3,0,0,0.0,-1,0,,,0.00100804754085,5.11845419188e-08,Sindhupalchowk,85.75948720538207,27.91057683845581
0,5/3/015,Sindhupalchowk.kmz/Sindhupalchowk/5/3,0,0,0.0,-1,0,,,0.00318668461858,2.47259660373e-07,Sindhupalchowk,85.75899988354419,27.91113877133138
0,5/3/015,Sindhupalchowk.kmz/Sindhupalchowk/5/3,0,0,0.0,-1,0,,,0.000998966587873,3.62029741993e-08,Sindhupalchowk,85.7592798828699,27.91155573901069
0,5/3/015,Sindhupalchowk.kmz/Sindhupalchowk/5/3,0,0,0.0,-1,0,,,0.00129038951363,6.20782635834e-08,Sindhupalchowk,85.75999961408736,27.912620878932543
0,5/3/015,Sindhupalchowk.kmz/Sindhupalchowk/5/3,0,0,0.0,-1,0,,,0.00409917022625,2.70172247531e-07,Sindhupalchowk,85.7616001576244,27.912826772577557
0,5/3/015,Sindhupalchowk.kmz/Sindhupalchowk/5/3,0,0,0.0,-1,0,,,0.00180026453751,4.76805544482e-08,Sindhupalchowk,85.76069122292067,27.912689318918137
0,5/3/015,Sindhupalchowk.kmz/Sindhupalchowk/5/3,0,0,0.0,-1,0,,,0.00138231797532,3.54988331326e-08,Sindhupalchowk,85.76107925538575,27.912841382184688
0,5/3/015,Sindhupalchowk.kmz/Sindhupalchowk/5/3,0,0,0.0,-1,0,,,0.00710394561644,1.85863918445e-06,Sindhupalchowk,85.74264801365122,27.915503661322152
0,5/3/015,Sindhupalchowk.kmz/Sindhupalchowk/5/3,0,0,0.0,-1,0,,,0.00364117088764,3.33944935864e-07,Sindhupalchowk,85.71930741006321,27.879530472460477
0,5/3/015,Sindhupalchowk.kmz/Sindhupalchowk/5/3,0,0,0.0,-1,0,,,0.00395399438429,1.80189937929e-07,Sindhupalchowk,85.75198944476077,27.870150583707645
0,5/3/015,Sindhupalchowk.kmz/Sindhupalchowk/5/3,0,0,0.0,-1,0,,,0.00301639944015,1.76032696105e-07,Sindhupalchowk,85.75145231079442,27.870656329409336
0,5/3/015,Sindhupalchowk.kmz/Sindhupalchowk/5/3,0,0,0.0,-1,0,,,0.000740098423101,3.13105456896e-08,Sindhupalchowk,85.75183509478649,27.87133645432311
0,10/31/012,Sindhupalchowk.kmz/Sindhupalchowk/10/31,0,0,0.0,-1,0,,,0.000992800199898,2.48810819736e-08,Sindhupalchowk,85.74947886087858,27.873374348265198
0,5/3/015,Sindhupalchowk.kmz/Sindhupalchowk/5/3,0,0,0.0,-1,0,,,0.0018682087131,1.90274305524e-07,Sindhupalchowk,85.75162388576197,27.877420021961623
0,5/24/015,Sindhupalchowk.kmz/Sindhupalchowk/5/24,0,0,0.0,-1,0,,,0.00136690159329,7.46171561996e-08,Sindhupalchowk,85.75565302360357,27.88161083264109
0,5/3/015,Sindhupalchowk.kmz/Sindhupalchowk/5/3,0,0,0.0,-1,0,,,0.00193715772708,1.67105584025e-07,Sindhupalchowk,85.75744893170999,27.89128968032427
0,5/3/015,Sindhupalchowk.kmz/Sindhupalchowk/5/3,0,0,0.0,-1,0,,,0.00189941070827,1.01502885389e-07,Sindhupalchowk,85.7574308300831,27.893108785533208
0,5/3/015,Sindhupalchowk.kmz/Sindhupalchowk/5/3,0,0,0.0,-1,0,,,0.00961050191023,1.10329120777e-06,Sindhupalchowk,85.75571160389225,27.904498082886388
0,5/3/015,Sindhupalchowk.kmz/Sindhupalchowk/5/3,0,0,0.0,-1,0,,,0.00444286451656,3.70840700548e-07,Sindhupalchowk,85.75391744795829,27.905845915797563
0,5/3/015,Sindhupalchowk.kmz/Sindhupalchowk/5/3,0,0,0.0,-1,0,,,0.00523439699605,6.65561842631e-07,Sindhupalchowk,85.75234152970114,27.906044129675806
0,5/3/015,Sindhupalchowk.kmz/Sindhupalchowk/5/3,0,0,0.0,-1,0,,,0.0129423933826,1.56261817047e-06,Sindhupalchowk,85.75222823166453,27.907202489181582
0,5/3/015,Sindhupalchowk.kmz/Sindhupalchowk/5/3,0,0,0.0,-1,0,,,0.00352715536003,3.33640527714e-07,Sindhupalchowk,85.75028204689295,27.907425362436438
0,5/3/015,Sindhupalchowk.kmz/Sindhupalchowk/5/3,0,0,0.0,-1,0,,,0.00153372368408,5.57097645703e-08,Sindhupalchowk,85.74937623644121,27.90799398033301
0,5/3/015,Sindhupalchowk.kmz/Sindhupalchowk/5/3,0,0,0.0,-1,0,,,0.00351804864504,3.16915914083e-07,Sindhupalchowk,85.7511857160385,27.909445279126846
0,5/3/015,Sindhupalchowk.kmz/Sindhupalchowk/5/3,0,0,0.0,-1,0,,,0.00201275462808,1.7366334249e-07,Sindhupalchowk,85.74602085385621,27.906975474124824
0,5/4/015,Sindhupalchowk.kmz/Sindhupalchowk/5/4,0,0,0.0,-1,0,,,0.00252517302709,2.59880095426e-07,Sindhupalchowk,85.73284787114433,27.89418476234232
0,5/3/015,Sindhupalchowk.kmz/Sindhupalchowk/5/3,0,0,0.0,-1,0,,,0.00135772396509,1.0365987826e-07,Sindhupalchowk,85.73343765947497,27.894803135823196
0,5/3/015,Sindhupalchowk.kmz/Sindhupalchowk/5/3,0,0,0.0,-1,0,,,0.00136152205333,7.98379549466e-08,Sindhupalchowk,85.73370382626435,27.895078493561943
0,5/3/015,Sindhupalchowk.kmz/Sindhupalchowk/5/3,0,0,0.0,-1,0,,,0.00372329545336,2.65460447025e-07,Sindhupalchowk,85.73431143646494,27.895010194322097
0,12/18/014,Sindhupalchowk.kmz/Sindhupalchowk/12/18,1,0,0.0,-1,0,,,0.00718990435706,1.67736266878e-06,Sindhupalchowk,85.76078122282128,27.942583832096684
0,5/3/015,Sindhupalchowk.kmz/Sindhupalchowk/5/3,0,0,0.0,-1,0,,,0.012243762772,3.02598747357e-06,Sindhupalchowk,85.76086768130251,27.935841660697367
0,5/3/015,Sindhupalchowk.kmz/Sindhupalchowk/5/3,0,0,0.0,-1,0,,,0.00532543502642,8.44149274085e-07,Sindhupalchowk,85.76120809899317,27.9391060980781
0,5/3/015,Sindhupalchowk.kmz/Sindhupalchowk/5/3,0,0,0.0,-1,0,,,0.0195069114378,3.7872936423e-06,Sindhupalchowk,85.76720345898084,27.956702631156233
0,5/2/015,Sindhupalchowk.kmz/Sindhupalchowk/5/2,0,0,0.0,-1,0,,,0.024792417859,1.10065494227e-05,Sindhupalchowk,85.78056893007135,27.968175266248913
0,5/4/015,Sindhupalchowk.kmz/Sindhupalchowk/5/4,0,0,0.0,-1,0,,,0.00401019185701,5.92777355123e-07,Sindhupalchowk,85.77988962002985,28.02333575099465
0,5/4/015,Sindhupalchowk.kmz/Sindhupalchowk/5/4,0,0,0.0,-1,0,,,0.00899272082377,1.46807818342e-06,Sindhupalchowk,85.77367538986896,28.016463920440156
0,5/4/015,Sindhupalchowk.kmz/Sindhupalchowk/5/4,0,0,0.0,-1,0,,,0.00553509936992,1.5148838767e-06,Sindhupalchowk,85.7737809966622,28.026853989289528
0,5/2/015,Sindhupalchowk.kmz/Sindhupalchowk/5/2,0,0,0.0,-1,0,,,0.0109817083001,2.53494624711e-06,Sindhupalchowk,85.7797661038932,28.025732666979238
0,3/8/04,Sindhupalchowk.kmz/Sindhupalchowk/3/8,1,0,0.0,-1,0,,,0.0584630681868,4.13350774542e-05,Sindhupalchowk,85.7745451324064,28.03195511891938
0,5/2/015,Sindhupalchowk.kmz/Sindhupalchowk/5/2,0,0,0.0,-1,0,,,0.00883624558793,2.88059482943e-06,Sindhupalchowk,85.76034025070406,28.032836702825282
0,5/2/015,Sindhupalchowk.kmz/Sindhupalchowk/5/2,0,0,0.0,-1,0,,,0.00254706715451,2.22817439538e-07,Sindhupalchowk,85.76435427892787,28.037687073612414
0,5/2/015,Sindhupalchowk.kmz/Sindhupalchowk/5/2,0,0,0.0,-1,0,,,0.00376890039979,8.35456610981e-07,Sindhupalchowk,85.76338242277278,28.037462659294004
0,5/2/015,Sindhupalchowk.kmz/Sindhupalchowk/5/2,0,0,0.0,-1,0,,,0.00114242708586,7.71007851088e-08,Sindhupalchowk,85.76328558524929,28.039318250527824
0,5/2/015,Sindhupalchowk.kmz/Sindhupalchowk/5/2,0,0,0.0,-1,0,,,0.00415831963329,5.92550352325e-07,Sindhupalchowk,85.76893448762557,28.04322296176528
0,5/2/015,Sindhupalchowk.kmz/Sindhupalchowk/5/2,0,0,0.0,-1,0,,,0.00414268386183,6.34759074189e-07,Sindhupalchowk,85.75943012677925,28.05106892337505
0,11/3/014,Sindhupalchowk.kmz/Sindhupalchowk/11/3,0,0,0.0,-1,0,,,0.00423451522384,2.45912251749e-07,Sindhupalchowk,85.7568532000794,28.04316950500178
0,11/3/014,Sindhupalchowk.kmz/Sindhupalchowk/11/3,0,0,0.0,-1,0,,,0.0040549788562,4.46979353202e-07,Sindhupalchowk,85.75930500155522,28.044864686179494
0,5/3/015,Sindhupalchowk.kmz/Sindhupalchowk/5/3,0,0,0.0,-1,0,,,0.0021508458373,2.14573718613e-07,Sindhupalchowk,85.73256879237083,27.884191204125564
0,5/3/015,Sindhupalchowk.kmz/Sindhupalchowk/5/3,0,0,0.0,-1,0,,,0.0033573619597,1.89309492466e-07,Sindhupalchowk,85.73182840913925,27.883357537848227
0,5/3/015,Sindhupalchowk.kmz/Sindhupalchowk/5/3,0,0,0.0,-1,0,,,0.00224834557286,1.15011791792e-07,Sindhupalchowk,85.7498772453077,27.900764718301208
0,5/3/015,Sindhupalchowk.kmz/Sindhupalchowk/5/3,0,0,0.0,-1,0,,,0.00169631516929,9.43097907306e-08,Sindhupalchowk,85.75016826214296,27.899999006368507
0,5/3/015,Sindhupalchowk.kmz/Sindhupalchowk/5/3,0,0,0.0,-1,0,,,0.00191273436089,1.27184603178e-07,Sindhupalchowk,85.75134983249276,27.901508509425778
0,5/3/015,Sindhupalchowk.kmz/Sindhupalchowk/5/3,0,0,0.0,-1,0,,,0.00710768925805,5.89273067458e-07,Sindhupalchowk,85.7508293441721,27.901091090852642
0,5/3/015,Sindhupalchowk.kmz/Sindhupalchowk/5/3,0,0,0.0,-1,0,,,0.0127165976341,4.27340931848e-06,Sindhupalchowk,85.75828433185232,27.90618794807334
0,5/3/015,Sindhupalchowk.kmz/Sindhupalchowk/5/3,0,0,0.0,-1,0,,,0.00448155653226,4.95086937791e-07,Sindhupalchowk,85.75646105795502,27.906047310408027
0,5/3/015,Sindhupalchowk.kmz/Sindhupalchowk/5/3,0,0,0.0,-1,0,,,0.00480839887404,5.41874771788e-07,Sindhupalchowk,85.76011248034196,27.90509413362334
0,5/3/015,Sindhupalchowk.kmz/Sindhupalchowk/5/3,0,0,0.0,-1,0,,,0.00300799486478,2.31438262098e-07,Sindhupalchowk,85.76163410837488,27.908248201525193
0,5/3/015,Sindhupalchowk.kmz/Sindhupalchowk/5/3,0,0,0.0,-1,0,,,0.00442749995206,4.16503645424e-07,Sindhupalchowk,85.76238553739671,27.908746549182148
0,5/3/015,Sindhupalchowk.kmz/Sindhupalchowk/5/3,0,0,0.0,-1,0,,,0.00186679081824,9.70816897407e-08,Sindhupalchowk,85.76522178233623,27.912781150380123
0,5/3/015,Sindhupalchowk.kmz/Sindhupalchowk/5/3,0,0,0.0,-1,0,,,0.00211501488174,1.95579369782e-07,Sindhupalchowk,85.76725385973802,27.913046637826778
0,5/3/015,Sindhupalchowk.kmz/Sindhupalchowk/5/3,0,0,0.0,-1,0,,,0.00439966769902,4.39396418636e-07,Sindhupalchowk,85.76710229503277,27.914280389652323
0,5/3/015,Sindhupalchowk.kmz/Sindhupalchowk/5/3,0,0,0.0,-1,0,,,0.0041181379439,7.84031247364e-07,Sindhupalchowk,85.76822999374254,27.913929210283865
0,5/3/015,Sindhupalchowk.kmz/Sindhupalchowk/5/3,0,0,0.0,-1,0,,,0.00454855739676,5.65053579188e-07,Sindhupalchowk,85.74692028344846,27.895902372944175
0,5/3/015,Sindhupalchowk.kmz/Sindhupalchowk/5/3,0,0,0.0,-1,0,,,0.0136316402907,3.4988220193e-06,Sindhupalchowk,85.68179004646933,28.040324677150608
0,5/3/015,Sindhupalchowk.kmz/Sindhupalchowk/5/3,0,0,0.0,-1,0,,,0.00195286740896,8.48647965336e-08,Sindhupalchowk,85.75068367173508,27.895947411359636
0,5/3/015,Sindhupalchowk.kmz/Sindhupalchowk/5/3,0,0,0.0,-1,0,,,0.00117370381009,6.61624391762e-08,Sindhupalchowk,85.75115674997299,27.894142977838523
0,5/3/015,Sindhupalchowk.kmz/Sindhupalchowk/5/3,0,0,0.0,-1,0,,,0.0098707468275,7.80269516167e-07,Sindhupalchowk,85.74565134748904,27.892884759243028
0,5/3/015,Sindhupalchowk.kmz/Sindhupalchowk/5/3,0,0,0.0,-1,0,,,0.00167313005642,1.0358965791e-07,Sindhupalchowk,85.7422317388701,27.895410763622262
0,5/3/015,Sindhupalchowk.kmz/Sindhupalchowk/5/3,0,0,0.0,-1,0,,,0.00140139734274,3.7335866883e-08,Sindhupalchowk,85.74199355744767,27.894833751350724
0,5/3/015,Sindhupalchowk.kmz/Sindhupalchowk/5/3,0,0,0.0,-1,0,,,0.00138554592541,5.24861583558e-08,Sindhupalchowk,85.74250177182144,27.894880273337872
0,5/3/015,Sindhupalchowk.kmz/Sindhupalchowk/5/3,0,0,0.0,-1,0,,,0.00333147978404,1.11467417354e-07,Sindhupalchowk,85.74282416648518,27.894873919796314
0,5/3/015,Sindhupalchowk.kmz/Sindhupalchowk/5/3,0,0,0.0,-1,0,,,0.00120992285333,6.92842547953e-08,Sindhupalchowk,85.74174415468445,27.8942260465512
0,5/3/015,Sindhupalchowk.kmz/Sindhupalchowk/5/3,0,0,0.0,-1,0,,,0.00173665215021,7.82471482986e-08,Sindhupalchowk,85.74219209061269,27.894205183231158
0,5/3/015,Sindhupalchowk.kmz/Sindhupalchowk/5/3,0,0,0.0,-1,0,,,0.00354796516299,2.9635237962e-07,Sindhupalchowk,85.74370550003584,27.894787735818035
0,5/3/015,Sindhupalchowk.kmz/Sindhupalchowk/5/3,0,0,0.0,-1,0,,,0.00310887255008,2.48065181905e-07,Sindhupalchowk,85.74387019755791,27.89266039524739
0,5/3/015,Sindhupalchowk.kmz/Sindhupalchowk/5/3,0,0,0.0,-1,0,,,0.0025833907836,1.89629120867e-07,Sindhupalchowk,85.74146066710064,27.899341528959766
0,5/3/015,Sindhupalchowk.kmz/Sindhupalchowk/5/3,0,0,0.0,-1,0,,,0.00171903398146,1.01201376309e-07,Sindhupalchowk,85.73937486820027,27.898815299410497
0,5/3/015,Sindhupalchowk.kmz/Sindhupalchowk/5/3,0,0,0.0,-1,0,,,0.000440385986425,9.42681808827e-09,Sindhupalchowk,85.73991646669975,27.898594221365453
0,5/3/015,Sindhupalchowk.kmz/Sindhupalchowk/5/3,0,0,0.0,-1,0,,,0.000971413532603,1.93395422002e-08,Sindhupalchowk,85.74086157564327,27.898577473950752
0,5/3/015,Sindhupalchowk.kmz/Sindhupalchowk/5/3,0,0,0.0,-1,0,,,0.0029381362911,3.58381545093e-07,Sindhupalchowk,85.74115530762293,27.894792449121628
0,5/3/015,Sindhupalchowk.kmz/Sindhupalchowk/5/3,0,0,0.0,-1,0,,,0.00185732977215,9.49890123119e-08,Sindhupalchowk,85.74040397213732,27.89578079957903
0,5/3/015,Sindhupalchowk.kmz/Sindhupalchowk/5/3,0,0,0.0,-1,0,,,0.00329656071726,4.04533199672e-07,Sindhupalchowk,85.74075792955287,27.895563984231593
0,5/3/015,Sindhupalchowk.kmz/Sindhupalchowk/5/3,0,0,0.0,-1,0,,,0.00352119535463,1.79027604436e-07,Sindhupalchowk,85.752218246311,27.90162117439162
0,5/3/015,Sindhupalchowk.kmz/Sindhupalchowk/5/3,0,0,0.0,-1,0,,,0.00127290623435,4.61949583083e-08,Sindhupalchowk,85.74556676654119,27.89944614525553
0,5/3/015,Sindhupalchowk.kmz/Sindhupalchowk/5/3,0,0,0.0,-1,0,,,0.00101630589453,3.87664070362e-08,Sindhupalchowk,85.7463696488049,27.897478239199422
0,5/3/015,Sindhupalchowk.kmz/Sindhupalchowk/5/3,0,0,0.0,-1,0,,,0.00129548201571,1.08073466801e-07,Sindhupalchowk,85.73780702928039,27.899576755849033
0,5/3/015,Sindhupalchowk.kmz/Sindhupalchowk/5/3,0,0,0.0,-1,0,,,0.00881723184054,1.83651381805e-06,Sindhupalchowk,85.75125298409388,27.912061431076484
0,5/3/015,Sindhupalchowk.kmz/Sindhupalchowk/5/3,0,0,0.0,-1,0,,,0.0021338862717,1.03296974068e-07,Sindhupalchowk,85.75505880472987,27.914816518228978
0,5/3/015,Sindhupalchowk.kmz/Sindhupalchowk/5/3,0,0,0.0,-1,0,,,0.00752302276796,9.01774552586e-07,Sindhupalchowk,85.75507119927457,27.9126182582766
0,5/3/015,Sindhupalchowk.kmz/Sindhupalchowk/5/3,0,0,0.0,-1,0,,,0.00577018863205,1.11004152728e-06,Sindhupalchowk,85.75747390786728,27.9142879706915
0,5/3/015,Sindhupalchowk.kmz/Sindhupalchowk/5/3,0,0,0.0,-1,0,,,0.00231737837521,2.43352467956e-07,Sindhupalchowk,85.75716792159287,27.913426245615913
0,5/3/015,Sindhupalchowk.kmz/Sindhupalchowk/5/3,0,0,0.0,-1,0,,,0.00224422202882,3.43814264134e-07,Sindhupalchowk,85.75611769526844,27.910594813684135
0,5/3/015,Sindhupalchowk.kmz/Sindhupalchowk/5/3,0,0,0.0,-1,0,,,0.00172889671539,1.10958922692e-07,Sindhupalchowk,85.75463642188096,27.92587802012993
0,5/3/015,Sindhupalchowk.kmz/Sindhupalchowk/5/3,0,0,0.0,-1,0,,,0.000910419508687,3.76213488309e-08,Sindhupalchowk,85.75646102883772,27.92368793451423
0,5/3/015,Sindhupalchowk.kmz/Sindhupalchowk/5/3,0,0,0.0,-1,0,,,0.00100468390972,3.64877931958e-08,Sindhupalchowk,85.75668966729336,27.923869908718427
0,5/3/015,Sindhupalchowk.kmz/Sindhupalchowk/5/3,0,0,0.0,-1,0,,,0.00317530147064,2.14722197358e-07,Sindhupalchowk,85.75769343095656,27.92480607255144
0,5/3/015,Sindhupalchowk.kmz/Sindhupalchowk/5/3,0,0,0.0,-1,0,,,0.00222824859575,1.25459867171e-07,Sindhupalchowk,85.77091613897652,27.923436889441604
0,5/3/015,Sindhupalchowk.kmz/Sindhupalchowk/5/3,0,0,0.0,-1,0,,,0.00238772822813,2.08598587489e-07,Sindhupalchowk,85.7716965689163,27.923132247434364
0,5/3/015,Sindhupalchowk.kmz/Sindhupalchowk/5/3,0,0,0.0,-1,0,,,0.00584217630907,2.60188247876e-07,Sindhupalchowk,85.77163210863061,27.92422459437522
0,5/3/015,Sindhupalchowk.kmz/Sindhupalchowk/5/3,0,0,0.0,-1,0,,,0.0051504790863,4.36496737154e-07,Sindhupalchowk,85.7717951127577,27.925105597695744
0,5/3/015,Sindhupalchowk.kmz/Sindhupalchowk/5/3,0,0,0.0,-1,0,,,0.00778548010597,7.08770091041e-07,Sindhupalchowk,85.77243113551249,27.925826552674323
0,5/3/015,Sindhupalchowk.kmz/Sindhupalchowk/5/3,0,0,0.0,-1,0,,,0.01075649348,2.69940371365e-06,Sindhupalchowk,85.77655058496822,27.935336333406187
0,5/3/015,Sindhupalchowk.kmz/Sindhupalchowk/5/3,0,0,0.0,-1,0,,,0.0102322528843,2.17308202506e-06,Sindhupalchowk,85.78185915897257,27.941895521828027
0,5/3/015,Sindhupalchowk.kmz/Sindhupalchowk/5/3,0,0,0.0,-1,0,,,0.00284377065518,3.85274884863e-07,Sindhupalchowk,85.78297193514578,27.944058828685748
0,5/3/015,Sindhupalchowk.kmz/Sindhupalchowk/5/3,0,0,0.0,-1,0,,,0.0287641986322,1.42219128459e-05,Sindhupalchowk,85.7739233748034,27.957444941457297
0,5/3/015,Sindhupalchowk.kmz/Sindhupalchowk/5/3,0,0,0.0,-1,0,,,0.00511948357118,7.22141738001e-07,Sindhupalchowk,85.7599013964793,27.958073692424
0,5/3/015,Sindhupalchowk.kmz/Sindhupalchowk/5/3,0,0,0.0,-1,0,,,0.00380379053375,4.86010747333e-07,Sindhupalchowk,85.7581036389388,27.95892592557806
0,5/4/015,Sindhupalchowk.kmz/Sindhupalchowk/5/4,0,0,0.0,-1,0,,,0.0169725819276,1.96687141129e-06,Sindhupalchowk,85.73746402364516,28.111588773161433
0,6/3/015,Sindhupalchowk.kmz/Sindhupalchowk/6/3,0,0,0.0,-1,0,,,0.00504959880964,6.72253398546e-07,Sindhupalchowk,85.73565114787766,28.11178405479194
0,6/3/015,Sindhupalchowk.kmz/Sindhupalchowk/6/3,0,0,0.0,-1,0,,,0.004019507775,3.19273598956e-07,Sindhupalchowk,85.74020709011194,28.110542309158934
0,5/4/015,Sindhupalchowk.kmz/Sindhupalchowk/5/4,0,0,0.0,-1,0,,,0.0209967577024,1.87048039587e-06,Sindhupalchowk,85.73791782129983,28.105921699278145
0,5/3/015,Sindhupalchowk.kmz/Sindhupalchowk/5/3,0,0,0.0,-1,0,,,0.0185160393955,4.01811397726e-06,Sindhupalchowk,85.73860838535104,28.103023420780765
0,6/3/016,Sindhupalchowk.kmz/Sindhupalchowk/6/3,0,0,0.0,-1,0,,,0.00995712793888,2.86690686915e-06,Sindhupalchowk,85.74074427895489,28.09549094480053
0,5/3/015,Sindhupalchowk.kmz/Sindhupalchowk/5/3,0,0,0.0,-1,0,,,0.0100281405745,9.06376455324e-07,Sindhupalchowk,85.73743854093591,28.096031933161935
0,6/3/015,Sindhupalchowk.kmz/Sindhupalchowk/6/3,0,0,0.0,-1,0,,,0.00708747207716,5.98405230359e-07,Sindhupalchowk,85.74174266645349,28.092303452695923
0,5/3/015,Sindhupalchowk.kmz/Sindhupalchowk/5/3,0,0,0.0,-1,0,,,0.00409221770753,5.66116091981e-07,Sindhupalchowk,85.7381355572325,28.09079384440629
0,5/3/015,Sindhupalchowk.kmz/Sindhupalchowk/5/3,0,0,0.0,-1,0,,,0.00288933900316,3.52276182298e-07,Sindhupalchowk,85.73761785524785,28.092443854314716
0,5/2/015,Sindhupalchowk.kmz/Sindhupalchowk/5/2,0,0,0.0,-1,0,,,0.0722694532209,1.60622604212e-05,Sindhupalchowk,85.73991199705723,28.07966464263916
0,5/2/015,Sindhupalchowk.kmz/Sindhupalchowk/5/2,0,0,0.0,-1,0,,,0.00621039494752,1.65917305828e-06,Sindhupalchowk,85.73708392539623,28.06825119345693
0,5/2/015,Sindhupalchowk.kmz/Sindhupalchowk/5/2,0,0,0.0,-1,0,,,0.00423950277182,6.25136327238e-07,Sindhupalchowk,85.74751843564927,28.064345447987
0,5/2/015,Sindhupalchowk.kmz/Sindhupalchowk/5/2,0,0,0.0,-1,0,,,0.0129814143438,2.53450392565e-06,Sindhupalchowk,85.74553614647687,28.06303908960824
0,5/2/015,Sindhupalchowk.kmz/Sindhupalchowk/5/2,0,0,0.0,-1,0,,,0.00712658640311,1.135486047e-06,Sindhupalchowk,85.74617712181447,28.061684211608355
0,5/3/015,Sindhupalchowk.kmz/Sindhupalchowk/5/3,0,0,0.0,-1,0,,,0.00638728025475,7.70579121598e-07,Sindhupalchowk,85.74725299378082,28.05965288131207
0,5/3/015,Sindhupalchowk.kmz/Sindhupalchowk/5/3,0,0,0.0,-1,0,,,0.00708039556734,1.31175903577e-06,Sindhupalchowk,85.750082865445,28.05719246710611
0,5/3/015,Sindhupalchowk.kmz/Sindhupalchowk/5/3,0,0,0.0,-1,0,,,0.003965516221,5.898132256e-07,Sindhupalchowk,85.74942872255178,28.05437756711527
0,5/3/015,Sindhupalchowk.kmz/Sindhupalchowk/5/3,0,0,0.0,-1,0,,,0.00359396989131,4.41500579989e-07,Sindhupalchowk,85.75042664604251,28.055835486339006
0,5/3/015,Sindhupalchowk.kmz/Sindhupalchowk/5/3,0,0,0.0,-1,0,,,0.0077452917086,1.20170268667e-06,Sindhupalchowk,85.74963524133462,28.0493572904621
0,5/3/015,Sindhupalchowk.kmz/Sindhupalchowk/5/3,0,0,0.0,-1,0,,,0.00511756513824,6.22590881267e-07,Sindhupalchowk,85.75407271312133,28.046602024389088
0,5/3/015,Sindhupalchowk.kmz/Sindhupalchowk/5/3,0,0,0.0,-1,0,,,0.00243717106843,1.0183700184e-07,Sindhupalchowk,85.7544580369249,28.04714991913884
0,5/4/015,Sindhupalchowk.kmz/Sindhupalchowk/5/4,0,0,0.0,-1,0,,,0.00286146346896,2.7972521362e-07,Sindhupalchowk,85.75701532393872,28.04798852334588
0,5/4/015,Sindhupalchowk.kmz/Sindhupalchowk/5/4,0,0,0.0,-1,0,,,0.00459051004731,5.44520753959e-07,Sindhupalchowk,85.75669880331282,28.048694326492768
0,5/4/015,Sindhupalchowk.kmz/Sindhupalchowk/5/4,0,0,0.0,-1,0,,,0.00799782631097,1.24318629258e-06,Sindhupalchowk,85.74350473842154,28.047318280681832
0,6/3/015,Sindhupalchowk.kmz/Sindhupalchowk/6/3,0,0,0.0,-1,0,,,0.0021393896351,2.12266291575e-07,Sindhupalchowk,85.74422422672889,28.0392958039457
0,6/3/015,Sindhupalchowk.kmz/Sindhupalchowk/6/3,0,0,0.0,-1,0,,,0.0115267648539,2.79136185133e-06,Sindhupalchowk,85.74334576674258,28.090922367614105
0,5/4/015,Sindhupalchowk.kmz/Sindhupalchowk/5/4,0,0,0.0,-1,0,,,0.0124327713901,1.49489713801e-06,Sindhupalchowk,85.73625957156241,28.0822670588275
0,5/2/015,Sindhupalchowk.kmz/Sindhupalchowk/5/2,0,0,0.0,-1,0,,,0.00941125683175,2.46819068616e-06,Sindhupalchowk,85.74090035948828,28.076381298404723
0,5/4/015,Sindhupalchowk.kmz/Sindhupalchowk/5/4,0,0,0.0,-1,0,,,0.00532456906855,5.71196853259e-07,Sindhupalchowk,85.746026174618,28.06821085503682
0,5/3/015,Sindhupalchowk.kmz/Sindhupalchowk/5/3,0,0,0.0,-1,0,,,0.0040054058395,5.11252476662e-07,Sindhupalchowk,85.76753546856527,28.04034146135094
0,6/3/015,Sindhupalchowk.kmz/Sindhupalchowk/6/3,0,0,0.0,-1,0,,,0.00328296654301,5.15687238607e-07,Sindhupalchowk,85.75191742862191,28.03666173481174
0,6/3/015,Sindhupalchowk.kmz/Sindhupalchowk/6/3,0,0,0.0,-1,0,,,0.00565803347988,6.01575090431e-07,Sindhupalchowk,85.7381126123145,28.033540111813867
0,6/3/015,Sindhupalchowk.kmz/Sindhupalchowk/6/3,0,0,0.0,-1,0,,,0.0131043368722,3.38337623747e-06,Sindhupalchowk,85.73801072269912,28.100160069197265
0,5/4/015,Sindhupalchowk.kmz/Sindhupalchowk/5/4,0,0,0.0,-1,0,,,0.00373587328486,5.30873584148e-07,Sindhupalchowk,85.74087473611583,28.015339789897045
0,5/4/015,Sindhupalchowk.kmz/Sindhupalchowk/5/4,0,0,0.0,-1,0,,,0.00336471589615,1.60177338897e-07,Sindhupalchowk,85.74171353334485,28.01465432403184
0,5/4/015,Sindhupalchowk.kmz/Sindhupalchowk/5/4,0,0,0.0,-1,0,,,0.00434617896363,8.04638090011e-07,Sindhupalchowk,85.73815553100299,28.008454183863257
0,11/3/014,Sindhupalchowk.kmz/Sindhupalchowk/11/3,0,0,0.0,-1,0,,,0.0070111458489,1.09255035177e-06,Sindhupalchowk,85.73430612247124,28.01284480794479
0,5/4/015,Sindhupalchowk.kmz/Sindhupalchowk/5/4,0,0,0.0,-1,0,,,0.00248509936932,2.01073784732e-07,Sindhupalchowk,85.74519440245011,28.00850509563439
0,5/3/015,Sindhupalchowk.kmz/Sindhupalchowk/5/3,0,0,0.0,-1,0,,,0.00257609189399,1.46813203395e-07,Sindhupalchowk,85.7474627721323,28.00230805941343
0,5/4/015,Sindhupalchowk.kmz/Sindhupalchowk/5/4,0,0,0.0,-1,0,,,0.00809835366215,8.71839770525e-07,Sindhupalchowk,85.75513521017838,28.013416783117922
0,5/4/015,Sindhupalchowk.kmz/Sindhupalchowk/5/4,0,0,0.0,-1,0,,,0.007976445259,8.6128230073e-07,Sindhupalchowk,85.7640870940013,28.008749303763604
0,5/3/015,Sindhupalchowk.kmz/Sindhupalchowk/5/3,0,0,0.0,-1,0,,,0.00206225621561,1.1098757564e-07,Sindhupalchowk,85.76196603185409,28.00926362795191
0,5/3/015,Sindhupalchowk.kmz/Sindhupalchowk/5/3,0,0,0.0,-1,0,,,0.00294736300661,1.64838395953e-07,Sindhupalchowk,85.7591427893679,28.008660980103972
0,5/22/015,Sindhupalchowk.kmz/Sindhupalchowk/5/22,0,0,0.0,-1,0,,,0.012346912307,3.97202343065e-06,Sindhupalchowk,86.00465330624203,27.75995246704555
0,6/3/015,Sindhupalchowk.kmz/Sindhupalchowk/6/3,0,0,0.0,-1,0,,,0.00686698719114,1.0310527976e-06,Sindhupalchowk,85.74059162974274,27.994991687609893
0,6/3/015,Sindhupalchowk.kmz/Sindhupalchowk/6/3,0,0,0.0,-1,0,,,0.00154328220673,1.22582250303e-07,Sindhupalchowk,85.74122115461796,27.998979565159637
0,6/3/015,Sindhupalchowk.kmz/Sindhupalchowk/6/3,0,0,0.0,-1,0,,,0.00220269927094,1.54276403583e-07,Sindhupalchowk,85.74378538688593,27.99884869023668
0,6/3/015,Sindhupalchowk.kmz/Sindhupalchowk/6/3,0,0,0.0,-1,0,,,0.00374676590747,2.87981811833e-07,Sindhupalchowk,85.74238531931341,27.999524808680167
0,5/3/015,Sindhupalchowk.kmz/Sindhupalchowk/5/3,0,0,0.0,-1,0,,,0.00409173015482,5.81039313618e-07,Sindhupalchowk,85.7615293426023,27.997106220571887
0,5/2/015,Sindhupalchowk.kmz/Sindhupalchowk/5/2,0,0,0.0,-1,0,,,0.00777982387718,1.06992505633e-06,Sindhupalchowk,85.73831165881731,28.08922084699379
0,5/3/015,Sindhupalchowk.kmz/Sindhupalchowk/5/3,0,0,0.0,-1,0,,,0.00185075052963,1.17129271993e-07,Sindhupalchowk,85.65354451803843,27.75259682201891
0,5/3/015,Sindhupalchowk.kmz/Sindhupalchowk/5/3,0,0,0.0,-1,0,,,0.00185150121201,9.98971641193e-08,Sindhupalchowk,85.65424477769572,27.760041605389066
0,5/22/015,Sindhupalchowk.kmz/Sindhupalchowk/5/22,0,0,0.0,-1,0,,,0.032436218134,8.89719930157e-06,Sindhupalchowk,86.01157712654287,27.76340305828591
0,5/25/015,Sindhupalchowk.kmz/Sindhupalchowk/5/25,0,0,0.0,-1,0,,,0.0117441782279,4.34017404246e-06,Sindhupalchowk,86.01407160704636,27.75772347821192
0,5/22/015,Sindhupalchowk.kmz/Sindhupalchowk/5/22,0,0,0.0,-1,0,,,0.00464366763822,5.74188607537e-07,Sindhupalchowk,86.00180137709961,27.762614958074984
0,5/22/015,Sindhupalchowk.kmz/Sindhupalchowk/5/22,0,0,0.0,-1,0,,,0.00475831139252,5.55595494902e-07,Sindhupalchowk,85.9999444394835,27.761518753871737
0,5/22/015,Sindhupalchowk.kmz/Sindhupalchowk/5/22,0,0,0.0,-1,0,,,0.00828200825565,8.54866922306e-07,Sindhupalchowk,86.00775052399631,27.762957917431837
0,5/22/015,Sindhupalchowk.kmz/Sindhupalchowk/5/22,0,0,0.0,-1,0,,,0.0105683129984,2.33418868649e-06,Sindhupalchowk,86.00705806933341,27.770166955574048
0,5/22/015,Sindhupalchowk.kmz/Sindhupalchowk/5/22,0,0,0.0,-1,0,,,0.00561124824366,1.25682808637e-06,Sindhupalchowk,85.99996213872546,27.76922877364854
0,12/24/015,Sindhupalchowk.kmz/Sindhupalchowk/12/24,0,0,0.0,-1,0,,,0.00414782985621,8.21102653986e-07,Sindhupalchowk,85.99302680741278,27.789590989292734
0,5/22/015,Sindhupalchowk.kmz/Sindhupalchowk/5/22,0,0,0.0,-1,0,,,0.010143377469,5.08016603725e-06,Sindhupalchowk,86.00006622137583,27.78996378604455
0,5/22/015,Sindhupalchowk.kmz/Sindhupalchowk/5/22,0,0,0.0,-1,0,,,0.0049634127005,1.19005480689e-06,Sindhupalchowk,86.0101322078092,27.787948021514918
0,5/22/015,Sindhupalchowk.kmz/Sindhupalchowk/5/22,0,0,0.0,-1,0,,,0.00498849336999,9.32568303514e-07,Sindhupalchowk,86.01171390160913,27.788162048980535
0,5/22/015,Sindhupalchowk.kmz/Sindhupalchowk/5/22,0,0,0.0,-1,0,,,0.0066898275566,1.00687751353e-06,Sindhupalchowk,86.00453299087359,27.791325265333533
0,5/22/015,Sindhupalchowk.kmz/Sindhupalchowk/5/22,0,0,0.0,-1,0,,,0.00419256557681,5.6152598619e-07,Sindhupalchowk,86.01070913472306,27.793114771362372
0,5/22/015,Sindhupalchowk.kmz/Sindhupalchowk/5/22,0,0,0.0,-1,0,,,0.00746767517691,1.54998973062e-06,Sindhupalchowk,86.01412928906919,27.783629275021067
0,5/22/015,Sindhupalchowk.kmz/Sindhupalchowk/5/22,0,0,0.0,-1,0,,,0.0071491509543,9.5280762837e-07,Sindhupalchowk,85.99848955766383,27.80877753529882
0,5/22/015,Sindhupalchowk.kmz/Sindhupalchowk/5/22,0,0,0.0,-1,0,,,0.00975162565796,1.74956749863e-06,Sindhupalchowk,85.9767200503514,27.81282801542947
0,5/22/015,Sindhupalchowk.kmz/Sindhupalchowk/5/22,0,0,0.0,-1,0,,,0.00454194451372,6.65736192901e-07,Sindhupalchowk,85.97870235465051,27.81241749524862
0,5/25/015,Sindhupalchowk.kmz/Sindhupalchowk/5/25,0,0,0.0,-1,0,,,0.00387186961436,4.05698268592e-07,Sindhupalchowk,85.96421947924958,27.81877427281499
0,5/25/015,Sindhupalchowk.kmz/Sindhupalchowk/5/25,0,0,0.0,-1,0,,,0.00509419973048,5.82379398577e-07,Sindhupalchowk,85.96474894346338,27.81668543512215
0,5/25/015,Sindhupalchowk.kmz/Sindhupalchowk/5/25,0,0,0.0,-1,0,,,0.00431870784104,7.60178285306e-07,Sindhupalchowk,85.96912557985821,27.820842095256985
0,5/25/015,Sindhupalchowk.kmz/Sindhupalchowk/5/25,0,0,0.0,-1,0,,,0.00357223692438,4.74818820811e-07,Sindhupalchowk,85.96952633569609,27.819844360302774
0,5/13/015,Sindhupalchowk.kmz/Sindhupalchowk/5/13,0,0,0.0,-1,0,,,0.00798662053689,1.30115685782e-06,Sindhupalchowk,85.95365842012133,27.814069143638843
0,5/13/015,Sindhupalchowk.kmz/Sindhupalchowk/5/13,0,0,0.0,-1,0,,,0.0336680726363,1.48573351956e-05,Sindhupalchowk,85.93705828260268,27.831755116526107
0,5/13/015,Sindhupalchowk.kmz/Sindhupalchowk/5/13,0,0,0.0,-1,0,,,0.0208399990363,6.91987514877e-06,Sindhupalchowk,85.92816730645626,27.818529791526043
0,5/4/015,Sindhupalchowk.kmz/Sindhupalchowk/5/4,0,0,0.0,-1,0,,,0.00743702253719,6.6446490477e-07,Sindhupalchowk,85.92060746451698,27.831458833304527
0,5/4/015,Sindhupalchowk.kmz/Sindhupalchowk/5/4,0,0,0.0,-1,0,,,0.0198876359259,8.31486776063e-06,Sindhupalchowk,85.91691202344947,27.82946281769561
0,5/4/015,Sindhupalchowk.kmz/Sindhupalchowk/5/4,0,0,0.0,-1,0,,,0.00973409612336,1.49449189244e-06,Sindhupalchowk,85.9190826145808,27.830584312103852
0,5/4/015,Sindhupalchowk.kmz/Sindhupalchowk/5/4,0,0,0.0,-1,0,,,0.00218779678016,2.16678190396e-07,Sindhupalchowk,85.92098016159612,27.832605978882462
0,5/24/015,Sindhupalchowk.kmz/Sindhupalchowk/5/24,0,0,0.0,-1,0,,,0.00425698305119,5.76733958019e-07,Sindhupalchowk,85.91485894362125,27.824708580204184
0,5/4/015,Sindhupalchowk.kmz/Sindhupalchowk/5/4,0,0,0.0,-1,0,,,0.00190797200798,1.62050558434e-07,Sindhupalchowk,85.91392976335419,27.823387431094872
0,5/4/015,Sindhupalchowk.kmz/Sindhupalchowk/5/4,0,0,0.0,-1,0,,,0.00277624430861,1.85828975764e-07,Sindhupalchowk,85.91305728002958,27.826757439677156
0,5/22/015,Sindhupalchowk.kmz/Sindhupalchowk/5/22,0,0,0.0,-1,0,,,0.00187878371004,1.4575175426e-07,Sindhupalchowk,85.91384700087954,27.825070182728233
0,5/4/015,Sindhupalchowk.kmz/Sindhupalchowk/5/4,0,0,0.0,-1,0,,,0.0149727104928,7.9910501935e-06,Sindhupalchowk,85.92416359916879,27.816131109178457
0,5/4/015,Sindhupalchowk.kmz/Sindhupalchowk/5/4,0,0,0.0,-1,0,,,0.00795502630413,7.4817329307e-07,Sindhupalchowk,85.92321918017267,27.818250520806878
0,5/25/015,Sindhupalchowk.kmz/Sindhupalchowk/5/25,0,0,0.0,-1,0,,,0.00272844687781,2.75423423949e-07,Sindhupalchowk,85.91778184193316,27.817551216834882
0,5/25/015,Sindhupalchowk.kmz/Sindhupalchowk/5/25,0,0,0.0,-1,0,,,0.00404175211778,3.81218947465e-07,Sindhupalchowk,85.91951017591104,27.82340664001788
0,5/25/015,Sindhupalchowk.kmz/Sindhupalchowk/5/25,0,0,0.0,-1,0,,,0.0028486738825,2.36371745891e-07,Sindhupalchowk,85.91971269977773,27.820389141297063
0,5/4/015,Sindhupalchowk.kmz/Sindhupalchowk/5/4,0,0,0.0,-1,0,,,0.0173629077094,8.48847668881e-06,Sindhupalchowk,85.91102778680441,27.816261592670223
0,5/4/015,Sindhupalchowk.kmz/Sindhupalchowk/5/4,0,0,0.0,-1,0,,,0.00430803819884,9.95371616703e-07,Sindhupalchowk,85.90963152051435,27.814209108579885
0,5/4/015,Sindhupalchowk.kmz/Sindhupalchowk/5/4,0,0,0.0,-1,0,,,0.00434740856643,6.2940405111e-07,Sindhupalchowk,85.90721348274425,27.816386354236542
0,5//015,Sindhupalchowk.kmz/Sindhupalchowk/5/,0,0,0.0,-1,0,,,0.00369882865353,3.11479529216e-07,Sindhupalchowk,85.90190899679304,27.817980882303914
0,5/4/015,Sindhupalchowk.kmz/Sindhupalchowk/5/4,0,0,0.0,-1,0,,,0.00271130020019,3.19129168222e-07,Sindhupalchowk,85.90636771271376,27.815879034598282
0,5/25/015,Sindhupalchowk.kmz/Sindhupalchowk/5/25,0,0,0.0,-1,0,,,0.00329164017723,5.55517004257e-07,Sindhupalchowk,85.99653091095998,27.791552829665072
0,5/25/015,Sindhupalchowk.kmz/Sindhupalchowk/5/25,0,0,0.0,-1,0,,,0.0032832877347,4.39725511253e-07,Sindhupalchowk,85.99437113693946,27.791563972936007
0,5/4/015,Sindhupalchowk.kmz/Sindhupalchowk/5/4,0,0,0.0,-1,0,,,0.00907692871562,1.52382390097e-06,Sindhupalchowk,85.69885775485012,27.95740738023492
0,11/10/013,Sindhupalchowk.kmz/Sindhupalchowk/11/10,1,0,0.0,-1,0,,,0.00301260690713,2.14437789994e-07,Sindhupalchowk,85.76423082775784,27.719656933033832
0,5/3/015,Sindhupalchowk.kmz/Sindhupalchowk/5/3,0,0,0.0,-1,0,,,0.00121525556766,3.85240556159e-08,Sindhupalchowk,85.76488368611855,27.71864215328992
0,5/3/015,Sindhupalchowk.kmz/Sindhupalchowk/5/3,0,0,0.0,-1,0,,,0.00366353740284,3.31781768442e-07,Sindhupalchowk,85.76649211718912,27.719395297710577
0,2/13/013,Sindhupalchowk.kmz/Sindhupalchowk/2/13,1,0,0.0,-1,0,,,0.0018039883231,2.09777821456e-07,Sindhupalchowk,85.77876014479682,27.73010213618375
0,5/3/015,Sindhupalchowk.kmz/Sindhupalchowk/5/3,0,0,0.0,-1,0,,,0.00696062778072,7.81680943646e-07,Sindhupalchowk,85.77370773846549,27.741576031106447
0,5/3/015,Sindhupalchowk.kmz/Sindhupalchowk/5/3,0,0,0.0,-1,0,,,0.00248614045031,2.54227799379e-07,Sindhupalchowk,85.77498188989227,27.741588212582457
0,5/3/015,Sindhupalchowk.kmz/Sindhupalchowk/5/3,0,0,0.0,-1,0,,,0.0051380468494,3.37889019176e-07,Sindhupalchowk,85.88806575407307,27.867169041316487
0,5/3/015,Sindhupalchowk.kmz/Sindhupalchowk/5/3,0,0,0.0,-1,0,,,0.00248968950093,1.71791719494e-07,Sindhupalchowk,85.88692408031476,27.867001845737466
0,5/4/015,Sindhupalchowk.kmz/Sindhupalchowk/5/4,0,0,0.0,-1,0,,,0.00172711821435,7.7325412057e-08,Sindhupalchowk,85.88357262437233,27.871410957655566
0,5/4/015,Sindhupalchowk.kmz/Sindhupalchowk/5/4,0,0,0.0,-1,0,,,0.00175084808249,1.66346972216e-07,Sindhupalchowk,85.88339696499546,27.871110522707777
0,5/4/015,Sindhupalchowk.kmz/Sindhupalchowk/5/4,0,0,0.0,-1,0,,,0.00170846382116,1.42925910286e-07,Sindhupalchowk,85.88154428405757,27.868788457139388
0,5/4/015,Sindhupalchowk.kmz/Sindhupalchowk/5/4,0,0,0.0,-1,0,,,0.00231713451003,1.83956358995e-07,Sindhupalchowk,85.88131149504288,27.86839493735476
0,5/4/015,Sindhupalchowk.kmz/Sindhupalchowk/5/4,0,0,0.0,-1,0,,,0.000765833698734,3.73279194475e-08,Sindhupalchowk,85.88167764816606,27.867257119080648
0,5/4/015,Sindhupalchowk.kmz/Sindhupalchowk/5/4,0,0,0.0,-1,0,,,0.00211695077309,9.3350106067e-08,Sindhupalchowk,85.88282030423164,27.865005334839086
0,5/24/015,Sindhupalchowk.kmz/Sindhupalchowk/5/24,0,0,0.0,-1,0,,,0.00156446820961,1.20923471556e-07,Sindhupalchowk,85.88258961608234,27.86155359552517
0,10/6/012,Sindhupalchowk.kmz/Sindhupalchowk/10/6,1,0,0.0,-1,0,,,0.00418383455758,5.10359121736e-07,Sindhupalchowk,85.88403862319836,27.859005504724383
0,10/6/012,Sindhupalchowk.kmz/Sindhupalchowk/10/6,1,0,0.0,-1,0,,,0.0102858286264,9.72684471354e-07,Sindhupalchowk,85.88261315750846,27.85837387493977
0,5/4/15,Sindhupalchowk.kmz/Sindhupalchowk/5/4,0,0,0.0,-1,0,,,0.00175357202646,1.03900189712e-07,Sindhupalchowk,85.88574563986379,27.85875306800655
0,5/4/15,Sindhupalchowk.kmz/Sindhupalchowk/5/4,0,0,0.0,-1,0,,,0.00369598031233,3.72587457785e-07,Sindhupalchowk,85.88504574391874,27.858128727643216
0,5/4/015,Sindhupalchowk.kmz/Sindhupalchowk/5/4,0,0,0.0,-1,0,,,0.00463132593687,3.93651944595e-07,Sindhupalchowk,85.88826966452513,27.857677248739147
0,5/4/15,Sindhupalchowk.kmz/Sindhupalchowk/5/4,0,0,0.0,-1,0,,,0.00207104765334,1.22603669555e-07,Sindhupalchowk,85.88657271482431,27.84691521102225
0,5/4/15,Sindhupalchowk.kmz/Sindhupalchowk/5/4,0,0,0.0,-1,0,,,0.00161973605203,1.19193121419e-07,Sindhupalchowk,85.88654890395581,27.84641740270339
0,5/4/15,Sindhupalchowk.kmz/Sindhupalchowk/5/4,0,0,0.0,-1,0,,,0.0110529980868,2.31274511595e-06,Sindhupalchowk,85.88833955875182,27.845812679822615
0,5/4/15,Sindhupalchowk.kmz/Sindhupalchowk/5/4,0,0,0.0,-1,0,,,0.0117096786641,2.51836121221e-06,Sindhupalchowk,85.88834343948248,27.844820009727936
0,5/4/15,Sindhupalchowk.kmz/Sindhupalchowk/5/4,0,0,0.0,-1,0,,,0.00307300148986,4.63644752726e-07,Sindhupalchowk,85.88663199081076,27.843312427776663
0,5/4/15,Sindhupalchowk.kmz/Sindhupalchowk/5/4,0,0,0.0,-1,0,,,0.00916807693511,2.68702817328e-06,Sindhupalchowk,85.88678515740642,27.841267196995197
0,5/4/15,Sindhupalchowk.kmz/Sindhupalchowk/5/4,0,0,0.0,-1,0,,,0.00613267809536,1.41443814183e-06,Sindhupalchowk,85.88421256276526,27.8325662320875
0,5/4/015,Sindhupalchowk.kmz/Sindhupalchowk/5/4,0,0,0.0,-1,0,,,0.00357439830024,2.02151168542e-07,Sindhupalchowk,85.89039232601289,27.84177039739186
0,5/4/015,Sindhupalchowk.kmz/Sindhupalchowk/5/4,0,0,0.0,-1,0,,,0.00117825799275,3.2663457762e-08,Sindhupalchowk,85.89106712951798,27.841355288993327
0,5/4/015,Sindhupalchowk.kmz/Sindhupalchowk/5/4,0,0,0.0,-1,0,,,0.00192078683824,9.84937628785e-08,Sindhupalchowk,85.89272335112993,27.840059986745878
0,10/25/012,Sindhupalchowk.kmz/Sindhupalchowk/10/25,1,0,0.0,-1,0,,,0.00325609703253,3.31331195754e-07,Sindhupalchowk,85.87998802903236,27.852739563464954
0,12/6/05,Sindhupalchowk.kmz/Sindhupalchowk/12/6,1,0,0.0,-1,0,,,0.00329694854084,6.7386742535e-07,Sindhupalchowk,85.88082824085535,27.85117744356181
0,3/8/2004,Sindhupalchowk.kmz/Sindhupalchowk/3/8,3,0,0.0,-1,0,,,0.00360610989037,4.22814276086e-07,Sindhupalchowk,85.88115905154213,27.847851590907375
0,5/4/015,Sindhupalchowk.kmz/Sindhupalchowk/5/4,3,0,0.0,-1,0,,,0.00294986577012,3.18301449204e-07,Sindhupalchowk,85.88153004832108,27.84151940486714
0,5/14/015,Sindhupalchowk.kmz/Sindhupalchowk/5/14,0,0,0.0,-1,0,,,0.00468016509441,5.07920740297e-07,Sindhupalchowk,85.87363430457064,27.832014095705368
0,5/4/015,Sindhupalchowk.kmz/Sindhupalchowk/5/4,0,0,0.0,-1,0,,,0.00371558051543,3.44915970733e-07,Sindhupalchowk,85.87606867473066,27.829770025556286
0,5/4/015,Sindhupalchowk.kmz/Sindhupalchowk/5/4,0,0,0.0,-1,0,,,0.00405721113151,4.08302845152e-07,Sindhupalchowk,85.87843426569844,27.82936128024392
0,5/4/015,Sindhupalchowk.kmz/Sindhupalchowk/5/4,0,0,0.0,-1,0,,,0.00241186721293,3.04067774615e-07,Sindhupalchowk,85.87983624241764,27.828186875077126
0,5/14/015,Sindhupalchowk.kmz/Sindhupalchowk/5/14,0,0,0.0,-1,0,,,0.00585719073985,1.37504343016e-06,Sindhupalchowk,85.87601452426058,27.82796954031711
0,5/4/015,Sindhupalchowk.kmz/Sindhupalchowk/5/4,0,0,0.0,-1,0,,,0.00300925881262,2.55145750733e-07,Sindhupalchowk,85.87796240483975,27.827255879394283
0,5/14/015,Sindhupalchowk.kmz/Sindhupalchowk/5/14,0,0,0.0,-1,0,,,0.00203301058716,1.70254431295e-07,Sindhupalchowk,85.8834141601063,27.827517503451237
0,5/14/015,Sindhupalchowk.kmz/Sindhupalchowk/5/14,0,0,0.0,-1,0,,,0.00327133137879,1.75556519911e-07,Sindhupalchowk,85.88427509400489,27.824467945708868
0,5/4/015,Sindhupalchowk.kmz/Sindhupalchowk/5/4,0,0,0.0,-1,0,,,0.00192940786326,2.40409537375e-07,Sindhupalchowk,85.88422540435975,27.821693934912226
0,5/14/015,Sindhupalchowk.kmz/Sindhupalchowk/5/14,0,0,0.0,-1,0,,,0.00193217370416,1.24788059935e-07,Sindhupalchowk,85.88392164075111,27.82273573594954
0,5/24/015,Sindhupalchowk.kmz/Sindhupalchowk/5/24,0,0,0.0,-1,0,,,0.00321155164826,2.54818302615e-07,Sindhupalchowk,85.89359287734588,27.803586498185904
0,5/14/015,Sindhupalchowk.kmz/Sindhupalchowk/5/14,0,0,0.0,-1,0,,,0.00142447175593,6.24086276264e-08,Sindhupalchowk,85.89358509512994,27.80428842915728
0,5/4/015,Sindhupalchowk.kmz/Sindhupalchowk/5/4,0,0,0.0,-1,0,,,0.00335645137673,2.89076504204e-07,Sindhupalchowk,85.89610025234106,27.804434237947184
0,5/4/015,Sindhupalchowk.kmz/Sindhupalchowk/5/4,0,0,0.0,-1,0,,,0.000662135104135,2.7107383592e-08,Sindhupalchowk,85.90034007509446,27.806725649682797
0,5/4/015,Sindhupalchowk.kmz/Sindhupalchowk/5/4,0,0,0.0,-1,0,,,0.00098996377769,6.75323960442e-08,Sindhupalchowk,85.90058493479692,27.806772607131318
0,5/4/015,Sindhupalchowk.kmz/Sindhupalchowk/5/4,0,0,0.0,-1,0,,,0.000836246444153,2.99981287209e-08,Sindhupalchowk,85.90076555792825,27.807005151380167
0,5/4/015,Sindhupalchowk.kmz/Sindhupalchowk/5/4,0,0,0.0,-1,0,,,0.000741903111089,2.391223207e-08,Sindhupalchowk,85.90094264348686,27.807334677132893
0,5/4/015,Sindhupalchowk.kmz/Sindhupalchowk/5/4,0,0,0.0,-1,0,,,0.00251758583697,2.23363387784e-07,Sindhupalchowk,85.9008387765949,27.8221065691278
0,5/4/015,Sindhupalchowk.kmz/Sindhupalchowk/5/4,0,0,0.0,-1,0,,,0.0017744639008,1.07506160376e-07,Sindhupalchowk,85.90004092038254,27.821525984657466
0,5/4/015,Sindhupalchowk.kmz/Sindhupalchowk/5/4,0,0,0.0,-1,0,,,0.00137872464584,5.53129813885e-08,Sindhupalchowk,85.89930489481729,27.819987694995607
0,5/4/015,Sindhupalchowk.kmz/Sindhupalchowk/5/4,0,0,0.0,-1,0,,,0.00335137093116,3.92699004689e-07,Sindhupalchowk,85.89617982920909,27.82222853772257
0,5/4/015,Sindhupalchowk.kmz/Sindhupalchowk/5/4,0,0,0.0,-1,0,,,0.00281466511694,2.76411563243e-07,Sindhupalchowk,85.89580268599755,27.821557943577314
0,12/4/014,Sindhupalchowk.kmz/Sindhupalchowk/12/4,1,0,0.0,-1,0,,,0.00106468508351,5.52067196735e-08,Sindhupalchowk,85.8945997253233,27.82569487748777
0,12/4/014,Sindhupalchowk.kmz/Sindhupalchowk/12/4,1,0,0.0,-1,0,,,0.00130852602264,5.3376855119e-08,Sindhupalchowk,85.89432613974091,27.826037129141703
0,12/4/014,Sindhupalchowk.kmz/Sindhupalchowk/12/4,1,0,0.0,-1,0,,,0.00160687502872,6.04961523027e-08,Sindhupalchowk,85.89503736848445,27.826567536495432
0,12/4/014,Sindhupalchowk.kmz/Sindhupalchowk/12/4,1,0,0.0,-1,0,,,0.00201265770237,8.97113258783e-08,Sindhupalchowk,85.89546126004515,27.826276759598212
0,12/4/014,Sindhupalchowk.kmz/Sindhupalchowk/12/4,1,0,0.0,-1,0,,,0.00167792919738,7.42399986921e-08,Sindhupalchowk,85.89538272964545,27.825503875728426
0,12/4/014,Sindhupalchowk.kmz/Sindhupalchowk/12/4,1,0,0.0,-1,0,,,0.00140061354549,7.59609645501e-08,Sindhupalchowk,85.89735954018357,27.825721482919647
0,5/4/015,Sindhupalchowk.kmz/Sindhupalchowk/5/4,0,0,0.0,-1,0,,,0.00544681167371,1.27257832664e-06,Sindhupalchowk,85.89758475795558,27.821743657378864
0,12/4/014,Sindhupalchowk.kmz/Sindhupalchowk/12/4,0,0,0.0,-1,0,,,0.00523508749752,5.35435609873e-07,Sindhupalchowk,85.89850760834985,27.821278702698756
0,5/4/015,Sindhupalchowk.kmz/Sindhupalchowk/5/4,0,0,0.0,-1,0,,,0.00289483484506,3.26262856097e-07,Sindhupalchowk,85.8985457503784,27.822601177549906
0,5/22/015,Sindhupalchowk.kmz/Sindhupalchowk/5/22,0,0,0.0,-1,0,,,0.00776239820648,1.10418701341e-06,Sindhupalchowk,85.89614567826196,27.82929334225267
0,5/22/015,Sindhupalchowk.kmz/Sindhupalchowk/5/22,0,0,0.0,-1,0,,,0.00348662220236,2.69002068173e-07,Sindhupalchowk,85.89723630830741,27.829845485595133
0,5/22/015,Sindhupalchowk.kmz/Sindhupalchowk/5/22,0,0,0.0,-1,0,,,0.00284992385939,2.53512991099e-07,Sindhupalchowk,85.89775237340714,27.82964364765947
0,5/22/015,Sindhupalchowk.kmz/Sindhupalchowk/5/22,0,0,0.0,-1,0,,,0.0109079464555,1.55769936771e-06,Sindhupalchowk,85.89830284406483,27.828453963145027
0,5/2/015,Sindhupalchowk.kmz/Sindhupalchowk/5/2,0,0,0.0,-1,0,,,0.00274313747621,2.10598297592e-07,Sindhupalchowk,85.68400739803931,28.01976722471531
0,5/4/015,Sindhupalchowk.kmz/Sindhupalchowk/5/4,0,0,0.0,-1,0,,,0.0105786952871,1.51332438274e-06,Sindhupalchowk,85.88428426037134,27.83008554910219
0,5/4/015,Sindhupalchowk.kmz/Sindhupalchowk/5/4,0,0,0.0,-1,0,,,0.00672546210708,7.24665561508e-07,Sindhupalchowk,85.88361815484204,27.849082181418446
0,5/24/015,Sindhupalchowk.kmz/Sindhupalchowk/5/24,0,0,0.0,-1,0,,,0.00302980647595,2.0998763454e-07,Sindhupalchowk,85.88448755930031,27.84738824210315
0,5/24/015,Sindhupalchowk.kmz/Sindhupalchowk/5/24,0,0,0.0,-1,0,,,0.00107865750705,5.36185813525e-08,Sindhupalchowk,85.8835469289587,27.85078071892562
0,5/24/015,Sindhupalchowk.kmz/Sindhupalchowk/5/24,0,0,0.0,-1,0,,,0.00120000048589,7.29448028843e-08,Sindhupalchowk,85.88371474505462,27.850527534549613
0,12/4/014,Sindhupalchowk.kmz/Sindhupalchowk/12/4,0,0,0.0,-1,0,,,0.00126473587012,6.06042394611e-08,Sindhupalchowk,85.88479524711425,27.863190668677305
0,10/6/012,Sindhupalchowk.kmz/Sindhupalchowk/10/6,0,0,0.0,-1,0,,,0.000866877061013,2.82764826027e-08,Sindhupalchowk,85.88877581231222,27.859580781690877
0,5/24/015,Sindhupalchowk.kmz/Sindhupalchowk/5/24,0,0,0.0,-1,0,,,0.000797385545364,2.86383580786e-08,Sindhupalchowk,85.88815368153297,27.85856208752948
0,5/24/015,Sindhupalchowk.kmz/Sindhupalchowk/5/24,0,0,0.0,-1,0,,,0.000667841969395,1.42709561774e-08,Sindhupalchowk,85.8853753247686,27.85901806774333
0,5/14/015,Sindhupalchowk.kmz/Sindhupalchowk/5/14,0,0,0.0,-1,0,,,0.0108998214283,3.42947185454e-06,Sindhupalchowk,85.8930563612039,27.80958432490992
0,5/14/015,Sindhupalchowk.kmz/Sindhupalchowk/5/14,0,0,0.0,-1,0,,,0.0039156950561,6.07143497986e-07,Sindhupalchowk,85.89562248966483,27.809158140524485
0,5/14/015,Sindhupalchowk.kmz/Sindhupalchowk/5/14,0,0,0.0,-1,0,,,0.00242417512865,2.4579328208e-07,Sindhupalchowk,85.88981519444927,27.809917343142732
0,5/14/015,Sindhupalchowk.kmz/Sindhupalchowk/5/14,0,0,0.0,-1,0,,,0.00177854530988,1.87140650078e-07,Sindhupalchowk,85.88785542180737,27.809284711552102
0,5/22/015,Sindhupalchowk.kmz/Sindhupalchowk/5/22,0,0,0.0,-1,0,,,0.00213139139528,1.52726659449e-07,Sindhupalchowk,85.91711757473455,27.852980737297436
0,6/2/015,Sindhupalchowk.kmz/Sindhupalchowk/6/2,0,0,0.0,-1,0,,,0.00339157883789,4.59147207772e-07,Sindhupalchowk,85.87300995680928,27.827453369637208
0,12/4/014,Sindhupalchowk.kmz/Sindhupalchowk/12/4,1,0,0.0,-1,0,,,0.00206845037548,1.55172918877e-07,Sindhupalchowk,85.87718039851354,27.82457848620259
0,5/4/015,Sindhupalchowk.kmz/Sindhupalchowk/5/4,0,0,0.0,-1,0,,,0.00775543452728,1.00437311002e-06,Sindhupalchowk,85.8746717554089,27.82983465931788
0,5/4/015,Sindhupalchowk.kmz/Sindhupalchowk/5/4,0,0,0.0,-1,0,,,0.00194880521535,5.84980321116e-08,Sindhupalchowk,85.88651243425667,27.864105737577955
0,5/4/015,Sindhupalchowk.kmz/Sindhupalchowk/5/4,0,0,0.0,-1,0,,,0.00528433309777,7.28167220166e-07,Sindhupalchowk,85.88860212949308,27.865322098991335
0,5/14/015,Sindhupalchowk.kmz/Sindhupalchowk/5/14,0,0,0.0,-1,0,,,0.0038079564248,5.4386218566e-07,Sindhupalchowk,85.89657876298597,27.82307266982848
0,6/2/015,Sindhupalchowk.kmz/Sindhupalchowk/6/2,0,0,0.0,-1,0,,,0.00365820599874,3.69048014301e-07,Sindhupalchowk,85.88124424936913,27.82811797744999
0,2/1/016,Sindhupalchowk.kmz/Sindhupalchowk/2/1,0,0,0.0,-1,0,,,0.0016926166061,8.42585632065e-08,Sindhupalchowk,85.55687255963632,27.89758745422579
0,5/25/015,Sindhupalchowk.kmz/Sindhupalchowk/5/25,0,0,0.0,-1,0,,,0.00138854065585,3.4572595484e-08,Sindhupalchowk,85.56000239076441,27.898735487374857
0,11/28/012,Sindhupalchowk.kmz/Sindhupalchowk/11/28,0,0,0.0,-1,0,,,0.00119649763994,6.84222773605e-08,Sindhupalchowk,85.52683751827827,27.83960547064314
0,2/1/2016,Sindhupalchowk.kmz/Sindhupalchowk/2/1,0,0,0.0,-1,0,,,0.00285368638632,2.7816465706e-07,Sindhupalchowk,85.53227122352239,27.843623120973156
0,4/7/016,Sindhupalchowk.kmz/Sindhupalchowk/4/7,0,0,0.0,-1,0,,,0.00157727246267,1.02387979525e-07,Sindhupalchowk,85.53015776185413,27.813413614992474
0,2/1/016,Sindhupalchowk.kmz/Sindhupalchowk/2/1,0,0,0.0,-1,0,,,0.00107831609688,5.05557161302e-08,Sindhupalchowk,85.54459337823288,27.84466918820883
0,2/1/016,Sindhupalchowk.kmz/Sindhupalchowk/2/1,0,0,0.0,-1,0,,,0.00117906883583,6.82240630693e-08,Sindhupalchowk,85.54406741511723,27.843244052985035
0,2/1/016,Sindhupalchowk.kmz/Sindhupalchowk/2/1,0,0,0.0,-1,0,,,0.00137677140586,5.28771162892e-08,Sindhupalchowk,85.53498527995303,27.839665842327918
0,5/25/015,Sindhupalchowk.kmz/Sindhupalchowk/5/25,0,0,0.0,-1,0,,,0.00144530202741,1.03557164852e-07,Sindhupalchowk,85.5293902940251,27.838264621647102
0,5/25/015,Sindhupalchowk.kmz/Sindhupalchowk/5/25,0,0,0.0,-1,0,,,0.00169054276414,9.63888905397e-08,Sindhupalchowk,85.5053843703777,27.830752051590007
0,11/20/015,Sindhupalchowk.kmz/Sindhupalchowk/11/20,0,0,0.0,-1,0,,,0.00426865482177,3.92818153862e-07,Sindhupalchowk,85.5319827358197,27.817387120830794
0,1/12/010,Sindhupalchowk.kmz/Sindhupalchowk/1/12,0,0,0.0,-1,0,,,0.0198341408939,1.7864221707e-05,Sindhupalchowk,85.48727703882714,27.84563792699774
0,1/12/010,Sindhupalchowk.kmz/Sindhupalchowk/1/12,0,0,0.0,-1,0,,,0.00306716206404,2.95219589125e-07,Sindhupalchowk,85.48714646158366,27.84883913309666
0,1/12/010,Sindhupalchowk.kmz/Sindhupalchowk/1/12,0,0,0.0,-1,0,,,0.00285852720789,3.74991823128e-07,Sindhupalchowk,85.48555607222502,27.8494768470497
0,1/12/010,Sindhupalchowk.kmz/Sindhupalchowk/1/12,0,0,0.0,-1,0,,,0.001499670367,1.04288911108e-07,Sindhupalchowk,85.48475495025586,27.846743906972794
0,1/12/010,Sindhupalchowk.kmz/Sindhupalchowk/1/12,0,0,0.0,-1,0,,,0.00528556371602,7.80090546648e-07,Sindhupalchowk,85.48414959579009,27.847528771010957
0,5/25/015,Sindhupalchowk.kmz/Sindhupalchowk/5/25,0,0,0.0,-1,0,,,0.00606237474008,3.49163203401e-07,Sindhupalchowk,85.4760312258625,27.870039629202644
0,5/25/015,Sindhupalchowk.kmz/Sindhupalchowk/5/25,0,0,0.0,-1,0,,,0.00226425686054,2.15294648732e-07,Sindhupalchowk,85.47878427620259,27.8713217932034
0,5/25/015,Sindhupalchowk.kmz/Sindhupalchowk/5/25,0,0,0.0,-1,0,,,0.00153304947571,4.24396325961e-08,Sindhupalchowk,85.48028750774594,27.872912471177067
0,5/25/015,Sindhupalchowk.kmz/Sindhupalchowk/5/25,0,0,0.0,-1,0,,,0.00315857312669,3.26285662304e-07,Sindhupalchowk,85.47923579734999,27.87216682600122
0,10/1/014,Sindhupalchowk.kmz/Sindhupalchowk/10/1,1,0,0.0,-1,0,,,0.00161912230844,1.02021663135e-07,Sindhupalchowk,85.47746205138628,27.877776169582845
0,10/1/014,Sindhupalchowk.kmz/Sindhupalchowk/10/1,1,0,0.0,-1,0,,,0.00068098009855,2.28651997015e-08,Sindhupalchowk,85.47381105928308,27.876689588834722
0,10/1/014,Sindhupalchowk.kmz/Sindhupalchowk/10/1,1,0,0.0,-1,0,,,0.00076068067054,2.12215153781e-08,Sindhupalchowk,85.47405125933342,27.876898645375658
0,5/2/015,Sindhupalchowk.kmz/Sindhupalchowk/5/2,0,0,0.0,-1,0,,,0.00854246694833,1.6126030898e-06,Sindhupalchowk,85.7121319130817,28.0239858245729
0,10/1/014,Sindhupalchowk.kmz/Sindhupalchowk/10/1,1,0,0.0,-1,0,,,0.00106468561977,3.72770967262e-08,Sindhupalchowk,85.47324998215844,27.876226924115926
0,5/25/015,Sindhupalchowk.kmz/Sindhupalchowk/5/25,1,0,0.0,-1,0,,,0.0022589976483,2.59313014336e-07,Sindhupalchowk,85.47445069022818,27.866116492769457
0,5/2/015,Sindhupalchowk.kmz/Sindhupalchowk/5/2,0,0,0.0,-1,0,,,0.00485228680259,7.684238327e-07,Sindhupalchowk,85.6845323360672,28.02232106542943
0,5/25/015,Sindhupalchowk.kmz/Sindhupalchowk/5/25,1,0,0.0,-1,0,,,0.00350354019103,2.0827857389e-07,Sindhupalchowk,85.47247897361363,27.866095527067564
0,4/30/016,Sindhupalchowk.kmz/Sindhupalchowk/4/30,0,0,0.0,-1,0,,,0.00312808958482,2.50765066207e-07,Sindhupalchowk,85.4659860041353,27.862643083111394
0,4/30/016,Sindhupalchowk.kmz/Sindhupalchowk/4/30,0,0,0.0,-1,0,,,0.0013976747709,7.71174444981e-08,Sindhupalchowk,85.46531236145312,27.863480728257265
0,4/30/016,Sindhupalchowk.kmz/Sindhupalchowk/4/30,0,0,0.0,-1,0,,,0.00134202108743,4.52899035274e-08,Sindhupalchowk,85.46230623822116,27.859855939237555
0,10/1/010,Sindhupalchowk.kmz/Sindhupalchowk/10/1,1,0,0.0,-1,0,,,0.00157179137539,6.73211442087e-08,Sindhupalchowk,85.46303640527296,27.859120152670194
0,4/30/016,Sindhupalchowk.kmz/Sindhupalchowk/4/30,1,0,0.0,-1,0,,,0.00133860834176,8.44337057242e-08,Sindhupalchowk,85.4619421629737,27.86082061710463
0,4/30/016,Sindhupalchowk.kmz/Sindhupalchowk/4/30,1,0,0.0,-1,0,,,0.000797291966226,3.47054502209e-08,Sindhupalchowk,85.46172042557187,27.861378300122862
0,5/14/015,Sindhupalchowk.kmz/Sindhupalchowk/5/14,1,0,0.0,-1,0,,,0.00148359447172,1.10007975527e-07,Sindhupalchowk,85.4596363823208,27.844005991687002
0,5/14/015,Sindhupalchowk.kmz/Sindhupalchowk/5/14,0,0,0.0,-1,0,,,0.00120400528938,7.78135828172e-08,Sindhupalchowk,85.46370656556974,27.84272329146615
0,5/3/015,Sindhupalchowk.kmz/Sindhupalchowk/5/3,0,0,0.0,-1,0,,,0.00174295869648,1.8342568786e-07,Sindhupalchowk,85.46463476435689,27.84302019710315
0,2/1/016,Sindhupalchowk.kmz/Sindhupalchowk/2/1,0,0,0.0,-1,0,,,0.00317070237026,1.80457262327e-07,Sindhupalchowk,85.51438690272226,27.83083959955474
0,4/7/016,Sindhupalchowk.kmz/Sindhupalchowk/4/7,0,0,0.0,-1,0,,,0.00431030989022,5.29082096046e-07,Sindhupalchowk,85.46768493008226,27.841279803338722
0,4/7/016,Sindhupalchowk.kmz/Sindhupalchowk/4/7,0,0,0.0,-1,0,,,0.00102329771432,5.2076865867e-08,Sindhupalchowk,85.46753045476738,27.840336739978703
0,2/13/013,Sindhupalchowk.kmz/Sindhupalchowk/2/13,1,0,0.0,-1,0,,,0.00469482898922,2.84884627061e-07,Sindhupalchowk,85.4973379716411,27.836051828262203
0,5/14/015,Sindhupalchowk.kmz/Sindhupalchowk/5/14,0,0,0.0,-1,0,,,0.00153972563678,7.78788312724e-08,Sindhupalchowk,85.49783095343656,27.835588345505215
0,5/14/015,Sindhupalchowk.kmz/Sindhupalchowk/5/14,0,0,0.0,-1,0,,,0.00139756166251,6.01780205836e-08,Sindhupalchowk,85.49814090318638,27.835503406813967
0,5/3/015,Sindhupalchowk.kmz/Sindhupalchowk/5/3,0,0,0.0,-1,0,,,0.00377355417546,6.64589299325e-07,Sindhupalchowk,85.4882897427254,27.852505950808215
0,5/3/015,Sindhupalchowk.kmz/Sindhupalchowk/5/3,0,0,0.0,-1,0,,,0.00204751851169,1.53122354061e-07,Sindhupalchowk,85.48844823922181,27.850632815307613
0,5/3/015,Sindhupalchowk.kmz/Sindhupalchowk/5/3,0,0,0.0,-1,0,,,0.00141115540442,1.09292451531e-07,Sindhupalchowk,85.48721447586733,27.854166928397472
0,5/3/015,Sindhupalchowk.kmz/Sindhupalchowk/5/3,0,0,0.0,-1,0,,,0.00141100471121,1.37692004719e-07,Sindhupalchowk,85.48681159625498,27.853284257151223
0,5/3/015,Sindhupalchowk.kmz/Sindhupalchowk/5/3,0,0,0.0,-1,0,,,0.00121153800372,4.84002122687e-08,Sindhupalchowk,85.48783702453791,27.850978060695084
0,1/23/2010,Sindhupalchowk.kmz/Sindhupalchowk/1/23,3,0,0.0,-1,0,,,0.0023208687077,2.93625343018e-07,Sindhupalchowk,85.53424145970872,27.800828523466112
0,5/25/015,Sindhupalchowk.kmz/Sindhupalchowk/5/25,2,0,0.0,-1,0,,,0.00296551609443,1.26741040394e-07,Sindhupalchowk,85.53466328827768,27.801362539130576
0,11/20/015,Sindhupalchowk.kmz/Sindhupalchowk/11/20,2,0,0.0,-1,0,,,0.00348980994447,3.36248045e-07,Sindhupalchowk,85.53564925649437,27.800735124447957
0,4/30/016,Sindhupalchowk.kmz/Sindhupalchowk/4/30,2,0,0.0,-1,0,,,0.00109143790525,5.0841748495e-08,Sindhupalchowk,85.53689034849243,27.80020348257439
0,11/20/015,Sindhupalchowk.kmz/Sindhupalchowk/11/20,0,0,0.0,-1,0,,,0.000833241554894,4.69384516297e-08,Sindhupalchowk,85.54964341452819,27.79724535076342
0,11/20/015,Sindhupalchowk.kmz/Sindhupalchowk/11/20,0,0,0.0,-1,0,,,0.000922285550335,4.90992319038e-08,Sindhupalchowk,85.5506896372733,27.797389423895062
0,11/20/015,Sindhupalchowk.kmz/Sindhupalchowk/11/20,0,0,0.0,-1,0,,,0.00081729126523,3.92073627378e-08,Sindhupalchowk,85.5510313243079,27.79725852018613
0,11/20/015,Sindhupalchowk.kmz/Sindhupalchowk/11/20,0,0,0.0,-1,0,,,0.000523539300866,1.90392173415e-08,Sindhupalchowk,85.55153217837444,27.797178710263864
0,10/1/014,Sindhupalchowk.kmz/Sindhupalchowk/10/1,0,0,0.0,-1,0,,,0.000951593535646,6.39791497097e-08,Sindhupalchowk,85.55550111288292,27.796981346567204
0,2/1/016,Sindhupalchowk.kmz/Sindhupalchowk/2/1,0,0,0.0,-1,0,,,0.00158820104216,7.56532059297e-08,Sindhupalchowk,85.63077524994621,27.83290111478791
0,5/3/015,Sindhupalchowk.kmz/Sindhupalchowk/5/3,0,0,0.0,-1,0,,,0.00232011988701,2.70646019699e-07,Sindhupalchowk,85.64837907629398,27.874801892772787
0,2/1/016,Sindhupalchowk.kmz/Sindhupalchowk/2/1,0,0,0.0,-1,0,,,0.00213694179169,7.69170652181e-08,Sindhupalchowk,85.67117681498851,27.892580663055103
0,5/2/015,Sindhupalchowk.kmz/Sindhupalchowk/5/2,0,0,0.0,-1,0,,,0.00178462442249,7.08699056691e-08,Sindhupalchowk,85.66576774118009,27.890643550318735
0,5/2/015,Sindhupalchowk.kmz/Sindhupalchowk/5/2,0,0,0.0,-1,0,,,0.000518025063108,8.61899578214e-09,Sindhupalchowk,85.66494704954422,27.889215414082003
0,5/2/015,Sindhupalchowk.kmz/Sindhupalchowk/5/2,0,0,0.0,-1,0,,,0.000697318524786,2.42182581744e-08,Sindhupalchowk,85.66512068742162,27.88920737952841
0,5/2/015,Sindhupalchowk.kmz/Sindhupalchowk/5/2,0,0,0.0,-1,0,,,0.00258816609073,1.1739193575e-07,Sindhupalchowk,85.66567767515647,27.889377950798504
0,5/3/015,Sindhupalchowk.kmz/Sindhupalchowk/5/3,0,0,0.0,-1,0,,,0.000985563158863,3.37135111171e-08,Sindhupalchowk,85.66907271151054,27.890141197242983
0,5/2/015,Sindhupalchowk.kmz/Sindhupalchowk/5/2,0,0,0.0,-1,0,,,0.000632558318113,1.66623701787e-08,Sindhupalchowk,85.66737203897198,27.889614794197207
0,2/1/016,Sindhupalchowk.kmz/Sindhupalchowk/2/1,0,0,0.0,-1,0,,,0.000871120800561,5.00956554425e-08,Sindhupalchowk,85.6711874525627,27.89094864874976
0,5/3/015,Sindhupalchowk.kmz/Sindhupalchowk/5/3,0,0,0.0,-1,0,,,0.00165368155582,6.53348326067e-08,Sindhupalchowk,85.66751890436214,27.85660453044967
0,5/2/015,Sindhupalchowk.kmz/Sindhupalchowk/5/2,0,0,0.0,-1,0,,,0.00135874505802,6.29267915256e-08,Sindhupalchowk,85.6476880239978,27.895711108324445
0,5/2/015,Sindhupalchowk.kmz/Sindhupalchowk/5/2,0,0,0.0,-1,0,,,0.00233398608644,7.25377859866e-08,Sindhupalchowk,85.64800803438803,27.895925398608913
0,5/2/015,Sindhupalchowk.kmz/Sindhupalchowk/5/2,0,0,0.0,-1,0,,,0.00216654996488,1.01300893065e-07,Sindhupalchowk,85.64867602264638,27.896147461258
0,5/2/015,Sindhupalchowk.kmz/Sindhupalchowk/5/2,0,0,0.0,-1,0,,,0.00173233675727,1.59567032392e-07,Sindhupalchowk,85.64899519746089,27.896023534131043
0,12/18/014,Sindhupalchowk.kmz/Sindhupalchowk/12/18,0,0,0.0,-1,0,,,0.00263079177675,2.91299920698e-07,Sindhupalchowk,85.65084976594797,27.89679141197614
0,12/18/014,Sindhupalchowk.kmz/Sindhupalchowk/12/18,0,0,0.0,-1,0,,,0.00123930000362,5.50623111986e-08,Sindhupalchowk,85.6519233824232,27.896529145415407
0,12/18/014,Sindhupalchowk.kmz/Sindhupalchowk/12/18,0,0,0.0,-1,0,,,0.000697472804195,2.86198926457e-08,Sindhupalchowk,85.65245676171898,27.896444320235194
0,5/2/015,Sindhupalchowk.kmz/Sindhupalchowk/5/2,0,0,0.0,-1,0,,,0.00223326075588,1.07357843986e-07,Sindhupalchowk,85.66913615588294,27.85625231166798
0,5/2/015,Sindhupalchowk.kmz/Sindhupalchowk/5/2,0,0,0.0,-1,0,,,0.00177338753056,6.69917223582e-08,Sindhupalchowk,85.66961332391594,27.8563466386001
0,2/1/016,Sindhupalchowk.kmz/Sindhupalchowk/2/1,0,0,0.0,-1,0,,,0.00102098280082,5.19547486202e-08,Sindhupalchowk,85.65846246484536,27.838729341440715
0,2/1/016,Sindhupalchowk.kmz/Sindhupalchowk/2/1,0,0,0.0,-1,0,,,0.00209656948233,1.60869752891e-07,Sindhupalchowk,85.65154538346746,27.837183709866807
0,5/25/015,Sindhupalchowk.kmz/Sindhupalchowk/5/25,0,0,0.0,-1,0,,,0.00160227362729,9.62641986799e-08,Sindhupalchowk,85.64965779504088,27.837082036556957
0,5/3/015,Sindhupalchowk.kmz/Sindhupalchowk/5/3,0,0,0.0,-1,0,,,0.00266808772153,2.20858489519e-07,Sindhupalchowk,85.65324319328435,27.83006632670501
0,5/3/015,Sindhupalchowk.kmz/Sindhupalchowk/5/3,0,0,0.0,-1,0,,,0.00495509423209,3.0950007628e-07,Sindhupalchowk,85.65412309136684,27.829192322642548
0,10/1/014,Sindhupalchowk.kmz/Sindhupalchowk/10/1,1,0,0.0,-1,0,,,0.00137410143048,7.21107956884e-08,Sindhupalchowk,85.63970518424946,27.829679160848176
0,10/1/014,Sindhupalchowk.kmz/Sindhupalchowk/10/1,1,0,0.0,-1,0,,,0.00151250277211,1.14241064487e-07,Sindhupalchowk,85.64016090344775,27.83001061046509
0,2/1/016,Sindhupalchowk.kmz/Sindhupalchowk/2/1,0,0,0.0,-1,0,,,0.0026693304009,3.02182700499e-07,Sindhupalchowk,85.67312725846725,27.815901189193937
0,514/015,Sindhupalchowk.kmz/Sindhupalchowk/514,0,0,0.0,-1,0,,,0.000957357944278,3.40995626677e-08,Sindhupalchowk,85.67776465191969,27.830000203359173
0,5/2/015,Sindhupalchowk.kmz/Sindhupalchowk/5/2,0,0,0.0,-1,0,,,0.00122419603091,7.67085376467e-08,Sindhupalchowk,85.52497033734049,27.919435689062013
0,5/2/015,Sindhupalchowk.kmz/Sindhupalchowk/5/2,0,0,0.0,-1,0,,,0.00179967280405,1.22593891941e-07,Sindhupalchowk,85.52584993341392,27.91919052178846
0,2/1/016,Sindhupalchowk.kmz/Sindhupalchowk/2/1,0,0,0.0,-1,0,,,0.00149341781731,6.43624082423e-08,Sindhupalchowk,85.51961111980606,27.9088544381919
0,10/28/012,Sindhupalchowk.kmz/Sindhupalchowk/10/28,1,0,0.0,-1,0,,,0.00178130039041,1.30558253026e-07,Sindhupalchowk,85.51928550666089,27.914588858950527
0,5/2/015,Sindhupalchowk.kmz/Sindhupalchowk/5/2,0,0,0.0,-1,0,,,0.00193027705061,1.35690591913e-07,Sindhupalchowk,85.53327130715817,27.93735098635275
0,5/2/015,Sindhupalchowk.kmz/Sindhupalchowk/5/2,0,0,0.0,-1,0,,,0.000430640641994,8.44835667275e-09,Sindhupalchowk,85.53276209680324,27.937472791664472
0,5/2/015,Sindhupalchowk.kmz/Sindhupalchowk/5/2,0,0,0.0,-1,0,,,0.00151896988672,5.75665444064e-08,Sindhupalchowk,85.53357652099265,27.937996398104783
0,5/2/015,Sindhupalchowk.kmz/Sindhupalchowk/5/2,0,0,0.0,-1,0,,,0.00139216327711,3.72053823885e-08,Sindhupalchowk,85.53558208604335,27.937372819567322
0,5/2/015,Sindhupalchowk.kmz/Sindhupalchowk/5/2,0,0,0.0,-1,0,,,0.00115175829076,7.77146751578e-08,Sindhupalchowk,85.53593446100156,27.937651422031916
0,5/2/015,Sindhupalchowk.kmz/Sindhupalchowk/5/2,0,0,0.0,-1,0,,,0.00259061672398,1.6844996097e-07,Sindhupalchowk,85.52418824041727,27.932946335812474
0,2/1/016,Sindhupalchowk.kmz/Sindhupalchowk/2/1,0,0,0.0,-1,0,,,0.00452121801966,2.18625656315e-07,Sindhupalchowk,85.52317299991915,27.93491520447024
0,2/1/016,Sindhupalchowk.kmz/Sindhupalchowk/2/1,0,0,0.0,-1,0,,,0.00152926931127,5.91523571606e-08,Sindhupalchowk,85.523717308758,27.93506766435937
0,2/1/016,Sindhupalchowk.kmz/Sindhupalchowk/2/1,0,0,0.0,-1,0,,,0.00128633301942,6.68903126672e-08,Sindhupalchowk,85.52473141921857,27.936688446802854
0,2/1/016,Sindhupalchowk.kmz/Sindhupalchowk/2/1,0,0,0.0,-1,0,,,0.00157436266037,1.13986634957e-07,Sindhupalchowk,85.52544184382816,27.936239806352404
0,2/1/016,Sindhupalchowk.kmz/Sindhupalchowk/2/1,0,0,0.0,-1,0,,,0.00113986009238,6.46971183388e-08,Sindhupalchowk,85.54266233688774,27.92998357539704
0,2/1/016,Sindhupalchowk.kmz/Sindhupalchowk/2/1,0,0,0.0,-1,0,,,0.00343598348887,1.14899807888e-07,Sindhupalchowk,85.49745115432542,27.917996093308936
0,2/1/016,Sindhupalchowk.kmz/Sindhupalchowk/2/1,0,0,0.0,-1,0,,,0.00133240524761,5.24351073981e-08,Sindhupalchowk,85.49878856434229,27.919024038683087
0,5/3/015,Sindhupalchowk.kmz/Sindhupalchowk/5/3,0,0,0.0,-1,0,,,0.00125115023521,6.75026151223e-08,Sindhupalchowk,85.64544779805628,27.89825241330187
0,5/3/015,Sindhupalchowk.kmz/Sindhupalchowk/5/3,0,0,0.0,-1,0,,,0.000924195396933,4.9031990577e-08,Sindhupalchowk,85.64587853082205,27.898335868507264
0,10/31/012,Sindhupalchowk.kmz/Sindhupalchowk/10/31,1,0,0.0,-1,0,,,0.00371248416811,2.80820766353e-07,Sindhupalchowk,85.6511816370404,27.901233531217756
0,10/31/012,Sindhupalchowk.kmz/Sindhupalchowk/10/31,1,0,0.0,-1,0,,,0.00607622611347,4.70440979975e-07,Sindhupalchowk,85.65088766056809,27.900531388156367
0,10/31/012,Sindhupalchowk.kmz/Sindhupalchowk/10/31,1,0,0.0,-1,0,,,0.00407269937483,7.21778474266e-07,Sindhupalchowk,85.64283608205879,27.911929417567237
0,10/31/012,Sindhupalchowk.kmz/Sindhupalchowk/10/31,1,0,0.0,-1,0,,,0.00218852345792,2.32428437269e-07,Sindhupalchowk,85.64378695590904,27.91180875277872
0,10/31/012,Sindhupalchowk.kmz/Sindhupalchowk/10/31,1,0,0.0,-1,0,,,0.00104368483376,7.27469134516e-08,Sindhupalchowk,85.64456492901634,27.91142159729537
0,10/31/012,Sindhupalchowk.kmz/Sindhupalchowk/10/31,1,0,0.0,-1,0,,,0.00192819840411,2.47549148137e-07,Sindhupalchowk,85.64080157338091,27.91237371325528
0,4/7/01,Sindhupalchowk.kmz/Sindhupalchowk/4/7,1,0,0.0,-1,0,,,0.0408317670202,4.43187994291e-05,Sindhupalchowk,85.69864470398956,27.91849229834722
0,4/7/01,Sindhupalchowk.kmz/Sindhupalchowk/4/7,1,0,0.0,-1,0,,,0.0105694875392,4.38226044821e-06,Sindhupalchowk,85.69667081582004,27.910627690519792
0,4/7/01,Sindhupalchowk.kmz/Sindhupalchowk/4/7,1,0,0.0,-1,0,,,0.00851312785822,1.86636189755e-06,Sindhupalchowk,85.69364081736684,27.910905613634448
0,5/3/015,Sindhupalchowk.kmz/Sindhupalchowk/5/3,0,0,0.0,-1,0,,,0.00836250123761,1.01978369222e-06,Sindhupalchowk,85.68258825152746,27.920795516187265
0,5/3/015,Sindhupalchowk.kmz/Sindhupalchowk/5/3,0,0,0.0,-1,0,,,0.00455177113801,5.02334980265e-07,Sindhupalchowk,85.6854225225188,27.91774322584419
0,5/3/015,Sindhupalchowk.kmz/Sindhupalchowk/5/3,0,0,0.0,-1,0,,,0.0118609268517,2.71344627916e-06,Sindhupalchowk,85.68825083991696,27.916170653173484
0,5/2/015,Sindhupalchowk.kmz/Sindhupalchowk/5/2,0,0,0.0,-1,0,,,0.00722966006544,8.22659741943e-07,Sindhupalchowk,85.68016728209912,27.903948397453636
0,5/2/015,Sindhupalchowk.kmz/Sindhupalchowk/5/2,0,0,0.0,-1,0,,,0.00404891458661,6.91956475714e-07,Sindhupalchowk,85.68682784881065,27.90103398069803
0,5/2/015,Sindhupalchowk.kmz/Sindhupalchowk/5/2,0,0,0.0,-1,0,,,0.00482292155796,6.00952007074e-07,Sindhupalchowk,85.69041647971805,27.927383360051337
0,5/3/015,Sindhupalchowk.kmz/Sindhupalchowk/5/3,0,0,0.0,-1,0,,,0.00433893091246,6.91643760068e-07,Sindhupalchowk,85.69108902058794,27.91399336972189
0,5/3/015,Sindhupalchowk.kmz/Sindhupalchowk/5/3,0,0,0.0,-1,0,,,0.00799535149559,1.25292335829e-06,Sindhupalchowk,85.68440330315869,27.91830755926901
0,5/3/015,Sindhupalchowk.kmz/Sindhupalchowk/5/3,0,0,0.0,-1,0,,,0.00196386519429,1.8094680331e-07,Sindhupalchowk,85.67185120713623,27.9090475301488
0,5/3/015,Sindhupalchowk.kmz/Sindhupalchowk/5/3,0,0,0.0,-1,0,,,0.00192179186525,1.98318128959e-07,Sindhupalchowk,85.67123295485048,27.908643894091615
0,5/3/015,Sindhupalchowk.kmz/Sindhupalchowk/5/3,0,0,0.0,-1,0,,,0.00331481884226,5.38675988341e-07,Sindhupalchowk,85.67369601618955,27.90710098576828
0,5/3/015,Sindhupalchowk.kmz/Sindhupalchowk/5/3,0,0,0.0,-1,0,,,0.00228205575221,2.45139686486e-07,Sindhupalchowk,85.67548734686238,27.90654944896588
0,5/3/015,Sindhupalchowk.kmz/Sindhupalchowk/5/3,0,0,0.0,-1,0,,,0.00790382447526,1.1481001115e-06,Sindhupalchowk,85.67249896452253,27.9070291559493
0,5/4/015,Sindhupalchowk.kmz/Sindhupalchowk/5/4,0,0,0.0,-1,0,,,0.00900356971526,3.26170962572e-06,Sindhupalchowk,85.91625719828501,27.908641885559327
0,5/4/015,Sindhupalchowk.kmz/Sindhupalchowk/5/4,0,0,0.0,-1,0,,,0.0066221543684,1.10531152762e-06,Sindhupalchowk,85.91363221900039,27.91024357859958
0,5/4/015,Sindhupalchowk.kmz/Sindhupalchowk/5/4,0,0,0.0,-1,0,,,0.00598040954845,8.12673591754e-07,Sindhupalchowk,85.91447035768165,27.911448165861252
0,5/4/015,Sindhupalchowk.kmz/Sindhupalchowk/5/4,0,0,0.0,-1,0,,,0.0178193259883,5.66117521089e-06,Sindhupalchowk,85.91415762842546,27.91520137362251
0,5/4/015,Sindhupalchowk.kmz/Sindhupalchowk/5/4,0,0,0.0,-1,0,,,0.00578276888246,1.36894678219e-06,Sindhupalchowk,85.91416079310962,27.91305819981678
0,5/4/015,Sindhupalchowk.kmz/Sindhupalchowk/5/4,0,0,0.0,-1,0,,,0.0206049754765,6.86677291154e-06,Sindhupalchowk,85.91843960170576,27.909867528822847
0,5/4/015,Sindhupalchowk.kmz/Sindhupalchowk/5/4,0,0,0.0,-1,0,,,0.00627391325094,1.06034052305e-06,Sindhupalchowk,85.91788193841523,27.915053561950888
0,5/4/015,Sindhupalchowk.kmz/Sindhupalchowk/5/4,0,0,0.0,-1,0,,,0.00553148286958,9.2130704719e-07,Sindhupalchowk,85.91932012484496,27.914826493002497
0,5/4/015,Sindhupalchowk.kmz/Sindhupalchowk/5/4,0,0,0.0,-1,0,,,0.0155314376318,5.34997571244e-06,Sindhupalchowk,85.92203989594377,27.914834422004407
0,5/4/015,Sindhupalchowk.kmz/Sindhupalchowk/5/4,0,0,0.0,-1,0,,,0.0125019195183,3.85476731241e-06,Sindhupalchowk,85.923901485784,27.917289111403267
0,5/4/015,Sindhupalchowk.kmz/Sindhupalchowk/5/4,0,0,0.0,-1,0,,,0.00680928888646,1.26182912908e-06,Sindhupalchowk,85.91900631858007,27.918043047890727
0,5/4/015,Sindhupalchowk.kmz/Sindhupalchowk/5/4,0,0,0.0,-1,0,,,0.00274955022921,3.03797077152e-07,Sindhupalchowk,85.91938456524709,27.920082680652122
0,3/21/05,Sindhupalchowk.kmz/Sindhupalchowk/3/21,1,0,0.0,-1,0,,,0.0435205400531,1.00894534795e-05,Sindhupalchowk,85.93375565125551,27.945311953165394
0,3/21/05,Sindhupalchowk.kmz/Sindhupalchowk/3/21,1,0,0.0,-1,0,,,0.012701859693,2.58303750495e-06,Sindhupalchowk,85.93332077180852,27.944154069404956
0,3/21/05,Sindhupalchowk.kmz/Sindhupalchowk/3/21,1,0,0.0,-1,0,,,0.00580316300598,1.05215880748e-06,Sindhupalchowk,85.93723388372118,27.939421720564678
0,3/21/05,Sindhupalchowk.kmz/Sindhupalchowk/3/21,1,0,0.0,-1,0,,,0.0128829728338,1.88939536453e-06,Sindhupalchowk,85.93867808630964,27.940304523164638
0,2/21/015,Sindhupalchowk.kmz/Sindhupalchowk/2/21,1,0,0.0,-1,0,,,0.0211448699435,2.31026879842e-06,Sindhupalchowk,85.95369376322907,27.976332108352914
0,5/4/015,Sindhupalchowk.kmz/Sindhupalchowk/5/4,0,0,0.0,-1,0,,,0.00867550907473,1.69449542098e-06,Sindhupalchowk,85.93822670550573,27.96703523460763
0,5/4/015,Sindhupalchowk.kmz/Sindhupalchowk/5/4,0,0,0.0,-1,0,,,0.00737940467798,9.59423815333e-07,Sindhupalchowk,85.94279917788221,27.967719860188158
0,5/4/016,Sindhupalchowk.kmz/Sindhupalchowk/5/4,0,0,0.0,-1,0,,,0.00574932250806,8.97135923182e-07,Sindhupalchowk,85.94457320890434,27.972956743489327
0,5/4/015,Sindhupalchowk.kmz/Sindhupalchowk/5/4,0,0,0.0,-1,0,,,0.00531520592347,9.41504273364e-07,Sindhupalchowk,85.9412847225472,27.974225675548993
0,5/4/015,Sindhupalchowk.kmz/Sindhupalchowk/5/4,0,0,0.0,-1,0,,,0.00627140085502,6.3740882771e-07,Sindhupalchowk,85.94193248529658,27.97236500708207
0,5/4/015,Sindhupalchowk.kmz/Sindhupalchowk/5/4,0,0,0.0,-1,0,,,0.0126079607969,1.49874817782e-06,Sindhupalchowk,85.94350627464202,27.974027439749705
0,5/4/015,Sindhupalchowk.kmz/Sindhupalchowk/5/4,0,0,0.0,-1,0,,,0.0099105180328,1.11102593998e-06,Sindhupalchowk,85.93794459954731,27.971812203109067
0,5/4/015,Sindhupalchowk.kmz/Sindhupalchowk/5/4,0,0,0.0,-1,0,,,0.00343832810717,3.78877023527e-07,Sindhupalchowk,85.94246371883234,27.97775589140089
0,5/4/015,Sindhupalchowk.kmz/Sindhupalchowk/5/4,0,0,0.0,-1,0,,,0.00721334648601,9.77690276626e-07,Sindhupalchowk,85.94538630054662,27.97744241058804
0,5/4/015,Sindhupalchowk.kmz/Sindhupalchowk/5/4,0,0,0.0,-1,0,,,0.0253429824569,4.41564818429e-06,Sindhupalchowk,85.93561740826428,27.978978057620044
0,5/4/015,Sindhupalchowk.kmz/Sindhupalchowk/5/4,0,0,0.0,-1,0,,,0.0333320877551,8.27013615933e-06,Sindhupalchowk,85.93125011578061,27.980239323098314
0,5/4/015,Sindhupalchowk.kmz/Sindhupalchowk/5/4,0,0,0.0,-1,0,,,0.00791235288694,1.63629613618e-06,Sindhupalchowk,85.93004220058359,27.974427305784733
0,5/4/015,Sindhupalchowk.kmz/Sindhupalchowk/5/4,0,0,0.0,-1,0,,,0.00643713829184,6.77612424205e-07,Sindhupalchowk,85.91279461261774,27.948542090933742
0,5/4/015,Sindhupalchowk.kmz/Sindhupalchowk/5/4,0,0,0.0,-1,0,,,0.0122868410216,2.63171660914e-06,Sindhupalchowk,85.9149995603416,27.950335234744784
0,5/4/015,Sindhupalchowk.kmz/Sindhupalchowk/5/4,0,0,0.0,-1,0,,,0.00274489573301,2.53303715859e-07,Sindhupalchowk,85.91367060615873,27.95219345670322
0,5/4/015,Sindhupalchowk.kmz/Sindhupalchowk/5/4,0,0,0.0,-1,0,,,0.0233490020081,1.6595106651e-05,Sindhupalchowk,85.91744752698581,27.930149094577363
0,5/4/015,Sindhupalchowk.kmz/Sindhupalchowk/5/4,0,0,0.0,-1,0,,,0.00597949133848,1.0072157991e-06,Sindhupalchowk,85.90879061005829,27.927474410670857
0,5/4/015,Sindhupalchowk.kmz/Sindhupalchowk/5/4,0,0,0.0,-1,0,,,0.00809465361246,7.29242107341e-07,Sindhupalchowk,85.91006043990579,27.929270518801207
0,5/4/015,Sindhupalchowk.kmz/Sindhupalchowk/5/4,0,0,0.0,-1,0,,,0.00596269699069,5.52376974545e-07,Sindhupalchowk,85.91109892679846,27.929612773821454
0,5/4/015,Sindhupalchowk.kmz/Sindhupalchowk/5/4,0,0,0.0,-1,0,,,0.00501494309547,5.00926787408e-07,Sindhupalchowk,85.93595425993612,27.94812463570615
0,3/8/04,Sindhupalchowk.kmz/Sindhupalchowk/3/8,1,0,0.0,-1,0,,,0.0145220811805,4.25962063695e-06,Sindhupalchowk,85.83777952054302,27.93281244777581
0,3/8/04,Sindhupalchowk.kmz/Sindhupalchowk/3/8,1,0,0.0,-1,0,,,0.00863002818418,3.10362472006e-06,Sindhupalchowk,85.80830639743054,27.944569442287047
0,3/8/04,Sindhupalchowk.kmz/Sindhupalchowk/3/8,1,0,0.0,-1,0,,,0.0208332351298,1.35668221722e-05,Sindhupalchowk,85.80257326353706,27.945598597283798
0,3/8/04,Sindhupalchowk.kmz/Sindhupalchowk/3/8,1,0,0.0,-1,0,,,0.00941215752811,2.81705594824e-06,Sindhupalchowk,85.80063358903341,27.940243380827717
0,3/8/04,Sindhupalchowk.kmz/Sindhupalchowk/3/8,1,0,0.0,-1,0,,,0.00750919519467,1.16758658677e-06,Sindhupalchowk,85.80180064436034,27.938061175986242
0,3/8/04,Sindhupalchowk.kmz/Sindhupalchowk/3/8,1,0,0.0,-1,0,,,0.00245658244921,2.02234859833e-07,Sindhupalchowk,85.81115197100465,27.93859011334538
0,3/8/04,Sindhupalchowk.kmz/Sindhupalchowk/3/8,1,0,0.0,-1,0,,,0.00373844617862,6.63052583748e-07,Sindhupalchowk,85.81052313386142,27.93928482264493
0,3/8/04,Sindhupalchowk.kmz/Sindhupalchowk/3/8,1,0,0.0,-1,0,,,0.0110095043028,1.28308458566e-06,Sindhupalchowk,85.81023286436893,27.942135393216713
0,12/4/014,Sindhupalchowk.kmz/Sindhupalchowk/12/4,1,0,0.0,-1,0,,,0.00607904331179,9.60766000652e-07,Sindhupalchowk,85.82103340248291,27.948906942135896
0,10/31/012,Sindhupalchowk.kmz/Sindhupalchowk/10/31,1,0,0.0,-1,0,,,0.004764905156,7.96763778805e-07,Sindhupalchowk,85.79953018963207,27.954669175356955
0,5/13/015,Sindhupalchowk.kmz/Sindhupalchowk/5/13,0,0,0.0,-1,0,,,0.00932481071789,1.5318245361e-06,Sindhupalchowk,85.99911778774172,27.75636328862198
0,5/13/015,Sindhupalchowk.kmz/Sindhupalchowk/5/13,0,0,0.0,-1,0,,,0.00983527016628,3.47245299759e-06,Sindhupalchowk,86.00139097195779,27.756915169597686
0,5/13/015,Sindhupalchowk.kmz/Sindhupalchowk/5/13,0,0,0.0,-1,0,,,0.00731178839175,1.81572241435e-06,Sindhupalchowk,86.01020925863773,27.755204719428548
0,5/3/015,Sindhupalchowk.kmz/Sindhupalchowk/5/3,0,0,0.0,-1,0,,,0.0107439012574,2.27952700343e-06,Sindhupalchowk,85.85747445603948,27.818898317606102
0,5/3/015,Sindhupalchowk.kmz/Sindhupalchowk/5/3,0,0,0.0,-1,0,,,0.0109169646695,1.66189045067e-06,Sindhupalchowk,85.85582482668622,27.817691188219936
0,5/3/015,Sindhupalchowk.kmz/Sindhupalchowk/5/3,0,0,0.0,-1,0,,,0.0046506966224,6.3124573787e-07,Sindhupalchowk,85.8404315621926,27.825539847462334
0,5/3/015,Sindhupalchowk.kmz/Sindhupalchowk/5/3,0,0,0.0,-1,0,,,0.00306794601421,3.88221995094e-07,Sindhupalchowk,85.84351166814676,27.82875574630951
0,5/3/015,Sindhupalchowk.kmz/Sindhupalchowk/5/3,0,0,0.0,-1,0,,,0.01757197678,4.58446361579e-06,Sindhupalchowk,85.84716679621384,27.836661536615306
0,5/2/015,Sindhupalchowk.kmz/Sindhupalchowk/5/2,0,0,0.0,-1,0,,,0.00566512023927,4.01312500129e-07,Sindhupalchowk,85.68424505277858,28.019239899547724
0,5/3/015,Sindhupalchowk.kmz/Sindhupalchowk/5/3,0,0,0.0,-1,0,,,0.0104634067348,1.54360678697e-06,Sindhupalchowk,85.85642327862834,27.839386584627043
0,5/3/015,Sindhupalchowk.kmz/Sindhupalchowk/5/3,0,0,0.0,-1,0,,,0.0100498654068,1.50954157139e-06,Sindhupalchowk,85.85580527790499,27.83781841109404
0,5/3/015,Sindhupalchowk.kmz/Sindhupalchowk/5/3,0,0,0.0,-1,0,,,0.0275928315962,5.65027452936e-06,Sindhupalchowk,85.85225931116514,27.83894101423397
0,5/3/015,Sindhupalchowk.kmz/Sindhupalchowk/5/3,0,0,0.0,-1,0,,,0.00314068375693,1.76553618264e-07,Sindhupalchowk,85.85785404736188,27.816581937161846
0,5/3/015,Sindhupalchowk.kmz/Sindhupalchowk/5/3,0,0,0.0,-1,0,,,0.00173989030695,1.11962377107e-07,Sindhupalchowk,85.857836290111,27.816235464201217
0,5/3/015,Sindhupalchowk.kmz/Sindhupalchowk/5/3,0,0,0.0,-1,0,,,0.0020913802857,1.3344726524e-07,Sindhupalchowk,85.85786882760543,27.81595138755784
0,5/3/015,Sindhupalchowk.kmz/Sindhupalchowk/5/3,0,0,0.0,-1,0,,,0.00239771850388,1.03558511801e-07,Sindhupalchowk,85.85721875183206,27.815599216520862
0,5/3/015,Sindhupalchowk.kmz/Sindhupalchowk/5/3,0,0,0.0,-1,0,,,0.00232079221309,8.43014290587e-08,Sindhupalchowk,85.8565694239692,27.81514716946375
0,5/3/015,Sindhupalchowk.kmz/Sindhupalchowk/5/3,0,0,0.0,-1,0,,,0.00110916013063,3.67970410203e-08,Sindhupalchowk,85.8560988603152,27.814585287916618
0,2/13/013,Sindhupalchowk.kmz/Sindhupalchowk/2/13,1,0,0.0,-1,0,,,0.0101724337804,4.38108019066e-06,Sindhupalchowk,85.98448226967813,27.804778590245185
0,5/25/015,Sindhupalchowk.kmz/Sindhupalchowk/5/25,0,0,0.0,-1,0,,,0.00243799344504,1.62126052751e-07,Sindhupalchowk,85.86580399597072,27.779276044139458
0,5/27/015,Sindhupalchowk.kmz/Sindhupalchowk/5/27,0,0,0.0,-1,0,,,0.00134687294756,5.51117376602e-08,Sindhupalchowk,85.86387955442639,27.77825755590819
0,6/2/015,Sindhupalchowk.kmz/Sindhupalchowk/6/2,0,0,0.0,-1,0,,,0.0103323013399,4.31090940534e-06,Sindhupalchowk,85.84957878054155,27.778765397365927
0,5/3/015,Sindhupalchowk.kmz/Sindhupalchowk/5/3,0,0,0.0,-1,0,,,0.0136947486023,2.89723605217e-06,Sindhupalchowk,85.83828856321661,27.782952497655113
0,5/24/015,Sindhupalchowk.kmz/Sindhupalchowk/5/24,0,0,0.0,-1,0,,,0.0182982932863,7.53864016552e-06,Sindhupalchowk,85.84173985394692,27.78340986619278
0,5/24/015,Sindhupalchowk.kmz/Sindhupalchowk/5/24,0,0,0.0,-1,0,,,0.0056790792262,8.97368924983e-07,Sindhupalchowk,85.83541665013723,27.78908998449257
0,5/24/015,Sindhupalchowk.kmz/Sindhupalchowk/5/24,0,0,0.0,-1,0,,,0.00437049144438,4.09622630591e-07,Sindhupalchowk,85.8359631143681,27.788308763569237
0,5/24/015,Sindhupalchowk.kmz/Sindhupalchowk/5/24,0,0,0.0,-1,0,,,0.0188556974795,4.63591872841e-06,Sindhupalchowk,85.83854670913767,27.786144065548616
0,5/3/015,Sindhupalchowk.kmz/Sindhupalchowk/5/3,0,0,0.0,-1,0,,,0.00708422553247,1.08393483982e-06,Sindhupalchowk,85.75983966060092,27.823270132929995
0,5/3/015,Sindhupalchowk.kmz/Sindhupalchowk/5/3,0,0,0.0,-1,0,,,0.00781889501837,1.43243087534e-06,Sindhupalchowk,85.76067414160018,27.824574707885926
0,5/3/015,Sindhupalchowk.kmz/Sindhupalchowk/5/3,0,0,0.0,-1,0,,,0.00432445063145,1.00272627072e-06,Sindhupalchowk,85.75326772586872,27.813657732152468
0,11/9/014,Sindhupalchowk.kmz/Sindhupalchowk/11/9,1,0,0.0,-1,0,,,0.0211144045924,8.11470121448e-06,Sindhupalchowk,85.49556596492435,28.05473658090407
0,5/2/015,Sindhupalchowk.kmz/Sindhupalchowk/5/2,1,0,0.0,-1,0,,,0.0107563705264,4.80157862392e-06,Sindhupalchowk,85.50848020990499,28.052192474193664
0,5/2/015,Sindhupalchowk.kmz/Sindhupalchowk/5/2,1,0,0.0,-1,0,,,0.0124671795059,3.45535349799e-06,Sindhupalchowk,85.51118494732133,28.051045288518058
0,2/1/016,Sindhupalchowk.kmz/Sindhupalchowk/2/1,1,0,0.0,-1,0,,,0.0356576255504,8.38083133839e-06,Sindhupalchowk,85.52769276380671,28.00409228619636
0,5/2/015,Sindhupalchowk.kmz/Sindhupalchowk/5/2,1,0,0.0,-1,0,,,0.0105260482852,1.54931044461e-06,Sindhupalchowk,85.52154710129903,27.99905282616968
0,5/3/015,Sindhupalchowk.kmz/Sindhupalchowk/5/3,0,0,0.0,-1,0,,,0.00511413468006,6.37130987679e-07,Sindhupalchowk,85.57142781850835,28.032155027184036
0,5/3/015,Sindhupalchowk.kmz/Sindhupalchowk/5/3,0,0,0.0,-1,0,,,0.0434056957142,1.45784854527e-05,Sindhupalchowk,85.57514491707494,28.031157900985257
0,5/3/015,Sindhupalchowk.kmz/Sindhupalchowk/5/3,0,0,0.0,-1,0,,,0.00913719830758,1.48259412615e-06,Sindhupalchowk,85.57984629678928,28.030443242744308
0,11/9/014,Sindhupalchowk.kmz/Sindhupalchowk/11/9,1,0,0.0,-1,0,,,0.0148151323602,2.50633707138e-06,Sindhupalchowk,85.58274720219899,28.11182314469274
0,11/9/014,Sindhupalchowk.kmz/Sindhupalchowk/11/9,1,0,0.0,-1,0,,,0.00367780961677,3.97231789429e-07,Sindhupalchowk,85.58551856919526,28.111875716839013
0,3/1/06,Sindhupalchowk.kmz/Sindhupalchowk/3/1,1,0,0.0,-1,0,,,0.00260935442202,1.52712980912e-07,Sindhupalchowk,85.58405578714734,28.116411906666762
0,3/1/06,Sindhupalchowk.kmz/Sindhupalchowk/3/1,1,0,0.0,-1,0,,,0.00340167099936,1.90051106973e-07,Sindhupalchowk,85.58476948886603,28.11771220443321
0,3/1/06,Sindhupalchowk.kmz/Sindhupalchowk/3/1,1,0,0.0,-1,0,,,0.00266250659534,1.61765241301e-07,Sindhupalchowk,85.58466662207569,28.11849931502737
0,3/1/06,Sindhupalchowk.kmz/Sindhupalchowk/3/1,1,0,0.0,-1,0,,,0.00442813772209,2.90801276898e-07,Sindhupalchowk,85.58240362417686,28.11566949964104
0,3/1/06,Sindhupalchowk.kmz/Sindhupalchowk/3/1,1,0,0.0,-1,0,,,0.00447095321764,2.10073918195e-07,Sindhupalchowk,85.58448289393073,28.115307672024073
0,5/25/015,Sindhupalchowk.kmz/Sindhupalchowk/5/25,0,0,0.0,-1,0,,,0.00671520244158,1.13594492149e-06,Sindhupalchowk,85.58747585420423,28.08887425424537
0,5/2/015,Sindhupalchowk.kmz/Sindhupalchowk/5/2,0,0,0.0,-1,0,,,0.0096292521579,2.83822986568e-06,Sindhupalchowk,85.60927599025929,27.929183024169777
0,5/2/015,Sindhupalchowk.kmz/Sindhupalchowk/5/2,0,0,0.0,-1,0,,,0.00548110084898,7.90304478987e-07,Sindhupalchowk,85.61146999323624,27.92842805417074
0,5/2/015,Sindhupalchowk.kmz/Sindhupalchowk/5/2,0,0,0.0,-1,0,,,0.00504071244801,6.50468724105e-07,Sindhupalchowk,85.61090615148221,27.926725756113555
0,5/2/015,Sindhupalchowk.kmz/Sindhupalchowk/5/2,0,0,0.0,-1,0,,,0.00654072000791,7.74172235297e-07,Sindhupalchowk,85.61256758191864,27.928047339488817
0,1/4/010,Sindhupalchowk.kmz/Sindhupalchowk/1/4,1,0,0.0,-1,0,,,0.00434250553119,5.61086533603e-07,Sindhupalchowk,85.61159929178741,27.91957937335427
0,1/4/010,Sindhupalchowk.kmz/Sindhupalchowk/1/4,1,0,0.0,-1,0,,,0.00239949598853,2.08194677867e-07,Sindhupalchowk,85.6121838673121,27.919914824527318
0,5/2/015,Sindhupalchowk.kmz/Sindhupalchowk/5/2,0,0,0.0,-1,0,,,0.00278779193939,1.9188413324e-07,Sindhupalchowk,85.62759901079028,27.918978264812765
0,5/2/015,Sindhupalchowk.kmz/Sindhupalchowk/5/2,0,0,0.0,-1,0,,,0.00194636582663,1.13343820706e-07,Sindhupalchowk,85.62761947470084,27.91946744188927
0,5/2/015,Sindhupalchowk.kmz/Sindhupalchowk/5/2,0,0,0.0,-1,0,,,0.00351034489307,2.27579761356e-07,Sindhupalchowk,85.62892056619907,27.918860137028826
0,2/1/016,Sindhupalchowk.kmz/Sindhupalchowk/2/1,0,0,0.0,-1,0,,,0.00226953295719,2.09494146058e-07,Sindhupalchowk,85.62448493934264,27.919516639924137
0,2/1/016,Sindhupalchowk.kmz/Sindhupalchowk/2/1,0,0,0.0,-1,0,,,0.0038030852303,5.50154787219e-07,Sindhupalchowk,85.62577021769351,27.92765702267174
0,5/2/015,Sindhupalchowk.kmz/Sindhupalchowk/5/2,0,0,0.0,-1,0,,,0.00420982403248,4.57415406534e-07,Sindhupalchowk,85.63067389444757,27.930392525137197
0,2/1/016,Sindhupalchowk.kmz/Sindhupalchowk/2/1,0,0,0.0,-1,0,,,0.00978375710787,1.56750983563e-06,Sindhupalchowk,85.62563966306446,27.937827945213236
0,5/2/015,Sindhupalchowk.kmz/Sindhupalchowk/5/2,0,0,0.0,-1,0,,,0.00756324164628,1.38491490091e-06,Sindhupalchowk,85.6304051951941,27.93781885136953
0,5/2/015,Sindhupalchowk.kmz/Sindhupalchowk/5/2,0,0,0.0,-1,0,,,0.00192502152879,1.57565667358e-07,Sindhupalchowk,85.62942153219842,27.935961976569335
0,5/25/015,Sindhupalchowk.kmz/Sindhupalchowk/5/25,0,0,0.0,-1,0,,,0.00316044810764,4.0574905536e-07,Sindhupalchowk,85.61807322096989,27.941491593332294
0,5/25/015,Sindhupalchowk.kmz/Sindhupalchowk/5/25,0,0,0.0,-1,0,,,0.00305783524444,2.29867411638e-07,Sindhupalchowk,85.62080927264067,27.942536087171174
0,5/25/015,Sindhupalchowk.kmz/Sindhupalchowk/5/25,0,0,0.0,-1,0,,,0.00244461830301,1.84581093116e-07,Sindhupalchowk,85.62188858744364,27.942216825008085
0,5/25/015,Sindhupalchowk.kmz/Sindhupalchowk/5/25,0,0,0.0,-1,0,,,0.00282460796821,1.90574300063e-07,Sindhupalchowk,85.62257907663927,27.943089530976422
0,5/25/015,Sindhupalchowk.kmz/Sindhupalchowk/5/25,0,0,0.0,-1,0,,,0.0021325718846,1.48117804768e-07,Sindhupalchowk,85.62296660740842,27.943199016303897
0,5/25/015,Sindhupalchowk.kmz/Sindhupalchowk/5/25,0,0,0.0,-1,0,,,0.0020418057388,8.10992281726e-08,Sindhupalchowk,85.62188985218094,27.94457522315841
0,5/25/015,Sindhupalchowk.kmz/Sindhupalchowk/5/25,0,0,0.0,-1,0,,,0.0101021274433,1.27192403454e-06,Sindhupalchowk,85.62438243383302,27.944048629212734
0,2/1/016,Sindhupalchowk.kmz/Sindhupalchowk/2/1,0,0,0.0,-1,0,,,0.0146937591593,1.71795148552e-06,Sindhupalchowk,85.62622651700786,27.946173040457133
0,5/2/015,Sindhupalchowk.kmz/Sindhupalchowk/5/2,0,0,0.0,-1,0,,,0.00275110165907,3.47426418748e-07,Sindhupalchowk,85.62700976227403,27.950838175408087
0,5/2/015,Sindhupalchowk.kmz/Sindhupalchowk/5/2,0,0,0.0,-1,0,,,0.00329423473565,1.09746484736e-07,Sindhupalchowk,85.62689188017201,27.951435469041208
0,12/5/014,Sindhupalchowk.kmz/Sindhupalchowk/12/5,0,0,0.0,-1,0,,,0.00768267013393,6.5712015181e-07,Sindhupalchowk,85.63182023997358,27.94788323467812
0,2/1/016,Sindhupalchowk.kmz/Sindhupalchowk/2/1,0,0,0.0,-1,0,,,0.00733190491535,1.11085786722e-06,Sindhupalchowk,85.62943576422647,27.966047965091526
0,2/1/016,Sindhupalchowk.kmz/Sindhupalchowk/2/1,0,0,0.0,-1,0,,,0.00298374010011,2.9886038098e-07,Sindhupalchowk,85.63141118438186,27.964386486679835
0,2/1/016,Sindhupalchowk.kmz/Sindhupalchowk/2/1,0,0,0.0,-1,0,,,0.0161302659697,4.25339515476e-06,Sindhupalchowk,85.62746300850993,27.968644860723145
0,2/1/016,Sindhupalchowk.kmz/Sindhupalchowk/2/1,0,0,0.0,-1,0,,,0.00471310792455,8.61238972961e-07,Sindhupalchowk,85.6249195432286,27.96893339101411
0,2/1/016,Sindhupalchowk.kmz/Sindhupalchowk/2/1,0,0,0.0,-1,0,,,0.0129666974088,2.41251750236e-06,Sindhupalchowk,85.61559975666879,27.96955035889194
0,2/1/016,Sindhupalchowk.kmz/Sindhupalchowk/2/1,0,0,0.0,-1,0,,,0.00692008204692,1.08155461536e-06,Sindhupalchowk,85.61739527329419,27.970087887214056
0,2/1/016,Sindhupalchowk.kmz/Sindhupalchowk/2/1,0,0,0.0,-1,0,,,0.00267110912347,2.1518084951e-07,Sindhupalchowk,85.61436951281311,27.973506521187744
0,2/1/016,Sindhupalchowk.kmz/Sindhupalchowk/2/1,0,0,0.0,-1,0,,,0.00340535409734,4.74787976754e-07,Sindhupalchowk,85.61818698528995,27.972590469217035
0,2/1/016,Sindhupalchowk.kmz/Sindhupalchowk/2/1,0,0,0.0,-1,0,,,0.00575614937309,1.13896644849e-06,Sindhupalchowk,85.63218416135865,27.97143844942444
0,2/1/016,Sindhupalchowk.kmz/Sindhupalchowk/2/1,0,0,0.0,-1,0,,,0.00434435202485,8.75164367009e-07,Sindhupalchowk,85.62449504670269,27.97413583311411
0,2/1/016,Sindhupalchowk.kmz/Sindhupalchowk/2/1,0,0,0.0,-1,0,,,0.00260918545989,2.35243155737e-07,Sindhupalchowk,85.62638349901773,27.973464321306306
0,2/1/016,Sindhupalchowk.kmz/Sindhupalchowk/2/1,0,0,0.0,-1,0,,,0.00367167661007,2.28476236065e-07,Sindhupalchowk,85.62709801468132,27.972091058484033
0,2/1/016,Sindhupalchowk.kmz/Sindhupalchowk/2/1,0,0,0.0,-1,0,,,0.00542778630497,3.02712896011e-07,Sindhupalchowk,85.62752104226382,27.97257142642032
0,2/1/016,Sindhupalchowk.kmz/Sindhupalchowk/2/1,0,0,0.0,-1,0,,,0.0071784428299,4.37852871863e-07,Sindhupalchowk,85.62799021328287,27.975863597937142
0,2/1/016,Sindhupalchowk.kmz/Sindhupalchowk/2/1,0,0,0.0,-1,0,,,0.00478408178842,4.3264643779e-07,Sindhupalchowk,85.63053934779535,27.976817397656106
0,2/1/016,Sindhupalchowk.kmz/Sindhupalchowk/2/1,0,0,0.0,-1,0,,,0.00697077611321,1.25595558645e-06,Sindhupalchowk,85.61447098614416,28.0152327224708
0,2/1/016,Sindhupalchowk.kmz/Sindhupalchowk/2/1,0,0,0.0,-1,0,,,0.0147600360396,2.45408703888e-06,Sindhupalchowk,85.61157846280454,28.012467466247646
0,2/1/016,Sindhupalchowk.kmz/Sindhupalchowk/2/1,0,0,0.0,-1,0,,,0.00693155678048,1.78292075995e-06,Sindhupalchowk,85.62082444262842,28.01115901952346
0,2/1/016,Sindhupalchowk.kmz/Sindhupalchowk/2/1,0,0,0.0,-1,0,,,0.0196059252525,5.56508793753e-06,Sindhupalchowk,85.61968656142595,28.00889009048064
0,2/1/016,Sindhupalchowk.kmz/Sindhupalchowk/2/1,0,0,0.0,-1,0,,,0.00678487243085,2.37473911433e-06,Sindhupalchowk,85.60391490782438,28.011515699801752
0,2/1/016,Sindhupalchowk.kmz/Sindhupalchowk/2/1,0,0,0.0,-1,0,,,0.00259514800331,3.18545049669e-07,Sindhupalchowk,85.600837181074,28.030687997601024
0,2/1/016,Sindhupalchowk.kmz/Sindhupalchowk/2/1,0,0,0.0,-1,0,,,0.00939142154842,1.51850548192e-06,Sindhupalchowk,85.61702312395475,28.009396175038404
0,2/1/016,Sindhupalchowk.kmz/Sindhupalchowk/2/1,0,0,0.0,-1,0,,,0.00378641482143,5.7756065543e-07,Sindhupalchowk,85.62573461853815,28.008393572178836
0,2/1/016,Sindhupalchowk.kmz/Sindhupalchowk/2/1,0,0,0.0,-1,0,,,0.00249507999647,2.5398389619e-07,Sindhupalchowk,85.59949184606378,28.031173068589986
0,2/1/016,Sindhupalchowk.kmz/Sindhupalchowk/2/1,0,0,0.0,-1,0,,,0.0134030847787,3.15592202472e-06,Sindhupalchowk,85.59691680789409,28.027726615172842
0,5/2/015,Sindhupalchowk.kmz/Sindhupalchowk/5/2,0,0,0.0,-1,0,,,0.00707509593748,1.15067565062e-06,Sindhupalchowk,85.59781297281886,28.008256599779422
0,5/2/015,Sindhupalchowk.kmz/Sindhupalchowk/5/2,0,0,0.0,-1,0,,,0.0208765040239,4.5386725394e-06,Sindhupalchowk,85.60390154295506,28.005552377875766
0,5/2/015,Sindhupalchowk.kmz/Sindhupalchowk/5/2,0,0,0.0,-1,0,,,0.0109033688759,3.23415369327e-06,Sindhupalchowk,85.60825603427064,28.003522549048924
0,2/1/016,Sindhupalchowk.kmz/Sindhupalchowk/2/1,0,0,0.0,-1,0,,,0.00904657633469,1.35041839346e-06,Sindhupalchowk,85.6181378302985,27.999181121232933
0,2/1/016,Sindhupalchowk.kmz/Sindhupalchowk/2/1,0,0,0.0,-1,0,,,0.00302224705347,3.59478325052e-07,Sindhupalchowk,85.61551962590876,28.000236295501992
0,2/1/016,Sindhupalchowk.kmz/Sindhupalchowk/2/1,0,0,0.0,-1,0,,,0.003180051487,2.59943516256e-07,Sindhupalchowk,85.6151869881589,27.981573800707658
0,2/1/016,Sindhupalchowk.kmz/Sindhupalchowk/2/1,0,0,0.0,-1,0,,,0.00157530459389,5.79848932859e-08,Sindhupalchowk,85.61504404496674,27.982017877857324
0,2/1/016,Sindhupalchowk.kmz/Sindhupalchowk/2/1,0,0,0.0,-1,0,,,0.0022614033341,1.54003464115e-07,Sindhupalchowk,85.61586991470779,27.982553074107276
0,2/1/016,Sindhupalchowk.kmz/Sindhupalchowk/2/1,0,0,0.0,-1,0,,,0.00178543875531,1.60105323011e-07,Sindhupalchowk,85.6180700886886,27.98276535331303
0,2/1/016,Sindhupalchowk.kmz/Sindhupalchowk/2/1,0,0,0.0,-1,0,,,0.0183918739823,2.87943986497e-06,Sindhupalchowk,85.63163469616532,27.985461179729707
0,2/1/016,Sindhupalchowk.kmz/Sindhupalchowk/2/1,0,0,0.0,-1,0,,,0.00444517124831,5.24387897849e-07,Sindhupalchowk,85.62299618350744,27.996595893189394
0,2/1/016,Sindhupalchowk.kmz/Sindhupalchowk/2/1,0,0,0.0,-1,0,,,0.00371780792699,6.79962985717e-07,Sindhupalchowk,85.62159284049572,27.99862659758862
0,2/1/016,Sindhupalchowk.kmz/Sindhupalchowk/2/1,0,0,0.0,-1,0,,,0.00730421263579,1.84244802731e-06,Sindhupalchowk,85.64083666191236,28.00118092681615
0,2/1/016,Sindhupalchowk.kmz/Sindhupalchowk/2/1,0,0,0.0,-1,0,,,0.00414448188148,5.68935233279e-07,Sindhupalchowk,85.65156599993827,27.98874459753286
0,2/1/016,Sindhupalchowk.kmz/Sindhupalchowk/2/1,0,0,0.0,-1,0,,,0.0128016639203,3.40914991649e-06,Sindhupalchowk,85.66382255790496,28.003703037258404
0,10/28/012,Sindhupalchowk.kmz/Sindhupalchowk/10/28,1,0,0.0,-1,0,,,0.00719574629272,2.33234566765e-06,Sindhupalchowk,85.62802436524669,28.022619164651765
0,2/1/016,Sindhupalchowk.kmz/Sindhupalchowk/2/1,0,0,0.0,-1,0,,,0.00531202815126,1.00318411776e-06,Sindhupalchowk,85.64006220707844,28.02652899119133
0,2/1/016,Sindhupalchowk.kmz/Sindhupalchowk/2/1,0,0,0.0,-1,0,,,0.00677588551024,7.77774444781e-07,Sindhupalchowk,85.63688182234534,28.02602277849642
0,2/1/016,Sindhupalchowk.kmz/Sindhupalchowk/2/1,0,0,0.0,-1,0,,,0.00484365861182,9.36722761115e-07,Sindhupalchowk,85.63436313312812,28.031104798157738
0,2/1/016,Sindhupalchowk.kmz/Sindhupalchowk/2/1,0,0,0.0,-1,0,,,0.00709834883306,9.22089036833e-07,Sindhupalchowk,85.62306929780557,28.03304175952435
0,2/1/016,Sindhupalchowk.kmz/Sindhupalchowk/2/1,0,0,0.0,-1,0,,,0.00709852636103,1.03621340789e-06,Sindhupalchowk,85.6384844324278,28.01141023390771
0,2/1/016,Sindhupalchowk.kmz/Sindhupalchowk/2/1,0,0,0.0,-1,0,,,0.0086930005912,1.00617590928e-06,Sindhupalchowk,85.66317535173614,27.955510602285514
0,5/2/015,Sindhupalchowk.kmz/Sindhupalchowk/5/2,0,0,0.0,-1,0,,,0.00866650702173,2.01274618598e-06,Sindhupalchowk,85.66736594406593,27.974011039340397
0,5/2/015,Sindhupalchowk.kmz/Sindhupalchowk/5/2,0,0,0.0,-1,0,,,0.00858146965242,1.48386217916e-06,Sindhupalchowk,85.6660566395297,27.97617101170397
0,5/2/015,Sindhupalchowk.kmz/Sindhupalchowk/5/2,0,0,0.0,-1,0,,,0.00579823424705,7.09325725684e-07,Sindhupalchowk,85.66892816547823,27.97222372177301
0,2/1/016,Sindhupalchowk.kmz/Sindhupalchowk/2/1,0,0,0.0,-1,0,,,0.0130239856872,9.9096642805e-06,Sindhupalchowk,85.67882584139856,28.018071230879848
0,5/2/015,Sindhupalchowk.kmz/Sindhupalchowk/5/2,0,0,0.0,-1,0,,,0.0130971387359,2.25907382035e-06,Sindhupalchowk,85.66205134696257,28.018908547926937
0,5/2/015,Sindhupalchowk.kmz/Sindhupalchowk/5/2,0,0,0.0,-1,0,,,0.0134350809949,2.1742206502e-06,Sindhupalchowk,85.6461390189855,28.01504407739207
0,5/2/015,Sindhupalchowk.kmz/Sindhupalchowk/5/2,0,0,0.0,-1,0,,,0.00572962589901,8.40378627979e-07,Sindhupalchowk,85.64479988788572,28.016198781756657
0,2/1/016,Sindhupalchowk.kmz/Sindhupalchowk/2/1,0,0,0.0,-1,0,,,0.00150348838316,1.14338837788e-07,Sindhupalchowk,85.673231618731,27.99088260909289
0,2/1/016,Sindhupalchowk.kmz/Sindhupalchowk/2/1,0,0,0.0,-1,0,,,0.00441619516683,1.06549467958e-06,Sindhupalchowk,85.67428848280187,27.990839224630513
0,2/1/016,Sindhupalchowk.kmz/Sindhupalchowk/2/1,0,0,0.0,-1,0,,,0.0124280727399,1.49755633634e-06,Sindhupalchowk,85.65886794662305,27.99900449308142
0,5/2/015,Sindhupalchowk.kmz/Sindhupalchowk/5/2,0,0,0.0,-1,0,,,0.0254350108596,2.45454287294e-06,Sindhupalchowk,85.66046256618155,28.001493022232253
0,5/2/015,Sindhupalchowk.kmz/Sindhupalchowk/5/2,0,0,0.0,-1,0,,,0.00695752991859,1.0907351862e-06,Sindhupalchowk,85.65292460009033,27.997566972318644
0,5/2/015,Sindhupalchowk.kmz/Sindhupalchowk/5/2,0,0,0.0,-1,0,,,0.00276186852851,3.85013555229e-07,Sindhupalchowk,85.66622638321375,27.981700436096027
0,2/1/016,Sindhupalchowk.kmz/Sindhupalchowk/2/1,0,0,0.0,-1,0,,,0.00821888763313,1.75050712056e-06,Sindhupalchowk,85.66689296786704,28.00228893297521
0,5/4/015,Sindhupalchowk.kmz/Sindhupalchowk/5/4,0,0,0.0,-1,0,,,0.00257645900355,3.24866689739e-07,Sindhupalchowk,85.66923246123768,28.00599614152331
0,2/1/016,Sindhupalchowk.kmz/Sindhupalchowk/2/1,0,0,0.0,-1,0,,,0.00407451084917,4.41599026178e-07,Sindhupalchowk,85.66632412127187,28.004810065872686
0,5/4/015,Sindhupalchowk.kmz/Sindhupalchowk/5/4,0,0,0.0,-1,0,,,0.00642811526833,1.00681335481e-06,Sindhupalchowk,85.67110329126501,28.011881243871184
0,5/2/015,Sindhupalchowk.kmz/Sindhupalchowk/5/2,0,0,0.0,-1,0,,,0.0053601500096,1.21771314812e-06,Sindhupalchowk,85.67409785686178,28.021761674365234
0,2/1/016,Sindhupalchowk.kmz/Sindhupalchowk/2/1,0,0,0.0,-1,0,,,0.00999782795192,9.08419933e-07,Sindhupalchowk,85.67746734407002,28.027548509754194
0,5/3/015,Sindhupalchowk.kmz/Sindhupalchowk/5/3,0,0,0.0,-1,0,,,0.0106054362564,2.61607848973e-06,Sindhupalchowk,85.62280891802976,28.05321706896717
0,5/3/015,Sindhupalchowk.kmz/Sindhupalchowk/5/3,0,0,0.0,-1,0,,,0.0107392957326,2.10627999894e-06,Sindhupalchowk,85.65081800222048,28.088057556845563
0,5/2/015,Sindhupalchowk.kmz/Sindhupalchowk/5/2,0,0,0.0,-1,0,,,0.0149785368969,3.80033893648e-06,Sindhupalchowk,85.70271724052868,28.018961703126774
0,5/3/015,Sindhupalchowk.kmz/Sindhupalchowk/5/3,0,0,0.0,-1,0,,,0.00435290630909,7.4824368324e-07,Sindhupalchowk,85.82649523460316,27.80841974795785
0,5/3/015,Sindhupalchowk.kmz/Sindhupalchowk/5/3,0,0,0.0,-1,0,,,0.00491848966055,5.5558055166e-07,Sindhupalchowk,85.82969485233119,27.808566953445144
0,5/3/015,Sindhupalchowk.kmz/Sindhupalchowk/5/3,0,0,0.0,-1,0,,,0.00362695020663,3.24274422477e-07,Sindhupalchowk,85.83069126658764,27.80833766545423
0,514/015,Sindhupalchowk.kmz/Sindhupalchowk/514,0,0,0.0,-1,0,,,0.00231423491159,1.81031119091e-07,Sindhupalchowk,85.82881729749852,27.81073390873914
0,5/3/015,Sindhupalchowk.kmz/Sindhupalchowk/5/3,0,0,0.0,-1,0,,,0.00613045673262,9.56358073527e-07,Sindhupalchowk,85.87339552885832,27.869151840638377
0,5/3/0/15,Sindhupalchowk.kmz/Sindhupalchowk/5/3/0,0,0,0.0,-1,0,,,0.00611350265117,1.04291525662e-06,Sindhupalchowk,85.87066720038263,27.869211345542166
0,5/3/015,Sindhupalchowk.kmz/Sindhupalchowk/5/3,0,0,0.0,-1,0,,,0.00261839670807,2.89427043612e-07,Sindhupalchowk,85.8720608276748,27.867768371938336
0,5/3/015,Sindhupalchowk.kmz/Sindhupalchowk/5/3,0,0,0.0,-1,0,,,0.00966270242908,2.09029180752e-06,Sindhupalchowk,85.87377344420337,27.86620568953241
0,5/3/015,Sindhupalchowk.kmz/Sindhupalchowk/5/3,0,0,0.0,-1,0,,,0.00555656870891,1.5085516283e-06,Sindhupalchowk,85.87004816547224,27.85090799187247
0,5/3/015,Sindhupalchowk.kmz/Sindhupalchowk/5/3,0,0,0.0,-1,0,,,0.00460374850006,6.18135108927e-07,Sindhupalchowk,85.85998658710929,27.88242993281217
0,5/3/015,Sindhupalchowk.kmz/Sindhupalchowk/5/3,0,0,0.0,-1,0,,,0.00193805118958,2.0775429456e-07,Sindhupalchowk,85.86600631827949,27.881922288871582
0,5/3/015,Sindhupalchowk.kmz/Sindhupalchowk/5/3,0,0,0.0,-1,0,,,0.00184172231634,1.96798247626e-07,Sindhupalchowk,85.86509397472035,27.88208456718289
0,5/3/015,Sindhupalchowk.kmz/Sindhupalchowk/5/3,0,0,0.0,-1,0,,,0.00333427702148,6.88485949224e-07,Sindhupalchowk,85.8694622794598,27.84302733611129
0,5/3/015,Sindhupalchowk.kmz/Sindhupalchowk/5/3,0,0,0.0,-1,0,,,0.00989334569415,1.44598195955e-06,Sindhupalchowk,85.86657898599901,27.843496599984306
0,5/3/015,Sindhupalchowk.kmz/Sindhupalchowk/5/3,0,0,0.0,-1,0,,,0.00327675903202,2.66176985012e-07,Sindhupalchowk,85.86418543668725,27.845364457766564
0,5/3/015,Sindhupalchowk.kmz/Sindhupalchowk/5/3,0,0,0.0,-1,0,,,0.00216944724743,1.52724393159e-07,Sindhupalchowk,85.8647109698321,27.84532579215717
0,10/25/012,Sindhupalchowk.kmz/Sindhupalchowk/10/25,1,0,0.0,-1,0,,,0.00242197405554,1.12011896778e-07,Sindhupalchowk,85.86304097041929,27.842425504742057
0,12/4/014,Sindhupalchowk.kmz/Sindhupalchowk/12/4,1,0,0.0,-1,0,,,0.00720457374072,6.11175864345e-07,Sindhupalchowk,85.84909909729355,27.839372239152258
0,12/4/014,Sindhupalchowk.kmz/Sindhupalchowk/12/4,1,0,0.0,-1,0,,,0.0158081581118,1.50727432067e-06,Sindhupalchowk,85.84839921408869,27.838141372403115
0,5/3/015,Sindhupalchowk.kmz/Sindhupalchowk/5/3,0,0,0.0,-1,0,,,0.0036625099681,5.24253654951e-07,Sindhupalchowk,85.83926779595288,27.832672908075537
0,5/3/015,Sindhupalchowk.kmz/Sindhupalchowk/5/3,0,0,0.0,-1,0,,,0.00319760412461,2.03704868248e-07,Sindhupalchowk,85.83648235967654,27.829796008017397
0,5/3/015,Sindhupalchowk.kmz/Sindhupalchowk/5/3,0,0,0.0,-1,0,,,0.00204800763056,1.44366715857e-07,Sindhupalchowk,85.83711766737508,27.82930711486213
0,5/3/015,Sindhupalchowk.kmz/Sindhupalchowk/5/3,0,0,0.0,-1,0,,,0.00241612607279,1.21093127695e-07,Sindhupalchowk,85.83781300223505,27.829015821515306
0,5/3/015,Sindhupalchowk.kmz/Sindhupalchowk/5/3,0,0,0.0,-1,0,,,0.00212382112803,1.24935421057e-07,Sindhupalchowk,85.84266991351268,27.835296763960045
0,5/3/015,Sindhupalchowk.kmz/Sindhupalchowk/5/3,0,0,0.0,-1,0,,,0.00255580926988,2.32440571393e-07,Sindhupalchowk,85.84564413763086,27.88560181108046
0,5/3/015,Sindhupalchowk.kmz/Sindhupalchowk/5/3,0,0,0.0,-1,0,,,0.00230596805358,1.91503933442e-07,Sindhupalchowk,85.84635254514377,27.885880076770707
0,5/3/015,Sindhupalchowk.kmz/Sindhupalchowk/5/3,0,0,0.0,-1,0,,,0.00204487054536,1.20284418524e-07,Sindhupalchowk,85.84685180027373,27.886161306718325
0,5/3/015,Sindhupalchowk.kmz/Sindhupalchowk/5/3,0,0,0.0,-1,0,,,0.00184250794745,1.67135133411e-07,Sindhupalchowk,85.84623761115208,27.833535405275178
0,5/3/015,Sindhupalchowk.kmz/Sindhupalchowk/5/3,0,0,0.0,-1,0,,,0.00361414579988,3.85274891125e-07,Sindhupalchowk,85.84744341125291,27.833776561416954
0,5/3/015,Sindhupalchowk.kmz/Sindhupalchowk/5/3,0,0,0.0,-1,0,,,0.00202995656965,1.32701517326e-07,Sindhupalchowk,85.84838241547011,27.833935224992434
0,5/3/015,Sindhupalchowk.kmz/Sindhupalchowk/5/3,0,0,0.0,-1,0,,,0.00240445670705,3.97331314729e-07,Sindhupalchowk,85.84709144837838,27.830207776122837
0,5/3/015,Sindhupalchowk.kmz/Sindhupalchowk/5/3,0,0,0.0,-1,0,,,0.0013997692341,9.19766826113e-08,Sindhupalchowk,85.847805441636,27.830486031624297
0,5/3/015,Sindhupalchowk.kmz/Sindhupalchowk/5/3,0,0,0.0,-1,0,,,0.00157407150318,8.19488915574e-08,Sindhupalchowk,85.84806019982057,27.831919028465087
0,5/3/015,Sindhupalchowk.kmz/Sindhupalchowk/5/3,0,0,0.0,-1,0,,,0.00266587316614,1.94494728966e-07,Sindhupalchowk,85.8488511173265,27.897176058236695
0,5/4/015,Sindhupalchowk.kmz/Sindhupalchowk/5/4,0,0,0.0,-1,0,,,0.00346294111188,4.69341969286e-07,Sindhupalchowk,85.8876815880126,27.874338426018596
0,5/4/015,Sindhupalchowk.kmz/Sindhupalchowk/5/4,0,0,0.0,-1,0,,,0.00358409299102,5.17245792878e-07,Sindhupalchowk,85.90188096565362,27.877609173610704
0,5/4/015,Sindhupalchowk.kmz/Sindhupalchowk/5/4,0,0,0.0,-1,0,,,0.00474647789649,7.74811684699e-07,Sindhupalchowk,85.90301349104088,27.874269644309976
0,5/4/015,Sindhupalchowk.kmz/Sindhupalchowk/5/4,0,0,0.0,-1,0,,,0.00177095875775,7.73754958899e-08,Sindhupalchowk,85.90237507844097,27.874582313303485
0,5/4/015,Sindhupalchowk.kmz/Sindhupalchowk/5/4,0,0,0.0,-1,0,,,0.00952230847102,2.34349531244e-06,Sindhupalchowk,85.90163520708303,27.874343012092076
0,5/4/015,Sindhupalchowk.kmz/Sindhupalchowk/5/4,0,0,0.0,-1,0,,,0.00369240217463,6.78663930181e-07,Sindhupalchowk,85.89600375847832,27.87438089022511
0,5/4/015,Sindhupalchowk.kmz/Sindhupalchowk/5/4,0,0,0.0,-1,0,,,0.00285823659225,1.43491442475e-07,Sindhupalchowk,85.89966760756563,27.875862050566028
0,5/4/015,Sindhupalchowk.kmz/Sindhupalchowk/5/4,0,0,0.0,-1,0,,,0.0186182568045,7.67385947476e-06,Sindhupalchowk,85.91007859136218,27.87547365274255
0,5/4/015,Sindhupalchowk.kmz/Sindhupalchowk/5/4,0,0,0.0,-1,0,,,0.00476290425393,4.97556732144e-07,Sindhupalchowk,85.90768576397538,27.87429659694292
0,5/4/015,Sindhupalchowk.kmz/Sindhupalchowk/5/4,0,0,0.0,-1,0,,,0.00310491094461,3.25621057619e-07,Sindhupalchowk,85.90765953620287,27.872090420338438
0,5/4/015,Sindhupalchowk.kmz/Sindhupalchowk/5/4,0,0,0.0,-1,0,,,0.000762319727728,2.88742127163e-08,Sindhupalchowk,85.90745283707959,27.870887521168548
0,5/4/015,Sindhupalchowk.kmz/Sindhupalchowk/5/4,0,0,0.0,-1,0,,,0.00145325110689,9.4762483775e-08,Sindhupalchowk,85.90690236346236,27.870784096784345
0,2/13/013,Sindhupalchowk.kmz/Sindhupalchowk/2/13,1,0,0.0,-1,0,,,0.0112212856565,3.0021674745e-06,Sindhupalchowk,85.9107313113691,27.86867540135337
0,5/13/013,Sindhupalchowk.kmz/Sindhupalchowk/5/13,1,0,0.0,-1,0,,,0.00170025546609,1.5025100202e-07,Sindhupalchowk,85.91265066269447,27.869574330625305
0,5/13/013,Sindhupalchowk.kmz/Sindhupalchowk/5/13,1,0,0.0,-1,0,,,0.00362005025655,5.13926454419e-07,Sindhupalchowk,85.91052939799633,27.870836570184782
0,5/13/013,Sindhupalchowk.kmz/Sindhupalchowk/5/13,1,0,0.0,-1,0,,,0.0033199094909,5.22413134224e-07,Sindhupalchowk,85.91168303751613,27.871682621934124
0,5/4/015,Sindhupalchowk.kmz/Sindhupalchowk/5/4,1,0,0.0,-1,0,,,0.00534821299742,7.37632979795e-07,Sindhupalchowk,85.9180139678818,27.878508822148564
0,5/4/015,Sindhupalchowk.kmz/Sindhupalchowk/5/4,1,0,0.0,-1,0,,,0.00333003790354,4.77075649103e-07,Sindhupalchowk,85.91623587493523,27.87966859614773
0,5/4/015,Sindhupalchowk.kmz/Sindhupalchowk/5/4,1,0,0.0,-1,0,,,0.00717329321629,1.25275419937e-06,Sindhupalchowk,85.92596082429428,27.873791187482034
0,5/4/015,Sindhupalchowk.kmz/Sindhupalchowk/5/4,0,0,0.0,-1,0,,,0.0018401953192,1.44826480515e-07,Sindhupalchowk,85.93436420591388,27.87091230126007
0,5/4/015,Sindhupalchowk.kmz/Sindhupalchowk/5/4,0,0,0.0,-1,0,,,0.00252561031475,1.66405257934e-07,Sindhupalchowk,85.93486615894047,27.87117169828003
0,12/4/014,Sindhupalchowk.kmz/Sindhupalchowk/12/4,1,0,0.0,-1,0,,,0.022426678836,9.74243731984e-06,Sindhupalchowk,85.94123910381347,27.869435629213893
0,5/4/015,Sindhupalchowk.kmz/Sindhupalchowk/5/4,0,0,0.0,-1,0,,,0.00499194007173,5.92988663356e-07,Sindhupalchowk,85.93832036755359,27.871100626712316
0,5/4/015,Sindhupalchowk.kmz/Sindhupalchowk/5/4,0,0,0.0,-1,0,,,0.00786803462731,2.81302431643e-06,Sindhupalchowk,85.94746903576079,27.867968281018687
0,5/4/015,Sindhupalchowk.kmz/Sindhupalchowk/5/4,0,0,0.0,-1,0,,,0.00476920568418,5.62722236734e-07,Sindhupalchowk,85.9514362281984,27.865010800438057
0,5/4/015,Sindhupalchowk.kmz/Sindhupalchowk/5/4,0,0,0.0,-1,0,,,0.00728708202317,2.39873493501e-06,Sindhupalchowk,85.94952474425756,27.86591986466731
0,5/22/015,Sindhupalchowk.kmz/Sindhupalchowk/5/22,0,0,0.0,-1,0,,,0.00553031133069,7.78341459003e-07,Sindhupalchowk,85.96157165224233,27.85187230843655
0,5/4/015,Sindhupalchowk.kmz/Sindhupalchowk/5/4,0,0,0.0,-1,0,,,0.00311638959115,3.46774923355e-07,Sindhupalchowk,85.94127859411176,27.863706510913183
0,5/4/015,Sindhupalchowk.kmz/Sindhupalchowk/5/4,0,0,0.0,-1,0,,,0.00286115589083,5.4230958489e-07,Sindhupalchowk,85.94055608055088,27.863055393048725
0,3/8/04,Sindhupalchowk.kmz/Sindhupalchowk/3/8,0,0,0.0,-1,0,,,0.0121404431086,1.86307574839e-06,Sindhupalchowk,85.90023980685919,27.86520436200604
0,3/8/04,Sindhupalchowk.kmz/Sindhupalchowk/3/8,0,0,0.0,-1,0,,,0.00578207121822,1.89307622757e-06,Sindhupalchowk,85.90174579441691,27.86761088009401
0,3/8/04,Sindhupalchowk.kmz/Sindhupalchowk/3/8,0,0,0.0,-1,0,,,0.00550452445729,9.99314749401e-07,Sindhupalchowk,85.90685479680162,27.878343651140362
0,5/22/015,Sindhupalchowk.kmz/Sindhupalchowk/5/22,0,0,0.0,-1,0,,,0.00634100975224,1.13064004257e-06,Sindhupalchowk,85.90363404251096,27.868694349224604
0,5/22/015,Sindhupalchowk.kmz/Sindhupalchowk/5/22,0,0,0.0,-1,0,,,0.00260750519202,4.11187147527e-07,Sindhupalchowk,85.90198949196801,27.870013190161025
0,5/4/015,Sindhupalchowk.kmz/Sindhupalchowk/5/4,0,0,0.0,-1,0,,,0.00345737444249,4.16335043122e-07,Sindhupalchowk,85.90510172653362,27.858687600847666
0,5/3/015,Sindhupalchowk.kmz/Sindhupalchowk/5/3,0,0,0.0,-1,0,,,0.0144113446042,2.75258545511e-06,Sindhupalchowk,85.8725116470977,27.88379939778824
0,2/14/014,Sindhupalchowk.kmz/Sindhupalchowk/2/14,1,0,0.0,-1,0,,,0.0042645505188,7.61288486571e-07,Sindhupalchowk,85.8717853308399,27.880886470060453
0,5/3/015,Sindhupalchowk.kmz/Sindhupalchowk/5/3,0,0,0.0,-1,0,,,0.00589175520232,1.9099641519e-06,Sindhupalchowk,85.87326318381945,27.88020628125348
0,5/4/015,Sindhupalchowk.kmz/Sindhupalchowk/5/4,0,0,0.0,-1,0,,,0.00346990126993,5.45240982075e-07,Sindhupalchowk,85.87559472629314,27.88171539684272
0,5/4/015,Sindhupalchowk.kmz/Sindhupalchowk/5/4,0,0,0.0,-1,0,,,0.00471894775665,1.35076776614e-06,Sindhupalchowk,85.87604399661593,27.878867633960407
0,5/4/015,Sindhupalchowk.kmz/Sindhupalchowk/5/4,0,0,0.0,-1,0,,,0.00535598350586,1.12764698373e-06,Sindhupalchowk,85.87500387833919,27.89181630150584
0,5/4/015,Sindhupalchowk.kmz/Sindhupalchowk/5/4,0,0,0.0,-1,0,,,0.00611241010441,1.10566224157e-06,Sindhupalchowk,85.87775886301843,27.8777741379738
0,5/25/015,Sindhupalchowk.kmz/Sindhupalchowk/5/25,0,0,0.0,-1,0,,,0.00435020596041,5.23523112994e-07,Sindhupalchowk,85.89703546822574,27.879088088302876
0,5/25/015,Sindhupalchowk.kmz/Sindhupalchowk/5/25,0,0,0.0,-1,0,,,0.0152734767069,3.59624723572e-06,Sindhupalchowk,85.90049253801283,27.8793508181366
0,5/25/015,Sindhupalchowk.kmz/Sindhupalchowk/5/25,0,0,0.0,-1,0,,,0.00792660799639,1.68250813226e-06,Sindhupalchowk,85.90533197567595,27.88390605622048
0,5/25/015,Sindhupalchowk.kmz/Sindhupalchowk/5/25,0,0,0.0,-1,0,,,0.00490947781633,8.35590688147e-07,Sindhupalchowk,85.90740843964723,27.882996882873535
0,5/25/015,Sindhupalchowk.kmz/Sindhupalchowk/5/25,0,0,0.0,-1,0,,,0.0193002654654,6.84809029877e-06,Sindhupalchowk,85.90889977507572,27.88514182249381
0,2/14/014,Sindhupalchowk.kmz/Sindhupalchowk/2/14,1,0,0.0,-1,0,,,0.00927181820578,1.93027162165e-06,Sindhupalchowk,85.90620933067459,27.900221140358926
0,5/25/015,Sindhupalchowk.kmz/Sindhupalchowk/5/25,0,0,0.0,-1,0,,,0.016378799573,7.68348307558e-06,Sindhupalchowk,85.91115694516294,27.89874385208569
0,5/22/015,Sindhupalchowk.kmz/Sindhupalchowk/5/22,0,0,0.0,-1,0,,,0.012774800515,4.62028491064e-06,Sindhupalchowk,85.90800055269666,27.910801744131806
0,5/3/015,Sindhupalchowk.kmz/Sindhupalchowk/5/3,0,0,0.0,-1,0,,,0.00924992620747,2.54954835198e-06,Sindhupalchowk,85.89677119314618,27.89322099414437
0,5/3/015,Sindhupalchowk.kmz/Sindhupalchowk/5/3,0,0,0.0,-1,0,,,0.00292284917114,3.58356383947e-07,Sindhupalchowk,85.86778034842439,27.891755231837173
0,2/4/014,Sindhupalchowk.kmz/Sindhupalchowk/2/4,1,0,0.0,-1,0,,,0.00501182024211,6.11117606416e-07,Sindhupalchowk,85.86032778391555,27.88902250863785
0,6/2/015,Sindhupalchowk.kmz/Sindhupalchowk/6/2,0,0,0.0,-1,0,,,0.0039511311122,3.11353671491e-07,Sindhupalchowk,85.87030336402343,27.884738379870992
0,6/2/015,Sindhupalchowk.kmz/Sindhupalchowk/6/2,0,0,0.0,-1,0,,,0.00190006303322,1.10862343505e-07,Sindhupalchowk,85.87044823213698,27.885455609227296
0,6/2/015,Sindhupalchowk.kmz/Sindhupalchowk/6/2,0,0,0.0,-1,0,,,0.00216136220792,1.45693679548e-07,Sindhupalchowk,85.86867774163063,27.886224788259195
0,6/2/015,Sindhupalchowk.kmz/Sindhupalchowk/6/2,0,0,0.0,-1,0,,,0.00145535485246,7.69455436558e-08,Sindhupalchowk,85.86932490538335,27.885870438898007
0,6/2/015,Sindhupalchowk.kmz/Sindhupalchowk/6/2,0,0,0.0,-1,0,,,0.00270500855952,1.43983892456e-07,Sindhupalchowk,85.86949807269664,27.88663915469391
0,12/4/014,Sindhupalchowk.kmz/Sindhupalchowk/12/4,0,0,0.0,-1,0,,,0.00269903938409,2.8943998477e-07,Sindhupalchowk,85.86644543529295,27.88399417896977
0,5/22/015,Sindhupalchowk.kmz/Sindhupalchowk/5/22,0,0,0.0,-1,0,,,0.00402897344273,3.290042512e-07,Sindhupalchowk,85.89329308042545,27.87945155784731
0,5/4/015,Sindhupalchowk.kmz/Sindhupalchowk/5/4,0,0,0.0,-1,0,,,0.00619741304448,4.64286941864e-07,Sindhupalchowk,85.88891395325508,27.879788218035053
0,5/4/015,Sindhupalchowk.kmz/Sindhupalchowk/5/4,0,0,0.0,-1,0,,,0.00319776948359,2.42430965582e-07,Sindhupalchowk,85.93118715494379,27.902107146677963
0,5/4/015,Sindhupalchowk.kmz/Sindhupalchowk/5/4,0,0,0.0,-1,0,,,0.00311786168953,2.23183289647e-07,Sindhupalchowk,85.93181527622195,27.90103665593496
0,5/4/015,Sindhupalchowk.kmz/Sindhupalchowk/5/4,0,0,0.0,-1,0,,,0.00956625452571,1.48299188445e-06,Sindhupalchowk,85.93101412174448,27.90025848875241
0,5/4/015,Sindhupalchowk.kmz/Sindhupalchowk/5/4,0,0,0.0,-1,0,,,0.00389594862326,3.90295580343e-07,Sindhupalchowk,85.93168716944861,27.89801265577473
0,5/4/015,Sindhupalchowk.kmz/Sindhupalchowk/5/4,0,0,0.0,-1,0,,,0.0179552741391,3.01649296368e-06,Sindhupalchowk,85.93141861133095,27.89678003662564
0,5/4/015,Sindhupalchowk.kmz/Sindhupalchowk/5/4,0,0,0.0,-1,0,,,0.00650799322852,8.28661189641e-07,Sindhupalchowk,85.93322225050753,27.894467804190583
0,5/4/015,Sindhupalchowk.kmz/Sindhupalchowk/5/4,0,0,0.0,-1,0,,,0.00493769079064,7.54915471297e-07,Sindhupalchowk,85.94196239146748,27.883712253075487
0,5/4/015,Sindhupalchowk.kmz/Sindhupalchowk/5/4,0,0,0.0,-1,0,,,0.0032752813949,3.03686948985e-07,Sindhupalchowk,85.94231438525446,27.88261627895314
0,5/4/015,Sindhupalchowk.kmz/Sindhupalchowk/5/4,0,0,0.0,-1,0,,,0.0133357667989,3.39978016756e-06,Sindhupalchowk,85.94454378789878,27.883347847595633
0,5/4/015,Sindhupalchowk.kmz/Sindhupalchowk/5/4,0,0,0.0,-1,0,,,0.00742405968804,1.11708359461e-06,Sindhupalchowk,85.94637291851186,27.880003347083317
0,5/4/015,Sindhupalchowk.kmz/Sindhupalchowk/5/4,0,0,0.0,-1,0,,,0.0191969334328,3.86298872746e-06,Sindhupalchowk,85.94548430207983,27.878279135714877
0,5/25/015,Sindhupalchowk.kmz/Sindhupalchowk/5/25,0,0,0.0,-1,0,,,0.00773927555229,1.20674657792e-06,Sindhupalchowk,85.94903876336343,27.868822601728503
0,5/25/015,Sindhupalchowk.kmz/Sindhupalchowk/5/25,0,0,0.0,-1,0,,,0.00624953183126,8.78518998231e-07,Sindhupalchowk,85.9486210992655,27.870014442359636
0,5/25/015,Sindhupalchowk.kmz/Sindhupalchowk/5/25,0,0,0.0,-1,0,,,0.00192446073119,2.07430523144e-07,Sindhupalchowk,85.9459845167137,27.872896281357857
0,5/4/015,Sindhupalchowk.kmz/Sindhupalchowk/5/4,0,0,0.0,-1,0,,,0.00340230030424,4.01716853414e-07,Sindhupalchowk,85.93058254904895,27.876117022469785
0,2/13/013,Sindhupalchowk.kmz/Sindhupalchowk/2/13,1,0,0.0,-1,0,,,0.00286322371198,1.76509969605e-07,Sindhupalchowk,85.91554778051783,27.88339409803917
0,2/13/013,Sindhupalchowk.kmz/Sindhupalchowk/2/13,1,0,0.0,-1,0,,,0.00231716946636,9.51990528138e-08,Sindhupalchowk,85.9148859682565,27.884012699788073
0,5/22/015,Sindhupalchowk.kmz/Sindhupalchowk/5/22,0,0,0.0,-1,0,,,0.00360353938325,3.97443421347e-07,Sindhupalchowk,85.91678325606493,27.881559604312475
0,5/22/015,Sindhupalchowk.kmz/Sindhupalchowk/5/22,0,0,0.0,-1,0,,,0.00157328804156,1.22239918524e-07,Sindhupalchowk,85.91795596449474,27.880403433613385
0,2/13/013,Sindhupalchowk.kmz/Sindhupalchowk/2/13,1,0,0.0,-1,0,,,0.00517580863184,6.02723305663e-07,Sindhupalchowk,85.94608640741478,27.874513171052335
0,5/4/015,Sindhupalchowk.kmz/Sindhupalchowk/5/4,0,0,0.0,-1,0,,,0.00508218911185,4.35524148642e-07,Sindhupalchowk,85.94775939056484,27.872384988569763
0,5/4/015,Sindhupalchowk.kmz/Sindhupalchowk/5/4,0,0,0.0,-1,0,,,0.00262534582258,2.29535991713e-07,Sindhupalchowk,85.95043608139069,27.87043455928798
0,5/4/015,Sindhupalchowk.kmz/Sindhupalchowk/5/4,0,0,0.0,-1,0,,,0.00191769578832,8.51138179745e-08,Sindhupalchowk,85.9508765150719,27.869660984602767
0,5/22/015,Sindhupalchowk.kmz/Sindhupalchowk/5/22,0,0,0.0,-1,0,,,0.00228683353413,2.29526858931e-07,Sindhupalchowk,85.95974598040067,27.86848072100836
0,5/22/015,Sindhupalchowk.kmz/Sindhupalchowk/5/22,0,0,0.0,-1,0,,,0.00426247031349,9.17167940176e-07,Sindhupalchowk,85.96080881872878,27.866290828270824
0,5/22/015,Sindhupalchowk.kmz/Sindhupalchowk/5/22,0,0,0.0,-1,0,,,0.00818628588821,1.59563052985e-06,Sindhupalchowk,85.96405845095761,27.867551678971086
0,5/22/015,Sindhupalchowk.kmz/Sindhupalchowk/5/22,0,0,0.0,-1,0,,,0.00399804010087,4.75940473413e-07,Sindhupalchowk,85.96894597758103,27.869114767842575
0,5/22/015,Sindhupalchowk.kmz/Sindhupalchowk/5/22,0,0,0.0,-1,0,,,0.00210144699279,1.32212891795e-07,Sindhupalchowk,85.96810383820863,27.87166728809551
0,5/4/015,Sindhupalchowk.kmz/Sindhupalchowk/5/4,0,0,0.0,-1,0,,,0.0126237807184,7.28753034936e-06,Sindhupalchowk,85.95816669815751,27.909025098722225
0,5/4/015,Sindhupalchowk.kmz/Sindhupalchowk/5/4,0,0,0.0,-1,0,,,0.00535905694249,9.80873648494e-07,Sindhupalchowk,85.95643937752742,27.91272037959352
0,5/4/015,Sindhupalchowk.kmz/Sindhupalchowk/5/4,0,0,0.0,-1,0,,,0.00283465947377,3.06756250881e-07,Sindhupalchowk,85.95712358396261,27.91114974498214
0,2/1/016,Sindhupalchowk.kmz/Sindhupalchowk/2/1,0,0,0.0,-1,0,,,0.00101375089714,3.95907920749e-08,Sindhupalchowk,85.4892068780708,27.864232272043626
0,2/1/016,Sindhupalchowk.kmz/Sindhupalchowk/2/1,0,0,0.0,-1,0,,,0.00104655188686,5.52142935909e-08,Sindhupalchowk,85.48939698736523,27.864139682058948
0,2/1/016,Sindhupalchowk.kmz/Sindhupalchowk/2/1,0,0,0.0,-1,0,,,0.00125252157697,4.90660117359e-08,Sindhupalchowk,85.49010649365654,27.86450967534231
0,2/1/016,Sindhupalchowk.kmz/Sindhupalchowk/2/1,0,0,0.0,-1,0,,,0.000976169585473,3.05726520488e-08,Sindhupalchowk,85.48979496436313,27.864079839156584
0,2/1/016,Sindhupalchowk.kmz/Sindhupalchowk/2/1,0,0,0.0,-1,0,,,0.000706782577562,2.45061949995e-08,Sindhupalchowk,85.49023381438708,27.86341417823889
0,5/3/015,Sindhupalchowk.kmz/Sindhupalchowk/5/3,2,0,0.0,-1,0,,,0.00235795823087,1.60242584079e-07,Sindhupalchowk,85.48708260565782,27.864227205853954
0,5/2/015,Sindhupalchowk.kmz/Sindhupalchowk/5/2,0,0,0.0,-1,0,,,0.00613297432828,1.88756532575e-06,Sindhupalchowk,85.7882739404903,27.997994701088786
0,5/2/015,Sindhupalchowk.kmz/Sindhupalchowk/5/2,0,0,0.0,-1,0,,,0.00309415332584,3.90107758875e-07,Sindhupalchowk,85.7859926047759,28.005188915821822
0,5/4/015,Sindhupalchowk.kmz/Sindhupalchowk/5/4,0,0,0.0,-1,0,,,0.00722938554752,2.50502268212e-06,Sindhupalchowk,85.65373459763792,28.0608486408544
0,5/4/015,Sindhupalchowk.kmz/Sindhupalchowk/5/4,0,0,0.0,-1,0,,,0.00703534448777,1.88899615669e-06,Sindhupalchowk,85.65155552120409,28.062750947465478
0,5/4/015,Sindhupalchowk.kmz/Sindhupalchowk/5/4,0,0,0.0,-1,0,,,0.00591370721715,1.04751448693e-06,Sindhupalchowk,85.65317307261293,28.067450224319153
0,5/4/015,Sindhupalchowk.kmz/Sindhupalchowk/5/4,0,0,0.0,-1,0,,,0.0075684597216,8.79376774999e-07,Sindhupalchowk,85.64849235170509,28.0717966805542
0,5/4/015,Sindhupalchowk.kmz/Sindhupalchowk/5/4,0,0,0.0,-1,0,,,0.00439419185485,7.26226006443e-07,Sindhupalchowk,85.65212366110492,28.07217966393256
0,5/4/015,Sindhupalchowk.kmz/Sindhupalchowk/5/4,0,0,0.0,-1,0,,,0.00493034200503,1.38423851845e-06,Sindhupalchowk,85.62855284214072,28.054007691829156
0,5/3/015,Sindhupalchowk.kmz/Sindhupalchowk/5/3,0,0,0.0,-1,0,,,0.00523300208411,8.89361320785e-07,Sindhupalchowk,85.62591801878361,28.03599410508325
0,2/1/016,Sindhupalchowk.kmz/Sindhupalchowk/2/1,0,0,0.0,-1,0,,,0.00700240055219,4.08717861372e-07,Sindhupalchowk,85.65955823681871,27.966054177544567
0,2/1/016,Sindhupalchowk.kmz/Sindhupalchowk/2/1,0,0,0.0,-1,0,,,0.00194122433863,1.32334986051e-07,Sindhupalchowk,85.66321470889696,27.966840804512263
0,2/1/016,Sindhupalchowk.kmz/Sindhupalchowk/2/1,0,0,0.0,-1,0,,,0.0017512182228,9.35470285825e-08,Sindhupalchowk,85.66148217774608,27.967310686901143
0,2/22/015,Sindhupalchowk.kmz/Sindhupalchowk/2/22,0,0,0.0,-1,0,,,0.00665883318835,1.10833629622e-06,Sindhupalchowk,85.7328353117145,28.08229992282413
0,5/4/015,Sindhupalchowk.kmz/Sindhupalchowk/5/4,0,0,0.0,-1,0,,,0.00489053268986,1.05342910774e-06,Sindhupalchowk,85.74305895240836,28.102575857683455
0,11/10/013,Sindhupalchowk.kmz/Sindhupalchowk/11/10,1,0,0.0,-1,0,,,0.00222476358335,2.84961348234e-07,Sindhupalchowk,85.70785300450076,27.750648609576672
0,10/6/012,Sindhupalchowk.kmz/Sindhupalchowk/10/6,1,0,0.0,-1,0,,,0.00272413129438,4.36794083343e-07,Sindhupalchowk,85.70795647584227,27.749959360690596
0,10/6/012,Sindhupalchowk.kmz/Sindhupalchowk/10/6,1,0,0.0,-1,0,,,0.0024385523592,1.52229100082e-07,Sindhupalchowk,85.70896133129015,27.749657201147556
0,10/6/012,Sindhupalchowk.kmz/Sindhupalchowk/10/6,1,0,0.0,-1,0,,,0.00142114702257,1.14712019597e-07,Sindhupalchowk,85.70876125433446,27.749248603671386
0,10/6/012,Sindhupalchowk.kmz/Sindhupalchowk/10/6,1,0,0.0,-1,0,,,0.00203846489034,2.93639925193e-07,Sindhupalchowk,85.67615251265866,27.75804495678515
0,10/6/012,Sindhupalchowk.kmz/Sindhupalchowk/10/6,1,0,0.0,-1,0,,,0.00135934924023,6.69877795774e-08,Sindhupalchowk,85.67579129497496,27.763836944407387
0,5/3/015,Sindhupalchowk.kmz/Sindhupalchowk/5/3,0,0,0.0,-1,0,,,0.00101442209394,6.99382689729e-08,Sindhupalchowk,85.68274616264387,27.763169872300654
0,5/4/015,Sindhupalchowk.kmz/Sindhupalchowk/5/4,0,0,0.0,-1,0,,,0.0098332577842,4.49883868261e-06,Sindhupalchowk,85.7786747717953,28.10337445459401
0,5/4/015,Sindhupalchowk.kmz/Sindhupalchowk/5/4,0,0,0.0,-1,0,,,0.0109814427724,3.94397199057e-06,Sindhupalchowk,85.78026145516195,28.101934187436495
0,5/4/015,Sindhupalchowk.kmz/Sindhupalchowk/5/4,0,0,0.0,-1,0,,,0.0115179435477,7.31638658642e-06,Sindhupalchowk,85.77906547762538,28.097474876727734
0,5/4/015,Sindhupalchowk.kmz/Sindhupalchowk/5/4,0,0,0.0,-1,0,,,0.00861390814755,1.46095595342e-06,Sindhupalchowk,85.77336849400413,28.102097791602045
0,6/3/015,Sindhupalchowk.kmz/Sindhupalchowk/6/3,0,0,0.0,-1,0,,,0.00637051949825,1.12228651795e-06,Sindhupalchowk,85.7624069327954,28.10397488152323
0,6/3/015,Sindhupalchowk.kmz/Sindhupalchowk/6/3,0,0,0.0,-1,0,,,0.00470570282569,1.08020157673e-06,Sindhupalchowk,85.76511067794706,28.101288313094344
0,6/3/015,Sindhupalchowk.kmz/Sindhupalchowk/6/3,0,0,0.0,-1,0,,,0.0066666419575,1.45406213883e-06,Sindhupalchowk,85.76539645337317,28.10330952656766
0,5/4/015,Sindhupalchowk.kmz/Sindhupalchowk/5/4,0,0,0.0,-1,0,,,0.00661987960285,1.01857523306e-06,Sindhupalchowk,85.76725843439021,28.092396492253176
0,5/4/015,Sindhupalchowk.kmz/Sindhupalchowk/5/4,0,0,0.0,-1,0,,,0.00790382296523,2.36731312686e-06,Sindhupalchowk,85.77908545801274,28.107763569460737
0,11/28/09,Sindhupalchowk.kmz/Sindhupalchowk/11/28,1,0,0.0,-1,0,,,0.00236759206534,3.78067998228e-07,Sindhupalchowk,85.78751784846087,28.108260734398346
0,11/28/09,Sindhupalchowk.kmz/Sindhupalchowk/11/28,1,0,0.0,-1,0,,,0.00292070533077,5.40805868869e-07,Sindhupalchowk,85.78779892561191,28.109771356153367
0,11/28/09,Sindhupalchowk.kmz/Sindhupalchowk/11/28,1,0,0.0,-1,0,,,0.00656888912922,2.06206206481e-06,Sindhupalchowk,85.78854231716096,28.111289998521773
0,11/28/09,Sindhupalchowk.kmz/Sindhupalchowk/11/28,1,0,0.0,-1,0,,,0.00383869637133,8.6229466431e-07,Sindhupalchowk,85.78988357083064,28.112878757455558
0,11/28/09,Sindhupalchowk.kmz/Sindhupalchowk/11/28,1,0,0.0,-1,0,,,0.00768169478043,1.48365582472e-06,Sindhupalchowk,85.79061223782044,28.115949674899927
0,11/28/09,Sindhupalchowk.kmz/Sindhupalchowk/11/28,1,0,0.0,-1,0,,,0.00549801317364,1.53441949159e-06,Sindhupalchowk,85.79296038924139,28.116764494728447
0,5/2/015,Sindhupalchowk.kmz/Sindhupalchowk/5/2,0,0,0.0,-1,0,,,0.0109214837181,5.73412471569e-06,Sindhupalchowk,85.79177409916515,28.111434134523353
0,5/2/015,Sindhupalchowk.kmz/Sindhupalchowk/5/2,0,0,0.0,-1,0,,,0.00876756580761,2.24904112032e-06,Sindhupalchowk,85.7898680631824,28.11007218224676
0,5/2/015,Sindhupalchowk.kmz/Sindhupalchowk/5/2,0,0,0.0,-1,0,,,0.0185632797906,1.40793975286e-05,Sindhupalchowk,85.79384228905248,28.10126109199635
0,5/4/015,Sindhupalchowk.kmz/Sindhupalchowk/5/4,0,0,0.0,-1,0,,,0.0118767966506,5.8884171556e-06,Sindhupalchowk,85.81746011517261,28.100435293863647
0,6/3/015,Sindhupalchowk.kmz/Sindhupalchowk/6/3,0,0,0.0,-1,0,,,0.00542844950515,1.04627066285e-06,Sindhupalchowk,85.85546479608774,28.05560879244417
0,5/4/015,Sindhupalchowk.kmz/Sindhupalchowk/5/4,0,0,0.0,-1,0,,,0.0171553335912,3.85448579279e-06,Sindhupalchowk,85.8270274120825,28.01090085491704
0,5/4/015,Sindhupalchowk.kmz/Sindhupalchowk/5/4,0,0,0.0,-1,0,,,0.00712708518202,1.89359455149e-06,Sindhupalchowk,85.83235872689549,28.014380637851925
0,5/4/015,Sindhupalchowk.kmz/Sindhupalchowk/5/4,0,0,0.0,-1,0,,,0.00947452302609,1.6208332891e-06,Sindhupalchowk,85.83118313387656,28.016774354428275
0,5/4/015,Sindhupalchowk.kmz/Sindhupalchowk/5/4,0,0,0.0,-1,0,,,0.00303472609966,3.5304758044e-07,Sindhupalchowk,85.82855597454487,28.013913003558116
0,5/4/015,Sindhupalchowk.kmz/Sindhupalchowk/5/4,0,0,0.0,-1,0,,,0.0086392522448,2.884043521e-06,Sindhupalchowk,85.82962509320556,28.018827369666667
0,5/4/015,Sindhupalchowk.kmz/Sindhupalchowk/5/4,0,0,0.0,-1,0,,,0.00875833093343,1.2156205491e-06,Sindhupalchowk,85.82013647747202,27.99832708353361
0,5/4/015,Sindhupalchowk.kmz/Sindhupalchowk/5/4,0,0,0.0,-1,0,,,0.00480178974025,8.55045899176e-07,Sindhupalchowk,85.8261006622048,27.999744285538526
0,5/4/015,Sindhupalchowk.kmz/Sindhupalchowk/5/4,0,0,0.0,-1,0,,,0.00991869897336,1.53430078769e-06,Sindhupalchowk,85.80226829896242,27.996417143422033
0,5/4/015,Sindhupalchowk.kmz/Sindhupalchowk/5/4,0,0,0.0,-1,0,,,0.00989220077999,2.84365630195e-06,Sindhupalchowk,85.79864485169173,27.995104064085762
0,5/4/015,Sindhupalchowk.kmz/Sindhupalchowk/5/4,0,0,0.0,-1,0,,,0.00665058567028,2.00275517302e-06,Sindhupalchowk,85.80991922750844,28.042358388949378
0,5/4/015,Sindhupalchowk.kmz/Sindhupalchowk/5/4,0,0,0.0,-1,0,,,0.0045932285752,9.08661611314e-07,Sindhupalchowk,85.81523427945774,28.03912712796388
0,5/4/015,Sindhupalchowk.kmz/Sindhupalchowk/5/4,0,0,0.0,-1,0,,,0.0187266307848,4.88568788395e-06,Sindhupalchowk,85.7922653433097,28.052870109394163
0,5/2/015,Sindhupalchowk.kmz/Sindhupalchowk/5/2,0,0,0.0,-1,0,,,0.00778093047122,2.22663689446e-06,Sindhupalchowk,85.76655996067275,28.056920891840907
0,5/2/015,Sindhupalchowk.kmz/Sindhupalchowk/5/2,0,0,0.0,-1,0,,,0.0178454681322,4.91867591015e-06,Sindhupalchowk,85.77090727319148,28.055787245066146
0,6/2/015,Sindhupalchowk.kmz/Sindhupalchowk/6/2,0,0,0.0,-1,0,,,0.00862145534722,1.43256556504e-06,Sindhupalchowk,85.96174018134235,27.9804104979542
0,5/3/015,Sindhupalchowk.kmz/Sindhupalchowk/5/3,0,0,0.0,-1,0,,,0.0103401738587,3.93506958831e-06,Sindhupalchowk,85.9307476115817,27.96354875031364
0,5/25/015,Sindhupalchowk.kmz/Sindhupalchowk/5/25,0,0,0.0,-1,0,,,0.00798718232662,9.88908707464e-07,Sindhupalchowk,85.62960558483054,27.936942835103807
0,5/3/015,Sindhupalchowk.kmz/Sindhupalchowk/5/3,0,0,0.0,-1,0,,,0.00789066750948,1.5032177212e-06,Sindhupalchowk,85.59380158540561,28.024054410603032
0,5/3/015,Sindhupalchowk.kmz/Sindhupalchowk/5/3,0,0,0.0,-1,0,,,0.00699736871011,9.96135202095e-07,Sindhupalchowk,85.59233217521914,28.033738765423102
0,5/3/015,Sindhupalchowk.kmz/Sindhupalchowk/5/3,0,0,0.0,-1,0,,,0.0108194760659,1.28071148467e-06,Sindhupalchowk,85.59115073689982,28.032956940219023
0,5/3/015,Sindhupalchowk.kmz/Sindhupalchowk/5/3,0,0,0.0,-1,0,,,0.0026997747778,2.47841339726e-07,Sindhupalchowk,85.59165302682527,28.029579340270736
0,5/3/015,Sindhupalchowk.kmz/Sindhupalchowk/5/3,0,0,0.0,-1,0,,,0.0151680231325,1.78112896238e-06,Sindhupalchowk,85.58169310350776,28.033038496630326
0,2/1/016,Sindhupalchowk.kmz/Sindhupalchowk/2/1,0,0,0.0,-1,0,,,0.00514594955281,4.0806075022e-07,Sindhupalchowk,85.62757235562523,27.97441756736801
0,2/1/016,Sindhupalchowk.kmz/Sindhupalchowk/2/1,0,0,0.0,-1,0,,,0.00204716908384,8.72196316552e-08,Sindhupalchowk,85.62812371063845,27.974912605243553
0,5/3/015,Sindhupalchowk.kmz/Sindhupalchowk/5/3,0,0,0.0,-1,0,,,0.00378232463108,3.97517379936e-07,Sindhupalchowk,85.5920215793238,28.006898402229996
0,2/1/016,Sindhupalchowk.kmz/Sindhupalchowk/2/1,0,0,0.0,-1,0,,,0.00392937321588,3.03275076488e-07,Sindhupalchowk,85.59291126148415,28.007104897349755
0,2/1/016,Sindhupalchowk.kmz/Sindhupalchowk/2/1,0,0,0.0,-1,0,,,0.00550383657933,8.05162946886e-07,Sindhupalchowk,85.58559752161331,28.00440073381087
0,5/25/015,Sindhupalchowk.kmz/Sindhupalchowk/5/25,0,0,0.0,-1,0,,,0.00282302130235,4.19864349506e-07,Sindhupalchowk,85.58905601119808,28.003183903126548
0,5/2/015,Sindhupalchowk.kmz/Sindhupalchowk/5/2,0,0,0.0,-1,0,,,0.00504795961748,1.15665306657e-06,Sindhupalchowk,85.63179473441565,27.991559945578175
0,2/1/016,Sindhupalchowk.kmz/Sindhupalchowk/2/1,0,0,0.0,-1,0,,,0.00405736305844,7.38210912307e-07,Sindhupalchowk,85.62900342323962,27.996358591747434
0,2/1/016,Sindhupalchowk.kmz/Sindhupalchowk/2/1,0,0,0.0,-1,0,,,0.00786685733996,1.0884164413e-06,Sindhupalchowk,85.59634251555647,28.016341275678542
0,2/1/016,Sindhupalchowk.kmz/Sindhupalchowk/2/1,0,0,0.0,-1,0,,,0.00608845464073,8.51788552714e-07,Sindhupalchowk,85.59796429625287,28.013683566069535
0,5/3/015,Sindhupalchowk.kmz/Sindhupalchowk/5/3,0,0,0.0,-1,0,,,0.00608618058655,7.27111573722e-07,Sindhupalchowk,85.57632519186791,28.046702924612088
0,5/25/015,Sindhupalchowk.kmz/Sindhupalchowk/5/25,0,0,0.0,-1,0,,,0.0112306004562,1.31127518995e-06,Sindhupalchowk,85.58088787466284,28.064446087510756
0,5/25/015,Sindhupalchowk.kmz/Sindhupalchowk/5/25,0,0,0.0,-1,0,,,0.00681134637045,8.17921411349e-07,Sindhupalchowk,85.5813452698115,28.06572504669529
0,5/25/015,Sindhupalchowk.kmz/Sindhupalchowk/5/25,0,0,0.0,-1,0,,,0.00276626089598,3.32832522968e-07,Sindhupalchowk,85.58949315763839,28.08119473319695
0,5/25/015,Sindhupalchowk.kmz/Sindhupalchowk/5/25,0,0,0.0,-1,0,,,0.00530188501346,5.03203579499e-07,Sindhupalchowk,85.5878394925943,28.081965741852176
0,5/2/015,Sindhupalchowk.kmz/Sindhupalchowk/5/2,0,0,0.0,-1,0,,,0.00791906656234,9.42069716607e-07,Sindhupalchowk,85.6626442193543,27.999137722056158
0,5/2/015,Sindhupalchowk.kmz/Sindhupalchowk/5/2,0,0,0.0,-1,0,,,0.0157266141932,4.1303641934e-06,Sindhupalchowk,85.661887242523,28.07021441062409
0,5/3/015,Sindhupalchowk.kmz/Sindhupalchowk/5/3,0,0,0.0,-1,0,,,0.00304985576947,4.20956091691e-07,Sindhupalchowk,85.65297497907122,28.0704688420165
0,5/4/015,Sindhupalchowk.kmz/Sindhupalchowk/5/4,0,0,0.0,-1,0,,,0.00358990018701,2.88059885463e-07,Sindhupalchowk,85.65250641235924,28.06542315117601
0,5/3/015,Sindhupalchowk.kmz/Sindhupalchowk/5/3,0,0,0.0,-1,0,,,0.00401878806302,7.36239925788e-07,Sindhupalchowk,85.65630319840086,28.057841467382932
0,5/25/015,Sindhupalchowk.kmz/Sindhupalchowk/5/25,0,0,0.0,-1,0,,,0.00614621753821,7.5459674546e-07,Sindhupalchowk,85.51613461122638,27.97307710044046
0,5/25/015,Sindhupalchowk.kmz/Sindhupalchowk/5/25,0,0,0.0,-1,0,,,0.00386123956918,4.1260398122e-07,Sindhupalchowk,85.52000179184326,27.973638132581485
0,5/25/015,Sindhupalchowk.kmz/Sindhupalchowk/5/25,0,0,0.0,-1,0,,,0.00171899618195,1.0143037012e-07,Sindhupalchowk,85.52145765471812,27.97420590590029
0,5/25/015,Sindhupalchowk.kmz/Sindhupalchowk/5/25,0,0,0.0,-1,0,,,0.00471053621539,6.29759454112e-07,Sindhupalchowk,85.52104603680806,27.976091542574576
0,5/25/015,Sindhupalchowk.kmz/Sindhupalchowk/5/25,0,0,0.0,-1,0,,,0.0105797201651,2.10214022074e-06,Sindhupalchowk,85.52306867805515,27.975667341220365
0,5/3/015,Sindhupalchowk.kmz/Sindhupalchowk/5/3,0,0,0.0,-1,0,,,0.0109284872226,1.52809951452e-06,Sindhupalchowk,85.56301368555641,27.986864518297754
0,5/3/015,Sindhupalchowk.kmz/Sindhupalchowk/5/3,0,0,0.0,-1,0,,,0.0022202339169,1.55533384665e-07,Sindhupalchowk,85.5647047398843,27.987498697932644
0,5/3/015,Sindhupalchowk.kmz/Sindhupalchowk/5/3,0,0,0.0,-1,0,,,0.00556621583455,9.16286941386e-07,Sindhupalchowk,85.56536096821492,27.98923217528213
0,10/25/014,Sindhupalchowk.kmz/Sindhupalchowk/10/25,1,0,0.0,-1,0,,,0.00392634891435,7.70689321046e-07,Sindhupalchowk,85.53974245108007,27.99279746045538
0,5/25/015,Sindhupalchowk.kmz/Sindhupalchowk/5/25,0,0,0.0,-1,0,,,0.0110902890609,6.77376739261e-06,Sindhupalchowk,85.53125587890254,28.072294712920346
0,5/25/015,Sindhupalchowk.kmz/Sindhupalchowk/5/25,0,0,0.0,-1,0,,,0.00699089837351,2.12890134746e-06,Sindhupalchowk,85.52902583916308,28.07545007713123
0,5/25/015,Sindhupalchowk.kmz/Sindhupalchowk/5/25,0,0,0.0,-1,0,,,0.0110668960856,4.62583300942e-06,Sindhupalchowk,85.52635110371445,28.07600342905767
0,5/3/015,Sindhupalchowk.kmz/Sindhupalchowk/5/3,0,0,0.0,-1,0,,,0.00516151985713,1.4020974661e-06,Sindhupalchowk,85.65985182101423,28.079054975390186
0,5/25/015,Sindhupalchowk.kmz/Sindhupalchowk/5/25,0,0,0.0,-1,0,,,0.00679268706711,1.56153180788e-06,Sindhupalchowk,85.52382655457647,28.08122056576056
0,2/1/016,Sindhupalchowk.kmz/Sindhupalchowk/2/1,0,0,0.0,-1,0,,,0.012936444192,2.68340249822e-06,Sindhupalchowk,85.55313749597622,28.01163742891151
0,2/1/016,Sindhupalchowk.kmz/Sindhupalchowk/2/1,0,0,0.0,-1,0,,,0.00496589892982,8.77911081391e-07,Sindhupalchowk,85.55646333730189,28.006004795566355
0,2/1/016,Sindhupalchowk.kmz/Sindhupalchowk/2/1,0,0,0.0,-1,0,,,0.00355834711483,6.00292831983e-07,Sindhupalchowk,85.55802048487276,28.006833295779206
0,2/1/016,Sindhupalchowk.kmz/Sindhupalchowk/2/1,0,0,0.0,-1,0,,,0.00392339603826,3.11433778057e-07,Sindhupalchowk,85.54376850699214,28.011299997500384
0,5/25/015,Sindhupalchowk.kmz/Sindhupalchowk/5/25,0,0,0.0,-1,0,,,0.00163326185167,1.06577315415e-07,Sindhupalchowk,85.54337361326375,28.00704802849415
0,5/25/015,Sindhupalchowk.kmz/Sindhupalchowk/5/25,0,0,0.0,-1,0,,,0.0018445430935,1.81775197984e-07,Sindhupalchowk,85.54188739251923,28.007086855197887
0,5/25/015,Sindhupalchowk.kmz/Sindhupalchowk/5/25,0,0,0.0,-1,0,,,0.00191735450116,1.84195360762e-07,Sindhupalchowk,85.54236259656503,28.007281917574613
0,2/1/016,Sindhupalchowk.kmz/Sindhupalchowk/2/1,0,0,0.0,-1,0,,,0.00328115183391,2.93540787221e-07,Sindhupalchowk,85.52304450331441,28.001230875890652
0,5/25/015,Sindhupalchowk.kmz/Sindhupalchowk/5/25,0,0,0.0,-1,0,,,0.00486490375498,4.98279736905e-07,Sindhupalchowk,85.52064382167578,27.993340525687685
0,5/25/015,Sindhupalchowk.kmz/Sindhupalchowk/5/25,0,0,0.0,-1,0,,,0.0039333963992,4.02040414559e-07,Sindhupalchowk,85.49991886155817,27.99379165001636
0,5/25/015,Sindhupalchowk.kmz/Sindhupalchowk/5/25,0,0,0.0,-1,0,,,0.00338475428687,4.94476106732e-07,Sindhupalchowk,85.51148061823604,28.022614495114443
0,5/25/015,Sindhupalchowk.kmz/Sindhupalchowk/5/25,0,0,0.0,-1,0,,,0.00242743058701,1.57763632377e-07,Sindhupalchowk,85.51056187371105,28.02187111731655
0,5/25/015,Sindhupalchowk.kmz/Sindhupalchowk/5/25,0,0,0.0,-1,0,,,0.00415289141695,6.45802989915e-07,Sindhupalchowk,85.51015617774615,28.02476834256094
0,5/25/015,Sindhupalchowk.kmz/Sindhupalchowk/5/25,0,0,0.0,-1,0,,,0.00255985486051,3.40653616263e-07,Sindhupalchowk,85.50929180884154,28.02466368813524
0,5/25/015,Sindhupalchowk.kmz/Sindhupalchowk/5/25,0,0,0.0,-1,0,,,0.0037150361015,5.5329930692e-07,Sindhupalchowk,85.511195778223,28.024870628685484
0,5/25/015,Sindhupalchowk.kmz/Sindhupalchowk/5/25,0,0,0.0,-1,0,,,0.00264016556225,1.91960808104e-07,Sindhupalchowk,85.51480693909362,28.023732374299055
0,5/25/015,Sindhupalchowk.kmz/Sindhupalchowk/5/25,0,0,0.0,-1,0,,,0.00205724239783,1.68761340789e-07,Sindhupalchowk,85.51489350427634,28.0245104668081
0,2/1/016,Sindhupalchowk.kmz/Sindhupalchowk/2/1,0,0,0.0,-1,0,,,0.00511648487823,4.95987811141e-07,Sindhupalchowk,85.5296465339668,28.017366917267086
0,2/1/016,Sindhupalchowk.kmz/Sindhupalchowk/2/1,0,0,0.0,-1,0,,,0.00223726046759,1.45919201364e-07,Sindhupalchowk,85.52861112828417,28.017299941563607
0,2/1/016,Sindhupalchowk.kmz/Sindhupalchowk/2/1,0,0,0.0,-1,0,,,0.00434880713771,3.32162314499e-07,Sindhupalchowk,85.52908339645403,28.016271386521442
0,5/25/015,Sindhupalchowk.kmz/Sindhupalchowk/5/25,0,0,0.0,-1,0,,,0.00684305034734,1.45742718375e-06,Sindhupalchowk,85.50994964018184,28.01932698236141
0,5/25/015,Sindhupalchowk.kmz/Sindhupalchowk/5/25,0,0,0.0,-1,0,,,0.009571754819,1.76593158842e-06,Sindhupalchowk,85.5079134146701,28.020148472730572
0,5/25/015,Sindhupalchowk.kmz/Sindhupalchowk/5/25,0,0,0.0,-1,0,,,0.00163575805119,1.77983501634e-07,Sindhupalchowk,85.50762791608128,28.022200814511404
0,5/25/015,Sindhupalchowk.kmz/Sindhupalchowk/5/25,0,0,0.0,-1,0,,,0.00579697489959,1.82787535711e-06,Sindhupalchowk,85.52346946216741,28.040024446299725
0,5/25/015,Sindhupalchowk.kmz/Sindhupalchowk/5/25,0,0,0.0,-1,0,,,0.00356646117864,6.23990492692e-07,Sindhupalchowk,85.52272331202781,28.041041071040873
0,5/25/015,Sindhupalchowk.kmz/Sindhupalchowk/5/25,0,0,0.0,-1,0,,,0.00327273070117,3.86714408439e-07,Sindhupalchowk,85.52108042397025,28.04178961925324
0,5/25/015,Sindhupalchowk.kmz/Sindhupalchowk/5/25,0,0,0.0,-1,0,,,0.0222176610601,3.81782961827e-06,Sindhupalchowk,85.51381954339855,28.044074094057574
0,5/25/015,Sindhupalchowk.kmz/Sindhupalchowk/5/25,0,0,0.0,-1,0,,,0.00406184016345,5.74881968462e-07,Sindhupalchowk,85.5146344511112,28.047442636058843
0,5/25/015,Sindhupalchowk.kmz/Sindhupalchowk/5/25,0,0,0.0,-1,0,,,0.0159580531105,1.4190468316e-06,Sindhupalchowk,85.4994664237711,28.047784349333224
0,5/25/015,Sindhupalchowk.kmz/Sindhupalchowk/5/25,0,0,0.0,-1,0,,,0.0106169000115,1.80893093693e-06,Sindhupalchowk,85.50359797509522,28.04928733864073
0,5/25/015,Sindhupalchowk.kmz/Sindhupalchowk/5/25,0,0,0.0,-1,0,,,0.00593026134192,7.01522432137e-07,Sindhupalchowk,85.5011390892257,28.043872944009408
0,5/25/015,Sindhupalchowk.kmz/Sindhupalchowk/5/25,0,0,0.0,-1,0,,,0.0117290632575,1.66290119236e-06,Sindhupalchowk,85.49885672996385,28.05277662802391
0,5/25/015,Sindhupalchowk.kmz/Sindhupalchowk/5/25,0,0,0.0,-1,0,,,0.0121113471167,6.85407413153e-06,Sindhupalchowk,85.49198135982692,28.055384032150606
0,5/25/015,Sindhupalchowk.kmz/Sindhupalchowk/5/25,0,0,0.0,-1,0,,,0.00877954323313,1.17960760031e-06,Sindhupalchowk,85.51178192186393,28.08995763556706
0,5/25/015,Sindhupalchowk.kmz/Sindhupalchowk/5/25,0,0,0.0,-1,0,,,0.00373961437045,1.74565547372e-07,Sindhupalchowk,85.51320572869983,28.089741658916534
0,5/25/015,Sindhupalchowk.kmz/Sindhupalchowk/5/25,0,0,0.0,-1,0,,,0.00252587465965,1.0476872272e-07,Sindhupalchowk,85.51352234906669,28.089916718543193
0,11/9/014,Sindhupalchowk.kmz/Sindhupalchowk/11/9,1,0,0.0,-1,0,,,0.002402565169,8.68433690377e-08,Sindhupalchowk,85.50999605298612,28.089042727293364
0,11/9/014,Sindhupalchowk.kmz/Sindhupalchowk/11/9,1,0,0.0,-1,0,,,0.00393808838907,3.94915069866e-07,Sindhupalchowk,85.50778042979385,28.0898519312809
0,5/25/015,Sindhupalchowk.kmz/Sindhupalchowk/5/25,0,0,0.0,-1,0,,,0.00243808635964,1.00606201199e-07,Sindhupalchowk,85.5066680732542,28.090241491376393
0,5/25/015,Sindhupalchowk.kmz/Sindhupalchowk/5/25,0,0,0.0,-1,0,,,0.00196031749885,9.54067682132e-08,Sindhupalchowk,85.50623378542143,28.090564192475178
0,5/25/015,Sindhupalchowk.kmz/Sindhupalchowk/5/25,0,0,0.0,-1,0,,,0.00171557877358,8.30308831094e-08,Sindhupalchowk,85.50542266442272,28.09088467053654
0,11/9/014,Sindhupalchowk.kmz/Sindhupalchowk/11/9,1,0,0.0,-1,0,,,0.00304331378908,4.19786053545e-07,Sindhupalchowk,85.50447961569621,28.092330571026608
0,11/9/014,Sindhupalchowk.kmz/Sindhupalchowk/11/9,1,0,0.0,-1,0,,,0.00273062294132,2.9085682888e-07,Sindhupalchowk,85.50531360069216,28.092125968635433
0,11/9/014,Sindhupalchowk.kmz/Sindhupalchowk/11/9,1,0,0.0,-1,0,,,0.00310971173817,1.88091581783e-07,Sindhupalchowk,85.50813129717153,28.091669145798914
0,11/9/014,Sindhupalchowk.kmz/Sindhupalchowk/11/9,1,0,0.0,-1,0,,,0.00176675308455,9.96015397985e-08,Sindhupalchowk,85.50564965920837,28.091879979729658
0,5/25/015,Sindhupalchowk.kmz/Sindhupalchowk/5/25,0,0,0.0,-1,0,,,0.00746861359965,3.14462089855e-06,Sindhupalchowk,85.53523458487241,28.114218437337584
0,5/25/015,Sindhupalchowk.kmz/Sindhupalchowk/5/25,0,0,0.0,-1,0,,,0.0293284963973,1.766184972e-05,Sindhupalchowk,85.52954989122543,28.116460772966768
0,5/25/015,Sindhupalchowk.kmz/Sindhupalchowk/5/25,0,0,0.0,-1,0,,,0.0127172054759,5.9631730004e-06,Sindhupalchowk,85.54283218736391,28.11505896787965
0,11/9/014,Sindhupalchowk.kmz/Sindhupalchowk/11/9,0,0,0.0,-1,0,,,0.00352910290191,3.09058816152e-07,Sindhupalchowk,85.53765284463032,28.118445679131103
0,11/9/014,Sindhupalchowk.kmz/Sindhupalchowk/11/9,0,0,0.0,-1,0,,,0.0172221344248,1.23537688715e-05,Sindhupalchowk,85.5289133159252,28.125090603349925
0,11/9/014,Sindhupalchowk.kmz/Sindhupalchowk/11/9,0,0,0.0,-1,0,,,0.00835280251281,1.92146992533e-06,Sindhupalchowk,85.53201053556074,28.122396850520776
0,5/25/015,Sindhupalchowk.kmz/Sindhupalchowk/5/25,0,0,0.0,-1,0,,,0.0214537601981,9.00980036499e-06,Sindhupalchowk,85.53647432628472,28.098763982984774
0,5/25/015,Sindhupalchowk.kmz/Sindhupalchowk/5/25,0,0,0.0,-1,0,,,0.0165830593771,4.02904367552e-06,Sindhupalchowk,85.54149602400454,28.099414256591245
0,5/25/015,Sindhupalchowk.kmz/Sindhupalchowk/5/25,0,0,0.0,-1,0,,,0.0300323700426,1.50842412442e-05,Sindhupalchowk,85.53767408699389,28.094604810623835
0,5/25/015,Sindhupalchowk.kmz/Sindhupalchowk/5/25,0,0,0.0,-1,0,,,0.00997040007077,2.06090215023e-06,Sindhupalchowk,85.97503217757493,27.870134616204506
0,5/25/015,Sindhupalchowk.kmz/Sindhupalchowk/5/25,0,0,0.0,-1,0,,,0.00335817777106,3.95377721647e-07,Sindhupalchowk,85.97159925063943,27.868765958869034
0,5/25/015,Sindhupalchowk.kmz/Sindhupalchowk/5/25,0,0,0.0,-1,0,,,0.00185297633764,1.3671662641e-07,Sindhupalchowk,85.9721307998537,27.8688500129257
0,5/4/015,Sindhupalchowk.kmz/Sindhupalchowk/5/4,0,0,0.0,-1,0,,,0.0029777627256,2.90940740245e-07,Sindhupalchowk,85.9634759603246,27.87118921374004
0,5/24/015,Sindhupalchowk.kmz/Sindhupalchowk/5/24,0,0,0.0,-1,0,,,0.0123483718435,3.60479514748e-06,Sindhupalchowk,85.92689199295987,27.904649424784914
0,5/24/015,Sindhupalchowk.kmz/Sindhupalchowk/5/24,0,0,0.0,-1,0,,,0.00916888752055,2.77644865518e-06,Sindhupalchowk,85.92413601419364,27.90639874257202
0,5/4/015,Sindhupalchowk.kmz/Sindhupalchowk/5/4,0,0,0.0,-1,0,,,0.00772996745525,2.67053778127e-06,Sindhupalchowk,85.93056983118913,27.914116011536613
0,5/4/015,Sindhupalchowk.kmz/Sindhupalchowk/5/4,0,0,0.0,-1,0,,,0.00873148020753,3.46727664298e-06,Sindhupalchowk,85.93043108353415,27.912360053035574
0,5/4/015,Sindhupalchowk.kmz/Sindhupalchowk/5/4,0,0,0.0,-1,0,,,0.00495839119987,9.4993599124e-07,Sindhupalchowk,85.92880714750693,27.911040392315616
0,5/4/015,Sindhupalchowk.kmz/Sindhupalchowk/5/4,0,0,0.0,-1,0,,,0.0118700828367,3.59857631736e-06,Sindhupalchowk,85.93357549872194,27.916867069727996
0,5/4/015,Sindhupalchowk.kmz/Sindhupalchowk/5/4,0,0,0.0,-1,0,,,0.00617463543507,9.09988414344e-07,Sindhupalchowk,85.92000496241324,27.893680414546985
0,5/4/015,Sindhupalchowk.kmz/Sindhupalchowk/5/4,0,0,0.0,-1,0,,,0.00906134634882,1.81957030018e-06,Sindhupalchowk,85.9161895876325,27.890701059212933
