sample_id,longitude,latitude,Slope,Elevation,Aspect,NDVI,LULC,Rainfall,River Proximity,Road Proximity,TWI,landslide
bg_444,85.96015960889186,27.76602629612072,22.834915161132812,1959.0,267.79681396484375,0.6895585060119629,10.0,5.2163896560668945,6997.20658548824,607.4537019394976,15.567527706512564,0
524,85.75287037711895,27.91356540332724,40.33290481567383,1814.0,197.5815887451172,0.4049125015735626,30.0,4.774409770965576,1527.9397893896212,258.0697580112788,14.619952507229394,1
111,85.87949919292112,27.634412007574408,63.03284454345703,1556.0,34.549198150634766,0.8174827098846436,10.0,4.343433856964111,7464.274914551313,42.42640687119285,13.559051177168923,1
778,85.89358509512994,27.80428842915728,36.39598846435547,948.0,246.71681213378903,0.6087836027145386,10.0,4.941662311553955,0.0,67.0820393249937,14.064155716704684,1
bg_893,85.67530383229756,27.7568634802227,42.750980377197266,827.0,58.30907440185547,0.6449182033538818,10.0,4.0218892097473145,4260.105632493166,210.0,14.234792983989573,0
bg_1095,85.68931755072983,27.69892214439699,27.943828582763672,805.0,271.7487487792969,0.7614991664886475,10.0,3.767113208770752,690.0,330.0,14.230820741340308,0
bg_1059,85.94048650416964,27.929879003944123,34.293251037597656,1788.0,313.50006103515625,0.8102224469184875,10.0,4.404165267944336,360.0,123.69316876852982,14.681041326103546,0
621,85.75646102883772,27.92368793451423,42.37887573242188,2331.0,124.59083557128906,0.6935659646987915,10.0,4.774409770965576,1398.4634424968,256.3201123595259,14.934302791728198,1
133,85.9544094560524,27.78291520866082,22.8780574798584,1199.0,22.970314025878903,0.7270240783691406,10.0,5.216389656066895,6060.297022423902,60.0,14.028098733662423,1
622,85.75668966729336,27.923869908718427,37.269344329833984,2330.0,125.0557632446289,0.6645985245704651,10.0,4.774409770965576,1374.1178988718543,284.60498941515414,14.779272067892162,1
810,85.88815368153297,27.85856208752948,35.161964416503906,1660.0,224.57110595703125,0.4073192477226257,30.0,4.586504936218262,742.7651041883969,480.0,14.748785835134235,1
bg_354,85.75803866996496,27.87220716270365,33.17972946166992,1091.0,281.4231262207031,0.712380051612854,10.0,5.343934535980225,0.0,30.0,14.367932027775415,0
bg_463,85.77366935590865,27.71482232492591,24.815196990966797,704.0,11.404281616210938,0.6308249831199646,10.0,4.70947265625,240.0,0.0,14.668975907374406,0
236,85.49705766478658,27.8595437487134,30.28104782104492,1293.0,176.40432739257812,0.4022637009620666,60.0,4.607892036437988,4596.661832243047,90.0,14.33650660245384,1
bg_756,85.70602621501445,28.159218895979837,52.667823791503906,5324.0,229.1299285888672,0.040586795657873154,60.0,3.7445425987243652,6664.322921347674,10840.009225088326,15.215665293572604,0
bg_591,85.70845166628158,27.935538390234075,39.29213333129883,2681.0,341.7301025390625,0.7572709321975708,10.0,4.452770709991455,6811.783907318259,1110.0,15.425930725414231,0
208,85.52140884588317,27.886020177810327,39.29636001586914,1190.0,165.74923706054688,0.596657395362854,30.0,5.103635787963867,1838.831150486635,30.0,14.246583549833474,1
bg_181,85.61978794773897,28.001834058202096,44.19145965576172,1783.0,211.8739471435547,0.8004999160766602,10.0,4.772528171539307,3354.1019662496847,234.30749027719963,14.486359131511792,0
bg_489,85.52438686456549,28.010457884929643,39.14759826660156,2300.0,44.28547286987305,0.8204126358032227,10.0,4.726099014282227,8785.54494610323,313.20919526731655,15.017745721780408,0
1289,85.67615251265866,27.75804495678515,40.79498672485352,864.0,235.7565155029297,0.6061328649520874,30.0,4.263062000274658,4434.828068820707,60.0,13.818669941452931,1
471,85.52474561987712,28.00510338475215,29.28060913085937,2497.0,71.48452758789062,0.658831000328064,10.0,4.726099014282227,8248.854465924343,750.0,15.159353755866242,1
1093,85.59949184606378,28.031173068589982,34.17593002319336,2600.0,210.8759613037109,0.8422334790229797,10.0,4.835017204284668,7321.290869785191,1033.1505214633537,15.160255636498531,1
327,85.66678619809242,27.82787837297025,27.401657104492188,1652.0,57.93629837036133,0.6520400047302246,10.0,4.6042256355285645,8340.053956659993,134.1640786499874,14.933787556482208,1
bg_396,85.5944554567268,27.845796693350536,16.022254943847656,1220.0,296.80572509765625,0.6961797475814819,10.0,4.647837162017822,607.4537019394976,256.3201123595259,15.490844945320385,0
1339,85.58905601119808,28.003183903126548,23.739595413208008,2536.0,123.51220703125,0.768693208694458,30.0,4.835017204284668,5858.224987144144,228.4731931759173,15.036853887109162,1
bg_362,85.8124765761826,27.917482253023273,48.942501068115234,2573.0,205.52157592773438,0.6547353863716125,10.0,4.945862293243408,3607.6169419715284,666.1080993352356,14.707165956720317,0
335,85.65094649640639,27.862185778907776,33.110652923583984,1790.0,107.32928466796876,0.7808438539505005,10.0,4.559855937957764,4405.916476738977,218.40329667841556,14.83236488364862,1
bg_385,85.70171430165067,28.048187126862665,48.84443664550781,4012.0,195.81578063964844,0.44079557061195374,30.0,4.635933876037598,5609.037350562037,1359.301291105103,15.170658385416061,0
676,85.7640870940013,28.008749303763604,40.51033020019531,2721.0,345.0770263671875,0.7217934727668762,10.0,4.903069972991943,1739.2239648762893,391.15214431215895,15.441056236415172,1
605,85.73991646669975,27.898594221365453,29.54751205444336,1871.0,181.8516540527344,0.5491417050361633,30.0,4.452770709991455,2070.0,30.0,14.938663532349912,1
bg_923,85.91272856189035,27.791358787132893,16.342344284057617,1388.0,273.1647033691406,0.28190743923187256,30.0,5.2163896560668945,1440.0,42.42640687119285,15.429502430136127,0
bg_214,85.86960942825262,27.82720156696926,22.536136627197266,962.0,34.991851806640625,0.7497581243515015,10.0,5.761692047119141,150.0,42.42640687119285,14.478041851252302,0
935,85.69864470398956,27.91849229834722,32.8001594543457,2851.0,275.76641845703125,0.5010274052619934,30.0,4.548963069915772,6707.197626430878,607.4537019394976,14.982124708317214,1
343,85.64951618618935,27.869739074390484,56.28408050537109,1612.0,61.620750427246094,0.7151982188224792,10.0,4.559855937957764,3787.373760272413,30.0,13.894015752559945,1
bg_866,85.94264246085153,27.906432975028604,27.755186080932617,1885.0,213.84466552734375,0.647274374961853,10.0,4.404165267944336,1926.0841103129426,30.0,15.090036716157286,0
bg_286,85.91218957271988,28.021237668339076,36.958560943603516,3947.0,138.850830078125,0.31940028071403503,30.0,4.106739044189453,6610.0832067380215,3503.326990162351,15.475466668319187,0
bg_296,85.8582906556727,27.737459870085722,28.9808349609375,1574.0,344.6824645996094,0.7871164083480835,10.0,5.7190961837768555,1890.0,67.0820393249937,14.60574405521221,0
bg_37,85.81786646788733,27.80591149473563,36.105838775634766,1605.0,182.87648010253906,0.8615232706069946,10.0,6.791383266448975,5258.564442887431,240.0,14.659775606355101,0
bg_944,85.45889968035317,27.813187848536998,36.70551300048828,2071.0,54.10820388793945,0.7930014729499817,10.0,4.804811000823975,10513.277319656321,30.0,14.831038408652983,0
1048,85.61159929178741,27.91957937335427,51.04108047485352,1601.0,149.75732421875,0.2557765245437622,30.0,4.625964164733887,1535.8710883404246,67.0820393249937,14.169182136436923,1
388,85.68562026276564,27.80769938697481,39.47546005249024,1474.0,152.18411254882812,0.793994665145874,10.0,4.6042256355285645,8580.0,90.0,14.394613999025813,1
bg_973,85.8755383091278,28.015308787463887,30.862777709960938,4439.0,280.9302673339844,0.007045172154903412,60.0,4.297876358032227,8978.474257912643,2300.8259386576815,15.821940138040743,0
bg_823,85.68581412112175,27.82477611570214,32.839141845703125,1419.0,298.45941162109375,0.5909219980239868,10.0,4.6042256355285645,8506.04490935711,0.0,14.609605685845105,0
919,85.52418824041727,27.93294633581248,43.939544677734375,1858.0,172.3515625,0.4328158795833587,30.0,5.221707344055176,2794.512479843309,30.0,14.65127308355866,1
bg_812,85.78822206351138,28.126071061995827,27.617937088012695,4553.0,188.06723022460938,0.2835303246974945,30.0,3.9751100540161133,7234.542141697704,2913.863414781139,15.565858539595947,0
33,85.93056739743459,27.808000478417725,45.56248092651367,1838.0,-0.0,0.5804877877235413,10.0,4.941662311553955,3536.43888678993,30.0,14.40447530470612,1
1031,85.52769276380671,28.00409228619636,24.43622589111328,2155.0,75.55912017822266,0.7408427596092224,10.0,4.726099014282227,8010.898825974523,420.0,14.62778483952082,1
bg_321,85.633532171586,28.00991889575917,34.20148468017578,2500.0,76.220703125,0.8860487937927246,10.0,4.772528171539307,3900.0,1092.0164833920778,14.943206318463155,0
bg_646,85.64565942792161,28.028514022140445,36.94532775878906,2214.0,271.2333679199219,0.8522012829780579,10.0,4.772528171539307,6042.002979145243,708.0254232723568,14.900181251277717,0
883,85.67117681498851,27.892580663055103,55.53471755981445,2182.0,180.0,0.5945587158203125,30.0,4.626403331756592,4897.448315194352,429.5346318982906,13.98654190977534,1
418,85.64893048457074,27.911293474422177,40.198577880859375,1601.0,240.1274871826172,0.2356769144535064,60.0,4.625964164733887,1663.3099530754937,0.0,14.45969244614667,1
135,85.92246604223978,27.78110037742892,46.46153259277344,1052.0,0.9962135553359984,0.6825667023658752,10.0,5.216389656066895,2534.4230112591704,42.42640687119285,13.82121806555183,1
508,85.73968853596874,27.87745197205341,43.31651306152344,2019.0,82.10575866699219,0.758693516254425,10.0,4.696327209472656,1677.0509831248423,60.0,14.914021198705337,1
bg_788,85.92323885071454,27.868434238510346,37.65583801269531,1786.0,71.65917205810547,0.6280027627944946,60.0,4.586504936218262,2082.1383239352763,123.69316876852982,14.650019200458386,0
1082,85.62752104226382,27.97257142642032,49.60536193847656,1620.0,127.30569458007812,0.5132656693458557,30.0,4.582652568817139,660.0,42.42640687119285,14.133353230445724,1
1370,85.55802048487276,28.00683329577921,46.83685302734375,2831.0,213.38458251953125,0.3887642323970794,30.0,4.726099014282227,7740.0,582.494635168428,14.788938792166809,1
bg_976,85.94533740670389,27.73692088091525,22.53196907043457,2567.0,236.88864135742188,0.7225286364555359,30.0,4.780183792114258,7255.411773290334,254.5584412271571,15.26817473210139,0
bg_618,85.83430563758671,27.78947232503624,52.46751403808594,2199.0,230.63702392578125,0.4711700975894928,30.0,6.045157432556152,3480.0,729.9315036357863,14.33687059131067,0
117,85.95058490085708,27.85105210380948,45.274715423583984,2613.0,353.7536926269531,0.6587473154067993,30.0,4.586504936218262,5561.906148075496,937.709976485267,14.775508765486816,1
348,85.65361924663343,27.86839880852052,32.21585464477539,1724.0,261.1330871582031,0.8110425472259521,10.0,4.559855937957764,4249.847056071548,90.0,14.828327482322935,1
829,85.54459337823288,27.84466918820883,19.497398376464844,1152.0,111.45409393310548,0.5301370024681091,10.0,4.967405796051025,870.0,30.0,14.98891558729215,1
752,85.88826966452513,27.857677248739147,38.9105110168457,1631.0,257.2559509277344,0.3505124449729919,60.0,4.586504936218262,708.0254232723568,458.91175622335066,14.525607868770033,1
bg_19,85.68581412112175,27.91128387756285,32.36286544799805,2257.0,4.975016117095947,0.7790356278419495,10.0,4.5489630699157715,5506.941074680208,1026.1578825892243,15.37337945122315,0
bg_643,85.88550960878153,27.64394524900888,12.391741752624512,1820.0,131.53607177734375,0.5033242106437683,10.0,4.343433856964111,8720.458703531598,0.0,15.922836810275912,0
1034,85.57514491707494,28.031157900985257,34.96249771118164,3115.0,161.65553283691406,0.5111209750175476,30.0,4.835017204284668,9016.834255990292,1106.752004741803,15.359984715420364,1
bg_616,85.77582531259053,28.104780989762194,29.993913650512695,4051.0,147.28269958496094,0.24671246111392975,100.0,4.430944442749023,4493.695583815174,1148.2595525402783,15.76574724999332,0
281,85.56316738682418,27.81402927562734,31.89535140991211,1075.0,109.76412963867188,0.4751567840576172,30.0,4.967405796051025,870.0,0.0,14.224731419405757,1
bg_913,85.8688009444969,27.63074001433232,31.718547821044922,1616.0,232.9580841064453,0.6319597363471985,10.0,4.407373905181885,6495.8833117598415,108.16653826391968,14.931590220323054,0
bg_922,86.00408722628531,27.758210953148883,65.54833221435547,2135.0,281.0332336425781,0.8322295546531677,10.0,4.674496173858643,12966.94258489641,169.7056274847714,14.3668455907446,0
481,85.90289111104734,27.781243989861405,39.54546356201172,1094.0,141.64903259277344,0.2865681052207947,30.0,5.216389656066895,408.0441152620633,67.0820393249937,14.571592919620388,1
369,85.51072648469409,27.93077926273894,40.73096466064453,1553.0,175.11753845214844,0.6702017188072205,10.0,4.496346950531006,4092.0043988246152,432.6661530556787,14.260087937495122,1
bg_910,85.67665130522374,27.91882972594945,20.374502182006836,1865.0,290.4075622558594,0.4495578408241272,30.0,4.5489630699157715,4386.570414344218,182.48287590894657,15.487654622759978,0
bg_1009,85.5020188139909,27.951708065348228,28.1633358001709,2430.0,263.05328369140625,0.8593945503234863,10.0,4.546175479888916,5904.743855579173,218.40329667841553,15.402195348483321,0
bg_64,85.70548722584397,28.09346221718229,17.709259033203125,4661.0,59.53931427001953,-0.06629884243011475,100.0,4.176478385925293,5554.53868471541,5613.207639131124,16.49532906412965,0
bg_200,85.90167928389567,28.042258245987476,32.89729690551758,4709.0,47.49325942993164,-0.04779774695634842,70.0,4.106739044189453,8386.54279187795,2190.2054698132774,15.80241387634636,0
bg_87,85.82487332710346,27.90724145878431,29.17464828491211,2730.0,297.64007568359375,0.7954329252243042,10.0,4.945862293243408,5397.416048443922,30.0,15.39873008641473,0
560,85.76720345898084,27.95670263115624,42.67632675170898,2929.0,161.45635986328125,0.6562264561653137,30.0,4.540307521820068,2180.1146758828995,966.0745312862772,15.06551837055982,1
bg_520,86.0469368653378,27.905085502102423,26.08423614501953,3991.0,256.61669921875,0.3011060953140259,30.0,4.051556587219238,11596.697805841108,318.9043743820395,15.91351660979832,0
468,85.52229810682113,28.00181201273138,49.85851287841797,2570.0,149.3209686279297,0.361347496509552,30.0,4.726099014282227,8009.606731918865,766.6159403508383,15.743928845829476,1
654,85.74963524133462,28.0493572904621,32.894866943359375,3080.0,58.29301071166992,0.665726363658905,10.0,4.903069972991943,763.6753236814714,1106.3453348751464,15.285167275879914,1
584,85.76163410837488,27.9082482015252,50.58863067626953,1494.0,111.04852294921876,0.193012848496437,30.0,4.774409770965576,465.7252408878008,42.42640687119285,14.233717067234798,1
954,85.91415762842546,27.91520137362251,57.66682052612305,1899.0,234.2636260986328,0.3844884634017944,10.0,4.404165267944336,424.2640687119285,218.40329667841556,14.000495509923228,1
707,85.96912557985821,27.820842095256985,48.55720520019531,2938.0,203.8299865722656,0.3385170698165893,30.0,4.383127212524414,8057.27621470184,510.8815909777921,14.771773436000698,1
bg_257,85.86853144991167,28.022046152094784,20.14834976196289,4339.0,228.56297302246094,0.21335023641586304,60.0,4.297876358032227,8559.678732288963,1963.1097778779463,16.279171260718297,0
bg_722,85.51064264071844,27.99051528562219,37.95906448364258,2464.0,144.02249145507812,0.8946244716644287,10.0,4.541608810424805,7651.646881554323,201.24611797498108,15.442764158752524,0
506,85.73764530983247,27.87371655637829,46.80823516845703,2075.0,94.35780334472656,0.7358081936836243,10.0,4.696327209472656,1860.0,330.0,14.21815262668687,1
705,85.96421947924958,27.81877427281499,47.54482650756836,2615.0,218.2854156494141,0.7007625699043274,10.0,4.941662311553955,7471.204722131499,931.933474020544,14.70599756937671,1
294,85.57531646397207,27.86961076628737,27.07127571105957,1390.0,104.67776489257812,0.5713022947311401,10.0,5.267827987670898,1574.3570116082312,0.0,15.085035563835469,1
827,85.53227122352239,27.84362312097316,32.53021240234375,1419.0,152.6611328125,0.8003150820732117,10.0,4.967405796051025,1944.453650771856,94.8683298050514,14.619308419285204,1
79,85.56802322654283,27.778729201488275,33.37812805175781,965.0,24.617820739746094,0.6037027835845947,10.0,4.549545764923096,607.4537019394976,42.42640687119285,14.055150201790727,1
904,85.65324319328435,27.83006632670501,31.96147918701172,1558.0,146.1222381591797,0.4720307886600494,10.0,4.497191429138184,7085.209947489207,362.4913792078372,14.83284245241344,1
bg_255,85.6011928213577,27.897809148301054,42.52420425415039,1525.0,93.03538513183594,0.7673524618148804,10.0,5.441863059997559,1699.1762710207556,84.8528137423857,14.760729226613357,0
bg_912,85.75642170245355,28.077562036653372,33.581687927246094,2921.0,167.22817993164062,0.6673474311828613,30.0,4.430944442749023,797.1198153351854,276.5863337187866,15.024313273973435,0
bg_397,85.73540112480515,27.897809148301054,32.36473083496094,1915.0,125.97834777832031,0.7112005949020386,30.0,4.452770709991455,2550.0,30.0,14.634718594652801,0
378,85.68599435088255,27.84056018215157,30.767183303833008,1461.0,322.0481872558594,0.7346465587615967,10.0,4.6042256355285645,7880.640836886299,134.1640786499874,14.99494677950637,1
496,85.55142322694549,27.82229171521181,23.72963523864746,1561.0,92.1103973388672,0.7907654047012329,30.0,4.967405796051025,2106.418761785035,67.0820393249937,15.086750901336954,1
1104,85.63163469616532,27.985461179729707,56.46327590942383,1610.0,265.0759582519531,0.6488353610038757,30.0,4.772528171539307,1218.2364302548172,189.7366596101028,14.128750252520598,1
1097,85.60825603427064,28.003522549048924,43.50237274169922,1786.0,45.62636947631836,0.8018978834152222,10.0,4.835017204284668,4253.022454678555,123.69316876852982,14.201135486617304,1
bg_509,85.73216718978233,27.882178462357377,33.084964752197266,1988.0,23.174461364746094,0.7352432012557983,10.0,4.696327209472656,2589.922778771599,323.10988842807024,14.806675573800087,0
86,85.9488854300373,27.747618289675927,35.42380905151367,2572.0,11.871889114379885,0.7892756462097168,10.0,4.780183792114258,6762.52171900394,1087.0602559196063,14.75245841358525,1
259,85.48924704039989,27.86322522391244,42.02936172485352,1569.0,194.1097869873047,0.3226014077663421,60.0,4.607892036437988,5414.065016233181,123.69316876852982,14.611309427635549,1
713,85.91691202344947,27.82946281769561,59.68332290649414,2561.0,145.43824768066406,0.4411764740943908,30.0,4.941662311553955,3683.653078127744,295.4657340538831,14.215741694422077,1
1183,85.90745283707959,27.870887521168548,37.07432174682617,1813.0,350.23272705078125,0.4731965661048889,10.0,4.586504936218262,930.0,0.0,14.644891427868814,1
470,85.9068122874934,27.853381526185785,47.80428314208984,1767.0,49.778621673583984,0.5675984025001526,10.0,4.586504936218262,2523.568901377571,296.98484809835,14.45399849995131,1
bg_1069,85.60766069140335,27.922333155557517,46.450286865234375,1898.0,112.62564086914062,0.7916327714920044,10.0,5.441863059997559,2020.7176942858694,296.98484809834997,14.397101800048524,0
161,85.93273996041604,27.70717635567064,42.607269287109375,2455.0,252.5908660888672,0.75693279504776,10.0,4.370652198791504,8286.301949603332,351.1409973215888,14.800501726373264,1
274,85.57450201859298,27.80829278399209,24.872032165527344,869.0,114.77262115478516,0.624018669128418,30.0,4.647837162017822,90.0,30.0,14.426796642861216,1
606,85.74086157564327,27.898577473950752,32.53507614135742,1889.0,188.2540435791016,0.533132016658783,30.0,4.452770709991455,1950.0,30.0,14.89488401663824,1
bg_371,85.88928253297483,27.906432975028604,41.3633918762207,2468.0,214.17466735839844,0.4858015179634094,10.0,4.404165267944336,2591.138745802702,0.0,14.928530959636538,0
bg_691,85.88712657629294,27.982430448065113,35.67156982421875,3803.0,119.74415588378906,0.4515277147293091,30.0,3.8100929260253906,7170.5648313086185,540.8326913195983,16.19385382847947,0
bg_652,85.60469625096576,27.94631817364351,36.54373550415039,2411.0,153.57359313964844,0.8993144035339355,10.0,4.808651447296143,3330.5404966761776,361.2478373637689,14.677239507548064,0
bg_549,85.53247170212255,27.901851567079593,6.791320323944092,1234.0,162.08409118652344,0.35851946473121643,10.0,5.221707344055176,872.066511224918,60.0,15.7875774918826,0
297,85.59620653571922,27.827288109769466,35.76619338989258,1374.0,199.28993225097656,0.321244329214096,30.0,4.647837162017822,1836.627343801676,201.24611797498108,14.465689568612948,1
bg_352,85.67233939185996,28.029322505896154,37.40291976928711,3432.0,137.81385803222656,0.4358486831188202,10.0,4.758371829986572,7206.497068618012,2594.7832279402455,14.995351000722511,0
841,85.47878427620259,27.8713217932034,23.603679656982425,1894.0,202.1581268310547,0.4274410605430603,10.0,4.607892036437988,6570.0,0.0,15.113759351451185,1
325,85.66840192179494,27.827978641648063,41.14460754394531,1561.0,70.51922607421875,0.759804904460907,10.0,4.6042256355285645,8468.559499702413,240.0,14.34612054135906,1
bg_89,85.53543614256014,27.946587668228744,34.408653259277344,1937.0,98.1522445678711,0.5866577625274658,30.0,4.987441062927246,2334.609175001246,0.0,14.831357684792358,0
1149,85.86600631827949,27.881922288871586,33.08495330810547,1492.0,23.17440795898437,0.7851739525794983,10.0,5.2028632164001465,1704.7287174210446,30.0,15.034953833252391,1
bg_119,85.60550473472148,28.010188390344407,64.89756774902344,2169.0,229.86294555664062,0.5483871102333069,10.0,4.835017204284668,4999.299950993139,644.1273166075166,14.183917438355822,0
bg_1040,85.69767188287213,27.688950844743268,14.316391944885254,1070.0,225.753662109375,0.5087426900863647,10.0,3.767113208770752,934.3446901438462,0.0,15.248527652753044,0
511,85.74048298244985,27.878444212441828,31.43624496459961,1966.0,68.23812103271484,0.7754788994789124,10.0,4.696327209472656,1615.5494421403512,201.24611797498108,14.99046673198187,1
bg_1019,85.8372700780243,27.69056781225468,18.593549728393555,2131.0,164.2337188720703,0.42241379618644714,10.0,4.840806007385254,6358.3724332568,0.0,15.746841656606616,0
bg_500,85.87742477122445,28.016925754975304,39.2430419921875,4595.0,187.74075317382812,-0.039591867476701736,100.0,4.297876358032227,9238.100454097692,2058.6646157157315,15.22430405414899,0
80,85.5630746441098,27.77791738760816,25.69596099853516,921.0,335.2752990722656,0.2541073262691498,30.0,4.46352481842041,1056.834897228512,30.0,14.497214309943368,1
bg_1077,85.51252910281511,28.053846513152617,24.50589942932129,3302.0,148.45912170410156,0.2869934141635895,30.0,4.541608810424805,13768.954208653611,3128.7857069476654,14.812997750599386,0
334,85.64970450320881,27.861218839765417,40.207252502441406,1857.0,111.3376693725586,0.6328424215316772,10.0,4.559855937957764,4375.0657137921935,349.85711369071805,14.782883204445854,1
bg_728,85.83134119714911,27.904816007517187,34.057559967041016,2386.0,169.06544494628906,0.7680297493934631,10.0,4.945862293243408,6132.046966552033,0.0,15.073898564086162,0
bg_755,85.76720148586298,27.7636008448536,22.031404495239258,856.0,32.853233337402344,0.456825315952301,40.0,5.361922740936279,360.0,30.0,14.638135684142211,0
777,85.89359287734588,27.803586498185904,41.31821060180664,933.0,249.52047729492188,0.632478654384613,30.0,4.941662311553955,0.0,30.0,13.87163825002018,1
1383,85.51480693909362,28.02373237429905,40.93202972412109,3013.0,153.63661193847656,0.4521782696247101,10.0,4.541608810424805,10591.742066345838,697.7822009767805,14.883790967693471,1
bg_305,85.91003361603799,28.002642541957805,42.95033264160156,3677.0,79.98566436767578,0.6757838726043701,10.0,4.106739044189453,6300.35713273462,1840.543398021356,14.975610605149624,0
1431,85.93357549872194,27.916867069728,55.41104888916016,1541.0,341.58984375,0.5196171998977661,60.0,4.404165267944336,453.9823785126467,150.0,13.892425146924062,1
bg_477,85.65967314635388,27.740693805108553,20.078205108642578,1346.0,251.94007873535156,0.6512104868888855,10.0,4.0218892097473145,1850.5404615949362,60.0,15.121468555317062,0
22,85.97382645749934,27.805739678467443,40.04551315307617,2041.0,113.85826873779295,0.5462856888771057,10.0,4.383127212524414,8246.453783293762,268.3281572999748,14.522993134493309,1
881,85.63077524994621,27.83290111478791,34.718353271484375,1970.0,134.49632263183594,0.7544236183166504,10.0,4.497191429138184,4754.8817019984845,108.16653826391968,14.857944169493132,1
bg_55,85.51199011364463,27.802408065127562,11.927546501159668,1260.0,4.9700469970703125,0.4716804623603821,40.0,4.618796348571777,6545.5710216909265,30.0,15.65520686603171,0
1207,85.90510172653362,27.858687600847663,43.077972412109375,1704.0,87.02294921875,0.5100032687187195,30.0,4.586504936218262,1916.7159413955944,283.0194339616981,14.60690489185902,1
736,85.77876014479682,27.73010213618375,49.9936637878418,702.0,86.10484313964844,0.3000304698944092,10.0,4.70947265625,60.0,30.0,13.484921997473627,1
878,85.5510313243079,27.79725852018613,40.63444519042969,913.0,181.22189331054688,0.1944114118814468,30.0,4.46352481842041,2220.0,0.0,13.9999049676034,1
76,85.49195128474781,27.903200201104795,34.29803466796875,2065.0,175.37908935546875,0.374485582113266,30.0,4.496346950531006,5168.713573027625,30.0,14.920235493421464,1
bg_211,85.80735617906313,27.929070520188414,13.685564041137695,2595.0,4.3150835037231445,0.8284931778907776,10.0,4.945862293243408,2446.2420158275427,595.4829972383762,15.613647059522984,0
272,85.76260888005757,28.039483134763373,40.84539031982422,2757.0,55.825782775878906,0.712895393371582,10.0,4.903069972991943,550.7267925205746,952.9428104561156,14.9655034145967,1
bg_78,85.82649029461487,28.164608787684553,29.161039352416992,5235.0,189.47032165527344,-0.09425107389688492,70.0,3.266342878341675,10928.444537078458,5522.934002864781,16.256167980719376,0
bg_434,85.67988524024656,27.768182252802607,33.5292854309082,931.0,342.31982421875,0.7255275845527649,10.0,4.263062000274658,5597.713819051489,150.0,14.162731128460944,0
bg_803,85.79576791189798,27.84741366086195,34.019195556640625,1444.0,102.46470642089844,0.7476987242698669,10.0,6.791383266448975,2346.9128658729533,42.42640687119285,14.570606228526904,0
1328,85.62960558483054,27.936942835103807,30.976940155029297,1673.0,108.87996673583984,0.7873230576515198,10.0,4.625964164733887,420.0,30.0,14.466719866062911,1
bg_469,85.72138740637288,27.829627018236383,29.156288146972656,1818.0,209.4835662841797,0.4524552822113037,30.0,4.7904558181762695,4888.067102649063,169.7056274847714,14.969399371188322,0
bg_149,85.63110672031888,27.932304455211245,8.543527603149414,1443.0,165.881591796875,0.8534955978393555,10.0,4.625964164733887,240.0,30.0,16.06707371052261,0
bg_840,85.94075599875488,27.99186275854837,31.60216522216797,2900.0,206.5478973388672,0.5783184170722961,10.0,4.106739044189453,2809.4483444263574,872.066511224918,15.024110362110154,0
bg_545,85.628950763637,28.09858261430177,50.12103271484375,4709.0,198.78228759765625,0.16689930856227875,60.0,4.257054328918457,10421.57857524473,5479.498152203357,15.280663734886112,0
1145,85.8720608276748,27.867768371938336,22.548568725585938,1324.0,159.34046936035156,0.450799286365509,30.0,5.2028632164001465,362.4913792078372,174.92855684535903,14.89101815285275,1
1058,85.62942153219842,27.93596197656933,47.77685928344727,1637.0,105.33258819580078,0.4755959212779999,30.0,4.625964164733887,450.0,90.0,14.335919921129143,1
bg_960,85.60011484301675,28.033903913845162,29.62934112548828,2718.0,268.3690490722656,0.8439446091651917,10.0,4.835017204284668,7535.316848016412,1266.0568707605514,15.340895003292268,0
1068,85.62689188017201,27.951435469041208,18.517045974731445,2029.0,61.09730529785156,0.5402925610542297,30.0,4.582652568817139,1200.0,30.0,15.559114683606309,1
bg_1107,85.69147350741171,27.71347485199973,17.31931495666504,1198.0,235.17831420898438,0.3238978087902069,40.0,4.0218892097473145,1758.0102388780335,127.27922061357854,15.234033348094496,0
597,85.74250177182144,27.894880273337872,33.383018493652344,1635.0,155.35894775390625,0.5541078448295593,30.0,4.452770709991455,1770.0,30.0,14.721287036813775,1
1165,85.84685180027373,27.886161306718325,40.366172790527344,2008.0,141.3317413330078,0.6686207056045532,10.0,5.2028632164001465,3836.4827641995216,94.8683298050514,14.684538552618868,1
754,85.88654890395581,27.84641740270339,24.28119659423828,1490.0,291.028564453125,0.439859539270401,30.0,4.941662311553955,360.0,630.7138812488591,14.768094973884995,1
1217,85.90533197567595,27.88390605622048,40.50815963745117,1359.0,194.906494140625,0.4942623078823089,30.0,4.586504936218262,90.0,67.0820393249937,13.975059081238678,1
bg_776,85.89763686511714,27.67062521294723,42.80296325683594,2035.0,235.98980712890625,0.8024365901947021,10.0,4.370652198791504,9800.454071113236,553.1726674375732,14.680394412806486,0
bg_996,85.69982783955402,27.942006260279737,26.669776916503906,2137.0,345.2046813964844,0.8560240268707275,10.0,4.318940162658691,6510.0,670.820393249937,15.358303201859727,0
bg_924,85.90814715394134,27.729375032528644,20.728689193725586,1836.0,340.228271484375,0.5967426896095276,10.0,4.780183792114258,4650.0,192.09372712298546,15.309529520199746,0
162,85.93265352222588,27.706108673774327,51.42536926269531,2429.0,262.5819396972656,0.6547563672065735,10.0,4.370652198791504,8356.440629837563,360.0,14.440924999593008,1
873,85.53466328827768,27.801362539130576,46.52627182006836,1044.0,183.9795837402344,0.4075410366058349,30.0,4.46352481842041,4024.027832905732,120.0,13.804407404345495,1
bg_930,85.86314155820695,27.842023769157233,43.94575881958008,1533.0,132.20526123046875,0.4838709533214569,60.0,5.761692047119141,1008.4641788382966,42.42640687119285,14.528176229495854,0
bg_294,85.92081339944743,27.96706925670667,40.151771545410156,3221.0,233.49879455566406,0.3676108419895172,30.0,3.8100929260253906,3139.6974376522335,1019.1172650877818,15.158837248129391,0
bg_466,85.56481105235086,27.919099220534687,33.642486572265625,1609.0,254.47972106933594,0.7880489826202393,10.0,5.441863059997559,1218.2364302548172,150.0,14.688881592457388,0
219,85.51663888227112,27.89131254539897,40.66205978393555,1412.0,157.4308624267578,0.46836718916893,30.0,4.607892036437988,2340.0,30.0,14.337990825969433,1
bg_1100,85.58583162999925,27.813187848536998,21.33958625793457,986.0,242.88462829589844,0.2196667194366455,10.0,4.647837162017822,785.175139698144,0.0,14.741961264366463,0
1335,85.62812371063845,27.97491260524356,34.92325210571289,1699.0,86.01165008544922,0.3918367326259613,60.0,4.582652568817139,600.7495318350236,30.0,14.703964098462292,1
555,85.73370382626435,27.895078493561943,52.4067268371582,1843.0,136.291748046875,0.4852718412876129,30.0,4.452770709991455,2760.0,42.42640687119285,14.350975020860355,1
bg_304,85.76262007791398,27.7568634802227,20.866416931152344,1100.0,31.861663818359375,0.38198554515838623,10.0,4.70947265625,947.2592042308166,108.16653826391968,14.924594889402668,0
bg_315,85.76531502376633,28.031208967992804,27.516077041625977,3099.0,29.529325485229492,0.7120266556739807,10.0,4.903069972991943,1209.3386622447824,1490.3690818049065,15.84451687005905,0
342,85.64992980642258,27.8719080616953,25.51109504699707,1526.0,86.10990142822266,0.7323071360588074,10.0,4.559855937957764,3691.950703896248,67.0820393249937,14.613991318808086,1
947,85.67123295485048,27.90864389409161,27.026626586914062,2112.0,10.343656539916992,0.7638275027275085,10.0,4.548963069915772,3985.5990766759264,349.85711369071805,15.28269589012615,1
bg_424,85.5561872256233,28.126071061995827,22.554636001586914,4392.0,200.70492553710938,0.18983957171440125,70.0,4.091997146606445,8367.84918602146,2186.9156362329118,16.11687374059685,0
153,85.77897469674416,27.75038742244283,32.69052505493164,800.0,343.439697265625,0.3837364315986633,10.0,4.70947265625,0.0,30.0,13.992253302243816,1
1192,85.93436420591388,27.87091230126007,38.03923034667969,1615.0,353.279541015625,0.7108667492866516,10.0,4.586504936218262,2716.615541441225,313.20919526731655,14.27264927400632,1
bg_640,85.72084841720242,27.773572144507327,17.124656677246094,1375.0,356.5957946777344,0.49472472071647644,30.0,4.541873455047607,4650.0,30.0,15.663105295294926,0
477,85.53361810850384,28.01735163523361,33.34952545166016,2034.0,102.78977966308594,0.5712061524391174,10.0,4.726099014282227,9204.574949447691,391.15214431215895,14.490530081248531,1
732,85.69885775485012,27.95740738023492,36.91390228271485,3035.0,128.6768035888672,0.6294017434120178,10.0,4.595747470855713,6390.0,969.3296652842106,15.162097764286711,1
232,85.57707732820586,27.83904990932185,42.033817291259766,861.0,127.62844848632812,0.7180487513542175,10.0,4.647837162017822,180.0,0.0,13.729272888788756,1
922,85.52473141921857,27.93668844680285,36.70186996459961,2129.0,197.1555328369141,0.5753004550933838,30.0,5.221707344055176,2951.1523173160685,127.27922061357854,14.86085840679274,1
60,85.49642154958806,27.949571988495144,60.3895263671875,2149.0,139.78147888183594,0.7358712553977966,10.0,4.546175479888916,6400.624969485401,488.3646178829912,13.55533567897455,1
51,85.96835536995651,27.81001802947463,38.31455993652344,2228.0,210.6344451904297,0.6010767221450806,10.0,4.941662311553955,7704.803696396164,134.1640786499874,14.860747051855904,1
901,85.65846246484536,27.838729341440715,40.78830337524414,2090.0,186.08969116210935,0.699577271938324,10.0,4.6042256355285645,6833.944688099253,189.7366596101028,14.835759678281027,1
bg_221,85.78903054726709,28.17134615231545,57.391700744628906,5495.0,109.9830322265625,-0.048459287732839584,70.0,3.489896774291992,11850.151897760636,7415.827667900597,15.43492632284647,0
613,85.73780702928039,27.89957675584904,43.97797393798828,1992.0,145.28707885742188,0.4919974505901336,30.0,4.452770709991455,2310.0,60.0,14.747350535208906,1
1116,85.66317535173614,27.95551060228552,39.80654525756836,2202.0,255.373291015625,0.8046730160713196,10.0,4.595747470855713,2430.0,603.7383539249432,14.901392630897746,1
918,85.53593446100156,27.93765142203192,38.662208557128906,1950.0,69.88164520263672,0.8120710849761963,10.0,4.987441062927246,1857.3368030596928,150.0,15.30476127088921,1
924,85.54266233688774,27.92998357539704,34.44960403442383,1707.0,121.2753448486328,0.6263135671615601,10.0,5.221707344055176,848.5281374238571,134.1640786499874,14.34261022430078,1
bg_22,85.76477603459587,27.81103189185511,24.433115005493164,846.0,117.59397888183594,0.4451565742492676,30.0,5.8279619216918945,210.0,0.0,14.655132099827911,0
657,85.75701532393872,28.04798852334588,38.14705657958984,2700.0,73.22930908203125,0.7853013873100281,10.0,4.903069972991943,283.0194339616981,636.3961030678928,15.162632032234258,1
444,85.58189297284117,27.97268752335925,39.97334671020508,2947.0,224.40000915527344,0.3318222761154175,60.0,4.808651447296143,4734.395420748039,192.09372712298543,15.153074573468883,1
bg_1085,85.57424336283411,27.980274491383227,30.99766731262207,2696.0,207.2353515625,0.730248212814331,10.0,4.808651447296143,5098.323253776676,375.89892258425004,15.24673207551134,0
bg_317,85.56400256859514,28.1266100511663,20.191837310791016,4810.0,165.54898071289062,-0.09007073938846588,70.0,4.091997146606445,8035.745142797898,1352.9966740535617,16.369793972106553,0
224,85.51096512894931,27.89440009111713,15.982375144958496,1496.0,73.58483123779297,0.798688530921936,10.0,4.496346950531006,2970.0,201.24611797498108,14.701442457577834,1
352,85.65208067362511,27.874153741145143,22.11427497863769,1509.0,5.171188831329346,0.6410088539123535,10.0,4.559855937957764,3789.5118419131504,228.4731931759173,14.599360691944828,1
366,85.66231364379692,27.891025933190043,38.28442001342773,1822.0,241.8552398681641,0.6063793897628784,30.0,4.626403331756592,4173.559631777172,192.09372712298543,14.921631244638723,1
bg_328,85.50174931940566,27.930956982285064,37.15888977050781,1720.0,48.538963317871094,0.7350470423698425,10.0,4.496346950531006,5050.346522764551,308.86890422961005,14.366163782240847,0
bg_232,85.82110040291016,28.052768534811673,39.10101318359375,4367.0,185.17970275878906,0.16528469324111938,100.0,4.568583965301514,4148.795005781799,174.92855684535903,15.551797795531384,0
519,85.73451365630245,27.859342764054688,47.30735778808594,1232.0,170.27523803710938,0.5935238003730774,30.0,4.696327209472656,2220.0,351.1409973215888,14.22000306916492,1
1291,85.68274616264387,27.76316987230065,26.730756759643555,1176.0,334.1578674316406,0.537929117679596,10.0,4.263062000274658,5316.013544000805,0.0,14.5881205378531,1
571,85.76893448762557,28.04322296176528,39.11818313598633,2340.0,40.8492431640625,0.7569388151168823,10.0,4.903069972991943,0.0,295.4657340538831,14.874524440454008,1
610,85.752218246311,27.90162117439162,27.546199798583984,1602.0,138.14596557617188,0.5050281286239624,30.0,4.774409770965576,721.2489168102784,30.0,14.93531115848222,1
1314,85.83118313387656,28.016774354428275,54.00768280029297,3161.0,87.3043212890625,0.3822934925556183,30.0,4.568583965301514,4775.280096496958,1240.2015965156631,14.645754456113814,1
1060,85.62080927264067,27.94253608717117,52.01157379150391,2081.0,166.7638397216797,0.7799895405769348,10.0,4.582652568817139,1520.8550226763891,161.55494421403512,14.305258210455142,1
bg_700,85.56292459025421,27.864661314317043,24.596942901611328,1453.0,270.0,0.3734307289123535,10.0,5.103635787963867,1532.644772933376,42.42640687119285,14.931926404561105,0
bg_198,85.76342856166968,27.865469798072752,30.575292587280273,1317.0,243.9991912841797,0.6223751902580261,10.0,5.343934535980225,600.0,108.16653826391968,14.4467727904333,0
425,85.68443331312382,27.94653174170397,29.53467559814453,2480.0,180.0,0.7891395688056946,30.0,4.595747470855713,4770.0,742.1590126111788,14.946883031305276,1
bg_551,85.83700058343908,27.92529759599511,16.7099552154541,3130.0,282.4560241699219,0.699342668056488,10.0,4.632851600646973,5571.44505492067,973.4988443752771,16.423182147575517,0
bg_152,85.6222133990061,27.799443624689967,31.127552032470703,1409.0,90.0,0.5790621638298035,10.0,4.361113548278809,4713.438235513434,134.1640786499874,14.663209744055328,0
740,85.88692408031476,27.867001845737462,49.7545280456543,1451.0,313.2425537109375,0.4649141430854797,10.0,4.586504936218262,420.0,577.0615218501403,14.665788225169043,1
29,85.92575994238156,27.79949861121675,39.56988906860352,2009.0,177.46160888671875,0.3165531456470489,30.0,5.216389656066895,2880.0,60.0,14.527457829717052,1
290,85.57888302911299,27.84283797686201,43.41152572631836,974.0,129.28025817871094,0.7807364463806152,10.0,4.647837162017822,30.0,42.42640687119285,13.67105985099854,1
409,85.6465021575352,27.931655806120148,37.01716613769531,1607.0,217.4075164794922,0.6429205536842346,10.0,4.625964164733887,872.066511224918,276.5863337187866,14.369914245243743,1
bg_333,85.7898390310228,28.094270700937994,26.077356338500977,3387.0,333.2607727050781,0.6865671873092651,10.0,4.129517078399658,4767.82969494507,550.7267925205746,15.860149050248651,0
bg_679,85.86260256903648,28.025819076288087,34.2209358215332,4162.0,358.4549560546875,0.3907739222049713,30.0,4.297876358032227,8185.823110720143,1194.361754243663,16.869534129648954,0
bg_561,85.55052783933336,28.13280842662672,52.021671295166016,4584.0,183.28610229492188,0.03417113795876503,70.0,4.091997146606445,7943.431248522265,2485.658866377283,15.096560280282974,0
bg_1084,85.67665130522374,27.80429452722421,29.992399215698242,1306.0,107.96963500976562,0.5926222801208496,30.0,4.6042256355285645,9172.938460493453,30.0,14.634448935531314,0
bg_346,85.63568812826789,27.754168534370343,29.013792037963867,989.0,286.96990966796875,0.5877638459205627,10.0,3.9692416191101074,2617.0594185077266,90.0,14.652594494494357,0
228,85.50106779467288,27.8929828637065,35.072113037109375,1479.0,148.55029296875,0.3792710602283478,60.0,4.496346950531006,4080.0,30.0,14.619784362277732,1
1432,85.92000496241324,27.893680414546985,39.067138671875,1567.0,276.8721618652344,0.3943036198616028,30.0,4.404165267944336,390.0,120.0,14.068810563650366,1
bg_1094,85.70360076374732,28.125532072825354,37.98733901977539,4945.0,126.95133209228516,0.004456448368728161,60.0,3.7445425987243652,7982.0861934709765,8049.900620504578,16.04610223195978,0
bg_1013,85.54271249636152,27.787316368354354,15.359626770019531,985.0,199.4549102783203,0.4775397479534149,40.0,4.46352481842041,3120.0,30.0,15.092029962901027,0
923,85.52544184382816,27.936239806352404,36.05187225341797,2127.0,220.87857055664065,0.7742769122123718,10.0,5.221707344055176,2876.4040050034696,127.27922061357854,14.68074576281152,1
bg_441,85.92970672076021,27.972998137581857,46.73064041137695,3053.0,47.89565658569336,0.5686131119728088,30.0,3.8100929260253906,2536.020504648967,1382.9316685939332,15.099414910059028,0
bg_180,85.59149101628921,28.145744166718043,30.398347854614258,5025.0,152.00428771972656,-0.0802813246846199,70.0,3.858997106552124,5610.0,2124.923528035774,15.923606515113748,0
917,85.53558208604335,27.93737281956732,24.03232765197754,1974.0,70.92965698242188,0.8434834480285645,10.0,5.221707344055176,1867.966809126972,182.48287590894657,15.498914506595298,1
607,85.74115530762293,27.894792449121628,27.73394775390625,1630.0,202.5321502685547,0.6968435645103455,30.0,4.452770709991455,1920.0,30.0,14.949824291689003,1
57,85.52679247019996,27.93450578161548,58.99089813232422,1975.0,141.11500549316406,0.6709359884262085,10.0,5.221707344055176,2664.4323973409423,212.1320343559643,14.700309292496964,1
505,85.7377404376863,27.87255553544342,49.3646125793457,1954.0,116.3940658569336,0.5439069867134094,60.0,4.696327209472656,1860.0,342.05262752974136,14.337204241427148,1
bg_633,85.69309047492312,27.808067451417514,28.04619598388672,1535.0,254.1291046142578,0.6374159455299377,10.0,4.6042256355285645,7740.0,150.0,14.873538465746975,0
bg_903,85.65024083587062,28.14520517754757,53.70628356933594,5119.0,164.3563995361328,0.06734434515237808,60.0,3.7368857860565186,5850.0,8529.343468286408,15.22938625851613,0
1268,85.48979496436313,27.864079839156584,38.22092056274414,1650.0,189.3670959472656,0.6555054783821106,10.0,4.607892036437988,5348.420327535972,30.0,14.6339661405683,1
bg_757,86.02160437432563,27.85253405798143,41.42972183227539,3362.0,275.2620544433594,0.6983283758163452,10.0,4.176967620849609,12469.214089107621,2821.4358046923558,15.15220116074456,0
bg_427,85.81328505993832,27.86223586304992,19.333580017089844,2165.0,297.47637939453125,0.7719631791114807,10.0,5.7131733894348145,4664.011149214804,161.55494421403512,15.633818625433408,0
144,85.94194167399763,27.78194543552097,35.95695877075195,1118.0,23.801755905151367,0.7061165571212769,10.0,5.216389656066895,4682.403229112161,174.92855684535903,14.255419823191588,1
bg_927,85.60146231594294,27.81830824565648,31.545761108398438,1272.0,212.4564208984375,0.7352442145347595,30.0,4.647837162017822,2520.0,150.0,14.661956746391125,0
252,85.53783852168262,27.868380627990703,29.547504425048828,966.0,181.85113525390625,0.2635146677494049,30.0,5.103635787963867,0.0,120.0,14.357759117597745,1
bg_495,85.80951213574501,28.119064202779693,9.116880416870117,4687.0,293.7967529296875,-0.05908525362610817,60.0,3.67387318611145,8187.142358601077,1294.1792766073795,15.45643546437791,0
489,85.56616592915344,27.83971563128315,31.018253326416016,946.0,199.56640625,0.3714743554592132,60.0,4.647837162017822,0.0,0.0,14.33189586561086,1
65,85.6540333259118,27.89721331604304,33.69538497924805,1856.0,206.07223510742188,0.4536817073822021,60.0,4.625964164733887,3061.3232433050907,0.0,14.73518353581832,1
bg_931,85.72947224392996,27.7959401950819,25.878141403198242,1109.0,42.76578903198242,0.6225773692131042,10.0,4.541873455047607,3690.0,30.0,14.564036581534838,0
419,85.63360744080917,27.9086778309538,25.5616455078125,1100.0,191.0400238037109,0.4519922733306885,30.0,4.625964164733887,510.0,30.0,14.65755962904244,1
bg_464,85.49096953599623,27.96060138666101,5.5863356590271,2778.0,228.54678344726562,0.8811047077178955,10.0,4.546175479888916,7448.825410761082,560.4462507680821,17.434595248549005,0
bg_114,85.69605491536072,27.873015646459358,35.64236831665039,2742.0,142.19898986816406,0.8192799091339111,10.0,4.626403331756592,6480.0,313.20919526731655,15.341682175895807,0
bg_372,85.84616339933709,27.773841639092563,20.421241760253906,1656.0,180.0,0.4735344350337982,10.0,6.045157432556152,1740.0,60.0,15.361098320888061,0
bg_804,85.81651899496114,27.701617090249353,24.416086196899414,1674.0,297.61761474609375,0.52173912525177,10.0,4.813807010650635,4025.481337678763,0.0,15.125754608898445,0
bg_91,85.52789029417355,27.89161077284063,27.515666961669922,1408.0,173.94515991210938,0.34591978788375854,30.0,5.103635787963867,1080.0,0.0,14.921405106082648,0
1070,85.62943576422647,27.966047965091526,38.67705154418945,1635.0,124.48722839355467,0.495008647441864,30.0,4.582652568817139,450.0,180.0,14.535802395298443,1
bg_627,85.93347964495351,28.00749344449205,27.601409912109375,3435.0,196.29345703125,0.7147949934005737,10.0,4.106739044189453,4170.0,2791.128803907122,15.959749310324478,0
bg_481,85.90491321891851,27.89376672952252,29.616491317749023,1537.0,75.15003204345703,0.4580351412296295,30.0,4.404165267944336,792.5906888173744,0.0,14.791213456797061,0
303,85.60886378262535,27.824604441416497,35.92744064331055,1542.0,163.86709594726562,0.2611593008041382,60.0,4.647837162017822,3193.133257476111,0.0,14.423805211192274,1
902,85.65154538346746,27.837183709866807,46.06768035888672,1864.0,159.34579467773438,0.7076768279075623,10.0,4.497191429138184,6378.08748764079,108.16653826391968,14.49813255875874,1
1429,85.93043108353415,27.912360053035574,55.89175796508789,1730.0,296.71142578125,0.4492307603359222,10.0,4.404165267944336,531.6013544000805,120.0,13.85323338697166,1
bg_709,85.65509173840486,27.898887126642,24.812158584594727,1982.0,240.64651489257812,0.6603609323501587,10.0,4.5489630699157715,3103.9490975207696,134.1640786499874,15.237523217806045,0
bg_660,85.4936644818486,27.969225213388558,46.231300354003906,3210.0,172.94046020507812,0.5461992621421814,10.0,4.546175479888916,7621.948569755637,366.1966684720111,14.971403115594654,0
572,85.75943012677925,28.05106892337505,37.97503662109375,2397.0,53.02958297729492,0.7815293073654175,10.0,4.903069972991943,0.0,216.33307652783932,14.937696539453134,1
bg_1020,85.72165690095812,27.92017719887563,73.11783599853516,3252.0,134.62940979003906,0.488654226064682,30.0,4.452770709991455,4659.281060421232,468.61498055439927,14.376877931870775,0
203,85.48942351488418,27.90271387708868,42.20420837402344,1958.0,151.00350952148438,0.7007312774658203,10.0,4.496346950531006,5426.352366000572,60.0,14.592822948755778,1
bg_5,85.48935256848482,28.081334960846675,51.62485122680664,4491.0,237.42581176757812,0.19164618849754333,60.0,4.169457912445068,10651.056285646038,5697.868022339584,15.226034504830432,0
bg_1023,85.97201737064223,27.911014382977612,21.193592071533203,2836.0,82.80508422851562,0.7626082301139832,10.0,4.020069122314453,4374.757136116244,1260.3570922560002,15.271073219254186,0
1173,85.8876815880126,27.8743384260186,35.34044647216797,1155.0,343.4964599609375,0.7442251443862915,10.0,4.586504936218262,60.0,60.0,13.836044481439068,1
bg_501,85.63487964451218,27.829357523651147,33.562808990478516,1588.0,124.13706970214844,0.8185298442840576,10.0,4.497191429138184,5366.982392369105,90.0,14.551575307370486,0
bg_1079,85.56265509566897,28.062200845294928,27.598102569580078,4337.0,100.70783996582031,0.29700541496276855,70.0,4.726099014282227,12500.319995904105,2096.7832506007862,16.223569996195568,0
879,85.55153217837444,27.797178710263864,32.9651985168457,913.0,183.2350616455078,0.3914770781993866,10.0,4.46352481842041,2160.0,0.0,13.99556015724052,1
538,85.75145231079442,27.870656329409336,34.207969665527344,1115.0,70.52628326416016,0.7998743057250977,10.0,5.343934535980225,330.0,210.0,14.199238419065864,1
bg_712,85.67287838103043,27.79486221674096,25.146953582763672,935.0,210.4479522705078,0.5065037608146667,10.0,4.263062000274658,8048.782516629456,270.0,15.061172445744699,0
412,85.64688402743053,27.895240188045136,33.6811408996582,1490.0,202.6291656494141,0.4747510552406311,60.0,4.625964164733887,2466.029196907449,60.0,14.735035561112818,1
271,85.5750791168121,27.809524007256016,33.04395294189453,813.0,79.9681167602539,0.3195418119430542,30.0,4.647837162017822,0.0,0.0,14.224565909708744,1
319,85.66757702464679,27.8382174974838,33.69260787963867,1764.0,153.9400634765625,0.4803667068481445,30.0,4.6042256355285645,7597.288990159582,276.5863337187866,14.53632784462554,1
404,85.68133138822967,27.935756828163225,31.659210205078125,1966.0,19.078319549560547,0.8369770050048828,10.0,4.548963069915772,4444.963441919405,90.0,14.816710539399711,1
427,85.68461707698953,27.948436365861618,35.96379089355469,2642.0,156.1656951904297,0.5163578391075134,60.0,4.595747470855713,4800.0,942.0191080864548,15.09527098438186,1
bg_745,85.84104300221762,27.720212216630625,25.41480827331543,1443.0,254.18399047851562,0.49095675349235535,10.0,5.7190961837768555,3621.06337972701,216.33307652783935,14.80241892938515,0
1263,85.95643937752742,27.91272037959352,36.93487930297852,2818.0,272.4682312011719,0.633490264415741,10.0,4.404165267944336,2760.8150970320344,189.7366596101028,15.242752555221204,1
626,85.77163210863061,27.92422459437522,43.63545608520508,1352.0,131.46278381347656,0.4589993059635162,30.0,4.774409770965576,0.0,283.0194339616981,14.011464941036143,1
280,85.58156372702325,27.81947566291522,31.657413482666016,903.0,166.26226806640625,0.4935589432716369,30.0,4.647837162017822,300.0,42.42640687119285,14.406799772073269,1
116,85.94071103287907,27.84995325164445,63.18374633789063,2632.0,341.6596984863281,0.7197197079658508,30.0,4.586504936218262,4863.424719269335,902.4965373894794,14.887092413161827,1
bg_422,85.59283848921538,28.03552088135658,32.02362060546875,2453.0,94.45328521728516,0.8534088730812073,10.0,4.835017204284668,8112.490369793976,953.4149149242422,14.527784456526994,0
445,85.5831657663845,27.97044580461636,46.07207489013672,2866.0,200.67752075195312,0.3489300906658172,30.0,4.808651447296143,4626.035019322703,323.10988842807024,15.274032712018226,1
1233,85.88891395325508,27.879788218035053,61.76685333251953,1446.0,178.30955505371094,0.2284954190254211,30.0,4.586504936218262,90.0,240.0,13.764190998993568,1
bg_358,85.71276357964534,27.98512539391747,35.652931213378906,3265.0,37.82974624633789,0.6548066735267639,30.0,4.635933876037598,8000.781211856752,602.9925372672534,15.32950999415286,0
1280,85.65955823681871,27.966054177544567,45.574214935302734,2166.0,194.56629943847656,0.6671460270881653,10.0,4.595747470855713,2053.411795037712,108.16653826391968,14.55925316402078,1
bg_224,85.63487964451218,27.946048679058272,46.28875732421875,1452.0,111.80265045166016,0.7771576046943665,10.0,4.582652568817139,300.0,400.24992192379,14.195605887841312,0
bg_133,85.87607729829827,28.081873950017144,32.923492431640625,4744.0,-0.0,-0.06424366682767868,60.0,3.896871328353882,11068.536488623959,1434.0502083260544,15.396728803154412,0
1226,85.87030336402343,27.884738379870992,45.75202941894531,1728.0,228.5268402099609,0.3018372654914856,30.0,5.2028632164001465,1507.4813431681334,174.92855684535903,14.064064090063855,1
148,86.01660641631814,27.751833970598582,49.64419555664063,2760.0,212.95724487304688,0.8711094856262207,30.0,4.0183281898498535,11851.82264463994,1176.5202930676546,14.73992765933681,1
bg_748,85.55564823645284,28.017464744145776,32.87514114379883,3082.0,298.4166564941406,0.6129496097564697,10.0,4.726099014282227,8910.0,1418.9080308462562,15.808193431670496,0
225,85.51154522489664,27.895807322855187,48.47872543334961,1551.0,161.0745849609375,0.591791033744812,30.0,4.496346950531006,2910.0,182.48287590894657,14.0976703656581,1
1236,85.93101412174448,27.90025848875241,63.73052978515625,2084.0,312.1551208496094,0.6706336736679077,10.0,4.404165267944336,1225.6018929489296,90.0,14.313833699764931,1
1288,85.70876125433446,27.749248603671383,43.828704833984375,970.0,217.57215881347656,0.4152137041091919,30.0,4.136266231536865,5919.4340945735685,276.5863337187866,14.240632932915256,1
74,85.4967061568623,27.90456582783285,44.04341506958008,2035.0,150.49951171875,0.4487456381320953,10.0,4.496346950531006,4666.2297414508,30.0,14.657032756608965,1
503,85.48865813660782,27.901584281734262,32.19773483276367,1910.0,154.129150390625,0.8112056255340576,10.0,4.496346950531006,5499.745448654874,189.7366596101028,14.92618509530572,1
bg_934,85.77366935590865,27.86115788470898,29.251358032226562,1517.0,288.5384521484375,0.5383665561676025,10.0,5.343934535980225,1124.499888839479,152.97058540778355,14.91102557501386,0
bg_337,85.94560690128912,27.999947596105446,22.56655502319336,3673.0,236.95225524902344,0.3447382152080536,10.0,4.106739044189453,2820.0,1686.6831356244716,16.092410469389925,0
bg_319,85.90248776765138,27.899156621227235,16.43236541748047,1713.0,119.60261535644531,0.3742331266403198,30.0,4.404165267944336,1110.0,241.86773244895647,15.136273468855219,0
bg_374,85.84858885060422,27.965452289195255,30.306406021118164,3369.0,216.56771850585938,0.4780328869819641,30.0,4.01486349105835,5432.982606267022,1710.0,15.519203140979467,0
1376,85.52064382167578,27.993340525687685,42.198612213134766,2397.0,178.84144592285156,0.5203981399536133,30.0,4.726099014282227,7280.116757305476,228.4731931759173,14.830006382810245,1
1206,85.90198949196801,27.870013190161025,38.88664627075195,1525.0,252.4781494140625,0.7906354665756226,10.0,4.586504936218262,618.4658438426491,420.0,14.44920177951442,1
866,85.49814090318638,27.835503406813967,29.03044319152832,1838.0,253.0420684814453,0.1311384886503219,10.0,4.804811000823975,5502.36312869298,42.42640687119285,14.821773718529066,1
bg_716,85.81328505993832,27.92017719887563,15.361621856689453,2886.0,199.4770050048828,0.48547524213790894,10.0,4.945862293243408,3502.941620980858,976.7292357659824,15.340722284092202,0
260,85.47985484419934,27.871488829388248,43.899505615234375,1846.0,149.08334350585938,0.6579084992408752,10.0,4.607892036437988,6450.0,90.0,14.634234740980771,1
1095,85.59781297281886,28.008256599779425,42.30022048950195,2239.0,117.55110931396484,0.3047162890434265,30.0,4.835017204284668,5433.23108288245,818.8406438373709,14.082246029152072,1
809,85.88877581231222,27.85958078169088,37.15973281860352,1748.0,237.72769165039065,0.2636186778545379,60.0,4.586504936218262,890.9545442950498,394.5883931389772,15.192580217690072,1
546,85.75391744795829,27.905845915797563,46.489166259765625,1408.0,73.02338409423828,0.5226863026618958,10.0,4.774409770965576,834.0863264674706,408.0441152620633,14.090310088129126,1
1065,85.62438243383302,27.94404862921273,37.49251174926758,2188.0,123.27462768554688,0.5707120895385742,10.0,4.582652568817139,1242.014492669067,123.69316876852982,14.85465440396893,1
253,85.5201773401451,27.871470629424973,33.85147476196289,1317.0,132.51272583007812,0.5024461150169373,10.0,5.103635787963867,1950.0,335.4101966249685,14.366030068745031,1
428,85.68326928597494,27.944643624476324,40.63446044921875,2330.0,178.7764434814453,0.4147964119911194,10.0,4.595747470855713,4650.0,553.1726674375732,14.762768700044258,1
bg_1012,85.771782893812,27.730183516284352,43.61292266845703,1074.0,29.939937591552734,0.6757761836051941,10.0,4.70947265625,379.47331922020555,42.42640687119285,14.353829211142843,0
1251,85.91678325606493,27.881559604312475,54.67126083374024,1255.0,249.16444396972656,0.3333333432674408,60.0,4.586504936218262,551.5432893255071,84.8528137423857,13.81219191061876,1
bg_567,85.862063579866,27.90346853459101,13.963141441345215,2323.0,234.130859375,0.6538771390914917,10.0,4.632851600646973,3714.6736061193856,30.0,15.964756453902952,0
bg_69,85.58340617873213,28.099391098057477,16.362869262695312,4023.0,90.0,0.37120360136032104,30.0,4.263921737670898,10770.0,885.889383614004,16.886786252224077,0
449,85.55374877814793,27.940528433608367,50.86632537841797,1333.0,192.9227600097656,0.4707476198673248,10.0,4.987441062927246,371.0795063055894,60.0,13.676693404599574,1
bg_179,85.66048163010959,27.961409870416716,22.05582046508789,2201.0,309.73699951171875,0.7272648811340332,10.0,4.595747470855713,2130.0,607.4537019394976,15.504189216388356,0
bg_73,85.73459264104945,28.0627398344654,30.24689292907715,3410.0,316.20233154296875,0.6325893402099609,10.0,4.635933876037598,1710.0,1988.617610301186,15.531113060831172,0
957,85.91788193841523,27.915053561950888,51.88522720336914,1934.0,219.2245178222656,0.2588116824626922,30.0,4.404165267944336,270.0,201.24611797498108,15.171931593302237,1
bg_248,85.80277477111412,27.938233336086434,28.086698532104492,2076.0,346.0928039550781,0.5140904784202576,30.0,4.312197685241699,1531.1760186209815,42.42640687119285,15.212163227475925,0
bg_711,85.79522892272752,27.946048679058272,25.357656478881836,1664.0,22.74639892578125,0.596256673336029,30.0,4.312197685241699,420.0,120.0,15.115073198236773,0
251,85.53759689513099,27.86834894493793,27.616830825805664,963.0,188.04820251464844,0.2635146677494049,30.0,5.103635787963867,0.0,120.0,14.357759117597745,1
bg_911,85.63541863368265,27.771416187825437,22.53375244140625,1327.0,347.26312255859375,0.7801088690757751,10.0,4.361113548278809,3844.3334922974623,150.0,14.977339642133288,0
344,85.64789670574615,27.872299365450893,52.65312194824219,1639.0,43.21323394775391,0.6579949259757996,10.0,4.559855937957764,3479.2240514229607,30.0,14.604818107143512,1
351,85.6522129870482,27.87369799561841,41.1417121887207,1530.0,10.873988151550291,0.8332110643386841,10.0,4.559855937957764,3841.054542700481,241.86773244895647,14.406117659154267,1
bg_455,85.75022332699312,27.914248318000443,36.097755432128906,1749.0,258.47430419921875,0.807692289352417,10.0,4.774409770965576,1771.016657177453,362.49137920783716,14.689773432589108,0
bg_229,85.70656520418491,27.955480989541527,37.47273635864258,2647.0,134.17599487304688,0.672542154788971,10.0,4.318940162658691,7260.0,1422.708684165525,15.072280049680192,0
bg_301,85.88173668458822,27.674398137140532,26.629600524902344,2047.0,118.96455383300781,0.8372370004653931,10.0,4.370652198791504,8994.498318416652,300.0,15.382568823182922,0
1172,85.8488511173265,27.89717605823669,40.17852020263672,1786.0,25.710174560546875,0.7884008288383484,10.0,4.632851600646973,4206.209695200657,90.0,14.56736349164544,1
261,85.49632767564091,27.89200467994047,40.80266571044922,1552.0,85.69832611083984,0.8058132529258728,10.0,4.607892036437988,4620.0,30.0,14.965925283973355,1
bg_101,85.71815347135006,27.851725574225725,26.067081451416016,1745.0,26.687496185302734,0.4377257227897644,30.0,4.696327209472656,4094.9725273803733,108.16653826391968,15.115563933192169,0
278,85.58083436850276,27.81899460075365,37.4548225402832,901.0,134.21206665039062,0.2084784209728241,30.0,4.647837162017822,210.0,30.0,14.412333384634932,1
bg_1037,85.49932386813855,27.944162216961622,45.70042419433594,2059.0,235.34156799316406,0.41596290469169617,10.0,4.546175479888916,5809.320097911631,563.6488268416781,14.51296190878127,0
775,85.88422540435975,27.821693934912226,22.958398818969727,1190.0,245.1436767578125,0.3122388124465942,30.0,4.941662311553955,169.7056274847714,42.42640687119285,14.73507762678405,1
bg_414,85.61790148564232,28.058427921101625,25.95339584350586,3595.0,101.51069641113281,0.3046691417694092,100.0,4.772528171539307,9455.902918283371,3768.0764323458197,15.88734831977364,0
bg_673,85.70629570959969,27.858193444271386,33.317691802978516,1950.0,46.40513610839844,0.8126628994941711,10.0,4.696327209472656,5340.337068013591,30.0,14.904462550140128,0
bg_739,85.63838307412024,28.034173408430398,39.61858367919922,2068.0,85.51380157470703,0.8594420552253723,10.0,4.772528171539307,6601.090818948032,833.5466393669882,14.974121150722517,0
1033,85.57142781850835,28.03215502718404,29.304447174072266,3210.0,191.3058013916016,0.4219196140766144,30.0,4.835017204284668,9404.366007339357,1065.3168542738822,15.57416391090965,1
908,85.67312725846725,27.815901189193937,43.40726852416992,1216.0,129.28721618652344,0.5098292231559753,10.0,4.6042256355285645,9747.045706264027,60.0,14.515910236765285,1
1245,85.94903876336343,27.868822601728503,53.760738372802734,1905.0,237.72987365722656,0.4645426571369171,30.0,4.586504936218262,4167.733196834942,483.73546489791295,14.204417926267988,1
bg_303,85.5154935432527,27.982160953479877,38.49965286254883,2437.0,28.94366455078125,0.7574911713600159,10.0,4.546175479888916,6592.63225123319,831.9254774317228,15.002742100393382,0
16,85.62449466055268,27.999248526087847,21.744163513183597,1881.0,240.85354614257807,0.8467618227005005,10.0,4.772528171539307,2903.962809679215,0.0,15.36625579238838,1
864,85.4973379716411,27.836051828262203,32.20254135131836,1787.0,253.57647705078125,0.6231343150138855,10.0,4.804811000823975,5554.53868471541,120.0,14.77195472209698,1
341,85.64961248470661,27.87128651467477,29.58233070373535,1538.0,90.0,0.2708333432674408,30.0,4.559855937957764,3694.996617048519,67.0820393249937,14.459234739670496,1
1382,85.511195778223,28.024870628685484,48.6643180847168,3212.0,184.6260986328125,0.4373411536216736,30.0,4.541608810424805,10867.497412007971,952.9428104561156,15.035599301539625,1
bg_677,85.50336628691709,28.081604455431908,29.473867416381836,4665.0,166.86489868164062,0.1651502549648285,100.0,4.169457912445068,11615.735017638788,5719.388079156721,15.590084827827102,0
bg_1002,85.65967314635388,28.129574491603893,45.28084182739258,4573.0,225.14512634277344,0.12668371200561523,60.0,3.9022998809814453,7817.173402195963,9064.965526685692,15.32733932873903,0
bg_997,85.66102061928005,28.031747957163276,33.78817367553711,2983.0,291.2769775390625,0.7237834334373474,10.0,4.758371829986572,6858.4619267004755,1306.981254647518,15.306647692784658,0
562,85.77988962002985,28.02333575099465,16.934505462646484,2090.0,133.72091674804688,0.092464879155159,60.0,4.903069972991943,0.0,308.86890422961005,15.752146982986732,1
bg_136,85.66910545683713,27.727219075846758,7.5220723152160645,792.0,75.80712890625,0.6141877174377441,10.0,4.0218892097473145,1389.7481786280564,90.0,15.622047524132977,0
bg_611,85.8612550961103,28.144396693791865,24.02592658996582,5674.0,199.2365264892578,-0.07070477306842804,70.0,3.346968173980713,8475.570777239725,4962.71095269511,16.558221022895168,0
727,85.90721348274425,27.816386354236545,41.70357894897461,1749.0,177.6456298828125,0.2574936747550964,30.0,4.941662311553955,1867.243958351452,247.38633753705963,14.501961550425516,1
bg_393,85.80843415740406,27.726680086676286,30.822595596313477,1134.0,347.61077880859375,0.7521824836730957,10.0,5.668778419494629,1236.9316876852981,342.05262752974136,14.396249396156511,0
411,85.63604642699306,27.897020626966427,38.5400276184082,1328.0,185.27723693847656,0.7534393668174744,10.0,4.625964164733887,1302.4976007655446,108.16653826391968,14.213619532239523,1
616,85.75507119927457,27.9126182582766,32.914974212646484,1763.0,198.1379547119141,0.2693417966365814,30.0,4.774409770965576,1253.1959144523253,212.1320343559643,14.883324381057164,1
716,85.91485894362125,27.824708580204184,46.83631134033203,2268.0,196.96795654296875,0.2201049476861953,30.0,4.941662311553955,3120.1442274356486,42.42640687119285,14.706751677367413,1
bg_416,85.76423704542539,28.06732124241441,41.21415710449219,3297.0,356.3974304199219,0.6375354528427124,10.0,4.903069972991943,876.1849119906141,1025.2804494381037,15.259415833315803,0
bg_1054,85.90383524057756,27.972189653826153,22.53203773498535,3227.0,242.08065795898438,0.5686385631561279,10.0,3.8100929260253906,5055.155783949689,1124.499888839479,15.909601734734736,0
728,85.90190899679304,27.81798088230392,55.5070686340332,1859.0,228.9867248535156,0.50998854637146,10.0,4.941662311553955,1570.350279396288,84.8528137423857,14.478021418435928,1
1218,85.90740843964723,27.88299688287353,39.84178924560547,1249.0,129.8076629638672,0.4945935010910034,30.0,4.586504936218262,0.0,84.8528137423857,14.472526985101569,1
243,85.49123027303793,27.857918612753405,32.36276626586914,1390.0,175.0274200439453,0.1549379080533981,30.0,4.607892036437988,5254.112674848151,108.16653826391968,14.657363279128202,1
bg_721,85.71384155798629,27.706737487368834,21.525861740112305,1382.0,232.00369262695312,0.7556423544883728,10.0,3.891842842102051,3120.288448204749,60.0,15.07054628405085,0
bg_99,85.87661628746875,27.927723047262237,30.534374237060547,2670.0,83.69766235351562,0.8069919943809509,10.0,4.632851600646973,4767.82969494507,234.30749027719963,15.362885823599335,0
585,85.76238553739671,27.908746549182148,43.825313568115234,1480.0,110.74295806884766,0.3768844306468963,30.0,4.774409770965576,480.0,30.0,14.337454439232902,1
bg_982,85.5839451679026,27.912361855903793,27.990446090698242,2387.0,271.7453308105469,0.7795844674110413,10.0,5.441863059997559,3444.7786576208346,67.0820393249937,15.348896657512636,0
557,85.76078122282128,27.942583832096684,43.731082916259766,1930.0,176.70582580566406,0.7599412202835083,10.0,4.540307521820068,1905.41334098405,60.0,14.73892349458285,1
1362,85.53974245108007,27.99279746045538,39.52038192749024,2043.0,245.6641082763672,0.7290651202201843,10.0,4.726099014282227,6388.802704732711,30.0,15.085899444871345,1
bg_947,85.5154935432527,28.139006802087145,55.49671936035156,5165.0,237.71766662597656,0.028904708102345467,70.0,3.683410167694092,7889.771859819522,5607.111555872596,15.088038780087276,0
361,85.65830814180093,27.875859358624005,41.34588623046875,1789.0,196.9393310546875,0.4502118527889251,60.0,4.626403331756592,4373.934155883007,60.0,14.345652741211635,1
647,85.74751843564927,28.064345447987,57.92900085449219,2804.0,77.701416015625,0.6373006105422974,10.0,4.903069972991943,270.0,551.5432893255071,14.919756587545653,1
bg_768,85.93617459080586,27.85657647675997,30.75722312927246,2223.0,330.5103454589844,0.81468665599823,10.0,4.586504936218262,4016.080178482496,371.0795063055894,15.225899622241219,0
129,85.9804539219601,27.76209249831304,63.90088653564453,1744.0,77.63668823242188,0.8212290406227112,10.0,4.674496173858643,9277.812242118289,570.0,14.947485806506316,1
bg_955,85.53220220753732,27.954403011200586,27.20993995666504,2027.0,86.3897476196289,0.8326522707939148,10.0,4.987441062927246,3102.208890452092,90.0,14.762003205001882,0
145,86.027256820397,27.75341633214782,45.230804443359375,3047.0,314.9546203613281,0.6799184679985046,30.0,4.0183281898498535,10663.850148984651,576.2811813689564,14.982568019282535,1
554,85.73343765947497,27.8948031358232,52.22576522827149,1830.0,143.4051971435547,0.5315490961074829,30.0,4.452770709991455,2790.0,60.0,14.186576780414828,1
bg_747,85.61574552896043,27.810223408099404,23.602922439575195,1483.0,321.0769958496094,0.7687991261482239,10.0,4.497191429138184,4110.0,90.0,14.955371303276971,0
bg_675,85.96339354391469,27.91263135048903,16.248464584350586,2957.0,70.53326416015625,0.844357967376709,10.0,4.404165267944336,3453.6502428589956,323.10988842807024,16.254082699513404,0
472,85.5248932481496,28.00674152134686,32.248165130615234,2404.0,81.14424896240234,0.8309774994850159,10.0,4.726099014282227,8414.130971169869,684.7627326307996,14.93886711950582,1
1269,85.49023381438708,27.86341417823889,39.09820175170898,1598.0,220.80198669433597,0.8126591444015503,10.0,4.607892036437988,5292.258497087987,90.0,14.492654233078357,1
bg_265,85.91892693735078,28.009110412003466,9.701940536499023,3496.0,161.23223876953125,0.6419878005981445,10.0,4.106739044189453,5790.0,2929.112493572072,16.717072098457596,0
bg_16,85.48342368760963,27.791897776303365,27.055763244628906,1944.0,104.68779754638672,0.8079863786697388,10.0,4.618796348571777,9720.046296186043,60.0,14.739970950358984,0
139,85.54033447385773,27.96373426535684,49.185577392578125,1641.0,191.874267578125,0.4994614124298095,30.0,4.987441062927246,3328.2427796060792,30.0,14.254642076349755,1
90,85.94222867468315,27.74230435384973,33.40374755859375,2554.0,228.48953247070312,0.3691588640213012,30.0,4.780183792114258,6576.640479758644,127.27922061357854,15.171569927685512,1
bg_802,85.5755908357603,28.11286582731927,28.023595809936523,4351.0,90.0,0.23965175449848175,70.0,4.263921737670898,9310.735738919884,323.10988842807024,16.10420973641116,0
bg_228,85.95503921177237,27.876788570652657,23.747270584106445,2585.0,228.5247344970703,0.6090651750564575,10.0,4.586504936218262,4462.846625193387,201.24611797498108,15.442709192156162,0
bg_435,85.89251646799765,28.079717993335258,30.428386688232422,5414.0,7.177724361419678,-0.05792824923992157,70.0,3.7391419410705566,10854.28026172164,2846.049894151541,15.877522728548133,0
bg_895,85.78579661224425,27.7883943466953,28.841062545776367,1520.0,178.09585571289062,0.5641711354255676,30.0,5.361922740936279,2160.0,94.86832980505139,14.829853494137822,0
699,86.00453299087359,27.791325265333533,41.19500732421875,2587.0,217.32028198242188,0.5440537333488464,10.0,4.674496173858643,12510.0,1025.2804494381037,14.359542036060988,1
893,85.64800803438803,27.89592539860892,32.53797912597656,1544.0,159.8485870361328,0.4927354156970978,30.0,4.625964164733887,2512.846990964631,30.0,13.982927162812738,1
bg_800,85.66560202722907,27.927723047262237,10.3036527633667,1671.0,191.62823486328125,0.5510541796684265,30.0,4.5489630699157715,2919.2636057745794,120.0,16.65754793318402,0
849,85.47445069022818,27.866116492769457,37.60222625732422,1738.0,154.66188049316406,0.5427820682525635,10.0,4.607892036437988,7050.255314525851,216.33307652783932,14.625642506529251,1
bg_1000,85.47318289337066,28.078640014994313,30.82638168334961,4610.0,347.5716552734375,0.013181332498788834,100.0,4.169457912445068,9968.400072228242,5943.710962016911,15.58793142635219,0
948,85.67369601618955,27.90710098576828,31.02536392211914,2205.0,5.2422614097595215,0.8236374855041504,10.0,4.548963069915772,4329.36484949005,403.6087214122113,15.249215925206704,1
bg_805,85.64592892250685,28.06462629656205,35.176788330078125,3297.0,38.65778732299805,0.580920934677124,10.0,4.772528171539307,10036.020127520671,2970.1515112869242,16.05398818967058,0
bg_473,85.5583431823052,28.064356801976814,30.614215850830078,4489.0,236.82962036132812,0.13901619613170624,60.0,4.726099014282227,12990.65818193982,2229.9103120977757,15.259766381332145,0
bg_399,85.72435184681048,28.1018165493246,54.965702056884766,4593.0,97.8274917602539,0.07329928874969482,30.0,4.176478385925293,4474.930167052889,4542.796495552051,15.405793802405398,0
756,85.88834343948248,27.844820009727936,59.84944152832031,1707.0,268.3835754394531,0.3803518712520599,10.0,4.941662311553955,570.0,674.1661516273269,14.04057572471472,1
bg_467,85.7041397529178,27.967338751291905,38.648406982421875,3489.0,204.3653106689453,0.5443301796913147,30.0,4.318940162658691,7010.827340621077,234.30749027719963,15.288811743262828,0
bg_8,85.88200617917346,27.671433696702938,30.409507751464844,1997.0,94.74623107910156,0.7792088389396667,10.0,4.370652198791504,9325.513390693297,67.0820393249937,15.064677808560004,0
bg_510,85.55699570937902,27.87085968977747,16.887310028076172,1244.0,335.02410888671875,0.3967634439468384,10.0,5.103635787963867,1348.3323032546539,42.42640687119285,15.192349258307553,0
bg_132,85.71842296593529,28.114482794830685,22.954212188720703,4492.0,28.468360900878906,-0.02703499048948288,100.0,4.176478385925293,5994.97289401712,6044.01356715883,16.139809943848054,0
bg_381,85.46698451791025,27.855498498419024,35.340065002441406,1732.0,16.500835418701172,0.5960531234741211,10.0,4.607892036437988,7960.351751022061,0.0,14.8131800563967,0
218,85.51878533321653,27.891967553473908,30.77300071716309,1485.0,225.02540588378903,0.5652644634246826,30.0,4.607892036437988,2100.0,30.0,14.865825448606708,1
499,85.502990715111,27.89580543744671,47.16009521484375,1634.0,172.190673828125,0.5388669371604919,30.0,4.496346950531006,3870.0,30.0,14.23474614678426,1
bg_873,85.69848036662785,28.05950589944257,40.51121139526367,4284.0,194.9296875,0.186216801404953,100.0,4.758371829986572,5741.297762701392,2399.437434066577,15.424548582931537,0
bg_1033,85.83161069173435,27.72533261375011,27.18850326538086,1344.0,192.333740234375,0.5551425218582153,10.0,5.668778419494629,2806.0826787534256,30.0,14.774265484236931,0
bg_773,85.58610112458449,28.11205734356356,34.261024475097656,3957.0,70.56657409667969,0.44284820556640625,60.0,4.263921737670898,9354.036561827199,797.1198153351854,15.576190444594747,0
bg_562,85.51980545661647,28.137120339990496,44.38880157470703,5294.0,206.7484588623047,-0.06209195777773857,70.0,4.091997146606445,8019.039842774195,5225.514328752721,15.517904760906884,0
bg_61,85.60388776721005,28.05115156730026,36.016578674316406,3041.0,280.2611999511719,0.7520229816436768,10.0,4.835017204284668,9097.96680583085,3033.5622624235025,15.243899159470446,0
1220,85.90620933067459,27.900221140358926,38.222412109375,1633.0,160.99746704101562,0.1888861805200576,30.0,4.404165267944336,720.0,30.0,14.554152005930211,1
bg_493,85.77744228010195,28.059236404857334,33.32225036621094,3564.0,196.20187377929688,0.404523104429245,30.0,4.903069972991943,1529.7058540778355,1674.0967713964446,15.503920380845194,0
bg_1096,85.80520022238125,27.870320700607,24.40034294128418,1958.0,182.31350708007812,0.4361339509487152,30.0,5.7131733894348145,4352.585438564072,0.0,15.279277844456969,0
bg_763,85.83322765924576,27.651491097395482,15.386483192443848,1764.0,180.0,0.5666514039039612,10.0,4.39320707321167,8040.0,108.16653826391968,15.6774675627315,0
bg_723,85.57909426536835,27.812109870196053,24.08717155456543,870.0,244.24526977539062,0.37078920006752014,10.0,4.647837162017822,30.0,42.42640687119285,14.569996557084774,0
896,85.65084976594797,27.89679141197614,31.72937774658203,1734.0,210.23736572265625,0.5767195820808411,60.0,4.625964164733887,2751.18156434649,30.0,14.62416733359358,1
bg_855,85.80223578194365,28.089958787574222,33.763973236083984,3708.0,307.25390625,0.40008899569511414,30.0,4.129517078399658,5777.00614505472,912.414379544733,15.570117829813324,0
bg_829,85.81678848954638,28.003181531128273,43.129859924316406,3024.0,142.64639282226562,0.5923816561698914,30.0,4.568583965301514,2568.9881276487054,1082.081327812286,15.128892242449977,0
bg_874,85.51225960822987,27.903738029176242,16.356550216674805,2109.0,325.8260192871094,0.8253912925720215,10.0,4.496346950531006,2951.1523173160685,630.0,16.089438182112488,0
bg_174,85.48315419302439,28.061661856124456,31.75993537902832,4221.0,77.92498779296875,0.4092627465724945,100.0,4.541608810424805,15937.229997712902,3761.9808611953354,15.631039342460427,0
495,85.55118576427876,27.84479397396176,22.64330291748047,1135.0,67.16620635986328,0.5257656574249268,10.0,4.967405796051025,379.4733192202056,60.0,14.80045579866002,1
1107,85.64083666191236,28.00118092681615,46.258392333984375,2222.0,100.71375274658205,0.4118672311306,30.0,4.772528171539307,2965.754541427864,1050.0,14.51558934108822,1
bg_234,85.74887585406695,27.992132253133605,32.313140869140625,3514.0,150.4795379638672,0.4637407958507538,10.0,4.903069972991943,3944.0588230907506,1178.81296226331,15.327965895196153,0
72,85.47612192651859,27.868586870976166,40.05198669433594,1784.0,143.9755096435547,0.6655025482177734,10.0,4.607892036437988,6870.0,300.0,14.56968934533984,1
bg_995,85.86017711776935,27.985664383087943,12.438606262207031,3660.0,274.208740234375,0.5181846022605896,30.0,4.297876358032227,6720.0,870.0,16.624817145978515,0
bg_1075,85.88793506004865,27.904277018346715,27.599637985229492,2285.0,196.2786865234375,0.5048308968544006,30.0,4.404165267944336,2701.499583564654,30.0,15.29326405082141,0
bg_261,85.54028704509439,27.948474130325398,22.211074829101562,1661.0,99.1244888305664,0.7209488153457642,10.0,4.987441062927246,1986.5799757371965,42.42640687119285,14.86164764310833,0
bg_408,85.82541231627393,27.899695610397707,41.85816192626953,2700.0,22.8576717376709,0.6855999827384949,10.0,4.945862293243408,5921.030315747421,349.85711369071805,15.032877028924975,0
bg_629,85.71869246052053,27.99563568274167,21.910446166992188,3265.0,313.1728210449219,0.8034608960151672,10.0,4.635933876037598,6988.905493709297,30.0,16.026587920736656,0
bg_818,85.68797007780364,28.139815285842854,41.02757263183594,5634.0,209.02841186523438,-0.03539248928427696,70.0,3.9022998809814453,7299.376685717761,10398.711458637556,15.678840566814696,0
796,85.89850760834985,27.82127870269876,39.56990051269531,1717.0,182.53890991210935,0.0624886788427829,60.0,4.941662311553955,1621.1107303327556,0.0,14.78888098398136,1
bg_252,85.48477116053581,27.9312264768703,16.71076774597168,2464.0,102.45538330078125,0.605318009853363,30.0,4.496346950531006,6909.775683768613,60.0,15.593533621732062,0
bg_886,85.75291827284549,27.68302196386808,20.59636878967285,1048.0,137.0776824951172,0.8057539463043213,10.0,4.292092323303223,973.4988443752771,60.0,14.645747786623772,0
bg_610,85.68338866985464,27.85145607964049,44.973976135253906,1875.0,231.99761962890625,0.7532850503921509,10.0,4.626403331756592,7931.468968608526,258.0697580112788,14.387738865014372,0
bg_83,85.58825708126638,28.102625033080304,36.40945053100586,3875.0,76.02852630615234,0.4802645742893219,30.0,4.263921737670898,10290.524767960087,1277.3801313626261,15.478016899129488,0
bg_492,85.71518903091247,27.943892722376386,25.589723587036133,2580.0,275.8201599121094,0.8902456760406494,10.0,4.318940162658691,6481.805304080029,1463.8647478507023,15.501303795362876,0
1096,85.60390154295506,28.00555237787577,33.956787109375,1842.0,54.76560974121094,0.8189403414726257,10.0,4.835017204284668,4731.733297640517,483.73546489791295,14.821239981164352,1
bg_475,85.82541231627393,27.67897954508954,15.575267791748047,2057.0,238.4882354736328,0.47772204875946045,10.0,4.813807010650635,6723.882806831183,0.0,16.85967235640317,0
246,85.48314029654009,27.872646111418067,51.30825805664063,1982.0,235.21763610839844,0.6068117022514343,10.0,4.607892036437988,6090.0,210.0,14.32696121194612,1
bg_120,85.82702928378535,28.124184599899174,48.87601852416992,4376.0,96.49217224121094,0.03011748008430004,60.0,3.67387318611145,10068.788407747974,1047.8549517943788,15.392414792221349,0
bg_531,85.52923776709973,27.975962578019455,39.99626541137695,1855.0,142.28561401367188,0.8388283848762512,10.0,4.987441062927246,5117.440766633259,94.86832980505139,14.926128418989528,0
608,85.74040397213732,27.89578079957903,42.01469039916992,1691.0,197.75656127929688,0.6694396734237671,10.0,4.452770709991455,2010.0,42.42640687119285,14.642569057817568,1
bg_363,85.76235058332874,27.78623839001341,32.12272644042969,782.0,68.84088897705078,0.7556423544883728,10.0,5.361922740936279,30.0,120.0,14.552861633776567,0
bg_879,85.58825708126638,27.944701206132095,25.991151809692383,2301.0,295.5715026855469,0.8469592928886414,10.0,4.808651447296143,3456.255198911099,134.1640786499874,15.668954483047258,0
889,85.66737203897198,27.889614794197207,36.285491943359375,1838.0,172.83477783203125,0.4999235868453979,30.0,4.626403331756592,4749.4841825191925,305.9411708155671,14.710552330147966,1
bg_851,86.02349083642228,27.753899039785107,19.559703826904297,2765.0,24.322961807250977,0.8010563254356384,30.0,4.0183281898498535,11046.845703638663,953.4149149242422,15.877705982685038,0
722,85.91778184193316,27.81755121683488,14.13510799407959,1709.0,154.1466064453125,0.4851127862930298,30.0,4.941662311553955,2800.142853498728,60.0,15.73900021498347,1
27,85.92340168459582,27.79775362723108,39.5491828918457,1918.0,181.26980590820312,0.3368258774280548,10.0,5.216389656066895,2610.0,30.0,14.483614829536911,1
bg_783,85.52250040246882,27.8207336969236,30.739578247070312,1533.0,252.57691955566406,0.5441734790802002,10.0,4.967405796051025,4500.399982223802,90.0,14.961376361256802,0
500,85.50248590462607,27.89578023880447,34.270992279052734,1614.0,157.8944549560547,0.5325711965560913,30.0,4.496346950531006,3930.0,30.0,14.18281406535996,1
631,85.78297193514578,27.944058828685748,56.86039352416992,1417.0,117.71149444580078,0.2744880020618438,30.0,4.540307521820068,60.0,603.7383539249432,13.74120877051825,1
1072,85.62746300850993,27.968644860723145,36.079734802246094,1702.0,38.96396255493164,0.7769468426704407,10.0,4.582652568817139,660.0,67.0820393249937,14.578005840018038,1
553,85.73284787114433,27.89418476234232,50.5038948059082,1838.0,137.20823669433594,0.4460744857788086,10.0,4.452770709991455,2850.0,120.0,14.041207950234112,1
238,85.50408356513637,27.86126600726736,40.41519165039063,1209.0,142.98089599609375,0.3767500519752502,10.0,4.607892036437988,3797.6966703516487,192.09372712298543,13.875591301158853,1
58,85.52575522358639,27.93231846187513,37.076690673828125,1779.0,154.12278747558594,0.3850490748882293,60.0,5.221707344055176,2608.6203249994046,30.0,14.581070826493123,1
213,85.51720311718918,27.893389343479747,31.60846900939941,1591.0,181.7054901123047,0.3654106259346008,30.0,4.496346950531006,2280.0,60.0,14.561947230160836,1
bg_519,85.86368054737743,27.66981672919152,20.098560333251953,2171.0,87.46448516845703,0.7338103652000427,10.0,4.840806007385254,9420.0,0.0,15.587617789269602,0
bg_482,85.62922025822223,27.898617632056762,11.712859153747559,1284.0,242.0644989013672,0.47588375210762024,10.0,4.625964164733887,540.8326913195983,42.42640687119285,16.00821559623711,0
1246,85.9486210992655,27.87001444235964,41.034366607666016,1903.0,261.4429016113281,0.7728843092918396,10.0,4.586504936218262,4082.315519408072,361.2478373637689,14.60561126805409,1
353,85.65365225891372,27.87354699179528,32.362796783447266,1567.0,355.0267028808594,0.7957307696342468,10.0,4.559855937957764,3990.451102319135,268.3281572999748,14.532410698729398,1
bg_666,85.87769426580968,27.754168534370343,33.996620178222656,1264.0,327.1490478515625,0.6582084894180298,10.0,5.7190961837768555,582.494635168428,0.0,14.451265931385024,0
759,85.88421256276526,27.8325662320875,40.51151657104492,1730.0,303.3276672363281,0.7045857906341553,10.0,4.941662311553955,806.1017305526642,150.0,14.520199305193469,1
bg_183,85.61170311018189,27.977310050945633,42.500919342041016,2115.0,17.460256576538086,0.7920247912406921,10.0,4.582652568817139,2415.139747509448,375.89892258425004,14.77596495388027,0
68,85.51882501382117,27.908733139451268,40.98963928222656,1896.0,59.802982330322266,0.7727272510528564,10.0,4.496346950531006,2546.2914208707534,534.1348144429458,14.153043376308135,1
83,85.93773942082139,27.72241170334207,42.78727722167969,2093.0,355.46734619140625,0.7489480972290039,10.0,4.780183792114258,7530.239040030536,305.9411708155671,14.635793007729427,1
854,85.46230623822116,27.859855939237555,39.94244384765625,1834.0,219.35340881347656,0.4008515775203705,60.0,4.607892036437988,8433.415678122357,0.0,14.617295013973871,1
bg_881,85.62841177446651,27.9169432638528,55.377079010009766,1103.0,133.86477661132812,0.659069836139679,10.0,4.625964164733887,30.0,390.0,13.616422683987047,0
bg_863,85.9687834356194,27.78569940084294,20.60462760925293,1431.0,317.05072021484375,0.7920541167259216,10.0,4.674496173858643,7680.0,283.0194339616981,15.194859249841944,0
bg_645,85.74159950026558,28.12256763238776,28.98689079284668,4073.0,164.63037109375,0.26797911524772644,30.0,3.7445425987243652,5834.595101633017,5190.086704478067,15.811980005949328,0
bg_563,85.99923632375106,27.894575213278227,22.75074005126953,3302.0,344.8076171875,0.32323557138442993,30.0,4.020069122314453,7911.188279898286,632.8506932918697,15.91460287286066,0
bg_205,85.86179408528078,27.99967810152021,38.57887649536133,3774.0,240.85366821289062,0.30039680004119873,30.0,4.297876358032227,7030.824987154779,778.2673062643707,15.35287799245037,0
bg_122,85.60388776721005,27.919368715119923,41.6602897644043,1925.0,153.06390380859375,0.8142653703689575,10.0,5.441863059997559,2254.994456755936,408.0441152620633,14.455502565434662,0
bg_535,85.73216718978233,27.826393083213553,27.57134246826172,1607.0,224.51651000976562,0.5473177433013916,30.0,4.7904558181762695,3840.0,323.10988842807024,14.943076445498747,0
202,85.48844625445815,27.9038305106884,33.82161331176758,2037.0,172.14308166503906,0.5731629133224487,30.0,4.496346950531006,5563.281405789213,30.0,14.793873797467311,1
bg_437,85.63946105246119,27.91128387756285,25.597396850585938,1200.0,302.7276916503906,0.710338830947876,10.0,4.625964164733887,956.7131231461185,94.86832980505139,14.657036057078512,0
bg_102,85.86826195532643,28.11205734356356,13.910857200622559,5225.0,242.77342224121094,-0.07795072346925735,70.0,3.896871328353882,10633.76226930055,3965.5642725846724,16.864919063779823,0
bg_25,85.48153722551298,27.79917413010473,11.939632415771484,1691.0,252.16867065429688,0.6967111825942993,10.0,4.618796348571777,9418.757879890532,0.0,15.898365327467484,0
990,85.80257326353706,27.9455985972838,37.84767150878906,1695.0,-0.0,0.7255611419677734,60.0,4.312197685241699,1230.3657992645926,30.0,14.600703333484615,1
798,85.89614567826196,27.82929334225267,41.6338119506836,2110.0,201.7569732666016,0.612754762172699,30.0,4.941662311553955,1730.6646122227148,120.0,14.463006331074205,1
bg_405,85.7343231464642,27.908049942540018,27.734375,2590.0,157.46534729003906,0.8583424687385559,10.0,4.452770709991455,2817.605366264055,108.16653826391968,15.168642128436543,0
300,85.62221046636637,27.803763472810523,25.581737518310547,1437.0,122.75352478027344,0.6674795150756836,10.0,4.497191429138184,4830.0,201.24611797498108,14.910378656767415,1
bg_417,85.64512043875115,28.065165285732522,43.28944396972656,3319.0,58.96700668334961,0.6918976306915283,10.0,4.772528171539307,10087.586430856492,3030.0,14.880219649000583,0
bg_951,85.87985022249157,28.113135321904505,25.126312255859375,5585.0,101.95219421386719,-0.0759715810418129,70.0,3.7391419410705566,9875.788576108745,4796.717627711684,15.691782389937508,0
513,85.73411763574622,27.88705522888764,39.83570098876953,1772.0,70.73865509033203,0.8219118118286133,10.0,4.696327209472656,2639.488586828896,94.8683298050514,14.337299123188362,1
1271,85.7882739404903,27.997994701088786,32.982765197753906,1810.0,81.39275360107422,0.4300098717212677,30.0,4.903069972991943,0.0,730.5477397131552,14.833744001634845,1
bg_689,85.77690329093147,27.925028101409875,36.5403938293457,1251.0,307.70819091796875,0.5438421964645386,10.0,4.774409770965576,30.0,234.30749027719963,14.333132324329497,0
bg_116,85.79172549311944,28.070016188266766,32.28900146484375,4240.0,315.8309631347656,0.2545045018196106,30.0,4.568583965301514,3293.038110924318,1124.499888839479,15.6853334873736,0
1117,85.66736594406593,27.9740110393404,39.53823471069336,2304.0,272.247802734375,0.8283761739730835,10.0,4.595747470855713,3155.709112069742,700.3570517957252,14.87570077807069,1
751,85.88504574391874,27.858128727643216,31.1776123046875,1464.0,266.9328918457031,0.3510765433311462,60.0,4.586504936218262,496.5883607174055,702.9224708315988,14.70617694272667,1
bg_937,85.76558451835157,27.701347595664117,35.18286895751953,968.0,340.2965393066406,0.6865164041519165,10.0,4.292092323303223,330.0,60.0,14.063388469395617,0
bg_581,85.78364065556238,27.969225213388558,56.22108840942383,2314.0,123.52049255371094,0.5969964861869812,10.0,4.540307521820068,939.6275858019495,1840.543398021356,15.12273040110182,0
24,85.93771904251265,27.785728243465154,49.62715911865234,1205.0,139.2004852294922,0.3676470518112182,30.0,5.216389656066895,4200.0,108.16653826391968,13.844866607213996,1
bg_1010,85.55430076352665,28.156254455542243,16.126659393310547,5200.0,206.39158630371094,-0.05885932967066765,70.0,4.091997146606445,5408.160500576882,966.0745312862771,16.67527914120437,0
bg_991,85.5470244097253,28.021507162924312,32.55091094970703,2541.0,300.4774475097656,0.7681888341903687,10.0,4.726099014282227,9394.982703549806,1686.6831356244716,15.177440301299336,0
1387,85.52908339645403,28.01627138652144,45.20774459838867,2331.0,139.0540313720703,0.7982192039489746,10.0,4.726099014282227,9231.278351344412,150.0,14.802127000179992,1
bg_70,85.61089462642619,28.08349091752856,36.879703521728516,4110.0,187.0235137939453,0.2031872570514679,30.0,4.257054328918457,12061.343208780687,3459.5086356302104,15.589219329092948,0
443,85.57585505455516,27.965254752584503,40.73776245117188,2317.0,240.74688720703125,0.8021052479743958,10.0,4.808651447296143,3695.240181639077,189.7366596101028,14.526409703862113,1
bg_190,85.52627332666214,27.988628823525538,45.728092193603516,1986.0,186.15570068359375,0.8420814871788025,10.0,4.726099014282227,6498.030470842685,189.73665961010278,14.477149855284617,0
bg_12,85.80924264115978,28.120411675705874,40.46614456176758,4625.0,292.30413818359375,-0.03982752934098244,100.0,3.67387318611145,8263.951839162666,1425.2368224263644,15.884503334014774,0
bg_740,85.94937982548242,27.894036224107754,32.683101654052734,2654.0,329.0780334472656,0.6325300931930542,10.0,4.404165267944336,3416.577234601905,1030.9704166463748,13.900485394186044,0
bg_313,85.7545352403569,28.172693625241628,32.146175384521484,5402.0,191.8031005859375,0.041671063750982285,70.0,3.489896774291992,10174.954545353015,8978.474257912643,15.794136326044486,0
bg_353,85.53570563714538,27.94955210866634,42.89645767211914,1849.0,48.543861389160156,0.7878678441047668,10.0,4.987441062927246,2471.3154391942767,120.0,14.507658627099827,0
97,85.9209668890966,27.735979709780644,33.47071075439453,1589.0,242.27679443359372,0.4523255825042724,30.0,4.780183792114258,5144.015940877322,0.0,14.730008835428618,1
535,85.74264801365122,27.915503661322152,32.4149055480957,1938.0,72.18658447265625,0.5044500827789307,10.0,4.452770709991455,2482.035455024766,256.3201123595259,13.829670988851571,1
214,85.52005508121363,27.8927503005822,32.490570068359375,1548.0,195.00132751464844,0.5536871552467346,10.0,5.221707344055176,1980.0,42.42640687119285,14.701363453385786,1
1315,85.82855597454487,28.01391300355812,61.56111526489258,3105.0,135.96255493164062,0.4110046923160553,30.0,4.568583965301514,4330.819783828461,1100.2272492535349,14.334251715943376,1
bg_4,85.58367567331737,27.8921497620111,29.402864456176758,1672.0,152.93418884277344,0.7490149736404419,10.0,5.267827987670898,2652.413994835648,30.0,15.03080589614606,0
bg_1021,85.69012603448553,27.701886584834586,36.11041259765625,920.0,143.0211944580078,0.6981481313705444,10.0,3.767113208770752,807.7747210701756,417.85164831552356,14.239925857926895,0
bg_686,85.87769426580968,28.00749344449205,11.04064655303955,4223.0,354.60797119140625,0.16603198647499084,100.0,4.297876358032227,8949.70949249192,1412.869420717994,16.730105059305167,0
bg_968,85.9183879481803,27.806180989320865,23.184925079345703,1562.0,326.25518798828125,0.3910614550113678,30.0,4.941662311553955,2181.9715855161817,0.0,15.04009776444714,0
592,85.75068367173508,27.89594741135964,38.987403869628906,1318.0,125.4489517211914,0.6836624145507812,10.0,4.774409770965576,870.0,540.0,14.460471757797873,1
435,85.89582712037117,27.810256755680808,39.77125930786133,1355.0,208.9307861328125,0.3004338443279266,30.0,4.941662311553955,536.6563145999496,0.0,14.30431125932643,1
314,85.67308682860227,27.85604391358376,38.56145095825195,2129.0,197.3721466064453,0.6742438077926636,10.0,4.626403331756592,6796.506455525515,361.2478373637689,14.799971929021826,1
834,85.5319827358197,27.817387120830794,33.530391693115234,1454.0,197.68771362304688,0.4204244017601013,30.0,4.967405796051025,4012.0443666539886,30.0,14.59508788683802,1
bg_585,85.70926015003728,28.11744723526828,21.42449188232422,4632.0,188.06658935546875,-0.09309492260217667,100.0,3.7445425987243652,6888.904121846957,6961.1636958198305,17.614073192285854,0
bg_297,85.81948343539874,27.898617632056762,20.153409957885742,2571.0,301.9576721191406,0.8045832514762878,10.0,4.945862293243408,5381.635439157877,60.0,15.800954911314122,0
bg_887,85.88443163044059,28.015308787463887,39.115055084228516,4336.0,40.841854095458984,0.0804123729467392,100.0,4.106739044189453,9365.815501065563,2131.9005605327843,15.4921757658506,0
bg_351,85.7343231464642,27.8846039136245,36.83092498779297,1801.0,32.54619216918945,0.7989267110824585,10.0,4.696327209472656,2468.764873372918,60.0,14.543176841744225,0
502,85.50575946250426,27.89195168075316,35.54118347167969,1387.0,184.4112548828125,0.5678946375846863,10.0,4.607892036437988,3570.0,30.0,14.424517348887544,1
945,85.68440330315869,27.91830755926901,41.2515983581543,2233.0,241.3213348388672,0.714675784111023,10.0,4.548963069915772,5223.96401212719,577.0615218501403,14.744199832314044,1
532,85.7616001576244,27.91282677257756,41.93800354003906,1595.0,43.88766860961914,0.723649263381958,10.0,4.774409770965576,570.0,30.0,14.384675377858658,1
92,85.92027020877677,27.74707094407147,47.42613983154297,1889.0,310.8710632324219,0.7698594331741333,10.0,4.780183792114258,4476.438316340347,324.4996147917591,14.505322020737248,1
36,85.92818008125212,27.80776028484553,50.14823913574219,1849.0,0.8752872943878174,0.4949643909931183,10.0,4.941662311553955,3267.935127875093,180.0,14.236726072970807,1
1185,85.9107313113691,27.86867540135337,35.69548416137695,1889.0,25.67626190185547,0.6402166485786438,10.0,4.586504936218262,1230.0,180.0,14.785351535005072,1
1052,85.62892056619907,27.918860137028823,40.20005035400391,1154.0,119.87078857421876,0.8118740916252136,10.0,4.625964164733887,60.0,216.33307652783932,14.12987434895672,1
bg_832,85.86287206362171,27.82666257779879,21.059789657592773,1149.0,22.351686477661133,0.7658506035804749,10.0,5.761692047119141,516.1395160225576,247.38633753705963,14.911095773737598,0
bg_898,85.64619841709208,27.729105537943408,7.451254844665527,842.0,188.0380401611328,0.2920667827129364,40.0,3.9692416191101074,615.5485358604958,67.0820393249937,15.702752850117252,0
bg_421,85.5516058176743,28.049265105203606,47.3114128112793,3382.0,273.42413330078125,0.4305732548236847,30.0,4.726099014282227,12295.791963106727,3529.8158592198547,14.956934900822358,0
bg_1092,85.92755076407832,27.916673769267565,45.89002227783203,1395.0,140.25816345214844,0.7263888716697693,30.0,4.404165267944336,30.0,192.09372712298546,14.135793109967446,0
bg_925,85.78956953643757,27.85576799300426,44.477989196777344,1899.0,237.04226684570312,0.42888063192367554,10.0,5.7131733894348145,1988.617610301186,90.0,14.637162125653958,0
350,85.65281198082334,27.87180974107439,31.962879180908203,1665.0,294.52508544921875,0.7844703197479248,10.0,4.559855937957764,3984.695722385839,108.16653826391968,14.7531595291625,1
250,85.5392737115638,27.868994226649804,36.340213775634766,963.0,161.11984252929688,0.3472740948200226,30.0,5.103635787963867,0.0,0.0,14.182149723880102,1
bg_590,85.68231069151369,27.832860953259214,37.93108367919922,1419.0,226.7299346923828,0.8063105344772339,30.0,4.6042256355285645,8512.020911628448,241.86773244895647,14.538147016610102,0
bg_177,85.67018343517807,28.078101025823845,37.11015319824219,3688.0,276.14129638671875,0.5148963928222656,30.0,4.347579002380371,8916.866041384721,5237.728515301265,15.399092162689671,0
bg_1089,85.91973542110648,27.859271422612327,16.54700469970703,2237.0,67.57996368408203,0.4396211504936218,30.0,4.586504936218262,2593.5689695861183,123.69316876852982,15.831480128979967,0
bg_350,85.6440424604102,27.930417993114595,24.804031372070312,1525.0,225.529541015625,0.35913851857185364,30.0,4.625964164733887,750.0,67.0820393249937,15.205579995993311,0
bg_942,85.73998253275417,27.842023769157233,19.965848922729492,1729.0,20.655031204223633,0.4089881181716919,30.0,4.7904558181762695,2446.977727728636,60.0,15.372578428596288,0
648,85.74553614647687,28.06303908960824,47.77145004272461,2959.0,87.47366333007812,0.5862628221511841,30.0,4.903069972991943,510.0,819.3900170248597,14.8057766429529,1
bg_538,85.53247170212255,28.062200845294928,46.3081169128418,3184.0,116.64649200439453,0.4006820023059845,30.0,4.726099014282227,14100.95741430347,4718.686257847623,14.873182082978735,0
bg_905,85.61170311018189,27.901582072494357,17.545608520507812,1289.0,166.60079956054688,0.7540951371192932,10.0,4.625964164733887,569.2099788303083,318.9043743820395,14.563247903046246,0
bg_1072,85.86017711776935,27.91505680175615,44.072566986083984,2221.0,197.62318420410156,0.7650145888328552,10.0,4.632851600646973,4951.545213365218,0.0,14.646857528069594,0
558,85.76086768130251,27.935841660697367,46.7451400756836,1892.0,89.1273193359375,0.5534531474113464,30.0,4.774409770965576,1618.054387219416,152.97058540778357,14.413650282319312,1
bg_246,85.69551592619025,27.80591149473563,20.65670394897461,1615.0,292.7331848144531,0.5444535613059998,10.0,4.6042256355285645,7470.0,0.0,15.264372167765993,0
bg_502,85.80358325486982,27.87948351650502,41.944976806640625,2485.0,93.09773254394531,0.8533333539962769,10.0,5.7131733894348145,4590.0,657.9513659838393,14.831788313140047,0
bg_782,85.7612726049878,28.003181531128273,21.49540138244629,2981.0,19.019329071044922,0.8450930714607239,10.0,4.903069972991943,2255.3935355055,429.5346318982906,15.840170229477904,0
1264,85.95712358396261,27.91114974498214,42.92191696166992,2837.0,209.5020751953125,0.5170998573303223,30.0,4.404165267944336,2880.1562457616774,169.7056274847714,15.2497137944951,1
bg_138,85.59957585384629,27.92421961765417,44.689857482910156,2342.0,121.57721710205078,0.8428826332092285,10.0,5.441863059997559,2942.447960457415,402.49223594996215,14.926051478170784,0
474,85.531554970385,28.01932459097495,43.079200744628906,2232.0,106.08001708984376,0.4851031303405761,10.0,4.726099014282227,9469.78880440319,540.8326913195983,14.829363502000316,1
bg_1041,85.87284336327544,27.923141639313226,38.44005584716797,2725.0,159.74325561523438,0.8461538553237915,10.0,4.632851600646973,4884.475406837463,134.1640786499874,14.869131536512397,0
bg_56,85.73297567353804,28.09184524967087,38.75939178466797,3806.0,134.88587951660156,0.7456610798835754,10.0,4.176478385925293,3007.9394940723123,3076.572768520192,15.145501381299336,0
1059,85.61807322096989,27.94149159333229,47.84464263916016,1975.0,184.75787353515625,0.76462721824646,10.0,4.582652568817139,1776.0912138738822,335.4101966249685,14.257116044285809,1
1174,85.90188096565362,27.877609173610704,50.833980560302734,1191.0,298.3406066894531,0.486710250377655,10.0,4.586504936218262,180.0,0.0,14.328161487284763,1
bg_827,85.82029191915444,27.982160953479877,26.283878326416016,2512.0,285.2014465332031,0.7528743743896484,10.0,4.312197685241699,2280.0,844.8076704197234,15.367219454509879,0
bg_483,85.61547603437519,28.09777413054606,36.06884002685547,4516.0,253.20689392089844,0.15985040366649628,100.0,4.257054328918457,10470.0,3989.4360503710295,15.64245304655717,0
946,85.67185120713623,27.9090475301488,24.661846160888672,2074.0,9.18297004699707,0.7373338341712952,10.0,4.548963069915772,4060.541835765272,426.3801121065569,15.183821633659084,1
521,85.75732726030044,27.90929391660572,43.23605346679688,1610.0,204.15040588378903,0.3048441708087921,60.0,4.774409770965576,827.5868534480234,210.0,14.489801571372151,1
950,85.67249896452253,27.9070291559493,28.06052589416504,2201.0,335.6466979980469,0.8096708059310913,30.0,4.548963069915772,4189.379428984679,318.9043743820395,15.392658358819702,1
bg_225,85.62948975280746,28.090228282159458,46.805206298828125,4563.0,171.0802459716797,0.14500100910663605,100.0,4.257054328918457,11353.246231805244,5460.0,15.37057054914337,0
bg_1025,85.61951845315373,27.99105427479266,38.80012893676758,1951.0,36.35715103149414,0.8262757658958435,10.0,4.772528171539307,2362.3928547132036,510.0,14.671923700407957,0
bg_146,86.02780274978606,27.88514290279497,25.56146812438965,3582.0,168.96229553222656,0.5433693528175354,10.0,4.176967620849609,11029.886672128594,819.3900170248597,15.746969913881843,0
bg_1029,85.65859516801294,27.987550845184597,37.28858947753906,1734.0,293.8226623535156,0.6822803616523743,10.0,4.758371829986572,2757.7164466275353,361.2478373637689,14.638172300581404,0
52,85.98332763676522,27.818551817665668,44.265872955322266,2617.0,132.9162139892578,0.6213517785072327,30.0,4.383127212524414,9527.586263057396,424.2640687119285,15.102175687300752,1
bg_738,85.71977043886147,28.027975032969973,41.71500015258789,3644.0,199.21722412109375,0.39516130089759827,30.0,4.635933876037598,4836.238207532792,283.0194339616981,15.239969144723641,0
bg_54,85.88631809253724,28.034442903015634,9.767486572265625,4348.0,212.1865997314453,0.31322094798088074,30.0,4.106739044189453,9728.376020693278,300.0,17.044415546203606,0
339,85.64987643424686,27.86858084029169,38.80317306518555,1620.0,52.84758758544922,0.734689474105835,10.0,4.559855937957764,3877.434718986253,0.0,14.65533131472155,1
bg_377,85.97902422985837,27.909666910051435,33.209388732910156,2745.0,296.4307556152344,0.7285662293434143,10.0,4.020069122314453,5139.902722814898,2047.9257799051215,15.371066397297334,0
bg_849,85.97740726234696,27.871668173533177,41.19378662109375,3017.0,207.40576171875,0.8681226372718811,10.0,4.215697765350342,7014.869920390541,607.4537019394976,15.048390469723314,0
1250,85.9148859682565,27.88401269978808,50.92271041870117,1327.0,182.55706787109372,0.208781361579895,60.0,4.586504936218262,300.0,60.0,13.752890000122555,1
1184,85.90690236346236,27.870784096784345,33.15281295776367,1807.0,340.3419189453125,0.6424580812454224,10.0,4.586504936218262,915.8602513484248,30.0,14.573131034031633,1
bg_617,85.4696794637626,27.832591458673978,25.58589744567871,1558.0,57.25334548950195,0.7916083931922913,10.0,4.804811000823975,8465.795886979558,120.0,14.995022529700929,0
509,85.73958935332594,27.877597109440057,43.60380935668945,2020.0,90.973876953125,0.758693516254425,10.0,4.696327209472656,1677.0509831248423,60.0,14.914021198705337,1
692,86.00775052399631,27.76295791743184,40.71907424926758,2503.0,152.1220245361328,0.7461664080619812,30.0,4.674496173858643,12459.538514728383,787.4642849044013,14.882584576679015,1
455,85.50455716488398,27.995584839872645,46.26473236083984,2980.0,120.73837280273438,0.2708322405815124,60.0,4.541608810424805,8531.875526518188,1032.2790320451152,14.86465443936641,1
bg_609,85.81975292998398,27.93257394979648,24.056316375732422,2371.0,330.4931335449219,0.8383474349975586,10.0,4.945862293243408,3488.911004883902,630.7138812488591,15.358032297362737,0
612,85.7463696488049,27.897478239199422,27.21769142150879,1639.0,112.19060516357422,0.4581686854362488,30.0,4.774409770965576,1350.0,192.09372712298543,14.973246963549991,1
34,85.92715601117563,27.80831075858564,50.40018081665039,1753.0,339.62139892578125,0.5792880058288574,10.0,4.941662311553955,3169.511003293726,108.16653826391968,14.204625960830525,1
689,86.01407160704636,27.75772347821192,22.689355850219727,2754.0,285.7254638671875,0.323013424873352,30.0,4.0183281898498535,11905.200544299958,882.3264701911645,15.701991594158835,1
bg_379,85.6507798250411,27.916134780097092,35.96245193481445,1480.0,23.82794189453125,0.7158807516098022,10.0,4.625964164733887,1594.2396306703708,182.48287590894657,14.527230351606041,0
1336,85.5920215793238,28.00689840223,47.5471305847168,2539.0,150.89431762695312,0.4139096438884735,10.0,4.835017204284668,5814.894668005603,450.0,14.442464147019908,1
bg_504,85.55726520396425,27.866008787243224,18.56717872619629,1269.0,258.88555908203125,0.32725173234939575,30.0,5.103635787963867,1187.9393923933999,60.0,15.322990238319703,0
bg_777,85.73378415729374,27.8455271987653,14.231230735778809,1630.0,16.782655715942383,0.556117832660675,30.0,4.7904558181762695,2712.802978470792,42.42640687119285,15.881486327173445,0
bg_440,85.6041572617953,27.808606440587987,19.990358352661133,1380.0,319.1548767089844,0.6460748314857483,10.0,4.647837162017822,2820.0,108.16653826391968,15.154963515917698,0
741,85.88357262437233,27.871410957655566,38.240943908691406,1221.0,272.3544616699219,0.5991590619087219,10.0,4.586504936218262,0.0,30.0,14.375214919706863,1
391,85.69998747692769,27.830120046922417,42.028846740722656,1983.0,165.89434814453125,0.4110552668571472,30.0,4.7904558181762695,6843.683218852258,30.0,14.511776789788282,1
649,85.74617712181447,28.061684211608355,27.52303504943848,2873.0,108.09896087646484,0.5796642899513245,10.0,4.903069972991943,429.5346318982906,807.7747210701756,15.3037612882392,1
bg_530,85.75803866996496,27.725871602920577,14.828899383544922,1196.0,168.0403594970703,0.522859513759613,10.0,4.70947265625,1400.7141035914503,108.16653826391968,15.326559250260447,0
1076,85.61436951281311,27.973506521187744,24.400375366210938,2194.0,177.6842803955078,0.830940306186676,10.0,4.582652568817139,2130.0,90.0,15.441241663264584,1
bg_284,85.70521773125874,28.01396131453771,34.22249221801758,2712.0,274.09429931640625,0.7591003775596619,10.0,4.635933876037598,7075.422248883808,1634.6559270990333,15.19644250698977,0
410,85.63629356863878,27.897207599698053,42.39107894897461,1355.0,192.7511749267578,0.6397683620452881,10.0,4.625964164733887,1331.540461270329,94.8683298050514,14.09104222681564,1
106,85.90170339702384,27.63960707419466,34.69480895996094,1868.0,149.90069580078125,0.6213991641998291,10.0,4.343433856964111,9503.5151391472,152.97058540778357,14.089627280377904,1
1064,85.62188985218094,27.94457522315841,35.34186172485352,2303.0,163.48629760742188,0.8210155963897705,10.0,4.582652568817139,1523.2202729743324,30.0,14.686092859963226,1
bg_967,85.52196141329836,28.105589473517902,55.00350570678711,4845.0,31.78841781616211,-0.03241923078894615,60.0,4.3097357749938965,11558.762909585092,5808.622900481662,15.242699068586848,0
1191,85.92596082429428,27.87379118748204,33.68037796020508,1420.0,22.62519836425781,0.5702199935913086,60.0,4.586504936218262,1872.778684201633,152.97058540778357,14.451616249642974,1
758,85.88678515740642,27.8412671969952,53.63665008544922,1562.0,274.100830078125,0.6725623607635498,10.0,4.941662311553955,394.5883931389772,488.3646178829912,13.792776990387685,1
305,85.65048572461482,27.794388592627683,36.747161865234375,1259.0,184.2164001464844,0.5330570340156555,10.0,4.361113548278809,6649.586453306702,60.0,14.317053570380208,1
bg_842,85.56319408483944,28.13604236164955,46.25981521606445,4857.0,338.3517761230469,-0.10195521265268326,60.0,4.091997146606445,7058.229239688946,1148.6513831445989,15.855289684522372,0
bg_1076,85.89413343550908,27.871129184362704,37.9484748840332,1478.0,324.0525817871094,0.7401353120803833,10.0,4.586504936218262,450.0,161.55494421403512,14.455338261176896,0
719,85.91384700087954,27.82507018272824,41.42104721069336,2282.0,159.34791564941406,0.3496529161930084,30.0,4.941662311553955,3104.383996866367,30.0,14.50094348720342,1
665,85.76753546856527,28.04034146135094,30.76761054992676,2496.0,29.53141975402832,0.7681564092636108,10.0,4.903069972991943,180.0,657.9513659838393,15.25169798563756,1
bg_761,85.83861755095049,27.824506621116903,25.654512405395508,1896.0,82.25198364257812,0.5079026222229004,10.0,5.761692047119141,3166.385952470103,313.20919526731655,15.187275604541128,0
1147,85.87004816547224,27.85090799187247,45.031715393066406,1380.0,350.5263366699219,0.7089329361915588,10.0,5.2028632164001465,690.6518659932802,324.4996147917591,13.89263980890482,1
bg_507,85.66829697308142,27.881639473186905,30.336530685424805,2085.0,345.5014953613281,0.6218287944793701,30.0,4.626403331756592,5282.471012698507,30.0,14.915851703635289,0
bg_429,85.58205870580595,27.814535321463175,14.481350898742676,959.0,262.7987365722656,0.4613022208213806,50.0,4.647837162017822,432.6661530556787,0.0,15.00304430499713,0
bg_969,85.59553343506775,27.93257394979648,24.61052703857422,2452.0,270.0,0.7937757968902588,10.0,5.441863059997559,3718.3060659391663,90.0,15.491583051253297,0
345,85.65920563558142,27.861143898585954,35.08686065673828,2008.0,249.7778167724609,0.6882076859474182,30.0,4.626403331756592,5217.758139277826,30.0,14.87034632334738,1
738,85.77498188989227,27.741588212582457,43.44440460205078,824.0,38.16722106933594,0.7616564035415649,10.0,4.70947265625,30.0,180.0,14.025937865458843,1
bg_250,85.80061881443223,27.711857884488314,11.408340454101562,1160.0,265.3986511230469,0.631992757320404,40.0,4.813807010650635,2431.666095499133,210.0,15.19458411776234,0
bg_458,85.59553343506775,27.996713661082616,37.89015579223633,2399.0,322.2281799316406,0.8348740935325623,10.0,4.835017204284668,4852.308728842385,300.0,14.94340412977275,0
360,85.64148777236875,27.87948350334012,43.61906051635742,1465.0,194.4677581787109,0.7160744667053223,10.0,4.559855937957764,2490.180716333656,268.3281572999748,14.34923829360426,1
bg_1104,85.56049913898708,28.15113405842276,31.64263153076172,4837.0,183.4160919189453,0.0583684965968132,70.0,4.091997146606445,5621.618983887115,483.73546489791295,15.876374344759196,0
527,85.76020112571541,27.910630219286123,43.120872497558594,1660.0,37.32999801635742,0.6271013617515564,30.0,4.774409770965576,720.0,90.0,14.246799257760031,1
718,85.91305728002958,27.82675743967716,46.3213996887207,2486.0,166.86611938476562,0.3700202703475952,30.0,4.941662311553955,3169.369022376536,150.0,14.678277090494667,1
215,85.51889251125421,27.891112587919007,26.743932723999023,1458.0,201.31314086914065,0.5420875549316406,30.0,4.607892036437988,2100.0,30.0,14.872321680907296,1
839,85.48414959579009,27.84752877101096,30.571916580200195,1614.0,63.99543762207031,0.6210598945617676,10.0,4.804811000823975,6338.596059065446,305.9411708155671,14.822770425748466,1
bg_559,85.67745978897945,27.86439181973181,27.407299041748047,2536.0,237.9449462890625,0.8366346955299377,10.0,4.626403331756592,6846.9701328397805,90.0,15.208729860719734,0
bg_824,85.67126141351902,28.064895791147286,35.6038703918457,3459.0,185.8820343017578,0.5734900832176208,30.0,4.758371829986572,8760.0,4137.934267240117,14.986546705052053,0
147,86.01579994279025,27.752370185241737,42.244930267333984,2801.0,183.4641571044922,0.7862504720687866,10.0,4.0183281898498535,11916.685780870452,1072.0541031123382,15.049460267428156,1
779,85.89610025234106,27.804434237947184,37.48595428466797,961.0,149.92703247070312,0.5316641926765442,30.0,4.941662311553955,67.0820393249937,42.42640687119285,14.05180985846336,1
456,85.50431304385681,27.99339430496761,51.05453872680664,2883.0,117.2522430419922,0.3447948694229126,10.0,4.541608810424805,8371.021443049825,870.0,14.877586331707857,1
bg_774,85.72489083598096,27.93257394979648,28.67429542541504,3205.0,283.69732666015625,0.8214706182479858,10.0,4.452770709991455,4975.479876353637,371.0795063055894,15.58334064755623,0
bg_935,85.78337116097714,28.040371783890823,38.83718490600586,2464.0,258.40057373046875,0.839820384979248,10.0,4.903069972991943,30.0,212.13203435596427,15.07842430013056,0
46,85.94003982035915,27.80034880712598,38.96695327758789,1926.0,199.8390350341797,0.6116264462471008,10.0,5.216389656066895,4470.402666427264,192.09372712298543,14.678652073679896,1
536,85.71930741006321,27.87953047246048,46.61397552490234,2545.0,72.18102264404297,0.7686480283737183,10.0,4.696327209472656,3937.2071319655006,787.4642849044013,14.716292478071514,1
bg_209,85.62490834485845,28.041449762231768,28.653167724609375,2896.0,140.3764190673828,0.7716960906982422,10.0,4.772528171539307,7468.132296632137,2253.9964507514205,15.485232030767303,0
1180,85.91007859136218,27.87547365274255,29.8131103515625,1435.0,312.6883850097656,0.6373182535171509,10.0,4.586504936218262,469.5742752749559,218.40329667841556,14.373995337968102,1
376,85.56442962889017,27.94152584968408,39.55733489990234,1706.0,168.4835205078125,0.7025991678237915,10.0,4.987441062927246,840.535543567314,228.4731931759173,14.593784471461944,1
234,85.49632896408595,27.860698430439463,34.36509704589844,1388.0,173.85153198242188,0.4947936832904815,10.0,4.607892036437988,4666.904755831214,30.0,14.40341713167419,1
bg_1001,85.8793112333211,27.70377304693124,24.950300216674805,1689.0,213.37945556640625,0.45181727409362793,30.0,4.370652198791504,5721.118771708904,123.69316876852982,15.415906164333082,0
367,85.6802473536585,27.858533152064,36.502220153808594,2056.0,220.0381774902344,0.6644100546836853,10.0,4.626403331756592,7379.329237810169,258.0697580112788,14.695634613895711,1
bg_556,85.59768939174963,27.940928281938792,20.41280174255371,2602.0,79.98002624511719,0.8297367691993713,10.0,4.808651447296143,3979.158202434279,0.0,15.754259865962513,0
310,85.6630296689784,27.797497782664426,24.27277374267578,1244.0,68.9627914428711,0.6502167582511902,10.0,4.263062000274658,8030.5915099698595,120.0,14.422231170632594,1
bg_641,85.70845166628158,27.678710050504304,12.367634773254395,1149.0,215.70082092285156,0.3003310263156891,10.0,3.891842842102051,1500.0,0.0,15.024472760439638,0
bg_998,85.64889336294445,27.850108606714308,16.983783721923828,2390.0,17.44097328186035,0.834906816482544,10.0,4.559855937957764,5197.624457384353,360.0,15.87281607551171,0
687,85.65424477769572,27.760041605389063,40.12711715698242,1202.0,86.69705200195312,0.6330567002296448,10.0,4.361113548278809,3900.0,30.0,14.172488528746014,1
bg_76,85.61790148564232,27.768990736558315,15.370789527893066,971.0,273.37591552734375,0.6590868830680847,10.0,4.361113548278809,2135.0644018389703,276.5863337187866,14.843225469652618,0
955,85.91416079310962,27.91305819981678,33.90424728393555,1715.0,258.8902587890625,0.4630246460437774,30.0,4.404165267944336,305.9411708155671,445.9820624195552,14.767348533115795,1
bg_1018,85.46940996917736,27.851725574225725,20.421241760253906,1838.0,-0.0,0.7118912935256958,10.0,4.607892036437988,7773.705680047322,0.0,15.411060353201762,0
bg_592,85.61951845315373,27.943353733205914,35.57780456542969,2211.0,193.3290252685547,0.8481871485710144,10.0,4.582652568817139,1666.2832892398578,94.86832980505139,14.88690107671131,0
820,85.88651243425667,27.864105737577955,44.16913604736328,1605.0,292.53680419921875,0.595278263092041,10.0,4.586504936218262,468.61498055439927,632.8506932918697,14.526631508563067,1
909,85.67776465191969,27.830000203359173,20.17981719970703,1259.0,84.94627380371094,0.740311861038208,10.0,4.6042256355285645,9036.924255519683,30.0,15.043291607489772,1
bg_663,85.7327061789528,27.98000499679799,23.487140655517578,3713.0,291.8712158203125,0.47133514285087585,10.0,4.318940162658691,6072.240113829492,1562.5939971726502,15.958626334955,0
808,85.88479524711425,27.863190668677305,29.580501556396484,1471.0,270.0,0.4817184507846832,30.0,4.586504936218262,429.5346318982906,551.5432893255071,14.824355158261604,1
bg_1031,85.90275726223662,27.982969437235585,31.878555297851562,3647.0,188.47467041015625,0.48871564865112305,30.0,4.106739044189453,5723.713829324453,134.1640786499874,15.357476149478957,0
bg_550,85.49043054682576,27.817769256486006,10.339497566223145,1232.0,142.9918975830078,0.8156242370605469,10.0,4.804811000823975,7299.561630673447,108.16653826391968,15.44287475700586,0
677,85.76196603185409,28.00926362795191,30.349454879760746,2671.0,54.507808685302734,0.6426482200622559,10.0,4.903069972991943,1959.2090240706837,593.9696961966999,14.682407711637271,1
bg_741,85.60819968057383,28.149517090911345,35.41383743286133,5314.0,204.40184020996094,-0.08017707616090775,70.0,3.858997106552124,4734.395420748039,4023.1331074176505,15.830944400941704,0
bg_1080,85.81786646788733,28.141701747939507,48.926300048828125,5445.0,128.3723907470703,-0.04112477973103523,70.0,3.67387318611145,10620.932162479901,3063.233585608515,15.697079256448879,0
bg_84,85.82649029461487,27.9703031917295,37.334712982177734,2615.0,253.98455810546875,0.7433341145515442,10.0,4.312197685241699,2970.0,60.0,15.400294398778424,0
892,85.6476880239978,27.895711108324445,33.612335205078125,1535.0,176.8408203125,0.485588401556015,30.0,4.625964164733887,2504.595775769016,0.0,14.771342283272633,1
1231,85.86644543529295,27.88399417896977,41.02594757080078,1585.0,161.5950469970703,0.4641415774822235,10.0,5.2028632164001465,1764.652940382329,0.0,15.137815851637717,1
bg_751,85.94291195543677,27.94631817364351,37.27280044555664,1904.0,181.3797149658203,0.3108702003955841,30.0,3.8100929260253906,60.0,324.4996147917591,14.771853813584968,0
bg_85,85.75426574577166,27.891341278255396,23.609132766723633,1290.0,321.0560607910156,0.4647819697856903,30.0,5.343934535980225,450.0,42.42640687119285,14.829254820987881,0
bg_582,85.56615852527703,28.060044888613042,36.886539459228516,4201.0,72.42289733886719,0.39294540882110596,100.0,4.835017204284668,12069.436606569503,2128.097742116184,15.382641284793992,0
1424,85.9721307998537,27.8688500129257,39.100624084472656,2579.0,185.1709442138672,0.3251849412918091,30.0,4.215697765350342,6527.051401666759,60.0,14.937152369840607,1
bg_340,85.86664498781502,27.768451747387843,51.61803436279297,1302.0,141.45697021484375,0.3247663676738739,30.0,6.045157432556152,816.0882305241266,134.1640786499874,13.854169872844558,0
bg_193,85.84966682894516,27.760097415245532,20.692214965820312,848.0,205.84149169921875,0.5872791409492493,10.0,6.045157432556152,210.0,30.0,14.629105498677525,0
bg_169,85.8688009444969,27.843371242083414,40.44568634033203,1433.0,206.80789184570312,0.5459910035133362,10.0,5.761692047119141,702.2819946431775,94.86832980505139,14.340001501236125,0
424,85.68912867134298,27.94851058887024,47.32754135131836,2683.0,179.0320281982422,0.7489935755729675,10.0,4.595747470855713,5310.0,937.709976485267,14.715641310221615,1
bg_858,85.80924264115978,27.716978281607794,31.263174057006836,1485.0,285.4637145996094,0.7131456732749939,10.0,5.668778419494629,2135.9073013593074,180.0,14.635854052299823,0
bg_271,85.47156592585925,27.861966368464685,24.052946090698242,1798.0,29.490854263305664,0.8002129197120667,10.0,4.607892036437988,7369.810038257431,42.42640687119285,15.207891216497684,0
bg_548,85.98737856200069,27.791358787132893,32.37064743041992,1820.0,292.5228271484375,0.4904502034187317,30.0,4.674496173858643,9750.0,30.0,15.076241522422867,0
1355,85.52000179184326,27.973638132581485,47.76689529418945,2259.0,121.93981170654295,0.8359655141830444,10.0,4.987441062927246,5581.048288628222,551.5432893255071,14.528754564226157,1
693,86.00705806933341,27.770166955574048,57.60006332397461,2916.0,211.4975128173828,0.3077830076217651,30.0,4.674496173858643,12364.732103850856,576.2811813689564,14.868235812455907,1
1294,85.77906547762538,28.09747487672773,44.998985290527344,3224.0,144.03903198242188,0.3971602320671081,30.0,4.430944442749023,4074.923312161837,268.3281572999748,14.987952292565272,1
bg_965,85.47938126883109,27.79540120591143,19.501447677612305,1878.0,34.637420654296875,0.788286030292511,10.0,4.618796348571777,9885.716969446374,335.4101966249685,15.480572013045066,0
bg_400,86.01702296637663,27.78893333586577,25.9141788482666,3024.0,240.01678466796875,0.7526792883872986,10.0,4.605922222137451,11100.0,2165.4098919142307,15.34078220039892,0
bg_29,85.9574646630395,27.813726837707467,27.11058807373047,2257.0,124.69075012207031,0.7687233090400696,10.0,4.941662311553955,6599.795451375747,394.58839313897715,15.304144486899961,0
bg_572,85.6192489585685,28.0770230474829,35.49671173095703,4308.0,182.94911193847656,0.22007721662521362,30.0,4.257054328918457,12780.0,4544.282121523706,15.554071390351705,0
bg_98,85.61493704520473,27.809953913514168,26.156570434570312,1486.0,351.4275207519531,0.7489920854568481,10.0,4.497191429138184,4020.0,180.0,15.208783660394921,0
803,85.88428426037134,27.83008554910219,31.69871711730957,1738.0,185.10145568847656,0.2022538483142852,60.0,4.941662311553955,806.1017305526642,84.8528137423857,14.609651254084664,1
1428,85.93056983118913,27.914116011536613,49.43188095092773,1638.0,286.9201354980469,0.5385633707046509,10.0,4.404165267944336,349.85711369071805,123.69316876852982,14.152205135789242,1
363,85.62010442688553,27.88686297889833,30.981346130371094,1015.0,213.30218505859372,0.5038434863090515,60.0,4.559855937957764,90.0,0.0,13.96303567616645,1
828,85.53015776185413,27.81341361499248,41.6796989440918,1360.0,164.5001678466797,0.4152065515518188,30.0,4.967405796051025,4476.036192883164,212.1320343559643,14.150072152687663,1
1247,85.9459845167137,27.872896281357857,39.98623275756836,2030.0,217.6880340576172,0.7476889491081238,30.0,4.586504936218262,3662.703919237808,182.48287590894657,14.44371720487204,1
bg_243,85.74914534865218,28.1408932641838,24.772045135498047,5183.0,317.4466552734375,-0.09679760783910751,60.0,3.9751100540161133,7800.519213488293,6107.33984644706,16.232642345153284,0
992,85.80180064436034,27.93806117598624,38.44051742553711,2093.0,20.259323120117188,0.5870398283004761,60.0,4.312197685241699,1434.0502083260544,94.8683298050514,14.913524297692764,1
bg_93,85.79657639565369,27.770338209484496,35.823116302490234,1334.0,74.3886947631836,0.7579972147941589,10.0,6.054154872894287,2396.4348520249823,180.0,14.425034006362218,0
390,85.68679087294612,27.80736506095112,44.21582794189453,1381.0,142.99456787109375,0.7097004055976868,10.0,4.6042256355285645,8460.0,150.0,14.058682019174512,1
460,85.51672870691831,27.99733894800725,25.74153709411621,2733.0,166.81243896484375,0.6278250813484192,30.0,4.541608810424805,7899.120204174639,764.8529270389178,15.454227453515106,1
695,85.99302680741278,27.789590989292734,40.13506317138672,1994.0,214.35177612304688,0.7864680290222168,10.0,4.674496173858643,10350.0,0.0,14.758454808650871,1
bg_619,85.89521141385002,28.054385502323086,38.54957580566406,4931.0,261.82464599609375,-0.061532892286777496,60.0,4.106739044189453,9627.429563492013,2037.3512215619576,15.891853259929958,0
bg_42,85.93833054748775,27.92421961765417,46.47910690307617,1874.0,238.488037109375,0.7313725352287292,10.0,4.404165267944336,582.494635168428,300.0,14.383950630429215,0
337,85.6506238688695,27.866719326703585,38.27958679199219,1654.0,61.84991836547852,0.7471152544021606,10.0,4.559855937957764,4069.950859654205,0.0,14.447446466238016,1
1109,85.66382255790496,28.003703037258404,46.86812973022461,2475.0,153.4755096435547,0.3997872769832611,30.0,4.758371829986572,4352.89558799657,1008.0178569846864,14.359293290140632,1
bg_72,85.64080852538737,27.840406801645816,34.6777229309082,2107.0,169.32594299316406,0.6771955490112305,10.0,4.497191429138184,5306.015454180284,30.0,14.928985919356244,0
bg_978,85.67126141351902,27.992940736889313,35.59145736694336,1973.0,272.59271240234375,0.494834840297699,30.0,4.758371829986572,4281.17974394909,192.09372712298546,15.050807834065745,0
bg_68,85.76531502376633,27.940119798183083,58.55023193359375,1798.0,179.35789489746094,0.3463265597820282,60.0,4.540307521820068,1314.8764200486676,241.86773244895647,13.781694076725326,0
169,85.94403213291905,27.75136378509641,38.43476867675781,2548.0,20.22731208801269,0.7755905389785767,10.0,4.780183792114258,6078.758096848402,954.829827770373,14.839663285115147,1
1282,85.66148217774608,27.967310686901143,35.60361099243164,2257.0,185.87673950195312,0.7439881563186646,10.0,4.595747470855713,2284.7319317591728,30.0,15.033029304616566,1
3,85.73704296190492,27.86301697669006,61.363067626953125,1626.0,138.70736694335938,0.4318309426307678,60.0,4.696327209472656,1920.0,60.0,13.776602978642284,1
682,85.74378538688593,27.99884869023668,35.57231903076172,3248.0,71.52595520019531,0.6438105702400208,10.0,4.635933876037598,4228.297529739363,1248.879497789919,15.23403289826303,1
bg_448,85.55564823645284,28.008301928247757,52.2904167175293,2806.0,251.7664337158203,0.7430029511451721,10.0,4.726099014282227,7890.0,636.3961030678928,14.729813748518874,0
385,85.68342920744921,27.80665046769533,53.29840850830078,1372.0,153.2444305419922,0.4892944991588592,30.0,4.6042256355285645,8820.0,150.0,14.069922439879813,1
bg_452,85.7658540129368,28.096696152205116,50.26267623901367,4073.0,160.3905029296875,0.3509649634361267,30.0,4.430944442749023,3168.0909077865804,1343.3167906342867,14.505233872722313,0
309,85.66281938474955,27.797208210398427,21.021203994750977,1245.0,90.0,0.5746473670005798,30.0,4.263062000274658,7989.806005154318,90.0,14.99388811213327,1
437,85.88903474084036,27.824934140955914,40.331390380859375,1543.0,220.2997589111328,0.3434617519378662,30.0,4.941662311553955,816.0882305241266,108.16653826391968,14.592060551966508,1
bg_859,85.88200617917346,27.797018173422845,30.69258689880371,1366.0,99.41754913330078,0.4236453175544739,30.0,5.2163896560668945,1032.2790320451152,30.0,14.603099534130266,0
512,85.73358524253048,27.88600950819496,50.1561279296875,1792.0,105.6739730834961,0.6312722563743591,30.0,4.696327209472656,2631.2924580897507,0.0,14.337904871655985,1
315,85.67233326220116,27.85708051104268,36.50847244262695,2205.0,195.78924560546875,0.502728283405304,10.0,4.626403331756592,6698.805863734222,254.5584412271571,14.745803673551636,1
287,85.59121961068924,27.86527553785209,31.745798110961918,1057.0,137.10279846191406,0.5164490938186646,30.0,5.267827987670898,60.0,180.0,14.17651558640908,1
1195,85.93832036755359,27.87110062671232,30.32073783874512,1556.0,24.019285202026367,0.5349521636962891,30.0,4.586504936218262,3060.1470552899905,510.8815909777921,14.795385510891563,1
bg_667,85.71761448217958,27.966260772950964,44.21071243286133,3420.0,183.2401123046875,0.5261870622634888,30.0,4.318940162658691,7363.945953087923,874.642784226795,15.002538586878345,0
1032,85.52154710129903,27.99905282616968,51.268367767333984,2483.0,89.2560806274414,0.5804328322410583,30.0,4.726099014282227,7784.118447197474,600.0,14.851499845056455,1
858,85.4596363823208,27.844005991687,27.149791717529297,1742.0,198.7410888671875,0.4547799825668335,10.0,4.804811000823975,9057.615580272768,0.0,15.02709538537535,1
724,85.91971269977773,27.820389141297063,43.0275993347168,1821.0,122.5216064453125,0.5833632349967957,30.0,4.941662311553955,3161.4079142053147,189.7366596101028,14.71345734841406,1
480,85.55887699395637,28.00773448430176,43.054317474365234,2944.0,189.03265380859372,0.6950093507766724,30.0,4.726099014282227,7830.517224296234,726.2231062146122,15.066490496017614,1
317,85.67365557210435,27.850718292968,45.43302154541016,1723.0,146.0100555419922,0.6785010099411011,10.0,4.626403331756592,7174.01561191499,362.4913792078372,14.24971165741236,1
bg_639,85.72327386846955,27.797018173422845,23.68222999572754,1329.0,355.2134094238281,0.4720545709133148,10.0,4.541873455047607,4380.0,42.42640687119285,14.921569069889474,0
293,85.57967204939467,27.847012844838066,30.110631942749023,1065.0,127.88622283935548,0.3564704358577728,60.0,4.647837162017822,150.0,0.0,14.31971191668882,1
476,85.53298870522394,28.01616760135244,53.74130630493164,2039.0,79.0489501953125,0.8102344870567322,10.0,4.726099014282227,9111.756142478793,241.86773244895647,14.548658841526567,1
bg_204,85.46644552873977,28.096696152205116,8.978249549865723,4786.0,224.17613220214844,-0.033086568117141724,60.0,4.169457912445068,7838.9029844742945,8081.59019005542,17.08296598559814,0
bg_460,85.4982458897976,28.096965646790352,44.82620620727539,4854.0,196.07704162597656,0.13438735902309418,100.0,4.169457912445068,9995.223859424059,7382.194795587556,15.394406112292662,0
355,85.65737025643459,27.87403907866226,30.544647216796875,1635.0,309.1200256347656,0.6352941393852234,60.0,4.626403331756592,4357.441910111941,123.69316876852982,14.122476780972413,1
bg_499,85.94129498792535,27.769529725728788,35.82292175292969,1826.0,74.38858032226562,0.8129902482032776,10.0,5.2163896560668945,4876.269065586927,60.0,14.748652621266608,0
925,85.49745115432542,27.917996093308936,30.46591186523437,2265.0,94.73552703857422,0.7698089480400085,10.0,4.496346950531006,5102.205405508485,241.86773244895647,15.16272341607034,1
498,85.50558833561364,27.894918029325364,36.24544525146485,1563.0,154.8666229248047,0.637083113193512,30.0,4.496346950531006,3570.0,108.16653826391968,14.681440976900197,1
bg_1043,85.93671357997634,27.716978281607794,32.1065559387207,2286.0,328.3605041503906,0.867226243019104,10.0,4.780183792114258,7851.808708826266,84.8528137423857,15.05558989420606,0
bg_799,85.85694318274652,27.850108606714308,18.058292388916016,1868.0,72.66887664794922,0.30434781312942505,30.0,5.2028632164001465,2066.518811915343,30.0,15.56242023022804,0
bg_848,85.69201249658218,27.842562758327706,15.327533721923828,1581.0,249.2454071044922,0.7793674468994141,10.0,4.6042256355285645,7159.951117151569,335.4101966249685,15.975321837741609,0
bg_517,85.7747473342496,27.99428820981549,32.6411018371582,2922.0,109.18006134033203,0.6456367373466492,10.0,4.903069972991943,1164.989270336856,1094.8972554536795,14.6778974878047,0
1239,85.93322225050753,27.894467804190583,49.02610778808594,2151.0,245.05386352539065,0.3341107964515686,30.0,4.404165267944336,1794.4915714485817,150.0,14.442232394136186,1
bg_128,85.87769426580968,28.071363661192947,40.41397476196289,4290.0,277.6474914550781,0.3247508406639099,30.0,4.297876358032227,10765.44471910009,1050.0,15.437358419290067,0
bg_888,85.89116899507148,27.744466729301852,22.53350830078125,1501.0,12.733834266662598,0.539393961429596,10.0,4.780183792114258,2229.7085011274453,60.0,15.161444765276467,0
604,85.73937486820027,27.898815299410497,30.33677864074707,1880.0,194.50071716308597,0.653514564037323,10.0,4.452770709991455,2130.0,30.0,14.981873710002024,1
929,85.6511816370404,27.90123353121776,35.78924560546875,1835.0,262.2574157714844,0.4933112561702728,10.0,4.625964164733887,2589.922778771599,42.42640687119285,14.68334324171388,1
1130,85.66689296786704,28.00228893297521,46.19660568237305,2170.0,146.9683074951172,0.2279724478721618,30.0,4.758371829986572,4478.448392021504,657.9513659838393,14.535548162205652,1
222,85.50910307409681,27.89252979970187,33.47029495239258,1448.0,146.3540496826172,0.8321384787559509,10.0,4.607892036437988,3180.0,60.0,14.43086942681408,1
210,85.52097263213366,27.88589747642753,35.17213821411133,1200.0,171.0289764404297,0.4689004421234131,30.0,5.103635787963867,1871.81729877678,30.0,14.164260737971809,1
bg_597,85.5696619548851,27.979735502212755,33.920013427734375,2507.0,258.8969421386719,0.5991977453231812,10.0,4.808651447296143,4883.461886817588,30.0,15.13100685715245,0
bg_1099,85.81867495164303,27.86304434680563,27.117752075195312,2290.0,235.32147216796875,0.5691946744918823,10.0,5.7131733894348145,5253.427452625572,349.85711369071805,15.1412365194494,0
227,85.50018394578669,27.89390609492948,39.55684661865234,1600.0,168.48841857910156,0.4955054223537445,30.0,4.496346950531006,4170.0,0.0,14.331534554242886,1
739,85.88806575407307,27.867169041316487,39.14503860473633,1514.0,308.0609741210937,0.5582562685012817,10.0,4.586504936218262,429.5346318982906,666.1080993352356,14.431107409205843,1
bg_878,86.00759065589337,27.86439181973181,30.115629196166992,3010.0,341.5981750488281,0.6177871823310852,10.0,4.215697765350342,10428.139814943028,798.8116173416608,15.821150842099788,0
198,85.48660549655824,27.89895990716892,17.834545135498047,1784.0,104.57066345214844,0.8190159797668457,10.0,4.496346950531006,5711.357106677886,30.0,15.09723980659695,1
bg_735,86.03507910358742,27.888107343232566,9.750375747680664,3962.0,253.58392333984375,0.2647058963775635,30.0,4.176967620849609,11490.979070557913,1470.9180806557515,16.658195511008373,0
316,85.6735129023104,27.856963161641627,36.0006103515625,2204.0,153.0247039794922,0.5682553648948669,10.0,4.626403331756592,6802.264328883434,342.05262752974136,14.91331322701814,1
733,85.76423082775784,27.719656933033832,33.544578552246094,902.0,55.836082458496094,0.6451674103736877,10.0,4.70947265625,426.3801121065569,234.30749027719963,13.910906281371268,1
bg_1098,85.55025834474812,28.096965646790352,12.269423484802246,3610.0,291.8497009277344,0.3721155822277069,100.0,4.3097357749938965,11640.347932944273,2610.689564080724,16.636501237882143,0
1230,85.86949807269664,27.88663915469391,42.17606735229492,1782.0,164.76394653320312,0.5944293737411499,30.0,5.2028632164001465,1724.673882216577,342.05262752974136,14.780518846506842,1
bg_67,85.78471863390331,27.884064924454027,17.3365535736084,1868.0,304.779541015625,0.8053632974624634,10.0,5.343934535980225,2490.0,174.92855684535903,15.930116731794197,0
432,85.77350814041114,27.953178983869904,58.16867065429688,2552.0,120.16255950927734,0.369400680065155,30.0,4.540307521820068,1392.0129309744218,381.8376618407357,14.165989064258666,1
263,85.48986012147054,27.89307243214943,31.339141845703125,1723.0,10.396889686584473,0.760475218296051,10.0,4.496346950531006,5340.0,120.0,14.817020247329168,1
710,85.93705828260268,27.831755116526107,36.78618240356445,2367.0,204.59396362304688,0.3837874233722687,30.0,4.941662311553955,5447.127683467682,569.2099788303083,15.177353273856632,1
bg_794,85.47776430131968,28.09777413054606,52.67818832397461,5070.0,210.241943359375,0.02683732472360134,60.0,4.169457912445068,8412.419390401314,7759.568286960299,15.17007699229074,0
bg_184,85.60846917515907,27.796479184252373,17.823055267333984,1351.0,307.1707763671875,0.4979791045188904,40.0,4.549545764923096,3300.545409474016,90.0,15.218851553302883,0
bg_664,85.62140491525038,27.9169432638528,35.12285614013672,1429.0,157.00425720214844,0.42136406898498535,10.0,4.625964164733887,391.15214431215895,0.0,14.885380193138664,0
bg_833,86.01675347179139,27.896461675374876,31.235916137695312,3499.0,318.3621520996094,0.5483588576316833,10.0,4.051556587219238,9288.234493163918,870.0,15.512246284728588,0
163,85.93061569890912,27.696876396974787,31.9987735748291,2269.0,190.11111450195312,0.7441776990890503,10.0,4.370652198791504,9025.563694307408,192.09372712298543,14.67542252300408,1
596,85.74199355744767,27.894833751350724,32.289852142333984,1642.0,198.59201049804688,0.5533269047737122,30.0,4.452770709991455,1830.0,30.0,14.76952588631029,1
bg_360,85.59122152170397,28.066243264073467,31.767929077148438,3377.0,137.04962158203125,0.6183609962463379,10.0,4.835017204284668,14179.467549947,2343.074902771996,15.219106035224916,0
380,85.69212446661322,27.82524868515677,28.085264205932617,1764.0,193.8932342529297,0.4659369587898254,30.0,4.6042256355285645,7865.322625296434,0.0,14.917416244644851,1
1240,85.94196239146748,27.883712253075487,40.46212768554688,2430.0,232.6038360595703,0.1370992362499237,60.0,4.586504936218262,2855.678553338943,445.9820624195552,14.816461437058418,1
bg_288,85.8033137602846,27.689759328498972,30.214197158813477,1534.0,38.891998291015625,0.8259187340736389,10.0,4.813807010650635,4392.413914921953,403.6087214122113,14.788686161764959,0
bg_154,85.88631809253724,27.91640427468233,16.357128143310547,2684.0,34.177127838134766,0.6935146450996399,10.0,4.404165267944336,3207.8965070587924,890.4493247793498,16.026386868366334,0
bg_958,85.93536610705016,27.847683155447186,34.01879119873047,2825.0,332.5419006347656,0.7310774922370911,30.0,4.941662311553955,4659.66737010272,1046.5658125507446,15.13412713060155,0
844,85.47746205138628,27.877776169582845,31.02530670166016,2084.0,174.75914001464844,0.4672619104385376,10.0,4.607892036437988,6728.097799526996,0.0,15.08208070183496,1
19,85.972782850038,27.803355186919585,62.81476211547852,1980.0,133.63575744628906,0.3886832296848297,30.0,4.383127212524414,8109.383453752819,335.4101966249685,14.001926026073791,1
1360,85.5647047398843,27.987498697932644,40.686065673828125,2782.0,176.33233642578125,0.7396016120910645,10.0,4.835017204284668,5626.259858911602,42.42640687119285,14.988237236265492,1
bg_655,85.8499363235304,27.64394524900888,15.031488418579102,1746.0,131.53607177734375,0.48562783002853394,10.0,4.407373905181885,7263.718056202347,60.0,15.684532603382813,0
bg_742,85.91757946442459,27.980274491383227,24.022397994995117,3950.0,199.20932006835938,0.2969454228878021,30.0,3.8100929260253906,4108.576395784798,531.6013544000805,15.711882221804894,0
bg_921,85.571817911567,27.956019978712,28.472257614135742,2016.0,241.47267150878906,0.8256732225418091,10.0,4.808651447296143,2574.0629362935165,702.9224708315988,15.267273326532672,0
672,85.73430612247124,28.01284480794479,43.427371978759766,3478.0,138.80526733398438,0.2438092529773712,60.0,4.635933876037598,4865.644869901625,453.9823785126467,15.52602485250329,1
782,85.90076555792825,27.807005151380167,35.95429611206055,1020.0,148.00375366210938,0.5017770528793335,30.0,4.941662311553955,658.6349520030045,180.0,14.03486663553976,1
1062,85.62257907663927,27.943089530976422,44.34721374511719,2144.0,186.45823669433597,0.8050532341003418,10.0,4.582652568817139,1369.5254652615993,30.0,14.70289481106565,1
bg_52,85.84212098055855,27.645562216520293,24.400270462036133,1654.0,177.69125366210938,0.6149377822875977,10.0,4.407373905181885,7380.548760085526,0.0,15.107090005276783,0
539,85.75183509478649,27.87133645432311,40.15598678588867,1057.0,86.70043182373047,0.7821655869483948,10.0,5.343934535980225,270.0,134.1640786499874,14.047867324624653,1
bg_758,85.6974023882869,27.808606440587987,19.394304275512695,1593.0,15.065933227539062,0.5690561532974243,10.0,4.6042256355285645,7260.061983206479,67.0820393249937,15.316275960897805,0
239,85.50313539176494,27.86077694509608,43.0654182434082,1233.0,148.0661163330078,0.3011286556720733,30.0,4.607892036437988,3896.3059428130127,212.1320343559643,14.177498772577062,1
1331,85.59115073689982,28.032956940219023,39.96814727783203,2433.0,105.6875228881836,0.804025411605835,10.0,4.835017204284668,8010.898825974523,660.0,14.84640529746723,1
bg_332,85.8116680924269,27.763061855683127,36.48366928100586,1192.0,41.905696868896484,0.7125318050384521,10.0,6.054154872894287,1142.3659658795864,67.0820393249937,14.28743763552128,0
bg_159,85.804930727796,28.03066997882233,46.2728385925293,3015.0,269.11279296875,0.7015938758850098,10.0,4.568583965301514,1980.0,1181.8629362155325,14.886875971041889,0
bg_580,85.67395635937137,28.115830267756863,10.847588539123535,4043.0,120.45543670654297,0.07695715129375458,30.0,4.347579002380371,9478.196030891111,9141.340164330393,17.379352104892444,0
bg_990,85.86179408528078,28.06866871534059,33.8255500793457,4271.0,80.2642822265625,0.3742953836917877,100.0,4.297876358032227,9009.245251407023,421.07006542854594,15.267115603178866,0
bg_442,85.91003361603799,27.719673227460156,10.31982135772705,1928.0,224.66690063476562,0.508240282535553,30.0,4.780183792114258,5660.388679233963,134.1640786499874,15.582206845418161,0
bg_450,85.66021213552435,28.139815285842854,30.775327682495117,5191.0,247.63250732421875,-0.05402624234557152,70.0,3.9022998809814453,6720.0,9379.211054241183,15.980761544510544,0
bg_318,85.60739119681813,27.838520339549166,29.186803817749023,1643.0,321.487060546875,0.685508131980896,10.0,4.647837162017822,2208.0081521588636,150.0,15.031535741113256,0
708,85.96952633569609,27.81984436030277,47.44768905639648,2895.0,213.6754302978516,0.3552199602127075,30.0,4.383127212524414,8052.080476497985,630.0,15.176815187316,1
bg_1042,85.4990543735533,27.97677106177516,27.580060958862305,3206.0,100.71615600585938,0.8026248812675476,10.0,4.546175479888916,7550.291385105611,973.4988443752771,15.631082598910798,0
bg_605,85.85640419357605,28.08214344460238,23.608686447143555,4981.0,180.0,-0.03840526565909386,60.0,3.896871328353882,9178.480266362181,1763.887751530692,16.57747380617021,0
bg_594,85.60846917515907,27.893227740352046,17.08172607421875,1340.0,129.20872497558594,0.8076335787773132,10.0,5.441863059997559,774.2092740338364,90.0,14.992446375375735,0
bg_487,85.67153090810426,28.01827322790148,42.945556640625,2731.0,105.12261199951172,0.8722007870674133,10.0,4.758371829986572,6151.828996322964,2220.8106627986094,15.174360867824745,0
bg_468,85.5516058176743,27.933651928137426,50.69404983520508,1348.0,145.2498321533203,0.7103179693222046,10.0,5.221707344055176,300.0,496.58836071740546,13.923963533036622,0
bg_23,85.55699570937902,27.799443624689967,37.898887634277344,1015.0,167.7854461669922,0.697022020816803,10.0,4.46352481842041,1530.0,241.86773244895647,14.150192666895986,0
50,85.95635387573834,27.813088035429217,51.92149353027344,2303.0,167.57894897460938,0.4364994764328003,10.0,4.941662311553955,6440.01552793159,330.0,14.220027697101305,1
bg_135,85.60469625096576,28.072172144948656,37.834102630615234,3722.0,262.8157043457031,0.4418194591999054,10.0,4.835017204284668,13348.381924413161,3171.0723738193046,15.518110371274895,0
318,85.67156317304766,27.842937030353863,43.4803352355957,1770.0,108.92507934570312,0.5643219351768494,10.0,4.6042256355285645,7546.475998769227,276.5863337187866,14.454982743275314,1
bg_207,85.62625581778464,28.03282593550422,16.563602447509766,2761.0,80.60260009765625,0.7308259606361389,10.0,4.772528171539307,6496.99161150759,2147.044480209947,16.045200884960803,0
122,85.98547046429005,27.78870172608552,45.993385314941406,1699.0,342.5146179199219,0.264355719089508,10.0,4.674496173858643,9510.0,0.0,14.548020065258797,1
bg_778,85.87526881454257,27.659306440367324,9.385099411010742,1827.0,264.3794250488281,0.5605875253677368,30.0,4.407373905181885,10602.273341128306,67.0820393249937,15.936581327514055,0
bg_380,85.66102061928005,27.860618895538508,33.85456848144531,2133.0,295.7447509765625,0.8079414367675781,10.0,4.626403331756592,5425.025345562913,30.0,14.97783533146703,0
bg_80,85.90868614311181,28.043336224328417,59.66388702392578,4797.0,194.92755126953125,0.1589304804801941,70.0,4.106739044189453,7727.955745214902,2960.439156611735,14.714010829274372,0
131,85.96868367288262,27.77755095580169,27.624834060668945,1378.0,36.46463394165039,0.763719916343689,10.0,5.216389656066895,7678.417805772228,330.0,14.716241443615049,1
1224,85.86778034842439,27.891755231837173,38.99348449707031,2211.0,178.7036895751953,0.2875564098358154,30.0,5.2028632164001465,2288.274459062986,123.69316876852982,14.872558660017836,1
574,85.75930500155522,28.04486468617949,36.10837173461914,2617.0,44.75294494628906,0.7564367651939392,10.0,4.903069972991943,408.0441152620633,745.1845409024533,15.104503144578134,1
bg_1097,85.5831366841469,27.76171438275695,19.964160919189453,953.0,20.641063690185547,0.5384237170219421,10.0,4.549545764923096,494.77267507411926,0.0,14.672453196067922,0
bg_454,85.59607242423822,28.041719256817004,31.595251083374023,2504.0,129.17015075683594,0.8655421733856201,10.0,4.835017204284668,8514.293863850367,1717.3526137634053,15.221186504261508,0
1332,85.59165302682527,28.029579340270736,57.02809143066406,2248.0,116.84322357177734,0.7000417113304138,10.0,4.835017204284668,7662.284254711515,276.5863337187866,14.581214192614263,1
bg_811,85.77959823678384,27.903738029176242,29.980405807495117,1607.0,327.3313293457031,0.7792574763298035,10.0,4.774409770965576,994.0824915468535,174.92855684535903,14.83948031658908,0
bg_838,85.81220708159738,28.138467812916677,3.704791784286499,5150.0,180.0,-0.08026617765426636,70.0,3.67387318611145,9934.349500596403,2952.3719277895866,18.189550109858267,0
bg_273,85.88362314668487,27.657150483685434,36.0359001159668,1765.0,101.5522232055664,0.6899619102478027,10.0,4.343433856964111,10925.314640778086,30.0,15.001664269694455,0
bg_443,85.9364440853911,28.00345102571351,30.864776611328125,3336.0,215.65249633789062,0.6021220088005066,30.0,4.106739044189453,3840.0,2245.3952881397076,15.37038981410226,0
bg_914,85.84454643182568,28.062200845294928,35.17654037475586,4771.0,38.65713882446289,-0.06568285077810287,60.0,4.297876358032227,6960.581872228787,1051.7128885774862,15.553049835726423,0
1077,85.61818698528995,27.972590469217035,16.366289138793945,2019.0,172.829345703125,0.7954993844032288,10.0,4.582652568817139,1680.0,180.0,14.657093729174674,1
997,85.79953018963207,27.954669175356955,49.25565719604492,1897.0,214.6355438232422,0.3704136908054352,30.0,4.312197685241699,636.3961030678928,123.69316876852982,14.546157216134118,1
846,85.47405125933342,27.876898645375658,40.31752395629883,2066.0,124.90965270996094,0.1466992646455764,10.0,4.607892036437988,7084.066628709812,161.55494421403512,14.876572138242196,1
85,85.9271389952118,27.75254675981621,32.223182678222656,1972.0,244.11248779296875,0.8453691005706787,10.0,4.780183792114258,4591.666364186318,465.7252408878008,14.743881390699624,1
577,85.7498772453077,27.900764718301208,40.50845336914063,1665.0,165.09127807617188,0.5211840867996216,30.0,4.774409770965576,964.2095207992918,30.0,14.533123923949962,1
bg_342,85.70171430165067,28.08025698250573,26.07744598388672,4461.0,214.21763610839844,0.19425322115421295,100.0,4.176478385925293,5471.690780736792,4270.128803677941,16.29102898487461,0
bg_828,85.57801628702741,27.974615105093275,35.38528060913086,2925.0,301.6136169433594,0.819457471370697,10.0,4.808651447296143,4697.658991455211,465.72524088780074,15.342408404049229,0
1182,85.90765953620287,27.87209042033844,29.5859375,1710.0,3.698556423187256,0.5889763832092285,10.0,4.586504936218262,810.0,120.0,14.815904059362166,1
556,85.73431143646494,27.895010194322097,40.58980941772461,1794.0,146.23348999023438,0.4143094718456268,30.0,4.452770709991455,2700.0,90.0,14.204092267539766,1
bg_384,85.99303794829063,27.75443802895558,25.57456398010254,2028.0,302.765380859375,0.8924731016159058,10.0,4.183233737945557,10873.913738852263,644.1273166075166,15.092025997077625,0
583,85.76011248034196,27.90509413362334,49.10114288330078,1292.0,197.545654296875,0.6843398809432983,10.0,4.774409770965576,323.10988842807024,161.55494421403512,13.758698333928455,1
1208,85.8725116470977,27.88379939778824,48.19662857055664,1651.0,182.81607055664065,0.3979238867759704,30.0,5.2028632164001465,1284.0560735419615,161.55494421403512,14.220774393037155,1
1354,85.51613461122638,27.97307710044046,48.16679000854492,2471.0,117.62571716308594,0.6857264041900635,10.0,4.546175479888916,5836.754235017952,607.4537019394976,14.614810240449838,1
bg_162,85.89143848965672,27.664157342901568,36.02648162841797,1905.0,317.2687072753906,0.8250815272331238,10.0,4.343433856964111,10312.060899742592,134.1640786499874,14.992496019385554,0
bg_1102,85.82649029461487,27.869781711436527,27.802688598632812,2434.0,303.5447692871094,0.8488237857818604,10.0,5.7131733894348145,5411.986696214247,758.9466384404111,15.445627559070502,0
bg_651,85.9062606918447,27.812109870196053,38.508583068847656,1427.0,229.38099670410156,0.43816375732421875,30.0,4.941662311553955,1482.194319244275,218.40329667841553,14.50191264771984,0
bg_472,85.91865744276554,27.85469001466332,14.829621315002441,2455.0,348.0265808105469,0.7228055596351624,30.0,4.586504936218262,2997.7491556165933,268.3281572999748,16.248023734734584,0
1187,85.91052939799633,27.870836570184785,29.26780891418457,1738.0,36.025054931640625,0.3373913168907165,30.0,4.586504936218262,989.5453501482384,30.0,14.948425440207926,1
bg_762,85.66425455430289,28.150056080081818,26.379945755004883,5322.0,268.1296081542969,-0.06104259565472603,70.0,3.9022998809814453,5583.950214677778,10177.961485484213,16.59392059969295,0
bg_1106,85.89413343550908,27.97165066465568,21.317325592041016,3313.0,174.60975646972656,0.5166028141975403,10.0,3.8100929260253906,5782.61186662221,842.1401308570919,16.301868534450414,0
356,85.65788523801139,27.87292416877629,34.42607498168945,1736.0,290.7492370605469,0.3780829310417175,60.0,4.626403331756592,4456.691598035475,90.0,14.799358164001728,1
bg_2,85.64565942792161,27.946587668228744,35.030738830566406,1503.0,255.28485107421875,0.5012875199317932,10.0,4.582652568817139,480.0,60.0,14.733549115343465,0
467,85.52919278883707,27.990409162311025,63.42243957519531,2029.0,97.9131088256836,0.7048100233078003,10.0,4.726099014282227,6548.320395338029,161.55494421403512,13.86366128754748,1
bg_593,85.71950094427623,28.05115156730026,35.175453186035156,4052.0,38.65425109863281,0.36059629917144775,30.0,4.635933876037598,3627.147639675011,872.066511224918,16.085518989662532,0
1333,85.58169310350776,28.03303849663033,58.00720977783203,2910.0,128.82687377929688,0.4123412668704986,30.0,4.835017204284668,8669.948096730452,1240.2015965156631,14.415293645944198,1
bg_139,85.58987404877779,27.793784238400015,21.058950424194336,1042.0,337.6543884277344,0.6984894275665283,10.0,4.549545764923096,1230.0,60.0,14.938498245862005,0
1244,85.94548430207983,27.87827913571488,36.08750915527344,2284.0,224.70870971679688,0.3905348181724548,30.0,4.586504936218262,3377.3658374537986,90.0,14.958865613470511,1
bg_668,85.89224697341243,27.71482232492591,42.2835807800293,1457.0,43.12908935546875,0.6423469185829163,10.0,4.780183792114258,5020.76687369569,84.8528137423857,14.309444969273637,0
354,85.65449600260146,27.87341175600508,40.5469856262207,1600.0,330.5065612792969,0.798305869102478,10.0,4.626403331756592,4073.156024509741,241.86773244895647,14.44870092816028,1
267,85.50552691354443,27.89950905010708,44.87779998779297,1924.0,187.3982391357422,0.5363636612892151,10.0,4.496346950531006,3594.6209814109748,84.8528137423857,14.470377919041368,1
880,85.55550111288292,27.796981346567204,35.575862884521484,899.0,193.31167602539065,0.1498839855194091,30.0,4.46352481842041,1710.0,0.0,13.9650167864388,1
944,85.69108902058794,27.91399336972189,40.30662536621094,2655.0,263.4251708984375,0.7799999713897705,10.0,4.548963069915772,6016.9261255228985,381.8376618407357,14.710440762131164,1
bg_939,85.77313036673817,27.999947596105446,32.41328430175781,3068.0,67.5162353515625,0.6605132818222046,10.0,4.903069972991943,1140.3946685248927,774.2092740338364,15.277243589170963,0
bg_24,85.82433433793298,28.150056080081818,49.14670181274414,5220.0,69.5138931274414,-0.03160443529486656,70.0,3.67387318611145,11703.422576323559,3900.115382908562,15.314161621742393,0
bg_367,85.53031574544067,28.13819831833144,27.90521240234375,4997.0,12.004051208496094,-0.0705258846282959,70.0,4.091997146606445,7830.0,4105.618102064535,16.169834943046702,0
bg_729,85.84346845348473,27.948743624910634,18.179651260375977,2739.0,189.6371612548828,0.850439190864563,10.0,4.01486349105835,5270.787417454815,1041.393297462587,15.532376864747917,0
bg_1,85.63838307412024,27.923141639313226,28.086503982543945,1190.0,193.90530395507812,0.5739356279373169,30.0,4.625964164733887,120.0,30.0,14.58603540830095,0
bg_50,85.6222133990061,27.961679365001952,3.704791784286499,2187.0,-0.0,0.5558255314826965,10.0,4.582652568817139,1235.8397954427587,0.0,17.329922356385218,0
1375,85.52304450331441,28.00123087589065,37.97083282470703,2545.0,185.3917236328125,0.5366066098213196,30.0,4.726099014282227,7915.964881175258,670.820393249937,14.7070731357107,1
176,85.93456642557922,27.718461668431885,35.627899169921875,2231.0,37.76158142089844,0.8551554679870605,10.0,4.780183792114258,7552.436692882636,127.27922061357854,14.99713198856943,1
1092,85.62573461853815,28.00839357217884,43.876121520996094,2335.0,235.0814666748047,0.764609158039093,10.0,4.772528171539307,3842.928570764749,602.9925372672534,14.7047802063656,1
bg_3,85.53031574544067,28.119603191950166,39.57625198364258,4200.0,92.24475860595703,0.4989788830280304,100.0,4.091997146606445,10259.692977862447,5123.768144637304,15.363290567473465,0
bg_696,85.85505672064987,27.719673227460156,19.230405807495117,1649.0,151.84898376464844,0.7576444149017334,30.0,5.7190961837768555,3870.0,84.8528137423857,15.498304877052359,0
336,85.6510031743257,27.86456233638458,32.250545501708984,1677.0,39.67612457275391,0.5925925970077515,10.0,4.559855937957764,4236.2719459449245,30.0,14.300965254696012,1
826,85.52683751827827,27.83960547064314,32.648983001708984,1706.0,90.0,0.6020352244377136,60.0,4.967405796051025,2670.6740722147283,0.0,14.795368237383752,1
956,85.91843960170576,27.909867528822847,61.78718185424805,1483.0,143.8675079345703,0.5957343578338623,30.0,4.404165267944336,0.0,375.8989225842501,14.51433772289128,1
838,85.48475495025586,27.8467439069728,30.203786849975582,1611.0,41.33620071411133,0.777222216129303,10.0,4.804811000823975,6313.20045618702,361.2478373637689,14.906327553306966,1
1427,85.92413601419364,27.90639874257202,34.03296661376953,1571.0,282.4581298828125,0.5358916521072388,30.0,4.404165267944336,390.0,234.30749027719963,14.653837883447274,1
bg_853,85.71330256881582,27.770338209484496,20.398706436157227,1254.0,209.4701385498047,0.7235044836997986,10.0,4.541873455047607,5490.737655361072,218.40329667841553,15.032130885192881,0
bg_7,85.90437422974804,27.687872866402323,19.432472229003906,2277.0,313.4932861328125,0.7908082604408264,10.0,4.370652198791504,8304.854002328999,108.16653826391968,15.682025849232476,0
681,85.74122115461796,27.99897956515964,47.69820785522461,3398.0,108.01969909667967,0.4328917562961578,30.0,4.635933876037598,4498.199639855929,960.0,14.945244267047608,1
650,85.74725299378082,28.05965288131207,27.23262596130371,2879.0,93.6067352294922,0.5885381698608398,30.0,4.903069972991943,445.9820624195552,764.8529270389178,15.810959827895108,1
bg_571,85.56993144947033,28.127418534922004,46.251434326171875,4830.0,126.07433319091797,0.10522302985191345,70.0,3.858997106552124,7795.67187611177,713.0918594402827,14.879598962462449,0
835,85.48727703882714,27.84563792699774,33.340362548828125,1752.0,306.1951599121094,0.4635098874568939,60.0,4.804811000823975,6078.461976520047,366.1966684720111,14.794292837571591,1
1243,85.94637291851186,27.88000334708332,40.19455337524414,2430.0,265.6047058105469,0.7373935580253601,10.0,4.586504936218262,3412.75548494175,90.0,14.867786741670525,1
bg_276,85.67665130522374,27.807797956832278,31.349246978759766,1318.0,331.2706298828125,0.6995697617530823,10.0,4.6042256355285645,9548.533918879903,150.0,14.580964471849859,0
bg_505,85.83700058343908,27.88514290279497,29.30316925048828,2451.0,348.70916748046875,0.7747819423675537,10.0,5.2028632164001465,4709.331162702406,792.0227269466451,15.403067820504141,0
bg_508,85.58502314624354,27.848491639202894,11.708757400512695,846.0,297.9464416503906,0.5123049020767212,10.0,5.267827987670898,0.0,90.0,15.81958784739824,0
bg_940,85.70602621501445,27.895653191619168,39.1241455078125,2934.0,140.91162109375,0.8196969628334045,10.0,4.452770709991455,5820.0,632.8506932918697,15.101873828092087,0
885,85.66494704954422,27.889215414082003,25.561498641967773,1785.0,191.03810119628903,0.5961503982543945,30.0,4.626403331756592,4522.941520736256,313.20919526731655,14.814296633062987,1
bg_282,85.49528144936001,28.039024310964646,55.14308547973633,4057.0,79.60726165771484,0.3594019412994385,100.0,4.541608810424805,13079.7935763528,942.0191080864549,14.852750599473744,0
1090,85.600837181074,28.030687997601024,30.65489959716797,2620.0,205.66989135742188,0.1279737502336502,60.0,4.835017204284668,7219.03733194392,1158.792474949678,15.009221931012158,1
207,85.52460241526919,27.88697114227621,32.19706726074219,1142.0,154.1322021484375,0.4798651039600372,30.0,5.103635787963867,1472.7525250360293,0.0,14.266166376563955,1
867,85.4882897427254,27.85250595080821,52.76595306396485,1607.0,306.19342041015625,0.3974853456020355,10.0,4.607892036437988,5715.610203644052,283.0194339616981,14.001294778145224,1
bg_111,85.76369805625492,28.073250123289597,23.50278663635254,2833.0,291.85406494140625,0.6888129115104675,10.0,4.430944442749023,1113.2385189167685,394.58839313897715,15.105042809427298,0
331,85.65052967403842,27.868473677251856,25.97818756103516,1603.0,64.41273498535156,0.7316789627075195,10.0,4.559855937957764,3952.9482668003634,67.0820393249937,14.872861461534638,1
bg_195,85.94237296626629,27.790011314206712,24.486984252929688,1540.0,196.33375549316406,0.5347195267677307,30.0,5.2163896560668945,4740.0,127.27922061357854,15.028243279089713,0
bg_817,85.8830841575144,27.830974491162564,33.793697357177734,1714.0,298.92962646484375,0.7444035410881042,10.0,4.941662311553955,798.8116173416608,30.0,14.769268194270575,0
1312,85.8270274120825,28.01090085491704,55.35675811767578,3025.0,112.35214233398438,0.4805194735527038,10.0,4.568583965301514,3999.124904275934,1166.9190203266037,15.258055963405166,1
750,85.88574563986379,27.85875306800655,41.354618072509766,1540.0,266.8372497558594,0.4449152648448944,30.0,4.586504936218262,603.7383539249432,750.0,14.26897705436687,1
715,85.92098016159612,27.832605978882462,48.60552978515625,2733.0,194.0063018798828,0.4120438992977142,30.0,4.941662311553955,4250.270579621962,510.0,14.853392079392115,1
bg_66,85.64134751455784,28.02635806545856,11.546774864196777,1905.0,279.1180114746094,0.13553474843502045,60.0,4.772528171539307,5747.642995176371,1209.3386622447824,15.125040706535628,0
438,85.8832287583466,27.829335506347967,37.874061584472656,1691.0,142.27105712890625,0.4364879429340362,30.0,4.941662311553955,657.9513659838393,123.69316876852982,14.435984672977204,1
bg_909,85.5230393916393,27.811301386440345,34.00627136230469,1270.0,159.3502960205078,0.5663650035858154,10.0,4.967405796051025,5204.546089718104,42.42640687119285,14.487288635533298,0
bg_1073,85.98818704575639,27.854151025492847,51.05088806152344,2653.0,342.7831115722656,0.7092546820640564,10.0,4.215697765350342,8817.193431018739,1447.7914214416385,15.20617083545764,0
bg_798,85.57801628702741,27.84876113378813,28.53714942932129,1106.0,65.37019348144531,0.7684813737869263,10.0,5.267827987670898,351.14099732158877,134.1640786499874,14.74033339477628,0
bg_140,85.61897946398327,27.791897776303365,30.812599182128906,1596.0,100.95230102539062,0.7942808270454407,10.0,4.361113548278809,3842.460149435515,180.0,14.977310558668703,0
bg_359,85.76073361581733,27.68948983391374,28.34437370300293,1119.0,327.1645202636719,0.7854125499725342,10.0,4.292092323303223,1060.6601717798212,108.16653826391968,14.551905849251055,0
bg_498,85.65051033045586,28.068399220755353,32.73719787597656,3024.0,92.88652801513672,0.6377142667770386,10.0,4.772528171539307,11070.0,3432.739430833631,15.360603471035027,0
48,85.96479580976082,27.79037787228536,51.43868637084961,1777.0,160.39682006835938,0.2422229945659637,30.0,5.216389656066895,7230.0,42.42640687119285,14.34266380232403,1
bg_269,85.61089462642619,27.968686224218086,62.09031295776367,2298.0,90.49128723144531,0.7518351674079895,10.0,4.582652568817139,2490.0,685.4195795277518,14.265091044894694,0
bg_348,85.56831448195892,27.773841639092563,25.758275985717773,1144.0,80.34346008300781,0.6467041969299316,10.0,4.549545764923096,979.4896630388705,94.86832980505139,14.643230007042419,0
bg_950,85.89036051131578,27.709432433221192,20.24925994873047,1710.0,82.4355239868164,0.44889894127845764,30.0,4.370652198791504,5467.741764202109,180.0,15.51607007271435,0
bg_210,85.50713921111038,27.793784238400015,15.674875259399414,1545.0,348.71844482421875,0.3592282831668854,30.0,4.618796348571777,7084.066628709812,42.42640687119285,15.312318760872857,0
bg_1035,85.57047043864081,27.99105427479266,36.61897277832031,3118.0,216.30023193359375,0.8414206504821777,10.0,4.835017204284668,6127.421970127404,123.69316876852982,15.214702783086475,0
1150,85.86509397472035,27.88208456718289,25.56144523620605,1494.0,11.037405967712402,0.738082766532898,10.0,5.2028632164001465,1784.4326829555662,30.0,14.48533790235178,1
bg_356,85.95881213596567,27.997252650253085,36.6148567199707,2860.0,11.383769989013672,0.7614563703536987,30.0,4.106739044189453,1350.0,2128.097742116184,15.164398286357983,0
726,85.90963152051435,27.814209108579885,46.55607986450195,1577.0,136.10256958007812,0.2652811706066131,30.0,4.941662311553955,1914.601786273062,301.4962686336267,14.212086015814393,1
bg_155,85.81759697330209,27.84633568252101,24.406742095947266,2107.0,309.9517517089844,0.797878086566925,10.0,6.791383266448975,4770.377343565182,379.47331922020555,15.504634850706122,0
bg_453,85.57397386824887,27.79728766800808,1.8543341159820557,766.0,-0.0,0.18311834335327148,80.0,4.549545764923096,0.0,270.0,17.550779672465644,0
bg_604,85.73971303816893,27.785160411672468,13.125791549682617,1055.0,13.615543365478516,0.43117961287498474,30.0,4.541873455047607,2550.0,67.0820393249937,14.904076763924138,0
1320,85.79864485169173,27.99510406408576,53.03760147094727,2398.0,226.986083984375,0.6398941874504089,10.0,4.568583965301514,534.1348144429458,108.16653826391968,14.549670510467964,1
bg_112,85.67395635937137,27.988898318110774,34.5516357421875,2098.0,336.4640197753906,0.8108905553817749,10.0,4.758371829986572,4368.065933568311,295.4657340538831,14.90622259016784,0
570,85.76328558524929,28.039318250527824,48.60094833374024,2699.0,75.95957946777344,0.6142046451568604,10.0,4.903069972991943,474.3416490252569,913.892772703669,15.532412599386364,1
bg_474,85.60361827262481,28.03336492467469,32.84183120727539,2900.0,216.63003540039062,0.8333939909934998,10.0,4.835017204284668,7298.636859030596,1569.7770542341357,15.315197635177883,0
321,85.66904933382294,27.83063417015484,21.22279357910156,1467.0,109.48031616210938,0.6899904608726501,10.0,4.6042256355285645,8294.389670132457,268.3281572999748,14.511964263855493,1
894,85.64867602264638,27.896147461258,50.961700439453125,1577.0,199.0718231201172,0.5742032527923584,30.0,4.625964164733887,2588.532402733256,0.0,14.078122730394233,1
bg_1027,85.62086592607992,27.861427379294216,27.977245330810547,1430.0,232.44815063476562,0.5372241735458374,10.0,4.559855937957764,2080.624906127964,284.60498941515414,14.823073396012095,0
416,85.64697983684106,27.91260531194937,32.201900482177734,1525.0,240.7662811279297,0.6712236404418945,10.0,4.625964164733887,1402.6403673073153,60.0,14.695100834736984,1
bg_223,85.50606123276944,28.051960051055964,18.364362716674805,3102.0,167.2311248779297,0.4304773807525635,60.0,4.541608810424805,13834.71719985631,2592.180549267354,16.057128239675986,0
277,85.57377286274462,27.84089247174462,34.281700134277344,1119.0,133.52362060546875,0.3325802683830261,30.0,4.647837162017822,390.0,0.0,14.316906943367115,1
629,85.77655058496822,27.935336333406187,62.56534576416016,1535.0,92.8900909423828,0.3736918270587921,30.0,4.774409770965576,240.0,474.3416490252569,13.860671468594258,1
598,85.74282416648518,27.894873919796314,41.16422271728516,1632.0,178.79965209960938,0.4788434505462646,30.0,4.452770709991455,1740.0,30.0,14.508331071589351,1
bg_603,85.59229950004492,27.8598104117828,36.21086883544922,936.0,324.8883056640625,0.685110330581665,10.0,5.267827987670898,90.0,0.0,14.485449663941704,0
249,85.5091346830284,27.86326020892626,44.48697280883789,1216.0,171.42337036132812,0.4091622233390808,10.0,4.607892036437988,3203.825837963106,67.0820393249937,14.252349125675458,1
bg_557,85.50686971652515,27.89700066454535,30.374692916870117,1730.0,200.10617065429688,0.4853611886501312,30.0,4.496346950531006,3422.104615583808,0.0,14.899377075169442,0
1084,85.63053934779535,27.976817397656102,35.21023941040039,1452.0,80.75987243652344,0.547042727470398,30.0,4.582652568817139,408.0441152620633,161.55494421403512,14.79470078640122,1
855,85.46303640527296,27.8591201526702,33.182708740234375,1801.0,171.95248413085938,0.6700934767723083,10.0,4.607892036437988,8352.346975551243,30.0,14.835318062908446,1
bg_378,85.58475365165832,27.78246546582011,14.800188064575195,1043.0,255.8140411376953,0.746062695980072,10.0,4.549545764923096,402.49223594996215,94.86832980505139,14.960124033631987,0
bg_770,85.80061881443223,28.005067993224927,23.69110107421875,2893.0,298.6593017578125,0.8115453124046326,10.0,4.568583965301514,1168.4605256490267,488.3646178829912,15.832390780537818,0
bg_891,85.56049913898708,28.053846513152617,38.039878845214844,3839.0,173.2682342529297,0.3968085050582886,100.0,4.726099014282227,11952.995440474324,3019.4370336206716,15.171683439712098,0
67,85.47845186720527,27.86987378640437,22.08602333068848,1898.0,276.8736877441406,0.4676282107830047,10.0,4.607892036437988,6600.0,0.0,15.108600994592177,1
753,85.88657271482431,27.84691521102225,37.6384162902832,1496.0,247.80003356933597,0.5015225410461426,30.0,4.941662311553955,360.0,630.7138812488591,14.580186144209751,1
bg_795,85.84265996972903,27.88891582698827,32.23577117919922,2292.0,57.37937927246094,0.66690593957901,10.0,5.2028632164001465,4368.065933568311,123.69316876852982,15.106454698777654,0
bg_157,85.87203487951973,27.949282614081103,39.69990158081055,3401.0,144.9778289794922,0.5608108043670654,10.0,4.01486349105835,6437.91891840834,632.8506932918697,15.378349793546422,0
709,85.95365842012133,27.814069143638843,44.5457763671875,2402.0,166.01119995117188,0.4294478595256805,30.0,4.941662311553955,6178.106506042122,258.0697580112788,14.702795099998635,1
bg_787,85.83996502387667,27.68814236098756,17.96638298034668,2074.0,176.76817321777344,0.6970113515853882,30.0,4.840806007385254,6759.127162585418,42.42640687119285,15.668573624507822,0
421,85.6480463008228,27.917761108554227,45.41674041748047,1384.0,22.28167152404785,0.4626273214817047,60.0,4.625964164733887,1215.647975361289,108.16653826391968,14.126604257413836,1
bg_718,85.57316538449317,27.771685682410673,23.28713607788086,979.0,121.77275085449219,0.6490250825881958,10.0,4.549545764923096,766.6159403508383,161.55494421403512,14.319353438256202,0
582,85.75646105795502,27.906047310408027,41.829368591308594,1355.0,174.12655639648438,0.5019184947013855,30.0,4.774409770965576,721.2489168102784,429.5346318982906,14.335392991817026,1
1205,85.90363404251096,27.868694349224604,33.85616683959961,1565.0,244.2569274902344,0.833607017993927,10.0,4.586504936218262,833.5466393669882,283.0194339616981,14.675466735139514,1
bg_524,85.8394260347062,27.666043804998218,13.943947792053223,1797.0,234.0714874267578,0.7504381537437439,10.0,4.407373905181885,8726.339438733747,30.0,15.247240905829853,0
bg_235,85.9108420997937,27.795131711326192,20.92673110961914,1329.0,239.47012329101562,0.5184744000434875,40.0,5.2163896560668945,1230.0,60.0,15.069246227229717,0
bg_816,85.69821087204261,27.952247054518697,28.36144256591797,2861.0,212.898681640625,0.8823787569999695,10.0,4.595747470855713,6330.0,1273.4991166074674,15.482999880829528,0
1108,85.65156599993827,27.98874459753286,46.140621185302734,1815.0,195.3218994140625,0.691734790802002,10.0,4.772528171539307,2206.1731573020284,67.0820393249937,14.641150598925108,1
870,85.48681159625498,27.853284257151223,26.941762924194336,1453.0,290.5089111328125,0.7338950037956238,60.0,4.607892036437988,5865.057544474734,84.8528137423857,15.404741865869047,1
bg_344,85.7469893919703,27.972728642996625,36.58312225341797,2881.0,134.2610626220703,0.956537127494812,10.0,4.540307521820068,4772.6407784370285,2138.434006463608,16.61444284673663,0
bg_1022,85.93294065578304,27.76090589900124,34.904354095458984,2175.0,28.160015106201172,0.7640984654426575,10.0,5.2163896560668945,4468.388971430308,371.0795063055894,14.956162944950359,0
bg_81,85.58502314624354,27.968955718803322,42.98886489868164,2902.0,247.53912353515625,0.8383421301841736,10.0,4.808651447296143,4617.369380935426,180.0,15.355023106165508,0
bg_95,85.95261376050526,28.00021709069068,30.99946403503418,3364.0,130.2855224609375,0.7663185596466064,10.0,4.106739044189453,2040.0,1946.5353837010002,15.06307627568866,0
bg_615,85.49689841687142,27.93068748769983,36.26090621948242,1941.0,119.04573059082031,0.48252949118614197,10.0,4.496346950531006,5571.687356627254,67.0820393249937,14.788199961028912,0
142,85.93896169729734,27.782682321032137,25.01046371459961,1090.0,25.557300567626957,0.797359049320221,10.0,5.216389656066895,4350.930934868997,90.0,14.39491420127025,1
bg_382,85.90356574599232,28.03983279472035,57.0831413269043,4670.0,85.79336547851562,-0.03887622430920601,70.0,4.106739044189453,8088.936889356968,2299.6521476084163,14.9256299336006,0
840,85.4760312258625,27.870039629202644,19.35616874694824,1836.0,97.946044921875,0.675430953502655,10.0,4.607892036437988,6870.0,240.0,15.465461959879171,1
1342,85.59634251555647,28.016341275678545,46.26548385620117,2053.0,118.69384002685548,0.8726294636726379,10.0,4.835017204284668,6183.566931795919,606.7124524847005,14.490763762463812,1
882,85.64837907629398,27.874801892772787,26.785518646240234,1445.0,353.7523193359375,0.8026303052902222,10.0,4.559855937957764,3409.06145441821,134.1640786499874,15.59845545565866,1
600,85.74219209061269,27.89420518323116,35.17219161987305,1625.0,171.0282745361328,0.501619279384613,30.0,4.452770709991455,1800.0,60.0,14.676169521388186,1
1128,85.65292460009033,27.997566972318644,33.8682975769043,1926.0,227.5205841064453,0.2907871901988983,30.0,4.772528171539307,3070.276860480175,30.0,14.824964013779312,1
bg_311,85.81921394081351,27.768451747387843,37.704254150390625,1188.0,238.4304656982422,0.6594114303588867,10.0,6.054154872894287,1590.0,30.0,14.207195283759576,0
1430,85.92880714750693,27.911040392315616,44.21593475341797,1677.0,297.7643127441406,0.5772594809532166,10.0,4.404165267944336,456.9463863518345,284.60498941515414,14.347596118436991,1
1378,85.51148061823604,28.022614495114443,39.01398849487305,2973.0,168.24636840820312,0.3558091223239898,60.0,4.541608810424805,10639.219896214196,732.3933369440222,15.202666997240447,1
590,85.74692028344846,27.89590237294417,56.29195022583008,1534.0,144.0899658203125,0.3300205767154693,30.0,4.774409770965576,1290.0,240.0,13.830361697300534,1
95,85.9335947318998,27.74827451475804,48.620513916015625,2427.0,267.5479431152344,0.7050592303276062,10.0,4.780183792114258,5410.40663906143,94.8683298050514,14.569866759917844,1
bg_780,85.51091213530368,27.97165066465568,31.176979064941406,2888.0,88.46695709228516,0.773665189743042,10.0,4.546175479888916,6151.828996322964,872.066511224918,15.633365706273791,0
bg_614,85.89763686511714,27.697035682300342,37.403438568115234,1989.0,218.4368896484375,0.7470187544822693,10.0,4.370652198791504,7059.185505424829,67.0820393249937,14.748320464905797,0
bg_117,85.90491321891851,28.021237668339076,38.69322967529297,4141.0,221.60072326660156,0.21374686062335968,100.0,4.106739044189453,7412.42875176551,2788.8707392061037,15.458780112020778,0
1127,85.66046256618155,28.001493022232253,51.63296890258789,2281.0,178.33656311035156,0.6963945031166077,10.0,4.758371829986572,3914.511463771693,825.4089895318563,14.345563770366995,1
442,85.57360752173166,27.965712067494103,36.52950668334961,2258.0,223.8506622314453,0.6832893490791321,60.0,4.808651447296143,3584.215395313178,330.0,15.046532634024118,1
bg_1063,85.89844534887284,27.906432975028604,37.96045684814453,2259.0,80.44517517089844,0.6003140807151794,10.0,4.404165267944336,1578.3535725559086,366.1966684720111,15.211209977429967,0
bg_926,85.49582043853047,27.951708065348228,23.68243980407715,2429.0,184.7934112548828,0.7640274167060852,10.0,4.546175479888916,6535.38828226755,271.66155414412253,15.52708172812502,0
98,85.49385314865592,27.85623802757023,33.693458557128906,1423.0,333.936279296875,0.6668482422828674,10.0,4.607892036437988,5028.021479667723,361.2478373637689,14.39241236581892,1
bg_908,85.72462134139572,27.949282614081103,49.77685546875,3220.0,244.0166473388672,0.8566761612892151,10.0,4.318940162658691,5823.710157622888,339.4112549695428,14.814437692725782,0
800,85.89775237340714,27.82964364765947,39.95510482788086,2184.0,224.36215209960935,0.295426458120346,30.0,4.941662311553955,1914.366736025258,234.30749027719963,14.60051368444696,1
911,85.52584993341392,27.91919052178846,45.12321853637695,1255.0,177.9092254638672,0.5242956876754761,10.0,5.221707344055176,2250.0,402.49223594996215,14.0519121740703,1
374,85.5297284777302,27.938179067247376,27.307598114013672,2282.0,212.16357421875,0.5694261789321899,10.0,4.987441062927246,2497.758995579838,84.8528137423857,15.140550131959492,1
8,85.8878924444891,27.813064820876765,44.87065887451172,1104.0,224.3170318603516,0.2626685202121734,30.0,4.941662311553955,108.16653826391968,60.0,14.293348512791944,1
1186,85.91265066269447,27.869574330625305,37.16352844238281,1824.0,331.1098327636719,0.6644697189331055,10.0,4.586504936218262,1181.8629362155325,60.0,14.614382192488351,1
bg_125,86.0175619555471,27.76090589900124,26.056358337402344,3052.0,214.1389617919922,0.44560810923576355,10.0,4.605922222137451,11440.349645006485,1368.5393673548451,15.701045288229126,0
bg_506,85.7620810887435,27.944701206132095,44.087364196777344,2182.0,194.2367706298828,0.5612763166427612,10.0,4.540307521820068,1913.426246292237,60.0,14.737356729194298,0
1119,85.66892816547823,27.97222372177301,43.1079216003418,2414.0,267.02606201171875,0.6503250002861023,10.0,4.595747470855713,3255.1036849845505,737.9024325749307,14.7641654977226,1
542,85.75565302360357,27.88161083264109,36.08988952636719,1131.0,101.529052734375,0.4908499419689178,30.0,5.343934535980225,300.0,30.0,14.199397277547943,1
221,85.51018617294528,27.89099914057424,43.2002067565918,1320.0,181.1175537109375,0.3503673076629638,10.0,4.607892036437988,3060.0,60.0,14.781434083579049,1
204,85.48938503700171,27.902317132510404,31.200300216674805,1940.0,164.20448303222656,0.6973609328269958,10.0,4.496346950531006,5418.0531558854245,108.16653826391968,15.102296987374476,1
bg_446,85.81220708159738,28.185359870747714,52.69932556152344,6092.0,39.020484924316406,-0.06049691140651703,70.0,3.266342878341675,12111.420230509715,7950.679216268255,15.3552071310777,0
525,85.75387209811062,27.91261103722823,44.57169723510742,1746.0,189.63400268554688,0.3199999928474426,60.0,4.774409770965576,1358.3077707206126,313.20919526731655,14.382950109421245,1
bg_622,86.00166177501818,27.822350664435014,13.796594619750977,3020.0,188.57342529296875,0.5468066334724426,30.0,4.383127212524414,13217.74943021693,123.69316876852982,16.324255826552683,0
566,85.7745451324064,28.03195511891938,32.77781677246094,2615.0,52.88929748535156,0.3521505296230316,60.0,4.903069972991943,632.8506932918697,831.9254774317228,15.511064634928172,1
bg_1086,85.65482224381964,27.79809615176379,23.724946975708008,1379.0,92.1108627319336,0.6227691173553467,10.0,4.263062000274658,7289.444423273972,134.1640786499874,14.657134312231806,0
bg_672,85.61951845315373,28.034981892186106,25.54458999633789,3103.0,86.11575317382812,0.6233221292495728,10.0,4.772528171539307,6862.725406134214,2839.2428568194023,15.01878583041327,0
332,85.66226952384446,27.85102444841242,34.01997375488281,2228.0,102.4643325805664,0.6258856654167175,10.0,4.626403331756592,6163.667739260448,30.0,14.883801134470842,1
bg_862,85.85397874230893,28.07298062870436,25.956361770629883,4468.0,101.50916290283203,-0.0028865979984402657,100.0,3.896871328353882,8428.23825007338,1356.6502865514017,16.468655498162338,0
101,86.0056288941357,27.765282359364324,45.55378723144531,2619.0,239.4632568359375,0.7449284195899963,10.0,4.674496173858643,12637.729226407724,721.2489168102784,14.721058625852912,1
bg_532,85.51791899451982,27.936077379404548,32.58505630493164,1818.0,230.7158660888672,0.8348584771156311,10.0,4.496346950531006,3557.8785814021253,90.0,14.80661933377506,0
939,85.6854225225188,27.91774322584419,40.0699577331543,2305.0,246.1636657714844,0.8071773052215576,10.0,4.548963069915772,5352.121074863685,637.808748764079,14.452510982056944,1
bg_1067,85.64296448206926,28.02878351672568,27.420238494873047,2070.0,242.09312438964844,0.8047745227813721,10.0,4.772528171539307,6032.984336130834,890.9545442950498,15.046200605121966,0
bg_661,85.91757946442459,27.734764924233364,21.32851219177246,1417.0,242.86788940429688,0.6026582717895508,10.0,4.780183792114258,4947.7267507411925,212.13203435596427,15.262954288920797,0
1380,85.51015617774615,28.02476834256094,38.22201919555664,3194.0,189.3807830810547,0.3543337881565094,30.0,4.541608810424805,10921.030171188064,1015.135458941318,15.12957743392144,1
bg_941,85.62571682861416,28.119872686535402,31.699262619018555,4941.0,174.88490295410156,-0.107200488448143,60.0,3.7368857860565186,8030.255288594504,5177.064805466511,16.130762058253456,0
1377,85.49991886155817,27.99379165001636,46.084999084472656,2946.0,175.95127868652344,0.2915056943893432,30.0,4.541608810424805,8741.487287641618,1101.4535850411492,14.656211246718126,1
bg_876,85.56373307400992,28.031208967992804,20.160139083862305,3625.0,87.47291564941406,0.7269779443740845,10.0,4.726099014282227,9960.948749993646,1113.642671596235,15.683580012629939,0
bg_623,85.55645672020854,27.906971964199073,24.497846603393555,1411.0,328.4939270019531,0.8077266216278076,10.0,5.221707344055176,750.0,30.0,14.744067602706144,0
bg_977,85.91704047525413,27.923680628483698,23.789310455322266,1880.0,107.08374786376953,0.4645611345767975,30.0,4.404165267944336,885.889383614004,42.42640687119285,15.772559530257505,0
bg_364,85.8545177314794,27.89026329991445,47.52510070800781,1701.0,223.43161010742188,0.7546706199645996,10.0,5.2028632164001465,3246.798423062325,90.0,14.609055744586833,0
bg_928,86.02349083642228,27.756054996466993,74.67436218261719,3021.0,221.81585693359375,0.22061799466609955,60.0,4.0183281898498535,10967.041533613337,1073.3126291998992,14.262210318506112,0
372,85.52402514622008,27.92986520480491,31.355886459350582,1637.0,151.24339294433594,0.697476863861084,30.0,5.221707344055176,2663.080922540658,228.4731931759173,14.850647997039678,1
bg_274,85.69416845326407,27.931765466040773,28.12497329711914,2406.0,358.0356140136719,0.8262609243392944,10.0,4.5489630699157715,5916.924876994806,540.8326913195983,15.322480660463345,0
515,85.7319835012877,27.88861454871691,39.16462326049805,1700.0,353.54498291015625,0.7771300077438354,10.0,4.696327209472656,2922.498930709813,30.0,14.557430610491028,1
1372,85.54337361326375,28.00704802849415,37.68510055541992,2144.0,208.3403778076172,0.7774454951286316,10.0,4.726099014282227,7866.752824386946,182.48287590894657,14.961983436525244,1
bg_238,85.61197260476713,27.86034940095327,11.41294002532959,1237.0,15.789667129516602,0.6585884690284729,40.0,4.559855937957764,1500.0,123.69316876852982,15.663702309341856,0
995,85.81023286436893,27.94213539321672,29.396747589111328,1892.0,326.4331970214844,0.7709689140319824,10.0,4.312197685241699,2112.178969689832,84.8528137423857,15.035679635083708,1
bg_123,85.60011484301675,28.06543478031776,42.08037567138672,3166.0,243.37222290039062,0.4523859918117523,10.0,4.835017204284668,10734.174397688907,3130.511140373086,15.066961229237599,0
1358,85.52306867805515,27.975667341220365,40.83896255493164,2174.0,133.86282348632812,0.8166914582252502,10.0,4.987441062927246,5500.727224649483,547.4486277268397,14.743382319651234,1
993,85.81115197100465,27.93859011334538,33.074195861816406,2033.0,327.6847229003906,0.7739517092704773,10.0,4.312197685241699,2334.9946466748056,90.0,14.733274052802289,1
bg_647,85.8507448072861,28.05869741568686,20.151899337768555,4484.0,131.42733764648438,0.21675698459148407,100.0,4.297876358032227,7466.143582867932,417.85164831552356,16.318586396483642,0
398,85.71865069105363,27.852918390440827,30.51721572875977,1694.0,83.69332885742188,0.6755056381225586,60.0,4.696327209472656,4039.430652950982,256.3201123595259,14.974547011340231,1
bg_547,85.81112910325643,27.882447956942613,43.51298522949219,2386.0,159.68260192871094,0.8213910460472107,10.0,5.7131733894348145,5128.508555125944,400.24992192379,14.696773168570955,0
217,85.51872628313977,27.891743702943742,32.002723693847656,1472.0,229.64077758789065,0.5366901755332947,30.0,4.607892036437988,2100.0,0.0,14.807442653297583,1
1384,85.51489350427634,28.0245104668081,48.25782012939453,3092.0,175.3071746826172,0.4787695109844208,30.0,4.541608810424805,10673.635744206376,780.0,14.754071897375756,1
1308,85.7898680631824,28.11007218224676,20.012407302856445,3553.0,319.0756225585937,0.1856255084276199,60.0,4.129517078399658,5924.905062530538,1140.0,15.23328416969986,1
1256,85.9508765150719,27.869660984602767,33.23038482666016,2107.0,220.006103515625,0.6951673030853271,30.0,4.586504936218262,4307.690796703031,318.9043743820395,15.038558111549916,1
100,85.49001833048419,27.854662656004724,31.211809158325195,1493.0,351.3099060058594,0.5992229580879211,10.0,4.607892036437988,5478.923251880793,301.4962686336267,14.909240132310549,1
bg_760,85.57047043864081,28.017464744145776,33.44133377075195,3634.0,48.56180191040039,0.40567830204963684,10.0,4.835017204284668,8445.572804730298,362.49137920783716,15.896965685863204,0
bg_875,85.61305058310808,27.909936404636667,18.51198387145996,1593.0,61.08802032470703,0.3060269057750702,30.0,4.625964164733887,888.4255736976509,30.0,15.480568226824015,0
bg_1057,85.57666881410124,27.923141639313226,31.241090774536133,1746.0,302.2571105957031,0.8265466094017029,10.0,5.441863059997559,2181.9715855161817,540.8326913195983,14.876034175200889,0
bg_856,85.77744228010195,28.147091639644223,46.69518280029297,5716.0,143.9622039794922,-0.09722490608692169,70.0,3.9751100540161133,8882.128123372237,5420.793299877795,15.479057622520966,0
1223,85.89677119314618,27.89322099414437,41.34626770019531,1898.0,196.9418792724609,0.5222728848457336,10.0,4.404165267944336,1176.5202930676546,134.1640786499874,14.682562777928654,1
531,85.75999961408736,27.912620878932543,30.83962059020996,1688.0,100.94042205810548,0.6974560618400574,10.0,4.774409770965576,750.0,30.0,14.848855405277735,1
914,85.53327130715817,27.93735098635275,54.2065658569336,2123.0,102.12815856933594,0.6843329668045044,10.0,5.221707344055176,2079.5432190748047,283.0194339616981,14.522547079058036,1
bg_48,85.54621592596958,27.810223408099404,24.798614501953125,1338.0,60.626495361328125,0.3977816700935364,10.0,4.967405796051025,2743.3191575170395,212.13203435596427,15.22372353358153,0
765,85.88115905154213,27.84785159090737,28.009366989135746,1065.0,266.510498046875,0.7113083600997925,10.0,4.586504936218262,0.0,67.0820393249937,13.81835970059221,1
bg_1014,85.86933993366738,27.642867270667935,17.502660751342773,1841.0,135.94381713867188,0.3533596694469452,30.0,4.407373905181885,7736.976153511137,0.0,15.576683282942547,0
63,85.65435942769201,27.895515957902592,28.882471084594727,1723.0,229.78956604003903,0.4695340394973755,60.0,4.625964164733887,3166.385952470103,30.0,14.47382379208665,1
bg_636,85.56535004152133,28.01261384161153,45.8900032043457,3488.0,193.36032104492188,0.5572905540466309,30.0,4.835017204284668,8409.102211294616,349.85711369071805,14.9069741559324,0
bg_703,85.51872747827552,27.81426582687794,14.658881187438965,1333.0,188.0442352294922,0.31378039717674255,30.0,4.804811000823975,5311.60992543692,90.0,15.206219405416334,0
bg_1003,85.94911033089718,27.949282614081103,51.20117950439453,1715.0,128.6607666015625,0.40735068917274475,30.0,3.8100929260253906,0.0,283.0194339616981,14.139163894384584,0
766,85.88153004832108,27.84151940486714,28.65955352783203,1067.0,315.3010559082031,0.5535939335823059,10.0,4.941662311553955,30.0,150.0,14.206590980711171,1
bg_192,85.89952332721379,27.813187848536998,38.38323974609375,1534.0,156.8716583251953,0.39802518486976624,30.0,4.941662311553955,1049.571341072154,90.0,14.645569079124115,0
bg_107,85.67961574566134,27.89430571869299,33.58222198486328,2406.0,178.4192352294922,0.8230884671211243,10.0,4.5489630699157715,5568.213357981176,563.6488268416781,15.22752791429368,0
807,85.88371474505462,27.850527534549613,42.35236740112305,1335.0,280.2285461425781,0.3200327157974243,30.0,4.586504936218262,60.0,330.0,14.22190421841326,1
262,85.49599651790346,27.89266345167248,14.421194076538086,1549.0,67.80851745605469,0.7186066508293152,30.0,4.607892036437988,4650.0,0.0,14.8317362076925,1
137,85.92406739053212,27.781206121357503,45.04706573486328,1103.0,325.50958251953125,0.7056659460067749,10.0,5.216389656066895,2710.645679538364,161.55494421403512,13.757951875632576,1
bg_608,85.54918036640717,28.13604236164955,20.781269073486328,4856.0,168.84339904785156,-0.006223451346158981,70.0,4.091997146606445,7698.844069079461,2408.4227203711557,16.296522600836877,0
1232,85.89329308042545,27.87945155784731,41.71076202392578,1422.0,199.19271850585935,0.4043535590171814,10.0,4.586504936218262,30.0,120.0,14.73862047132086,1
bg_357,85.67449534854185,27.973267632167094,25.43105697631836,2709.0,312.9120178222656,0.767998993396759,10.0,4.595747470855713,3880.2190659806824,1343.3167906342867,15.7328930434244,0
bg_1034,85.7876830743409,27.727219075846758,29.70775604248047,1057.0,248.35675048828125,0.6277878284454346,10.0,4.70947265625,563.6488268416781,84.8528137423857,14.428894341013047,0
1255,85.95043608139069,27.87043455928798,54.5387077331543,2072.0,258.0216369628906,0.3999780118465423,10.0,4.586504936218262,4212.944338583173,296.98484809835,14.246151362132002,1
706,85.96474894346338,27.81668543512215,37.88673782348633,2517.0,206.54627990722656,0.6933621764183044,10.0,4.941662311553955,7465.420282877582,882.3264701911645,15.050839110580684,1
bg_602,85.68096321858751,28.1018165493246,18.07019805908203,3685.0,206.74087524414062,0.5055950880050659,10.0,4.347579002380371,8419.317074442557,7398.330892843331,15.908480562208846,0
bg_769,85.86179408528078,28.057888931931153,24.84221076965332,4119.0,143.53451538085938,0.33138543367385864,30.0,4.297876358032227,8617.105082334785,60.0,15.840899167846153,0
330,85.641150365102,27.825901577396213,35.45195007324219,1364.0,230.4633026123047,0.7895699739456177,10.0,4.497191429138184,6144.949145436437,234.30749027719963,14.371424068141955,1
501,85.5021383901269,27.89555157597744,43.90119171142578,1636.0,149.07769775390625,0.5772548913955688,30.0,4.496346950531006,3960.0,30.0,14.3440545450744,1
bg_994,85.71950094427623,28.013152830782,30.602981567382812,3158.0,244.02999877929688,0.8638489246368408,10.0,4.635933876037598,5983.477249894078,576.2811813689564,15.611581209234192,0
797,85.8985457503784,27.822601177549902,39.14715576171875,1806.0,167.00601196289062,0.3742749989032745,30.0,4.941662311553955,1699.1762710207556,120.0,14.658685867553071,1
35,85.92657548008795,27.80756404328956,57.246978759765625,1849.0,336.40399169921875,0.4815825521945953,10.0,4.941662311553955,3094.802093834111,134.1640786499874,14.088468383916592,1
859,85.46370656556974,27.84272329146615,27.750886917114254,1744.0,213.8291015625,0.5034288763999939,10.0,4.804811000823975,8671.29748076953,30.0,14.97038566901072,1
1194,85.94123910381347,27.869435629213893,23.62712860107422,1634.0,357.6009216308594,0.0952065363526344,60.0,4.586504936218262,3408.005281686048,730.5477397131552,15.156100988611392,1
bg_447,85.73028072768567,27.760097415245532,11.927513122558594,1413.0,4.968114852905273,0.43934759497642517,40.0,4.541873455047607,3804.326484412188,161.55494421403512,15.71588147263687,0
255,85.52120417535663,27.8716898359738,36.983192443847656,1296.0,149.29420471191406,0.462092638015747,30.0,5.103635787963867,1830.0,331.36083051561786,14.541225914350555,1
bg_278,85.55996014981662,27.871129184362704,18.59567642211914,1281.0,344.2088317871094,0.5498876571655273,10.0,5.103635787963867,1652.4527224704493,94.86832980505139,15.153435130671786,0
371,85.52832115914008,27.93780107567277,35.60353469848633,2221.0,174.12484741210938,0.5628526210784912,60.0,4.987441062927246,2623.9283526803856,0.0,14.948897628722426,1
653,85.75042664604251,28.055835486339006,36.945919036865234,2802.0,90.0,0.5943232774734497,10.0,4.903069972991943,450.0,590.9314681077662,15.140544470091156,1
bg_312,85.95638668469856,27.96572178378049,22.101585388183594,1777.0,108.59642028808594,0.624250054359436,10.0,3.8100929260253906,0.0,0.0,15.124935660832119,0
387,85.68499458715003,27.801052894822902,33.99999237060547,1130.0,327.13775634765625,0.4826548993587494,10.0,4.263062000274658,8670.0,30.0,14.134158447151046,1
175,85.93162788797163,27.723885521306592,58.25941848754883,1971.0,348.9124450683594,0.8010948896408081,10.0,4.780183792114258,6915.374176427476,123.69316876852982,14.023181142752538,1
bg_320,85.65805617884246,28.1093623977112,14.555630683898926,4463.0,355.9469299316406,0.03561921790242195,70.0,4.347579002380371,9932.356215923792,8068.8846812927,16.426555772796632,0
bg_565,85.57532134117506,28.142510231695212,23.81618881225586,4628.0,246.20787048339844,0.22545233368873596,70.0,3.858997106552124,6037.458074388591,295.4657340538831,16.225713516437146,0
1209,85.8717853308399,27.880886470060453,54.2751579284668,1479.0,209.1667022705078,0.5028586983680725,30.0,5.2028632164001465,1087.0602559196063,84.8528137423857,14.250702752125685,1
183,85.67213338519676,27.77102882041749,53.93976211547852,1062.0,106.43282318115234,0.7463514804840088,10.0,4.263062000274658,5509.718686103674,108.16653826391968,14.078901549896932,1
bg_172,85.7906475147785,27.863583335976102,10.555768966674805,2164.0,17.144636154174805,0.8030792474746704,10.0,5.7131733894348145,2655.80496271846,174.92855684535903,15.344258277399506,0
bg_966,85.5260038320769,28.098043625131297,38.44549560546875,4673.0,200.28700256347656,0.1567143201828003,60.0,4.3097357749938965,12443.202963867463,5310.0,15.417063294162695,0
bg_701,85.99007350785304,27.895653191619168,36.953712463378906,3205.0,42.978172302246094,0.8313102722167969,10.0,4.020069122314453,6957.154590779193,920.271699010678,15.139379077639814,0
bg_324,85.89467242467954,27.96114037583148,34.32990264892578,3258.0,96.806640625,0.5240793228149414,10.0,3.8100929260253906,5037.2313824163375,597.7457653551382,15.375325094410403,0
bg_575,85.97875473527313,27.834208426185395,9.746002197265625,3220.0,253.57618713378906,0.8417204022407532,10.0,4.383127212524414,9146.901114585202,335.4101966249685,16.745232253284744,0
bg_327,85.59283848921538,27.97245914841139,28.125049591064453,2978.0,59.012760162353516,0.7588902711868286,10.0,4.808651447296143,4500.0,721.2489168102784,15.633230227053636,0
bg_1028,85.73324516812326,28.010996874100115,32.72336959838867,3455.0,87.1119384765625,0.34240245819091797,30.0,4.635933876037598,5073.549053670418,408.0441152620633,15.248868882530399,0
bg_974,85.7936119552161,28.021776657509548,34.71730041503906,2710.0,252.31886291503906,0.885435163974762,10.0,4.568583965301514,818.8406438373709,874.642784226795,15.183153945325497,0
bg_972,86.01271105301285,27.903199040005774,30.890159606933594,3244.0,242.61341857910156,0.7158176898956299,10.0,4.020069122314453,8487.243368726975,1234.382436686459,15.582734695927801,0
bg_277,85.63461014992694,27.82262015902025,19.991365432739258,1657.0,40.8487548828125,0.7916349768638611,10.0,4.497191429138184,5708.598777283266,150.0,15.32561818231161,0
bg_436,85.88793506004865,27.681135501771426,14.955571174621582,2034.0,141.9822235107422,0.4281674325466156,10.0,4.370652198791504,8382.83961435503,134.1640786499874,15.846631608435317,0
bg_831,85.80250527652888,28.052499040226436,45.777042388916016,3484.0,228.571044921875,0.2895062565803528,30.0,4.568583965301514,2397.185850116757,1697.586522095413,15.037782050409296,0
1181,85.90768576397538,27.87429659694292,42.522247314453125,1511.0,13.86458969116211,0.5818353891372681,60.0,4.586504936218262,570.0,276.5863337187866,14.428854891340732,1
bg_835,85.69120401282647,28.136581350820023,15.362433433532715,5475.0,249.2971649169922,-0.0219449233263731,70.0,3.9022998809814453,7773.705680047322,9889.812940597007,16.351421335471578,0
396,85.73630758408413,27.850436485593228,41.52923583984375,1450.0,14.36342430114746,0.7415871620178223,10.0,4.696327209472656,2202.2942582679543,563.6488268416781,14.654613590193373,1
bg_558,85.85909913942841,28.081873950017144,36.586402893066406,4844.0,120.10433959960938,-0.036772582679986954,100.0,3.896871328353882,9416.081987748406,1529.7058540778355,15.862925550045913,0
bg_1087,85.61817098022756,27.990245791036955,20.62119483947754,2026.0,43.00323486328125,0.8097053170204163,10.0,4.772528171539307,2397.185850116757,494.77267507411926,15.877970828392984,0
447,85.58417456711275,27.967307215075525,42.77157974243164,2779.0,240.6619873046875,0.5498534440994263,30.0,4.808651447296143,4402.646931108603,313.20919526731655,14.91761620796042,1
bg_113,85.59229950004492,28.061122866953983,11.85037899017334,3189.0,51.88947677612305,0.7507128119468689,10.0,4.835017204284668,10627.963116232575,2805.2807346146305,16.185850223651528,0
bg_767,85.5313937237816,28.09966059264271,62.01397705078125,4674.0,84.07505798339844,0.11000383645296097,70.0,4.3097357749938965,12199.823769218963,4710.859794135249,14.645766170812985,0
286,85.55607503121853,27.85446759516138,39.98584365844727,1168.0,195.18704223632807,0.260825514793396,60.0,5.103635787963867,218.40329667841556,0.0,14.146923248197108,1
bg_880,85.82945473505247,27.759827920660296,10.992984771728516,821.0,180.0,0.7604790329933167,10.0,6.054154872894287,180.0,150.0,15.267380065584563,0
1178,85.89600375847832,27.87438089022511,36.90629959106445,1301.0,18.48139762878418,0.6760292649269104,10.0,4.586504936218262,60.0,308.86890422961005,14.45327373283105,1
bg_665,85.97579029483553,27.816152288974592,47.07283020019531,2606.0,228.50885009765625,0.8344722986221313,10.0,4.383127212524414,8649.369919248453,335.4101966249685,14.701714687116361,0
357,85.63283156347947,27.877828049150374,32.96525955200195,1228.0,356.7625427246094,0.6109625697135925,10.0,4.559855937957764,1747.741399635541,536.6563145999496,14.455945374716585,1
bg_1056,85.84670238850757,27.743119256375675,39.983863830566406,1153.0,15.172194480895996,0.7583586573600769,10.0,5.7190961837768555,1260.0,301.4962686336267,14.047473719988995,0
1211,85.87559472629314,27.88171539684272,37.5501708984375,1639.0,188.21812438964844,0.5249221324920654,30.0,5.2028632164001465,885.889383614004,60.0,14.572987487164443,1
788,85.89580268599755,27.821557943577314,31.92964744567871,1750.0,267.0219421386719,0.4034983813762665,10.0,4.941662311553955,1415.097169808491,0.0,14.83776933650148,1
bg_681,85.89009101673054,27.843640736668647,43.48078918457031,1824.0,225.5840606689453,0.45726141333580017,30.0,4.941662311553955,780.0,617.7378084592201,14.540849301129741,0
430,85.73064480418076,27.9175832700714,37.4251594543457,2539.0,38.49354553222656,0.7485470771789551,10.0,4.452770709991455,3669.945503682582,960.0,15.017269176230428,1
664,85.746026174618,28.06821085503682,34.543880462646484,2903.0,106.3901824951172,0.6372697949409485,10.0,4.903069972991943,450.0,641.3267497929585,14.61707755289462,1
bg_841,85.64592892250685,28.13226943745625,34.48321533203125,4814.0,61.877201080322266,-0.07418596744537354,60.0,3.7368857860565186,7174.517405372992,7625.49014818064,15.91414915323352,0
984,85.90879061005829,27.927474410670857,36.85438537597656,2580.0,118.36646270751952,0.5379084944725037,30.0,4.404165267944336,1826.3077506269308,442.944691807002,15.038134590734474,1
1227,85.87044823213698,27.885455609227296,26.0521240234375,1752.0,228.5269927978516,0.6328566670417786,10.0,5.2028632164001465,1555.6670594957009,268.3281572999748,15.052804113038688,1
bg_28,85.52842928334401,28.010188390344407,39.215457916259766,2118.0,75.05545043945312,0.7917253971099854,10.0,4.726099014282227,8596.766834106878,169.7056274847714,15.400035389957445,0
951,85.91625719828501,27.908641885559327,49.79150390625,1484.0,182.66259765625,0.2283197790384292,30.0,4.404165267944336,60.0,192.09372712298543,13.951380609953109,1
915,85.53276209680324,27.937472791664472,25.912355422973636,2181.0,109.46257781982422,0.5633987784385681,10.0,5.221707344055176,2146.6252583997984,254.5584412271571,15.309673991971252,1
1330,85.59233217521914,28.033738765423102,31.994787216186523,2362.0,114.49271392822266,0.797599732875824,10.0,4.835017204284668,7997.405829392428,764.8529270389178,15.0529769448369,1
bg_985,85.60065383218722,27.958984419149594,25.93341827392578,2377.0,78.47895812988281,0.8292601108551025,10.0,4.808651447296143,3654.216742340279,872.066511224918,15.030332149194232,0
1259,85.96405845095761,27.86755167897109,44.68749237060547,2247.0,161.65689086914062,0.5264256000518799,30.0,4.586504936218262,5739.416346633167,180.0,15.485725688991868,1
bg_213,85.47506935546731,27.85846293885662,37.053550720214844,1579.0,133.321044921875,0.7633686661720276,10.0,4.607892036437988,7021.858728285553,108.16653826391968,13.790375630238213,0
bg_533,85.50363578150231,28.13496438330861,36.41642379760742,5140.0,50.47920608520508,-0.05084572359919548,70.0,3.683410167694092,8011.572879279075,7001.514121959621,15.799254896878818,0
151,85.92285470834955,27.71036641751735,34.21060562133789,1967.0,246.1231842041016,0.1698941886425018,30.0,4.370652198791504,7302.08874227094,0.0,14.83472677236529,1
1091,85.61702312395475,28.009396175038404,40.2121696472168,2321.0,229.38211059570312,0.8297683596611023,10.0,4.772528171539307,4280.864398693329,726.2231062146122,14.805709270017404,1
1253,85.94608640741478,27.87451317105233,42.79412841796875,2154.0,202.0747833251953,0.3135100305080414,60.0,4.586504936218262,3585.2196585425554,30.0,14.87274288421376,1
413,85.64650218823738,27.894292553847432,38.22113037109375,1435.0,189.3696746826172,0.7370338439941406,10.0,4.625964164733887,2516.068361551411,180.0,14.59372878425292,1
bg_694,85.4982458897976,28.047648137692192,42.02149963378906,3712.0,85.87922668457031,0.37752702832221985,60.0,4.541608810424805,13765.554838073182,1898.5520798756088,15.258129547966648,0
813,85.89562248966483,27.809158140524485,31.72413444519043,1272.0,210.21725463867188,0.3782178163528442,30.0,4.941662311553955,465.7252408878008,42.42640687119285,14.401138759942867,1
bg_737,85.91299805647559,27.9417367656945,17.632938385009766,2373.0,48.541812896728516,0.8358974456787109,10.0,3.8100929260253906,2286.5038814749473,1132.0777358467924,15.83062382386701,0
bg_1038,85.97228686522747,27.902929545420537,13.685545921325684,2809.0,355.6859436035156,0.7144340872764587,10.0,4.020069122314453,4819.18042824711,1590.2829936838286,15.629261950868141,0
1229,85.86932490538335,27.885870438898007,25.35580825805664,1752.0,157.26498413085938,0.3948051929473877,30.0,5.2028632164001465,1677.0509831248423,247.38633753705963,15.0516745859113,1
bg_626,85.5448684530434,28.026627560043796,33.126060485839844,2669.0,194.65077209472656,0.678150475025177,10.0,4.726099014282227,9985.35928246951,1946.9976887505543,15.212141249315462,0
168,85.94722755345657,27.75131622072218,53.678497314453125,2477.0,1.541117787361145,0.8063063025474548,30.0,4.780183792114258,6373.641031623918,1240.2015965156631,14.670211829687112,1
bg_621,85.47776430131968,27.875980086896952,35.683006286621094,1974.0,172.67459106445312,0.7534246444702148,10.0,4.607892036437988,6661.080993352355,174.92855684535903,14.717625261580494,0
bg_496,85.59930635926105,27.97811853470134,40.7950439453125,2477.0,38.020198822021484,0.8326823711395264,10.0,4.808651447296143,3797.1041597512176,1288.2546332150332,14.87050348222188,0
bg_164,85.74671989738506,28.03740734345323,34.0131950378418,3413.0,20.689287185668945,0.6734753251075745,10.0,4.903069972991943,1933.313218286163,1811.2150617748296,15.69956592348734,0
bg_784,85.4839626767801,27.95682846246771,38.06132125854492,2962.0,110.57626342773438,0.8763704895973206,10.0,4.546175479888916,7973.117332637216,268.3281572999748,15.320239397426642,0
bg_206,85.73674859773134,28.10046907639842,44.87874221801758,3776.0,125.8193588256836,0.45020532608032227,30.0,4.176478385925293,3612.6029397098155,3553.8289210371395,15.25436678995243,0
bg_15,85.61116412101143,27.783812938746287,24.258548736572266,1333.0,194.09986877441406,0.33135855197906494,30.0,4.361113548278809,2591.138745802702,0.0,14.861029085404253,0
bg_715,85.85128379645657,27.695149220203692,21.757720947265625,1968.0,13.240299224853516,0.8149810433387756,10.0,4.840806007385254,6600.0,603.7383539249432,15.349859187400265,0
845,85.47381105928308,27.87668958883472,34.52018737792969,2087.0,129.45416259765625,0.3745173811912536,60.0,4.607892036437988,7113.100589756903,123.69316876852982,14.705731519635345,1
bg_864,85.771782893812,28.085107885039974,47.38331985473633,2964.0,122.42453002929688,0.739130437374115,10.0,4.430944442749023,2539.3896904571384,150.0,15.331879405255798,0
bg_915,85.70629570959969,27.921255177216576,24.816823959350586,3232.0,348.5745544433594,0.7970924973487854,10.0,4.452770709991455,6256.27684809424,551.5432893255071,15.908835722299958,0
13,85.78113999960479,27.89351659823767,38.12701416015625,1733.0,204.83790588378903,0.497592568397522,60.0,4.774409770965576,1655.1737068960467,30.0,14.605301390342758,1
bg_764,85.72839426558902,27.998061134008793,33.01363754272461,3684.0,310.37322998046875,0.6529666185379028,10.0,4.635933876037598,5876.401960383581,189.73665961010278,15.71732832850678,0
bg_201,85.67799877814991,27.804564021809448,29.98848533630371,1265.0,113.12352752685547,0.5523415803909302,30.0,4.6042256355285645,9243.992643874182,134.1640786499874,14.59611720853271,0
891,85.66751890436214,27.85660453044967,37.8580436706543,2214.0,203.6055145263672,0.6372426748275757,10.0,4.626403331756592,6257.06800346616,120.0,14.86163661999714,1
748,85.88403862319836,27.859005504724383,26.30936813354492,1449.0,242.7186737060547,0.4686150848865509,60.0,4.586504936218262,540.0,570.7889277132134,14.823743520109533,1
bg_227,85.81705798413162,27.94577918447304,12.121657371520996,2023.0,154.74827575683594,0.6051273345947266,10.0,4.312197685241699,2798.8569095257444,362.49137920783716,14.994291032972434,0
154,85.88108878769984,27.84838466096994,32.211265563964844,1066.0,261.1315002441406,0.6291313171386719,10.0,4.586504936218262,0.0,84.8528137423857,14.515459131445748,1
1046,85.61090615148221,27.926725756113555,30.66951560974121,1944.0,190.682373046875,0.6960112452507019,10.0,4.625964164733887,1932.1490625725544,150.0,14.88959845157383,1
368,85.65389777409226,27.837173771048167,40.720401763916016,1866.0,160.10595703125,0.4514623582363128,10.0,4.497191429138184,6576.229922987791,90.0,14.59533677896918,1
bg_632,86.01136358008667,27.816960772730297,31.34681510925293,3306.0,234.2213134765625,0.648238480091095,10.0,4.383127212524414,12064.215681095891,108.16653826391968,15.504966147825533,0
18,85.64123661467679,28.022615030954444,36.58301162719727,1957.0,278.7818298339844,0.0978147760033607,10.0,4.772528171539307,5356.491388959755,933.3809511662428,14.932017871047655,1
bg_847,85.54379047470246,27.867625754754638,1.0490440130233765,984.0,270.0,0.6036239862442017,40.0,5.103635787963867,120.0,60.0,17.795814462035448,0
256,85.51959020939633,27.870359251752628,46.53755187988281,1286.0,138.74063110351562,0.5000771284103394,10.0,4.607892036437988,2010.0,258.0697580112788,14.237752013618916,1
bg_142,85.87769426580968,27.648796151543124,15.430784225463867,1830.0,96.73587036132812,0.42808797955513,10.0,4.407373905181885,8735.565236434331,30.0,15.775775308746539,0
bg_401,85.75480473494214,28.120411675705874,34.78260040283203,4129.0,299.3031921386719,0.2752203643321991,80.0,3.9751100540161133,5520.733646898752,3924.9585985077606,15.110357518401678,0
bg_163,85.91515401315748,27.968147235047613,19.741750717163086,3118.0,299.7474670410156,0.6484033465385437,30.0,3.8100929260253906,3758.9892258425,637.808748764079,15.97891820360346,0
1067,85.62700976227403,27.950838175408087,41.25817489624024,2018.0,118.67141723632812,0.3922009468078613,10.0,4.582652568817139,1200.0,84.8528137423857,14.641877249600975,1
594,85.74565134748904,27.892884759243028,36.911041259765625,1354.0,165.88650512695312,0.4361685216426849,30.0,4.774409770965576,1410.0,335.4101966249685,14.019936231818328,1
714,85.9190826145808,27.83058431210385,57.42353057861328,2585.0,166.4720001220703,0.4083474278450012,30.0,4.941662311553955,3931.373805681673,324.4996147917591,14.76740279373916,1
235,85.49629664344938,27.859526683615368,31.777387619018555,1304.0,173.2101593017578,0.157516673207283,60.0,4.607892036437988,4690.469059699681,120.0,14.712444698934846,1
333,85.64877549639321,27.86001091674804,34.858551025390625,1921.0,87.33588409423828,0.7844151258468628,30.0,4.559855937957764,4391.184350491334,480.936586256442,14.244146158373468,1
1193,85.93486615894047,27.87117169828003,45.9953498840332,1587.0,17.497873306274414,0.4965986311435699,10.0,4.586504936218262,2740.5291459862274,362.4913792078372,14.4603950268821,1
bg_541,85.53085473461114,28.076753552897664,54.020076751708984,3499.0,203.55308532714844,0.3881661891937256,60.0,4.3097357749938965,14472.442779296105,4711.528414431988,14.890179737649524,0
bg_544,85.5313937237816,27.940928281938792,40.26927947998047,2201.0,76.74385833740234,0.8190954923629761,10.0,4.987441062927246,2455.056007507772,323.10988842807024,14.768176430787179,0
bg_11,85.5553787418676,27.821811675264545,15.377914428710938,1424.0,93.37425994873047,0.720842719078064,10.0,4.967405796051025,1802.4982662959762,67.0820393249937,15.071290085926778,0
627,85.7717951127577,27.925105597695744,42.23666763305664,1387.0,129.93128967285156,0.4299944639205932,30.0,4.774409770965576,30.0,361.2478373637689,14.021719191186266,1
184,85.65264016419465,27.81054117397425,31.950828552246094,1135.0,114.53733825683594,0.7301868200302124,10.0,4.497191429138184,7940.994899885026,400.24992192379,13.980012516693384,1
487,85.88880311102363,27.868175028208075,31.123798370361328,1484.0,283.96246337890625,0.4675324559211731,10.0,4.586504936218262,349.85711369071805,600.7495318350236,14.633821744917435,1
1146,85.87377344420337,27.86620568953241,41.775535583496094,1222.0,184.7029571533203,0.2199025750160217,60.0,5.2028632164001465,150.0,30.0,14.105199488978146,1
552,85.74602085385621,27.906975474124824,62.64736175537109,1974.0,115.813720703125,0.4020141661167145,30.0,4.774409770965576,1600.1562423713503,670.820393249937,14.054592978633297,1
bg_161,85.86179408528078,27.927453552677,27.733247756958008,2512.0,250.20309448242188,0.6352756023406982,30.0,4.632851600646973,6079.424314850872,30.0,15.144406753915801,0
632,85.7739233748034,27.957444941457297,45.34693145751953,2648.0,112.57112121582033,0.4678839445114136,60.0,4.540307521820068,1530.0,680.147042925278,14.77566983523315,1
452,85.55818288987246,27.939920310015,44.55461502075195,1491.0,217.8903045654297,0.4766099750995636,10.0,4.987441062927246,300.0,169.7056274847714,14.498662456266064,1
684,85.7615293426023,27.997106220571887,31.7778434753418,3320.0,6.798403263092041,0.6763551235198975,10.0,4.903069972991943,2482.035455024766,94.8683298050514,15.375193950660462,1
bg_943,85.64053903080213,27.75848044773412,18.3073787689209,1234.0,275.6155090332031,0.35143333673477173,10.0,4.361113548278809,3304.0883765420076,0.0,15.696424351032432,0
bg_338,85.72920274934474,28.11151835439309,11.970070838928223,4249.0,72.21691131591797,0.3123312294483185,30.0,4.176478385925293,5084.977876058066,5043.213261403884,17.876985674565084,0
bg_868,85.7335146627085,27.81345734312223,26.450586318969727,1520.0,199.33502197265625,0.35534489154815674,30.0,4.7904558181762695,3289.756829919196,30.0,14.932759347248592,0
958,85.91932012484496,27.914826493002497,59.43719100952149,1899.0,151.57614135742188,0.2338211387395858,30.0,4.404165267944336,180.0,300.0,14.125362236723394,1
bg_1016,85.68284968068416,27.971381170070444,24.920717239379883,2693.0,311.4503479003906,0.8546867370605469,10.0,4.595747470855713,4724.880950881196,1124.499888839479,15.661488500890359,0
1252,85.91795596449474,27.880403433613385,31.87737274169922,1247.0,227.40817260742188,0.514483630657196,30.0,4.586504936218262,711.1961754677818,108.16653826391968,13.809992421911303,1
bg_150,85.56184661191327,28.127149040336768,35.707740783691406,4870.0,154.27000427246094,-0.028154851868748665,70.0,4.091997146606445,8046.266214835301,1580.9174551506478,15.936208984175428,0
792,85.89546126004515,27.82627675959821,30.646005630493164,1853.0,205.62767028808597,0.311224490404129,10.0,4.941662311553955,1489.7650821522163,0.0,14.798383403101209,1
bg_698,85.58448415707308,27.99374922064502,18.363910675048828,2692.0,12.762191772460938,0.8080552816390991,10.0,4.835017204284668,5821.932668796505,708.0254232723568,15.372330625889862,0
170,85.92774377357715,27.76137788454159,46.05357360839844,2194.0,3.032259702682495,0.8251082301139832,10.0,5.216389656066895,3949.645553717447,400.24992192379,14.57616845194276,1
bg_720,85.74914534865218,27.929879003944123,6.27341365814209,2668.0,90.0,0.7647402286529541,10.0,4.774409770965576,2442.0073709962467,305.9411708155671,16.789562440020738,0
bg_309,85.78903054726709,28.005067993224927,52.008907318115234,1964.0,256.8454895019531,0.4433046877384186,30.0,4.903069972991943,210.0,349.85711369071805,14.243639356795892,0
494,85.55332719783426,27.843576843219875,29.17003059387207,1030.0,136.46929931640625,0.4728260934352875,30.0,4.967405796051025,295.4657340538831,60.0,14.419839835984126,1
936,85.69667081582004,27.910627690519792,57.087772369384766,2960.0,213.05165100097656,0.3270812630653381,30.0,4.548963069915772,6697.730959063674,420.0,14.459956682559849,1
734,85.76488368611855,27.71864215328992,36.5323600769043,985.0,26.37850570678711,0.6341681480407715,10.0,4.70947265625,318.9043743820395,216.33307652783932,14.206089642502183,1
340,85.65011464580294,27.869400869931862,13.960384368896484,1578.0,54.12234878540039,0.709504246711731,10.0,4.559855937957764,3854.1536035814656,60.0,15.399727542415429,1
463,85.52161726911724,27.99272982213144,43.48796844482422,2316.0,166.58990478515625,0.7197657227516174,10.0,4.726099014282227,7182.478680789802,127.27922061357854,14.712842200007405,1
103,85.54053570648878,27.987197931547644,38.42892456054688,1902.0,178.6760711669922,0.7245244383811951,10.0,4.726099014282227,5765.0758884857705,90.0,14.653859274869486,1
bg_484,85.74591141362936,28.098043625131297,69.59365844726562,3552.0,285.7237548828125,0.372902512550354,30.0,4.430944442749023,3063.233585608515,2830.1943396169813,15.47208800402083,0
bg_1074,85.55753469854949,28.044414202669362,33.50743865966797,3374.0,265.7935485839844,0.5869776606559753,10.0,4.726099014282227,11444.321736127486,2737.0787347096903,15.66672783935669,0
158,85.90096909943209,27.712579962399392,19.192739486694336,1477.0,251.00247192382807,0.7933474779129028,10.0,4.370652198791504,5736.906832082947,722.4956747275378,15.148137486829055,1
bg_160,85.82999372422294,27.70565950902789,17.81421661376953,1839.0,52.80622100830078,0.7515583038330078,40.0,4.813807010650635,4585.193561890272,150.0,15.557525713775558,0
bg_175,85.71626700925341,28.089958787574222,23.078371047973633,4373.0,142.9224395751953,0.31617501378059387,100.0,4.176478385925293,4312.7021691742175,4441.823949685535,16.093714355661255,0
bg_503,85.64215599831356,28.107475935614552,8.790606498718262,4708.0,251.6970977783203,-0.08918548375368118,100.0,4.257054328918457,9691.857407122743,7033.384675957942,17.189194646035926,0
bg_692,85.93833054748775,28.007223949906813,36.362483978271484,3637.0,264.9544982910156,0.384172648191452,10.0,4.106739044189453,3630.0,2575.985248404967,15.412598131874784,0
861,85.51438690272226,27.83083959955474,37.87419509887695,1852.0,217.72930908203125,0.5920349955558777,10.0,4.804811000823975,4348.758443510055,300.0,14.844959052802825,1
bg_259,85.71599751466817,27.903738029176242,44.303070068359375,2489.0,124.32865905761719,0.8010236620903015,10.0,4.452770709991455,4728.689036086006,630.7138812488591,14.760749026246701,0
313,85.67430659504268,27.86037036921216,29.471271514892575,2277.0,166.89088439941406,0.5902643799781799,10.0,4.626403331756592,6694.9085131912,60.0,15.19084363183669,1
bg_813,85.76315906708444,27.833399942429686,37.8597412109375,1469.0,113.30722045898438,0.7103419899940491,10.0,5.8279619216918945,618.4658438426491,180.0,14.377195656582135,0
1131,85.66923246123768,28.00599614152331,53.97733688354492,2605.0,192.31658935546875,0.5563632249832153,30.0,4.758371829986572,4964.070910049533,894.9860334105779,14.99624166175033,1
bg_657,85.92970672076021,27.782734960405346,25.745431900024414,1049.0,340.03338623046875,0.7676088213920593,10.0,5.2163896560668945,3331.215994197915,240.0,14.307595196629528,0
bg_471,85.64754589001826,28.058966910272098,30.22514533996582,2895.0,138.60801696777344,0.8628954887390137,10.0,4.772528171539307,9429.167513624943,2349.4041797868667,15.456374926989938,0
bg_124,85.9650105114261,27.86816474392511,33.420860290527344,2278.0,228.52247619628906,0.7298804521560669,10.0,4.586504936218262,5827.186284992097,169.7056274847714,15.060974696780884,0
436,85.88797436713605,27.82491412241902,37.05951690673828,1508.0,233.1161346435547,0.4849785268306732,10.0,4.941662311553955,722.4956747275378,30.0,14.50827896430475,1
379,85.69495872281223,27.825023799599656,43.13670349121094,1825.0,226.2861328125,0.5246701240539551,10.0,4.6042256355285645,7617.046671775091,42.42640687119285,14.652859413606702,1
bg_280,85.74806737031123,27.738537848426663,23.167774200439453,1713.0,289.9042053222656,0.5929756164550781,30.0,4.70947265625,3000.0,0.0,14.976360727184106,0
bg_975,85.71141610671917,28.079717993335258,22.55176544189453,4306.0,144.94517517089844,0.27038124203681946,100.0,4.176478385925293,4402.74914116169,4024.027832905732,15.808989102137073,0
bg_9,85.64673740626256,27.873824130215063,37.970542907714844,1539.0,5.38539981842041,0.6302822828292847,30.0,4.559855937957764,3301.7722513825815,30.0,14.524581720800402,0
1122,85.6461390189855,28.01504407739207,44.37296295166016,1897.0,196.3277740478516,0.6825437545776367,10.0,4.772528171539307,4601.260696809082,84.8528137423857,14.618313429669724,1
913,85.51928550666089,27.914588858950527,51.74902725219727,1597.0,132.561279296875,0.2751165628433227,60.0,4.496346950531006,2751.18156434649,0.0,14.422714161841924,1
bg_600,85.87419083620162,27.761175393586477,35.938209533691406,815.0,300.905029296875,0.47470909357070923,30.0,6.045157432556152,0.0,90.0,13.818614890624533,0
373,85.52076173484771,27.949119514944,37.893516540527344,2506.0,206.5742645263672,0.766477644443512,10.0,4.987441062927246,3969.3072443437786,84.8528137423857,14.99398423069794,1
bg_731,85.58879607043684,27.882717451527846,21.5615234375,1506.0,30.651302337646484,0.5560253858566284,10.0,5.267827987670898,1531.1760186209815,218.40329667841553,15.047188010091839,0
15,85.90413352306754,27.901740205067235,38.665775299072266,1808.0,124.50311279296876,0.3519225120544433,30.0,4.404165267944336,930.0,218.40329667841556,14.738958550873862,1
1101,85.61504404496674,27.982017877857324,35.57832336425781,2078.0,193.3336334228516,0.5114460587501526,30.0,4.582652568817139,2194.925966860841,30.0,14.886240250251364,1
211,85.51624928897157,27.89211849256269,38.60063171386719,1494.0,166.73654174804688,0.5891891717910767,10.0,4.607892036437988,2400.0,0.0,14.36042974726038,1
304,85.66663938325338,27.783266998702093,35.7639274597168,1210.0,113.86260223388672,0.7834268808364868,10.0,4.263062000274658,6625.315086846813,30.0,14.458448184171312,1
bg_583,85.48746610638817,28.067051747829172,16.450666427612305,3815.0,60.4356575012207,0.4136154055595398,30.0,4.541608810424805,11864.383675522298,4176.469801159827,16.37534003457891,0
bg_588,85.50040184647949,27.837981350378694,27.963117599487305,1895.0,270.0,0.7834998965263367,10.0,4.804811000823975,5138.501727157441,42.42640687119285,15.202738239562912,0
1105,85.62299618350744,27.9965958931894,53.46577835083008,1640.0,212.9094390869141,0.3287034332752228,30.0,4.772528171539307,2696.9983314789056,84.8528137423857,14.03678421673472,1
302,85.9827686099943,27.75681666380319,36.6955451965332,2146.0,34.37081527709961,0.8082758784294128,10.0,4.183233737945557,9677.034669773588,986.8130522039116,14.80206158791334,1
1047,85.61256758191864,27.928047339488817,39.43910598754883,2069.0,169.7355194091797,0.6463280916213989,10.0,4.625964164733887,1889.04737897174,0.0,14.735716343327573,1
165,85.91717694587294,27.75999603313404,48.1343994140625,1904.0,189.43551635742188,0.2514752745628357,30.0,5.216389656066895,3228.8697712976905,120.0,14.349965983681484,1
364,85.6586863125089,27.893969130553213,29.498498916625977,1870.0,230.98692321777344,0.6289654970169067,30.0,4.548963069915772,3676.193683689693,30.0,14.88323108148604,1
bg_727,85.78956953643757,27.78569940084294,32.725242614746094,1466.0,220.9117889404297,0.6232464909553528,10.0,6.054154872894287,2580.0,30.0,14.41949599397862,0
bg_366,85.85317025855322,27.72533261375011,17.591655731201172,1891.0,144.77545166015625,0.5897002816200256,10.0,5.7190961837768555,3240.0,0.0,15.476481461357032,0
bg_753,85.62706430154034,27.870590195192232,23.063114166259766,1592.0,37.021507263183594,0.5834512114524841,30.0,4.559855937957764,1874.459922217597,30.0,14.902145476143152,0
651,85.750082865445,28.05719246710611,58.8953971862793,2807.0,65.1669921875,0.5295152068138123,30.0,4.903069972991943,480.0,550.7267925205746,13.94280776486079,1
166,85.9179549019951,27.759611334005303,47.083126068115234,1885.0,242.1864318847656,0.3630756437778473,30.0,5.216389656066895,3316.051869316884,134.1640786499874,14.312084894107,1
136,85.92438012852486,27.78116043268913,41.52090072631836,1118.0,341.9418029785156,0.7707454562187195,10.0,5.216389656066895,2740.5291459862274,152.97058540778357,13.878762736203186,1
609,85.74075792955287,27.8955639842316,41.65459442138672,1695.0,190.67938232421875,0.6220998167991638,10.0,4.452770709991455,1980.0,42.42640687119285,14.44134512910428,1
265,85.48653932209903,27.8867226245812,37.4123649597168,1997.0,100.98017120361328,0.7908040881156921,10.0,4.607892036437988,5701.263017963652,0.0,14.866645863484328,1
860,85.46463476435689,27.84302019710315,28.23634529113769,1769.0,185.8700408935547,0.5173989534378052,30.0,4.804811000823975,8547.894477589203,123.69316876852982,14.708843787461593,1
bg_949,85.67233939185996,27.86627828182846,25.899202346801758,2305.0,250.5255889892578,0.8274425268173218,10.0,4.626403331756592,6240.0,174.92855684535903,15.406356295136284,0
bg_653,85.87742477122445,27.69380174727751,27.38454818725586,1908.0,-0.0,0.8284518718719482,10.0,4.840806007385254,6791.538853603062,192.09372712298546,14.981299223550087,0
370,85.52753694049682,27.938110729870623,26.709585189819336,2264.0,175.82325744628906,0.367156445980072,60.0,4.987441062927246,2718.602582210206,30.0,15.179497700308012,1
bg_402,85.83807856178002,28.17511907650875,23.61213493347168,5364.0,202.21463012695312,-0.07135847210884094,70.0,2.95767879486084,9395.940612839142,6849.5985283810605,16.389398929213648,0
bg_189,85.46671502332501,27.8207336969236,28.08393096923828,1679.0,139.3265838623047,0.6159802675247192,30.0,4.804811000823975,9351.390270970407,67.0820393249937,15.176213149183122,0
848,85.47324998215844,27.87622692411593,23.00177955627441,2078.0,162.42408752441406,0.3865070343017578,10.0,4.607892036437988,7171.568866015302,60.0,14.988784384439109,1
1049,85.6121838673121,27.91991482452732,45.70673370361328,1607.0,164.4484100341797,0.2167626768350601,30.0,4.625964164733887,1491.8780110987627,30.0,14.266958484752434,1
233,85.48900282259589,27.887524428408177,26.69022750854492,1852.0,130.0899658203125,0.647687554359436,10.0,4.607892036437988,5430.082872295781,0.0,14.942965763627026,1
678,85.7591427893679,28.00866098010397,49.32616424560547,2772.0,338.75274658203125,0.7088504433631897,10.0,4.903069972991943,2265.14900172152,782.3042886243179,14.682289999714053,1
1189,85.9180139678818,27.878508822148564,55.53401184082031,1406.0,38.94057083129883,0.4833424389362335,30.0,4.586504936218262,829.7590011563599,60.0,13.484166224315343,1
580,85.7508293441721,27.90109109085264,38.41622924804688,1652.0,132.34523010253906,0.4531683027744293,30.0,4.774409770965576,853.2877591996735,30.0,14.546060445051642,1
bg_295,85.7087211608668,27.701347595664117,25.046192169189453,1085.0,258.0035400390625,0.5416021943092346,40.0,3.891842842102051,2779.6582523756406,339.4112549695428,14.5450085961134,0
bg_285,85.94129498792535,27.718325754533975,30.02005386352539,2447.0,333.7008056640625,0.770856499671936,10.0,4.780183792114258,8154.317874598709,301.4962686336267,15.640661663664927,0
773,85.8834141601063,27.82751750345124,39.71417236328125,1509.0,173.67405700683594,0.4084325730800628,30.0,4.941662311553955,566.0388679233962,84.8528137423857,14.741454206363752,1
4,85.73667548204722,27.89870797787304,45.40750503540039,1942.0,155.4598388671875,0.7058193683624268,10.0,4.452770709991455,2430.0,0.0,14.40572178276577,1
bg_267,85.61358957227854,27.830704996577328,18.5617618560791,1842.0,281.1179504394531,0.3488103747367859,40.0,4.497191429138184,3293.584673270144,90.0,15.514971509992115,0
541,85.75162388576197,27.877420021961623,40.06111145019531,1256.0,113.84426879882812,0.4835537374019623,30.0,5.343934535980225,424.2640687119285,391.15214431215895,14.380473521075242,1
6,85.73905613773522,27.88988402609659,30.321460723876957,1387.0,24.02300071716309,0.3049099445343017,10.0,4.696327209472656,2160.0,67.0820393249937,14.36327531228753,1
bg_871,85.66371556513242,27.846066187935772,49.94978713989258,2157.0,107.41926574707031,0.7394385933876038,10.0,4.6042256355285645,6683.000822983639,189.73665961010278,14.560040661807822,0
625,85.7716965689163,27.923132247434364,34.40293502807617,1284.0,81.84600067138672,0.6027237176895142,10.0,4.774409770965576,0.0,240.0,14.447751827909132,1
269,85.56902900447724,27.798059343785017,30.182817459106445,895.0,118.23920440673828,0.2811929285526275,30.0,4.549545764923096,210.0,30.0,14.261103255435785,1
1341,85.62900342323962,27.99635859174744,53.59689712524414,1983.0,241.4816436767578,0.4618516266345978,10.0,4.772528171539307,2447.5293665245367,127.27922061357854,14.294088260802814,1
620,85.75463642188096,27.92587802012993,41.962032318115234,2509.0,106.74047088623048,0.8506603240966797,10.0,4.774409770965576,1710.263137648707,84.8528137423857,14.816761047075254,1
284,85.61990074893444,27.77727220944195,22.114131927490234,1353.0,174.83340454101562,0.1927978545427322,30.0,4.361113548278809,2766.026030246281,0.0,14.63406409889902,1
1102,85.61586991470779,27.98255307410728,28.43934631347656,2119.0,128.87924194335938,0.7476767897605896,10.0,4.772528171539307,2135.275157912909,42.42640687119285,15.174784679666043,1
bg_247,85.63002874197794,28.032017451748512,28.829036712646484,2645.0,91.68531799316406,0.8235294222831726,10.0,4.772528171539307,6370.180531193759,1777.1043863543864,15.784090190149339,0
bg_51,85.95611719011332,27.926645068921292,26.187707901000977,2379.0,17.339454650878906,0.7721254229545593,10.0,4.404165267944336,2058.0087463370996,174.92855684535903,15.803704102689432,0
bg_314,85.73917404899845,27.88649037572115,32.289649963378906,1636.0,18.59067726135254,0.7885030508041382,10.0,4.696327209472656,2118.1359729724622,60.0,14.762016745508816,0
bg_194,85.52465635915071,27.98512539391747,43.78401184082031,1880.0,28.565156936645508,0.7749866247177124,10.0,4.726099014282227,6251.88771492259,90.0,14.48680650808515,0
1045,85.61146999323624,27.92842805417074,48.53993606567383,2134.0,189.3153839111328,0.5542770624160767,30.0,4.625964164733887,1998.0990966416057,30.0,14.395683079918784,1
bg_599,86.03696556568408,27.89942611581247,17.939640045166016,3749.0,-0.0,0.46008118987083435,10.0,4.051556587219238,11018.824801220862,570.7889277132134,16.311387152422874,0
bg_1078,85.73243668436756,27.809953913514168,31.545196533203125,1268.0,212.45443725585938,0.4876912832260132,30.0,4.7904558181762695,3364.8179742743887,0.0,14.743042986153108,0
320,85.67581239150985,27.8359203132508,50.62513732910156,1391.0,144.1329345703125,0.3603825867176056,30.0,4.6042256355285645,8404.284621548702,234.30749027719963,13.946407474132052,1
789,85.8945997253233,27.82569487748777,26.06598472595215,1768.0,206.6819610595703,0.3342918753623962,10.0,4.941662311553955,1382.9316685939332,0.0,14.713733643665496,1
bg_451,85.84239047514379,28.155176477201298,22.16306495666504,5069.0,336.0673522949219,-0.05826995521783829,70.0,3.346968173980713,9636.353044591091,4876.822736167473,17.128079643558262,0
359,85.6295696268722,27.881309465754487,45.60055160522461,1178.0,217.5711669921875,0.7141132354736328,10.0,4.559855937957764,1224.13234578619,442.944691807002,13.837466488498528,1
825,85.56000239076441,27.898735487374857,51.1440658569336,1427.0,172.36814880371094,0.5538856387138367,30.0,5.221707344055176,1302.4976007655446,90.0,14.08830564309464,1
bg_699,85.78498812848855,27.786507884598645,35.68631362915039,1357.0,202.46694946289062,0.6459968686103821,10.0,5.361922740936279,2070.0,60.0,14.45239559201018,0
497,85.50571564527782,27.897643015860115,36.07145309448242,1751.0,180.0,0.424048513174057,30.0,4.496346950531006,3576.1711368445444,0.0,14.564010308269095,1
711,85.92816730645626,27.818529791526043,50.34914016723633,1702.0,155.82261657714844,0.508175253868103,30.0,4.941662311553955,3769.2704864469465,268.3281572999748,14.346381608417342,1
bg_1088,85.8566736881613,27.894575213278227,25.930627822875977,1985.0,240.04092407226562,0.7551949620246887,10.0,4.632851600646973,3338.6374466239968,216.33307652783935,15.221319085734477,0
742,85.88339696499546,27.871110522707777,46.07278060913086,1183.0,278.9705505371094,0.5990615487098694,10.0,4.586504936218262,0.0,60.0,13.858976504343202,1
bg_293,85.88712657629294,27.929879003944123,16.06569480895996,2693.0,55.79875183105469,0.825039267539978,10.0,4.404165267944336,3817.9051847839282,268.3281572999748,16.215089420969267,0
bg_270,85.5966114134087,27.88702936489162,24.575847625732422,1460.0,247.08517456054688,0.6659660339355469,10.0,5.267827987670898,1209.3386622447824,30.0,14.969700409151843,0
268,85.56507690818493,27.807503186216763,29.769567489624023,1051.0,208.6805877685547,0.5618196129798889,10.0,4.647837162017822,849.5881355103778,42.42640687119285,14.527833214325316,1
bg_231,85.69174300199694,27.69784416605605,19.328353881835938,908.0,262.0415344238281,0.7861040234565735,10.0,3.767113208770752,960.0,421.07006542854594,14.70182718759233,0
bg_60,85.69174300199694,27.785429906257704,36.510292053222656,1229.0,203.29678344726562,0.7981828451156616,10.0,4.263062000274658,7890.0,192.09372712298546,14.53473648451982,0
bg_485,85.69794137745737,28.151942542178467,6.864688396453857,5178.0,246.20973205566406,-0.10142111033201218,70.0,3.9022998809814453,6672.218521601342,10728.429521602871,17.575844777203052,0
bg_208,85.83026321880817,27.708623949465483,34.988407135009766,1669.0,354.0018005371094,0.7649244070053101,10.0,4.813807010650635,4375.0657137921935,90.0,14.685180019520358,0
75,85.49107371555549,27.90409504606614,42.37957382202149,2075.0,207.4978179931641,0.4871068298816681,10.0,4.496346950531006,5272.665360138077,30.0,14.811795946434906,1
28,85.92859936640484,27.79817090943033,37.59966278076172,1873.0,157.65362548828125,0.5569834113121033,10.0,5.216389656066895,3180.0,120.0,14.860761559318876,1
bg_126,85.81598000579068,28.044683697254598,32.1966552734375,3769.0,202.25210571289062,0.3592892587184906,30.0,4.568583965301514,3310.619277416236,618.4658438426491,15.683767904146498,0
172,85.91901787416306,27.76190174277726,59.77451705932617,1973.0,327.0738830566406,0.6870155334472656,10.0,5.216389656066895,3208.87830869293,94.8683298050514,14.064541377174145,1
614,85.75125298409388,27.912061431076484,43.53900909423828,1618.0,188.87168884277344,0.3664658665657043,30.0,4.774409770965576,1555.9562975867927,510.8815909777921,14.170330504029698,1
949,85.67548734686238,27.90654944896588,32.290138244628906,2258.0,341.4061279296875,0.8068234920501709,10.0,4.548963069915772,4518.96005735833,488.3646178829912,14.983234482792088,1
bg_233,85.50821718945133,28.115021784001154,40.68620300292969,5469.0,183.6719970703125,-0.054582711309194565,70.0,4.169457912445068,9678.662097624856,7492.075813818224,15.66210237234349,0
99,85.62705095491403,27.99221842514057,40.45361709594727,1594.0,206.83966064453125,0.6015275716781616,30.0,4.772528171539307,2078.6774641584007,30.0,14.443658018918962,1
bg_145,85.51145112447416,28.09858261430177,24.974567413330078,4334.0,146.5244598388672,0.25188660621643066,100.0,4.169457912445068,11223.408573156374,6930.0,15.903044820896758,0
bg_695,85.92377783988502,27.963835321683842,32.34849166870117,3245.0,79.69371032714844,0.4615730345249176,30.0,3.8100929260253906,2686.6335812685734,1092.0164833920778,15.177433970404175,0
bg_839,85.66614101639954,27.72371564623869,28.332717895507812,978.0,352.202880859375,0.6511948108673096,10.0,4.0218892097473145,885.889383614004,30.0,14.433871880334783,0
bg_176,85.58906556502208,27.97165066465568,16.565689086914062,3127.0,126.77098083496094,0.8708638548851013,10.0,4.808651447296143,4920.0,295.4657340538831,16.02848254510873,0
559,85.76120809899317,27.9391060980781,37.65865707397461,1777.0,112.18289184570312,0.7284947633743286,10.0,4.540307521820068,1693.8713056191723,417.8516483155236,14.779072917869122,1
bg_801,85.9604291034771,27.83905932871964,11.321707725524902,3063.0,27.20494842529297,0.7485148310661316,10.0,4.941662311553955,7303.382777863968,750.0,16.2493189694291,0
bg_1011,85.71195509588964,27.764678823194544,18.125415802001953,1176.0,317.88360595703125,0.653753399848938,10.0,4.541873455047607,5685.771715431424,30.0,15.002859646192992,0
bg_537,85.77717278551671,27.846874671691477,60.419029235839844,1158.0,224.96493530273438,0.5659376978874207,30.0,5.8279619216918945,295.4657340538831,241.86773244895647,13.869985951116009,0
bg_292,85.53867007758298,28.089958787574222,31.95882225036621,3740.0,90.0,0.4928308129310608,30.0,4.3097357749938965,12826.2543246265,3989.4360503710295,15.671238175499143,0
420,85.63321961105578,27.90886369062775,29.841726303100582,1110.0,215.08349609375,0.5540902614593506,10.0,4.625964164733887,450.0,42.42640687119285,14.5918113634154,1
bg_826,85.69928885038355,27.86034940095327,26.259992599487305,2166.0,105.21780395507812,0.8193963170051575,10.0,4.696327209472656,6120.0,108.16653826391968,15.078480497596932,0
bg_272,85.95234426592002,27.840137307060584,11.318816184997559,2960.0,66.14845275878906,0.6969026327133179,10.0,4.941662311553955,6581.018158309548,426.38011210655685,17.3697619131717,0
1272,85.7859926047759,28.005188915821822,54.0897216796875,1942.0,104.25102996826172,0.5065094232559204,30.0,4.903069972991943,0.0,458.91175622335066,14.469433202570867,1
1285,85.70785300450076,27.750648609576672,28.626867294311523,1006.0,219.5479736328125,0.6759026050567627,10.0,4.136266231536865,5940.3030225738485,174.92855684535903,14.43224832555138,1
bg_345,85.6868920994627,28.03605987052705,41.16886901855469,3232.0,328.37799072265625,0.6464752554893494,10.0,4.758371829986572,7622.420875286277,3013.171087077533,15.409093134257928,0
bg_560,85.47830329049015,27.789741819621476,11.6981201171875,2143.0,76.43536376953125,0.6689215898513794,10.0,4.618796348571777,10290.0,0.0,16.150711217789492,0
bg_178,85.72542982515142,28.020159689998135,42.57841491699219,3552.0,229.3192901611328,0.40136927366256714,10.0,4.635933876037598,4968.42027207844,295.4657340538831,15.329366687833469,0
793,85.89538272964545,27.825503875728423,38.683082580566406,1797.0,219.80039978027344,0.4307228922843933,10.0,4.941662311553955,1453.9944979263162,0.0,14.698717146425432,1
422,85.64892183403127,27.916504111001927,37.08232116699219,1478.0,15.46336555480957,0.7663525342941284,10.0,4.625964164733887,1376.4083696345351,174.92855684535903,14.384786678955493,1
bg_130,85.62544733402892,27.926375574336056,26.451335906982422,1439.0,112.98199462890625,0.5845824480056763,10.0,4.625964164733887,757.1657678474378,201.24611797498108,15.004024889910097,0
91,85.92089945072215,27.747760664584195,56.7392692565918,1864.0,324.8400573730469,0.7491329312324524,10.0,4.780183792114258,4458.004037683232,432.6661530556787,14.020918354738166,1
31,85.92615674811056,27.798149348910098,39.09782791137695,1879.0,162.97720336914062,0.312538594007492,10.0,5.216389656066895,2910.0,0.0,14.733217338748265,1
bg_854,85.71680599842388,27.873285141044594,30.669090270996094,2563.0,169.32276916503906,0.47803783416748047,10.0,4.696327209472656,4170.0,254.5584412271571,15.289669595279706,0
603,85.74146066710064,27.899341528959766,28.13092994689941,1940.0,141.92637634277344,0.7731200456619263,10.0,4.452770709991455,1890.0,42.42640687119285,14.843122648542156,1
862,85.46768493008226,27.84127980333872,33.763973236083984,1657.0,225.3959197998047,0.7750659584999084,10.0,4.804811000823975,8294.118397997463,60.0,14.80933505588837,1
64,85.65486794408734,27.89517058691532,33.22626495361328,1735.0,222.15061950683597,0.1483017653226852,60.0,4.548963069915772,3233.465633032149,0.0,14.633031452336906,1
760,85.89039232601289,27.84177039739186,37.566162109375,1680.0,214.8358459472656,0.3821399807929992,30.0,4.941662311553955,810.0,700.3570517957252,14.363949790613088,1
347,85.65686237563966,27.86511918282058,35.176292419433594,1913.0,254.0014190673828,0.7495679259300232,60.0,4.626403331756592,4744.554773632612,84.8528137423857,14.69391622825298,1
853,85.46531236145312,27.863480728257265,32.196006774902344,1960.0,205.86294555664065,0.5474428534507751,10.0,4.607892036437988,8078.025748906722,30.0,14.71731702290251,1
bg_347,85.66802747849619,27.71670878702256,25.434598922729492,967.0,215.222412109375,0.7993456721305847,10.0,4.0218892097473145,480.0,90.0,14.512205377688291,0
746,85.88282030423164,27.865005334839086,46.61051940917969,1283.0,287.8211975097656,0.4333953857421875,10.0,4.586504936218262,180.0,254.5584412271571,13.579331079948645,1
9,85.58133491666376,28.03222396008928,23.619983673095703,2877.0,141.01950073242188,0.412037044763565,30.0,4.835017204284668,8623.004116895689,1221.1879462228571,15.701460029340591,1
bg_171,85.8755383091278,27.73287846213671,44.54222869873047,1330.0,54.851436614990234,0.8014941215515137,10.0,5.7190961837768555,2460.0,296.98484809834997,14.11533355116521,0
940,85.68825083991696,27.916170653173484,55.76056289672852,2475.0,247.3182373046875,0.8316571712493896,10.0,4.548963069915772,5692.890302825095,468.61498055439927,14.41275386552902,1
1325,85.77090727319148,28.055787245066146,38.38019561767578,3081.0,196.13604736328125,0.5276033878326416,10.0,4.903069972991943,816.0882305241266,990.4544411531506,15.22166283091761,1
382,85.69214128245093,27.85464382594198,40.2555046081543,2291.0,173.793212890625,0.450421929359436,60.0,4.626403331756592,6944.595020589753,30.0,15.169492327976384,1
56,85.4953221205932,27.946364876389136,41.30868911743164,2062.0,149.9700927734375,0.1212953999638557,30.0,4.546175479888916,6332.771904940206,523.9274758971894,14.672465414070532,1
bg_671,85.99411592663158,27.821272686094073,27.505029678344727,2916.0,209.48167419433594,0.7359520196914673,10.0,4.383127212524414,12786.09009822784,241.86773244895647,15.167751410867776,0
130,85.98028305232774,27.763440536350288,38.13388442993164,1728.0,21.890878677368164,0.8582766652107239,10.0,4.674496173858643,9211.51453345214,420.0,14.582215678997132,1
400,85.72353516347877,27.86375545811913,40.73542404174805,1636.0,87.84557342529297,0.6536986231803894,30.0,4.696327209472656,3420.0,94.8683298050514,14.493606042299314,1
1371,85.54376850699214,28.011299997500384,41.20157623291016,2387.0,207.43606567382807,0.842557966709137,10.0,4.726099014282227,8336.815938954152,624.2595614005444,14.814290703312574,1
279,85.58107576534546,27.819355801163404,34.58058166503906,909.0,153.16830444335938,0.2071778178215026,30.0,4.647837162017822,240.0,0.0,14.279678864556406,1
254,85.5203492812658,27.87206800305316,43.618934631347656,1349.0,165.533203125,0.6536529064178467,10.0,5.103635787963867,1920.0,379.4733192202056,14.224606945900646,1
bg_35,85.53759209924203,27.79405373298525,22.703811645507812,1021.0,31.657638549804688,0.6163320541381836,10.0,4.46352481842041,3697.7966412446212,0.0,14.666260864116015,0
bg_390,85.50633072735468,27.955750484126764,31.152063369750977,2673.0,211.02403259277344,0.9272735118865967,10.0,4.546175479888916,5695.656239626826,201.24611797498108,15.564824966038122,0
bg_253,85.84185148597332,27.738268353841427,41.908084869384766,1518.0,86.89824676513672,0.6973834037780762,10.0,5.7190961837768555,1800.0,30.0,14.078882687788266,0
930,85.65088766056809,27.900531388156367,38.87251281738281,1806.0,271.1506652832031,0.5660181641578674,30.0,4.625964164733887,2581.046299468493,67.0820393249937,14.629022685476857,1
1389,85.5079134146701,28.02014847273057,40.16884613037109,3037.0,87.80196380615234,0.1377003341913223,60.0,4.541608810424805,10571.66968836995,891.9641248391104,15.170628648507448,1
bg_302,85.83619209968336,27.815882794389356,57.342620849609375,2191.0,50.735782623291016,0.6724738478660583,10.0,5.761692047119141,3707.033854714575,660.6814663663572,14.197431433249188,0
bg_236,85.4990543735533,27.93068748769983,33.79084396362305,1801.0,37.036781311035156,0.8300830125808716,10.0,4.496346950531006,5336.71247117549,301.4962686336267,14.815622717316867,0
bg_793,85.59903686467581,27.890802289084924,23.6359920501709,1557.0,152.590087890625,0.32216715812683105,10.0,5.267827987670898,1344.6560898608982,42.42640687119285,15.133624823643139,0
bg_900,85.68177170234321,27.779501025382515,21.3170223236084,1094.0,5.380743503570557,0.4221463203430176,10.0,4.263062000274658,6802.3304830036,0.0,14.889310748584252,0
601,85.74370550003584,27.894787735818035,45.00075912475586,1620.0,166.2255401611328,0.452084869146347,30.0,4.452770709991455,1650.0,60.0,14.39503020328419,1
273,85.57408429110004,27.806752508115743,32.73625183105469,845.0,136.90481567382812,0.6565707325935364,30.0,4.647837162017822,120.0,0.0,14.192089397107818,1
770,85.87983624241764,27.82818687507713,37.91684722900391,1438.0,184.0425567626953,0.2558139562606811,30.0,4.941662311553955,364.96575181789314,0.0,14.858825645756673,1
bg_704,85.83457513217195,27.934999401063603,27.037607192993164,2618.0,239.5024871826172,0.7931970357894897,10.0,4.632851600646973,4955.088293865207,859.0692637965813,15.145239762775565,0
611,85.74556676654119,27.89944614525553,36.20417404174805,1717.0,108.03522491455078,0.3489402234554291,30.0,4.774409770965576,1440.0,0.0,14.674637243760358,1
bg_705,85.8793112333211,27.891341278255396,26.46977996826172,2112.0,44.337730407714844,0.7813105583190918,10.0,4.586504936218262,1622.4980739587952,30.0,15.191885982397741,0
720,85.92416359916879,27.816131109178457,28.955543518066406,1643.0,148.04388427734375,0.3442826271057129,30.0,4.941662311553955,3244.9961479175904,442.944691807002,14.900775444415606,1
bg_335,85.49878487896807,27.905893985858132,36.91123580932617,2146.0,194.11509704589844,0.6880143284797668,10.0,4.496346950531006,4460.325100258949,90.0,14.861283804419438,0
1361,85.56536096821492,27.98923217528213,40.65383529663086,2932.0,182.44700622558597,0.4279899597167969,30.0,4.835017204284668,5846.383497513655,30.0,15.024308505980294,1
bg_456,85.88766556546341,27.631009508917558,26.97718048095703,1589.0,139.75051879882812,0.7049418687820435,30.0,4.343433856964111,7733.252873144652,174.92855684535903,14.848648167652879,0
69,85.51832222615202,27.905404850332328,46.31954574584961,1856.0,78.40663146972656,0.6429623961448669,10.0,4.496346950531006,2414.953415699773,480.0,14.227303792643204,1
bg_403,85.6125115939376,27.763870339438835,28.084489822387695,1032.0,346.1142883300781,0.6812056303024292,10.0,4.361113548278809,1417.9562757715769,180.0,14.486885372135143,0
107,85.90765278774867,27.64447208632372,47.217735290527344,1676.0,78.76990509033203,0.4020296633243561,30.0,4.343433856964111,10352.391028163493,30.0,14.618068232376013,1
794,85.89735954018357,27.825721482919647,26.86927604675293,1907.0,210.38368225097656,0.6307448744773865,30.0,4.941662311553955,1689.0825912311095,150.0,15.14515338321598,1
bg_992,85.5448684530434,27.88568189196544,35.15932083129883,1162.0,218.6113739013672,0.6963730454444885,10.0,5.103635787963867,0.0,324.4996147917591,14.310695335015513,0
bg_837,85.50848668403657,27.9808134805537,27.90371322631836,2706.0,11.986983299255371,0.6986156702041626,10.0,4.546175479888916,7024.16543085369,823.7718130647589,15.288954948076443,0
324,85.6683060844479,27.82945156378386,37.559417724609375,1537.0,91.20623016357422,0.5860852599143982,10.0,4.6042256355285645,8338.111296930498,331.36083051561786,14.507746473144042,1
bg_226,85.90976412145275,27.899156621227235,37.27279281616211,1518.0,181.37911987304688,0.2247224748134613,30.0,4.404165267944336,300.0,123.69316876852982,14.063180454446478,0
417,85.64769296120048,27.91252741352584,31.443187713623047,1572.0,248.24435424804688,0.5944032073020935,30.0,4.625964164733887,1471.2239802287074,60.0,14.75428176656029,1
bg_242,85.67341737020091,28.029053011310918,35.466590881347656,3351.0,152.39645385742188,0.5701732635498047,10.0,4.758371829986572,7247.158063682618,2718.2715096178304,15.718989271267906,0
bg_984,85.92054390486219,27.69568820937416,20.863426208496094,1960.0,328.1528015136719,0.4844686686992645,30.0,4.370652198791504,8555.103739873644,108.16653826391968,15.451710986324331,0
1050,85.62759901079028,27.918978264812765,50.70295333862305,1280.0,122.89996337890624,0.5266613364219666,10.0,4.625964164733887,180.0,134.1640786499874,14.167220528822542,1
bg_97,85.67530383229756,28.150864563837523,10.063504219055176,5495.0,291.39874267578125,-0.043850019574165344,70.0,3.9022998809814453,5675.7114091539215,11359.546645883365,17.054241557731455,0
bg_543,85.85047531270087,28.07109416660771,22.23331642150879,4630.0,80.88571166992188,0.03551569581031799,100.0,4.297876358032227,7985.298992523699,1615.5494421403512,16.04210310093121,0
134,85.95372853982431,27.782807216885608,49.346073150634766,1244.0,16.428720474243164,0.7116130590438843,10.0,5.216389656066895,6000.299992500375,84.8528137423857,14.009129979993542,1
49,85.98138946496933,27.82163488739081,32.23649215698242,2914.0,115.87319946289062,0.3803460597991943,30.0,4.383127212524414,9380.218547560606,684.7627326307996,15.346314701365603,1
150,85.91815528476062,27.71165633843002,42.70342254638672,1933.0,181.13526916503903,0.5799868106842041,10.0,4.370652198791504,6881.780292918395,30.0,14.687017460217875,1
245,85.48897847964238,27.857111527491835,38.56147766113281,1405.0,162.627685546875,0.1893183439970016,30.0,4.607892036437988,5536.361621137116,134.1640786499874,14.737105496178462,1
61,85.65423982257364,27.89589661141625,43.4139404296875,1757.0,221.1639862060547,0.2532922327518463,50.0,4.625964164733887,3126.0518229869444,30.0,14.438012291831436,1
623,85.75769343095656,27.92480607255144,28.37409210205078,2258.0,79.6403579711914,0.7066624760627747,10.0,4.774409770965576,1380.3260484392808,360.0,15.029666415457118,1
77,85.65203403365645,27.75869297394389,32.65146255493164,1247.0,189.8625030517578,0.5709545016288757,10.0,4.361113548278809,3750.0,90.0,14.58985148553772,1
bg_251,85.7289332547595,27.92691456350653,41.818519592285156,3285.0,105.74752807617188,0.614535391330719,10.0,4.452770709991455,4351.965073389262,450.0,15.50093906485728,0
bg_752,85.82110040291016,28.18643784908866,20.51214027404785,5840.0,174.36569213867188,-0.03496348857879639,70.0,3.266342878341675,11116.204388189344,7959.560289362723,16.563249671836886,0
223,85.50960795785059,27.8936012638976,40.72653198242188,1512.0,152.09353637695312,0.7020534873008728,10.0,4.496346950531006,3120.0,30.0,14.503579428219876,1
164,85.91622602433199,27.75998392358841,39.23250198364258,1841.0,215.6263427734375,0.2567029595375061,30.0,5.216389656066895,3162.5464423467365,120.0,14.284499255544684,1
1103,85.6180700886886,27.98276535331303,27.23346900939941,2018.0,112.17479705810548,0.7155545949935913,10.0,4.772528171539307,1932.3819498225496,67.0820393249937,15.186480241537586,1
933,85.64456492901634,27.91142159729537,28.49338150024414,1366.0,237.5337371826172,0.3825781047344208,80.0,4.625964164733887,1308.0137613954985,180.0,15.118487632147817,1
159,85.91119850630805,27.70751964886971,14.132503509521484,1648.0,205.83067321777344,0.6019271016120911,30.0,4.370652198791504,6891.908298867593,283.0194339616981,15.69239023685778,1
94,85.91799957722547,27.74162955014142,45.59696960449219,1718.0,225.7674560546875,0.57861328125,10.0,4.780183792114258,4522.4440295044005,0.0,14.440242000563872,1
bg_676,85.8650280203036,27.8350169099411,29.9987735748291,1148.0,107.9648666381836,0.5016181468963623,10.0,5.761692047119141,254.5584412271571,218.40329667841553,14.741516155098651,0
bg_806,85.92701177490785,27.92934001477365,17.76958465576172,2020.0,66.16595458984375,0.6172695159912109,10.0,4.404165267944336,241.86773244895647,30.0,15.43081937031375,0
619,85.75611769526844,27.91059481368413,39.986846923828125,1687.0,195.19454956054688,0.3922856748104095,30.0,4.774409770965576,1039.6634070698074,254.5584412271571,14.511107075633456,1
bg_807,85.89979282179902,27.650143624469305,25.147489547729492,1844.0,-0.0,0.8513991832733154,10.0,4.343433856964111,10228.988219760544,254.5584412271571,15.189930096794034,0
bg_1039,85.54675491514006,28.035790375941815,39.82619857788086,3199.0,255.3837127685547,0.7503293752670288,10.0,4.726099014282227,10982.17191633786,2830.1943396169813,15.180366701917062,0
1228,85.86867774163063,27.886224788259195,35.16537094116211,1781.0,135.42153930664062,0.418814867734909,30.0,5.2028632164001465,1761.8456232031228,300.0,14.035700356358914,1
205,85.53301362585832,27.887450548152746,38.335914611816406,1091.0,142.97418212890625,0.4850717186927795,10.0,5.103635787963867,510.8815909777921,0.0,14.13768915026156,1
291,85.57912011228038,27.843111337365524,44.34825134277344,975.0,131.4840850830078,0.5829310417175293,10.0,4.647837162017822,0.0,30.0,13.800610457448656,1
bg_222,85.88281466292916,27.66793026709487,28.459136962890625,1948.0,102.06695556640625,0.8016316294670105,10.0,4.343433856964111,9724.165773988017,67.0820393249937,15.32855200062121,0
520,85.73822631482895,27.86260981285621,53.51642227172852,1426.0,161.03550720214844,0.4350611567497253,60.0,4.696327209472656,1800.0,152.97058540778357,13.85317426563059,1
bg_266,85.86745347157073,28.048726116033134,46.59165573120117,3847.0,321.3464050292969,0.5459567904472351,10.0,4.297876358032227,9028.35533195277,492.0365840057018,15.105341904992377,0
1061,85.62188858744364,27.942216825008085,43.53919982910156,2059.0,188.8741149902344,0.7362949848175049,10.0,4.582652568817139,1398.4634424968,108.16653826391968,14.70988038417931,1
bg_249,85.75938614289115,27.951438570762992,34.01054763793945,2596.0,200.67416381835938,0.8523373603820801,10.0,4.540307521820068,2658.5146228674384,536.6563145999496,15.16276192463878,0
bg_339,85.83511412134243,27.908049942540018,50.20294952392578,2671.0,158.5153045654297,0.7772428393363953,10.0,4.632851600646973,6150.0,300.0,14.929466434451681,0
112,85.98090730227015,27.7563662432733,35.13623046875,2138.0,333.7762756347656,0.8757764101028442,10.0,4.183233737945557,9515.29820867428,1087.0602559196063,14.73435814643782,1
bg_412,85.55861267689043,27.959523408320067,40.334007263183594,1690.0,197.58863830566406,0.79840087890625,10.0,4.987441062927246,2460.7315985291852,30.0,14.503874115842567,0
943,85.69041647971805,27.927383360051337,31.48849105834961,2315.0,347.9139709472656,0.8256029486656189,10.0,4.548963069915772,5577.741478412208,450.0,15.220603994839202,1
874,85.53564925649437,27.80073512444796,43.772891998291016,1019.0,208.52423095703125,0.4817323088645935,10.0,4.46352481842041,3931.030399271926,42.42640687119285,13.872529722143264,1
bg_809,85.51872747827552,27.887568354062093,25.44623374938965,1235.0,215.26487731933594,0.7235004901885986,30.0,4.607892036437988,2100.214274782457,42.42640687119285,14.893531270307863,0
126,85.97668442646207,27.788769424341123,25.344087600708008,1520.0,321.8207092285156,0.8143041133880615,10.0,4.674496173858643,8550.0,313.20919526731655,14.94273490464005,1
507,85.73987403609085,27.8772451397862,32.95416641235352,2003.0,81.38326263427734,0.7268292903900146,10.0,4.696327209472656,1642.3458831805194,42.42640687119285,14.579072316177546,1
87,85.6765286212418,27.751641853074112,42.98340225219727,807.0,242.0323944091797,0.5033121705055237,10.0,4.0218892097473145,3875.693486332479,60.0,14.213611352341372,1
683,85.74238531931341,27.999524808680167,38.94316101074219,3303.0,93.44512176513672,0.4748603403568268,30.0,4.635933876037598,4364.974226728034,1081.6653826391969,14.892663158713288,1
bg_326,85.82352585417728,28.107745430199788,30.426227569580078,3818.0,131.41432189941406,0.23607605695724487,30.0,4.129517078399658,8618.149453333936,349.85711369071805,15.610908961926777,0
bg_394,85.89170798424195,27.676823588407654,11.825162887573242,1919.0,128.20921325683594,0.4376746714115143,40.0,4.370652198791504,8951.268066592576,120.0,16.144599901791583,0
bg_121,85.81193758701214,27.890802289084924,22.512861251831055,2486.0,283.5524597167969,0.7068822383880615,10.0,5.7131733894348145,4838.284820057621,108.16653826391968,15.782028760289958,0
1132,85.66632412127187,28.00481006587269,55.01787185668945,2546.0,156.56463623046875,0.3425063490867615,30.0,4.758371829986572,4646.902193935224,924.1753080449618,14.75318960073549,1
bg_217,85.92593379656691,27.79162828171813,30.280986785888672,1464.0,176.4065704345703,0.10755722969770432,30.0,5.2163896560668945,2910.0,180.0,14.893475437490762,0
bg_945,85.8108596086712,27.818577740241714,21.49186897277832,2151.0,198.98924255371094,0.7817703485488892,10.0,6.791383266448975,4195.283065539202,174.92855684535903,15.808345037303747,0
bg_899,85.7087211608668,28.02312413043573,32.988704681396484,2866.0,261.39471435546875,0.7063572406768799,10.0,4.635933876037598,6149.414606285707,1524.1062955056645,15.106704096654328,0
bg_836,85.64592892250685,28.026897054629032,51.31086730957031,2257.0,272.972412109375,0.6548712253570557,10.0,4.772528171539307,5869.045919057033,845.3401682163222,14.519522320205677,0
899,85.66913615588294,27.85625231166798,43.20020294189453,2240.0,181.1171875,0.2817552089691162,60.0,4.626403331756592,6440.504638613344,150.0,14.80490962657098,1
1234,85.93118715494379,27.902107146677963,39.536014556884766,2098.0,257.5413818359375,0.476323127746582,10.0,4.404165267944336,1200.74976577137,30.0,14.743648136883946,1
450,85.55933117714324,27.939130987044845,33.79161071777344,1531.0,217.0389709472656,0.5458158254623413,10.0,4.987441062927246,241.86773244895647,127.27922061357854,14.363413960711624,1
276,85.51338552031973,27.81838849728549,29.64967918395996,1250.0,185.53550720214844,0.1603505462408065,30.0,4.804811000823975,5394.163512538344,0.0,14.602751165161306,1
bg_702,85.88443163044059,27.826393083213553,37.82427215576172,1443.0,196.43496704101562,0.4609557092189789,30.0,4.941662311553955,618.4658438426491,0.0,14.43140817295455,0
311,85.66148029076916,27.79491868379045,32.02718734741211,1348.0,95.94155883789062,0.391780823469162,30.0,4.263062000274658,7742.848313120954,30.0,14.426399353952348,1
bg_220,85.59283848921538,28.05115156730026,26.193561553955078,3063.0,68.77818298339844,0.8280301094055176,100.0,4.835017204284668,9608.855290824189,2678.2456944798773,16.717618472383265,0
bg_310,85.88955202756006,27.692184779766098,30.707801818847656,1969.0,53.15825271606445,0.5578289031982422,10.0,4.370652198791504,7241.194652818001,127.27922061357854,15.00965182779446,0
141,85.93174371550687,27.77905875347696,30.649303436279297,1387.0,21.74779891967773,0.3367675542831421,10.0,5.216389656066895,3572.394155185007,30.0,14.94371064179992,1
bg_820,85.82002242456922,27.889993805329215,20.02471351623535,2730.0,315.2882080078125,0.8326693177223206,10.0,5.7131733894348145,5724.028301816825,516.1395160225576,15.959028014606833,0
801,85.89830284406483,27.828453963145027,49.943729400634766,2122.0,219.12371826171875,0.5014110803604126,30.0,4.941662311553955,1891.9038030513077,150.0,14.213163390857986,1
292,85.58356169942304,27.860123752189622,25.07687187194824,1122.0,101.9794692993164,0.4789405167102813,10.0,5.267827987670898,450.0,0.0,14.742774866924927,1
bg_638,85.66802747849619,27.81237936478129,23.132246017456055,1260.0,189.86729431152344,0.725345253944397,10.0,4.6042256355285645,9402.691104146727,60.0,14.761529821549512,0
bg_1105,85.73917404899845,27.77977051996775,17.295223236083984,1254.0,339.3558044433594,0.6788109540939331,10.0,4.541873455047607,2610.0,127.27922061357854,15.207307161428888,0
109,85.89816489199136,27.640368957128167,33.731483459472656,1892.0,186.2846221923828,0.4521714448928833,30.0,4.343433856964111,9277.181684110752,42.42640687119285,14.685372680283532,1
bg_368,85.77717278551671,27.687603371817087,15.348183631896973,1536.0,207.78977966308594,0.7755011320114136,10.0,4.292092323303223,2170.391669722311,0.0,15.538311239623814,0
37,85.92928327639954,27.808474364682205,29.585878372192383,1756.0,3.696394443511963,0.6956688165664673,10.0,4.941662311553955,3408.005281686048,94.8683298050514,14.956436829959058,1
bg_957,85.69928885038355,27.762253371927418,17.617582321166992,1201.0,311.5052490234375,0.6972757577896118,10.0,4.541873455047607,6411.442895323954,30.0,15.044229808132794,0
bg_896,85.87742477122445,28.096965646790352,43.194766998291016,4779.0,180.0,0.07490432262420654,100.0,3.896871328353882,11352.929137451709,2998.799759903952,15.442041997915116,0
522,85.75806598339335,27.90885936561637,36.95529174804688,1604.0,222.981689453125,0.4735842943191528,30.0,4.774409770965576,742.7651041883969,120.0,14.575460805226754,1
851,85.47247897361363,27.866095527067564,25.0376091003418,1751.0,200.65924072265625,0.8184269666671753,10.0,4.607892036437988,7260.247929650888,127.27922061357854,15.140779722353953,1
bg_404,85.62841177446651,27.785160411672468,24.062461853027344,1377.0,100.4431381225586,0.697029709815979,10.0,4.361113548278809,4057.4376150472112,366.1966684720111,14.310626740769568,0
bg_717,85.92862874241926,27.729375032528644,22.948760986328125,1770.0,263.4140930175781,0.823966920375824,10.0,4.780183792114258,6288.346364506332,30.0,15.34579132186173,0
1,85.74194461412213,27.86381603246813,55.198463439941406,1493.0,152.7307891845703,0.6620630025863647,30.0,4.696327209472656,1380.0,123.69316876852982,13.656511977832,1
bg_654,85.86960942825262,27.98916781269601,25.80162811279297,3999.0,260.3622741699219,0.24337433278560638,100.0,4.297876358032227,7772.084662431309,1142.3659658795864,15.930347518259051,0
1425,85.9634759603246,27.87118921374004,29.037736892700195,2576.0,106.95269012451172,0.7045363187789917,10.0,4.586504936218262,5531.482622227065,94.8683298050514,15.274313873898803,1
1433,85.9161895876325,27.890701059212933,43.98321914672852,1390.0,255.4282989501953,0.6922833919525146,10.0,4.586504936218262,0.0,189.7366596101028,14.462502825291333,1
bg_392,85.83026321880817,27.686525393476145,9.086931228637695,1985.0,113.88146209716797,0.7492557168006897,30.0,4.813807010650635,6249.367968042849,201.24611797498108,16.33504099766084,0
96,85.9415862315965,27.74270018208568,36.49014663696289,2545.0,220.0081024169922,0.4632911384105682,30.0,4.780183792114258,6491.794821156935,134.1640786499874,14.922001582086375,1
bg_432,85.69632440994596,27.84633568252101,26.68178367614746,1776.0,213.12356567382812,0.8174097537994385,10.0,4.6042256355285645,6595.9760460450425,134.1640786499874,15.089996627327206,0
806,85.8835469289587,27.85078071892562,42.35236740112305,1335.0,280.2285461425781,0.5493860244750977,10.0,4.586504936218262,30.0,301.4962686336267,13.95969874146722,1
bg_635,85.80358325486982,28.169729184804034,19.246990203857422,5729.0,28.250436782836914,-0.030414113774895668,70.0,3.266342878341675,12316.269727478364,6524.086142901549,16.60924181860973,0
1319,85.80226829896242,27.99641714342204,40.19621658325195,2673.0,184.9789123535156,0.6348253488540649,10.0,4.568583965301514,924.1753080449618,524.785670536077,14.966316294438665,1
907,85.64016090344775,27.83001061046509,34.85256576538086,1518.0,158.40748596191406,0.6043910384178162,10.0,4.497191429138184,5850.0,0.0,14.280209605944496,1
bg_343,85.60227079969864,28.016656260390068,44.465553283691406,2127.0,209.06033325195312,0.6834866404533386,10.0,4.835017204284668,5790.077719685635,1261.4277624977183,14.728627421816581,0
bg_423,85.890630005901,27.971920159240916,37.88697052001953,3560.0,98.37358856201172,0.38461539149284363,30.0,3.8100929260253906,6100.262289442971,458.91175622335066,15.46690440670327,0
bg_791,85.91138108896416,28.00075607986115,44.77035903930664,3581.0,33.67245864868164,0.43170398473739624,10.0,4.106739044189453,6045.800195176814,1703.9366185395513,15.65010426427064,0
bg_682,86.00139228043294,27.878136043578838,21.187788009643555,3187.0,97.19709014892578,0.6880493760108948,10.0,4.215697765350342,8989.844270063859,60.0,15.923608394796982,0
466,85.52971227566172,27.9891065381966,47.53313827514648,1912.0,112.65737915039062,0.5915348529815674,10.0,4.726099014282227,6387.112023442207,152.97058540778357,14.364023727311002,1
446,85.58212025399261,27.96765701306851,37.61662292480469,2649.0,233.9696350097656,0.5838918089866638,10.0,4.808651447296143,4315.205672966238,400.24992192379,15.246650065885412,1
bg_445,85.96743596269323,27.91640427468233,26.298398971557617,2733.0,349.318603515625,0.7611282467842102,10.0,4.404165267944336,3655.571090814676,924.1753080449618,15.528648978393015,0
bg_497,85.82999372422294,28.005876476980635,20.628803253173828,2630.0,219.2835693359375,0.5059594511985779,30.0,4.568583965301514,3930.8014449982074,870.5170877128145,15.757190551819642,0
128,85.98227664296284,27.76078770212581,50.863895416259766,1753.0,22.7697868347168,0.7979452013969421,10.0,4.674496173858643,9519.600831967691,591.6924876994806,14.411726144408208,1
822,85.89657876298597,27.82307266982848,39.31893157958984,1801.0,253.93667602539065,0.6992977857589722,30.0,4.941662311553955,1524.1062955056643,30.0,14.607091546430734,1
bg_457,85.87122639576403,27.92691456350653,23.316326141357422,2921.0,296.7884521484375,0.6634944677352905,10.0,4.632851600646973,5236.267754803988,218.40329667841553,17.076775875771,0
986,85.91109892679846,27.929612773821454,53.20051956176758,2559.0,141.9185791015625,0.280732661485672,30.0,4.404165267944336,1842.0097719610503,774.2092740338364,14.73120622582337,1
bg_131,86.00543469921148,27.81669127814506,38.33277130126953,3038.0,236.4423370361328,0.7807580232620239,10.0,4.383127212524414,12700.24409214248,150.0,15.156444729585996,0
71,85.47786590787275,27.837040475776536,45.18737030029297,1663.0,220.89895629882807,0.3794991075992584,60.0,4.804811000823975,7432.738391736924,60.0,14.392601791906094,1
bg_196,85.73782657607228,27.748778642665627,28.94754981994629,1479.0,174.3063507080078,0.7629233598709106,10.0,4.136266231536865,3717.2167007049775,30.0,14.977115397926696,0
1055,85.63067389444757,27.9303925251372,36.332149505615234,1349.0,213.2358856201172,0.7000472545623779,10.0,4.625964164733887,300.0,161.55494421403512,14.08957449606039,1
bg_514,85.54837188265147,28.12175914863205,18.3732967376709,4499.0,309.31585693359375,0.17438867688179016,70.0,4.091997146606445,9152.507853042247,3114.514408378937,16.10158195058988,0
bg_153,85.89386394092384,27.99105427479266,34.87800598144531,4110.0,176.98483276367188,0.36147502064704895,100.0,4.106739044189453,7003.5705179572515,699.7142273814361,15.420785675209853,0
264,85.51063503662152,27.89960116609207,52.43998336791992,1969.0,161.0970916748047,0.4712683856487274,30.0,4.496346950531006,3029.257334727441,216.33307652783932,14.478289637989484,1
173,85.91969532693946,27.77043145061433,27.157691955566406,1499.0,311.5031433105469,0.4519572854042053,10.0,5.216389656066895,2621.011255221923,240.0,14.805248152901951,1
1381,85.50929180884154,28.02466368813524,28.96868324279785,3207.0,147.9942169189453,0.288837730884552,10.0,4.541608810424805,10935.195471503928,1044.8444860360798,15.479082861654112,1
434,85.95856334729551,27.753626228146928,47.15940475463867,2608.0,7.799232006072998,0.8899082541465759,30.0,4.780183792114258,7338.9713175621555,1200.3749414245533,14.701544224460845,1
bg_601,86.01783145013233,27.87867503274931,28.236427307128906,3456.0,174.12803649902344,0.6663479804992676,10.0,4.176967620849609,10558.72151351668,853.2877591996735,15.451085286921753,0
bg_33,85.72866376017426,27.94443171154686,42.65595245361328,3271.0,263.9487609863281,0.8143195509910583,10.0,4.318940162658691,5181.669615095119,720.0,15.033086164578881,0
bg_1017,85.92296935612931,27.934190917307895,15.89612865447998,2216.0,345.0868835449219,0.5734493732452393,30.0,4.404165267944336,894.9860334105779,589.406481131655,15.869123206780458,0
bg_688,85.82837675671152,27.88514290279497,32.333003997802734,2561.0,226.3306884765625,0.8533901572227478,10.0,5.7131733894348145,5587.575502845577,617.7378084592201,15.11555384738642,0
bg_165,85.92404733447026,27.971381170070444,18.17124366760254,3472.0,37.8984489440918,0.47985348105430603,10.0,3.8100929260253906,3045.4063768239535,1489.4629904767692,16.622609175091625,0
bg_156,85.78364065556238,27.875980086896952,37.05594253540039,1903.0,313.31634521484375,0.8149243593215942,10.0,5.343934535980225,2370.0,0.0,15.41690262556955,0
bg_1004,85.65563072757534,28.122028643217288,28.316680908203125,4580.0,72.51657104492188,0.031357862055301666,100.0,3.9022998809814453,8498.476334026,8515.61506880155,15.856595397826627,0
bg_449,85.7688184533744,27.862774852220394,35.68678665161133,1440.0,255.64524841308594,0.7716405391693115,10.0,5.343934535980225,865.3323061113574,108.16653826391968,14.509284381259162,0
12,85.73416217450067,27.891364525664123,38.99348449707031,1478.0,1.2963039875030518,0.7177868485450745,10.0,4.696327209472656,2700.0,300.0,14.42891158023864,1
523,85.75436088687327,27.909635040494628,45.88053894042969,1517.0,222.4563140869141,0.5926833748817444,30.0,4.774409770965576,1106.752004741803,466.6904755831213,14.20452164129673,1
842,85.48028750774594,27.872912471177067,33.5587272644043,1975.0,129.38064575195312,0.7609502673149109,10.0,4.607892036437988,6390.0,42.42640687119285,14.562154758423924,1
298,85.63905880727872,27.80980206196188,20.188451766967773,1613.0,165.589599609375,0.2635484337806701,30.0,4.497191429138184,6690.0,67.0820393249937,15.290800483506986,1
1086,85.61157846280454,28.01246746624765,31.7363395690918,2510.0,210.26405334472656,0.7899983525276184,10.0,4.772528171539307,4852.308728842385,913.892772703669,14.91905862439984,1
451,85.5578247552398,27.939888723412395,43.51554489135742,1476.0,216.74490356445312,0.5474199056625366,10.0,4.987441062927246,300.0,150.0,14.380941959745636,1
bg_465,85.51387657574128,27.90023459956818,41.39771270751953,1943.0,154.1294403076172,0.6451977491378784,10.0,4.496346950531006,2683.281572999748,256.3201123595259,14.429008480236341,0
1118,85.6660566395297,27.97617101170397,30.30153465270996,2160.0,313.8290100097656,0.8459686636924744,10.0,4.595747470855713,3129.5047531518467,502.8916384272063,15.119921760538263,1
1148,85.85998658710929,27.88242993281217,30.98105239868164,1654.0,33.30116653442383,0.712984025478363,10.0,5.2028632164001465,2317.584949899356,247.38633753705963,14.584907090247906,1
888,85.66907271151054,27.890141197242983,40.255958557128906,1904.0,212.7350311279297,0.7380073666572571,60.0,4.626403331756592,4886.22553716056,379.4733192202056,15.040578709008368,1
bg_644,85.92728126949308,27.8350169099411,24.905223846435547,2825.0,228.51380920410156,0.721274197101593,10.0,4.941662311553955,4922.194632478484,947.2592042308166,15.482015712964353,0
534,85.76107925538575,27.912841382184688,34.83964920043945,1622.0,24.90397453308105,0.7265507578849792,10.0,4.774409770965576,630.0,30.0,14.658966827128763,1
bg_409,86.02726376061558,27.75955842607506,30.18593406677246,3393.0,257.13629150390625,0.7298340201377869,10.0,4.605922222137451,10446.248130309752,752.3961722390673,15.67408362982904,0
bg_115,85.57020094405557,28.061661856124456,21.424293518066406,3963.0,171.93756103515625,0.3571801483631134,100.0,4.835017204284668,11941.356706840308,1830.0,16.128090805537312,0
bg_59,85.68904805614459,27.920446693460867,26.3192081451416,2660.0,270.0,0.8402093052864075,10.0,4.5489630699157715,5646.459067415613,134.1640786499874,15.498062698039995,0
1201,85.94055608055088,27.863055393048725,40.0894660949707,1960.0,-0.0,0.7196893095970154,10.0,4.586504936218262,3818.61231339344,391.15214431215895,14.655668752740098,1
578,85.75016826214296,27.899999006368507,31.6988468170166,1595.0,174.89527893066406,0.5329275131225586,10.0,4.774409770965576,930.4837451562494,90.0,14.964578900032464,1
876,85.54964341452819,27.79724535076342,30.21759414672852,918.0,136.27264404296875,0.248444065451622,10.0,4.46352481842041,2370.0,0.0,14.280699514857911,1
47,85.9596913398223,27.81702396836746,30.024471282958984,2376.0,153.68016052246094,0.3995726406574249,30.0,4.941662311553955,6931.233656427981,835.7032966310471,15.124146268922068,1
1071,85.63141118438186,27.964386486679835,50.4891471862793,1445.0,75.30715942382812,0.7421074509620667,10.0,4.582652568817139,210.0,335.4101966249685,14.00557760666042,1
868,85.48844823922181,27.850632815307613,26.306509017944336,1658.0,301.5946044921875,0.500707745552063,30.0,4.607892036437988,5777.551384453453,271.66155414412253,14.734675135257843,1
617,85.75747390786728,27.9142879706915,43.41604232788086,1902.0,138.83120727539062,0.4111773371696472,60.0,4.774409770965576,1050.0,30.0,14.394635162781404,1
bg_92,85.67314787561567,27.936885863160253,4.292496204376221,1771.0,257.5452575683594,0.6149654388427734,60.0,4.5489630699157715,3541.1438829847057,182.48287590894657,15.70948244184398,0
bg_230,85.8785027495654,27.86385283056134,23.374052047729492,1104.0,257.01324462890625,0.5218986868858337,60.0,5.2028632164001465,0.0,0.0,14.176420435911524,0
831,85.53498527995303,27.83966584232792,33.15901565551758,1399.0,60.29573059082031,0.7479961514472961,10.0,4.967405796051025,2034.0353979220715,241.86773244895647,14.573255509277931,1
bg_564,85.76315906708444,27.805642000150392,6.790754795074463,838.0,17.900999069213867,0.417165070772171,40.0,5.8279619216918945,0.0,30.0,15.811455367010135,0
bg_542,85.57505184658982,27.885951386550676,29.402565002441406,1870.0,152.93556213378906,0.6706151962280273,10.0,5.267827987670898,2850.4736448527287,60.0,15.143443944215083,0
bg_262,85.94425942836294,27.839867812475347,18.163471221923828,2927.0,142.13526916503906,0.7822070717811584,10.0,4.941662311553955,5967.285815175941,90.0,16.49680631678123,0
bg_36,85.58178921122072,27.75955842607506,16.503131866455078,1059.0,21.74427604675293,0.5780578851699829,10.0,4.549545764923096,725.6031973468694,30.0,15.045391048196393,0
1286,85.70795647584227,27.7499593606906,22.70151710510254,954.0,211.64718627929688,0.4898149967193603,30.0,4.136266231536865,5918.521774902919,182.48287590894657,13.925747686369167,1
433,85.7743002085615,27.99692002556288,48.23829650878906,2895.0,79.16957092285156,0.491262823343277,60.0,4.903069972991943,1081.6653826391969,975.8073580374356,15.000625827641898,1
795,85.89758475795558,27.821743657378864,46.274173736572266,1777.0,163.73300170898438,0.4214155972003937,30.0,4.941662311553955,1549.8709623707389,30.0,14.569301049799847,1
bg_322,85.58178921122072,27.785429906257704,19.232805252075195,924.0,331.8345642089844,0.7502732872962952,10.0,4.549545764923096,408.0441152620633,169.7056274847714,14.249854814204545,0
bg_726,85.67988524024656,28.1303829753596,35.604042053222656,4784.0,185.88558959960938,0.10670340061187744,60.0,3.9022998809814453,8010.954999249466,10336.600021283593,15.714645472318159,0
415,85.6459935473764,27.91243220963961,28.96159553527832,1472.0,211.97900390625,0.5449013113975525,60.0,4.625964164733887,1336.6001645967278,30.0,14.877021175513624,1
1210,85.87326318381945,27.88020628125348,49.86476135253906,1441.0,190.6779022216797,0.2598475217819214,30.0,5.2028632164001465,914.3850392476904,123.69316876852982,14.0122509365492,1
920,85.52317299991915,27.93491520447024,35.17137908935547,1941.0,224.5914001464844,0.6440480947494507,10.0,5.221707344055176,3005.0956723538766,94.8683298050514,14.82409605769718,1
872,85.53424145970872,27.800828523466112,38.421478271484375,986.0,180.0,0.4834900498390198,30.0,4.46352481842041,4081.764324406788,60.0,13.997238552242884,1
bg_244,85.83511412134243,27.967338751291905,16.437807083129883,2814.0,276.300048828125,0.8335856795310974,10.0,4.01486349105835,3930.0,611.8823416311342,15.29100702994175,0
1290,85.67579129497496,27.763836944407387,40.4422492980957,889.0,226.8651123046875,0.5125703811645508,10.0,4.263062000274658,4941.902467673761,210.0,13.780837159243456,1
1214,85.87775886301843,27.8777741379738,45.26700973510742,1334.0,195.7920837402344,0.4822404384613037,30.0,5.2028632164001465,375.8989225842501,152.97058540778357,14.100457508802904,1
bg_749,85.83161069173435,28.044414202669362,49.46505355834961,4504.0,245.462890625,0.044234953820705414,100.0,4.568583965301514,5011.077728393364,870.5170877128145,15.521647236022408,0
bg_680,85.85209228021228,27.843101747498178,27.324256896972656,2053.0,82.80060577392578,0.576937198638916,30.0,5.761692047119141,1946.9976887505543,655.2098900352466,15.194498108510304,0
bg_980,85.85182278562705,28.0770230474829,30.597610473632812,4636.0,105.88731384277344,0.08913705497980118,100.0,3.896871328353882,8443.228055666861,1760.0568172647154,15.874564640248327,0
bg_792,85.64538993333638,27.894575213278227,30.232717514038086,1399.0,218.94473266601562,0.7803636193275452,10.0,4.625964164733887,2394.3683927081897,182.48287590894657,14.462733116706378,0
bg_438,85.75210978908977,27.772224671581146,28.124460220336914,1151.0,83.04190063476562,0.6410582065582275,10.0,5.361922740936279,1170.0,120.0,14.597857638813826,0
bg_724,85.54271249636152,27.818038751071242,29.063501358032227,1675.0,158.76055908203125,0.6607456803321838,10.0,4.967405796051025,3097.127701597078,30.0,15.084886832445886,0
bg_219,85.83969552929143,27.945240195302567,23.100656509399414,2478.0,313.0870666503906,0.8015566468238831,10.0,4.01486349105835,5061.472117872428,468.61498055439927,15.50181247881182,0
bg_511,85.68446664819558,28.015308787463887,43.61564254760742,2728.0,162.0664825439453,0.861020028591156,10.0,4.758371829986572,6914.658342969666,2248.399430706208,14.514414391509156,0
bg_684,85.70656520418491,27.71131889531784,15.515257835388184,1362.0,187.56964111328125,0.7395879030227661,10.0,3.891842842102051,2898.2235938588315,390.0,15.371562068317328,0
bg_316,85.94749336338577,27.77006871489926,29.677282333374023,1565.0,42.39067840576172,0.8146593570709229,10.0,5.2163896560668945,5517.798474029294,30.0,14.824408896774335,0
bg_355,85.85721267733176,27.768990736558315,42.1584587097168,1483.0,190.4775848388672,0.6452481746673584,10.0,6.045157432556152,1200.0,67.0820393249937,14.304806018479635,0
bg_865,85.8566736881613,28.102625033080304,34.92079544067383,4531.0,305.4271240234375,-0.0006098800804466009,60.0,3.896871328353882,10612.030908360568,2382.120903732638,15.68952032054433,0
bg_143,85.8537092477237,27.823159148190722,23.747211456298828,1390.0,16.931522369384766,0.7555099725723267,10.0,5.761692047119141,1596.7780058605517,161.55494421403512,14.62805066671908,0
bg_933,85.8545177314794,27.956558967882472,11.413673400878906,3469.0,344.19696044921875,0.7385717034339905,10.0,4.01486349105835,6201.370816198625,1051.7128885774862,15.932544864635343,0
bg_948,85.79037802019327,27.99374922064502,33.187198638916016,1733.0,299.669189453125,0.5404937863349915,30.0,4.568583965301514,0.0,702.2819946431775,14.682825248860274,0
bg_127,85.90976412145275,27.927184058091765,48.324363708496094,2486.0,95.78944396972656,0.7838709950447083,10.0,4.404165267944336,1697.586522095413,510.8815909777921,15.034614889763306,0
1089,85.60391490782438,28.011515699801752,59.34141540527344,2048.0,269.4501953125,0.7663060426712036,10.0,4.835017204284668,5228.699647139812,865.3323061113574,14.12876621311121,1
93,85.91958629123444,27.748700472507217,20.976150512695312,1694.0,294.9755249023437,0.7174177765846252,10.0,4.780183792114258,4286.9569626951,342.05262752974136,14.84985759263358,1
bg_63,85.81624950037592,28.01719524956054,33.885772705078125,3555.0,244.28775024414062,0.611664354801178,30.0,4.568583965301514,3279.893290947131,308.86890422961005,15.665435429708602,0
952,85.91363221900039,27.91024357859958,22.709835052490234,1693.0,211.68505859375,0.5780822038650513,30.0,4.404165267944336,360.0,375.8989225842501,15.197870361648294,1
bg_428,85.49528144936001,27.964643805439547,39.334388732910156,2829.0,189.00689697265625,0.9031878113746643,10.0,4.546175479888916,7235.039737278573,807.7747210701756,14.935390353440184,0
799,85.89723630830741,27.829845485595133,46.18305206298828,2206.0,212.98992919921875,0.5975439548492432,10.0,4.941662311553955,1863.866948041088,201.24611797498108,14.98660415145549,1
bg_733,85.5944554567268,27.959792902905303,36.505863189697266,2755.0,138.04261779785156,0.8259994983673096,10.0,4.808651447296143,4332.585832963959,403.6087214122113,15.12517903921228,0
66,85.59196937552156,27.798237792823688,22.152196884155277,1004.0,156.13758850097656,0.505540668964386,10.0,4.549545764923096,1455.2319402761884,94.8683298050514,14.702561471198994,1
160,85.93190410653821,27.71077636055063,48.30646896362305,2540.0,241.58572387695312,0.7028621435165405,10.0,4.370652198791504,7937.820859656635,218.40329667841556,14.827926204322033,1
bg_31,85.74321646777699,27.877058065237893,37.757205963134766,1851.0,116.0355453491211,0.7693114280700684,10.0,4.696327209472656,1253.1959144523253,108.16653826391968,14.675719416844363,0
1175,85.90301349104088,27.874269644309976,34.24985885620117,1481.0,3.08350133895874,0.6979256868362427,10.0,4.586504936218262,342.05262752974136,391.15214431215895,14.535971599706327,1
bg_920,85.71411105257152,28.01072737951488,27.74700927734375,3187.0,349.963623046875,0.8527737855911255,10.0,4.635933876037598,6603.067468987426,848.5281374238571,16.26932616478907,0
983,85.91744752698581,27.930149094577363,37.32857131958008,2114.0,155.8928680419922,0.2494714558124542,30.0,4.404165267944336,1325.4433220624717,468.61498055439927,14.65354394923152,1
bg_323,85.8221783812511,27.88702936489162,30.32134246826172,2664.0,204.02239990234375,0.8544214963912964,10.0,5.7131733894348145,6052.718397546676,600.0,15.325248064084265,0
bg_528,86.01513650427998,27.896461675374876,33.973331451416016,3468.0,310.43865966796875,0.7475728392601013,10.0,4.051556587219238,9144.096456184176,870.0,15.818424727713582,0
bg_105,85.49285599809288,27.917212758438037,7.6853108406066895,2501.0,32.89021682739258,0.849175751209259,10.0,4.496346950531006,5515.188120091644,218.40329667841553,15.7085816857863,0
581,85.75828433185232,27.90618794807334,45.4854850769043,1347.0,189.3282470703125,0.5380354523658752,10.0,4.774409770965576,563.6488268416781,323.10988842807024,14.030323415943226,1
bg_1082,85.66641051098478,27.986472866843652,20.407760620117188,2137.0,330.4808654785156,0.4144810736179352,10.0,4.758371829986572,3487.3629005310013,0.0,15.775666564618056,0
397,85.73567771266164,27.85044509671836,44.180267333984375,1465.0,31.83790397644043,0.7572502493858337,10.0,4.696327209472656,2257.1885167172018,553.1726674375732,14.54558251719788,1
448,85.58585138741711,27.96546164437561,41.26115798950195,2824.0,241.33187866210935,0.4132063388824463,30.0,4.808651447296143,4412.550282999618,161.55494421403512,14.98185521704246,1
1270,85.48708260565782,27.86422720585396,34.366355895996094,1577.0,193.94456481933597,0.7483299970626831,10.0,4.607892036437988,5646.459067415613,212.1320343559643,14.652632367065015,1
bg_275,85.91353704564605,27.996713661082616,17.310413360595703,3414.0,90.0,0.44916820526123047,30.0,4.106739044189453,5560.44962210791,1465.0938536489734,16.213106497874104,0
1098,85.6181378302985,27.999181121232933,45.07881546020508,1668.0,48.55696487426758,0.8162626028060913,10.0,4.772528171539307,3221.335126931068,67.0820393249937,14.325424123796104,1
989,85.80830639743054,27.944569442287047,15.591270446777344,1776.0,318.951904296875,0.7630922198295593,10.0,4.312197685241699,1866.0385848100784,90.0,15.190254496035369,1
bg_1052,85.92269986154407,27.905624491272896,48.41297149658203,1399.0,262.5714111328125,0.7052631378173828,30.0,4.404165267944336,240.0,67.0820393249937,14.050522123827651,0
550,85.74937623644121,27.90799398033301,32.604244232177734,1644.0,76.83407592773438,0.7545883655548096,30.0,4.774409770965576,1360.294085850556,755.3806987208503,14.782050965076946,1
bg_789,85.86179408528078,28.101277560154127,36.97817611694336,4997.0,316.9672546386719,-0.09152624756097794,60.0,3.896871328353882,10936.553387607999,2824.6238687655386,15.218614673925913,0
bg_631,85.6591341571834,27.71940373287492,35.37819290161133,797.0,244.3330841064453,0.29265448451042175,30.0,4.0218892097473145,120.0,0.0,14.15621042946362,0
bg_568,85.53543614256014,27.97488459967851,40.153133392333984,1644.0,126.49916076660156,0.8431351184844971,10.0,4.987441062927246,4668.929213427849,60.0,14.689670865437513,0
780,85.90034007509446,27.8067256496828,27.44286155700684,1013.0,175.95823669433594,0.4625758528709411,30.0,4.941662311553955,617.7378084592201,210.0,14.236660540603417,1
212,85.51647316172806,27.89246323284021,36.02378463745117,1512.0,168.37545776367188,0.5251054167747498,30.0,4.607892036437988,2370.0,30.0,14.505023200231292,1
bg_365,85.7688184533744,28.137928823746204,13.36146354675293,5240.0,207.62741088867188,-0.07347763329744339,70.0,3.9751100540161133,7650.058823303256,4802.343178074636,16.461146807953963,0
bg_40,85.53678361548633,28.023393625020965,36.105648040771484,2341.0,224.74717712402344,0.8212598562240601,10.0,4.726099014282227,9766.647326488246,1142.3659658795864,15.049843602613693,0
45,85.9329472041279,27.79831459417169,39.6870002746582,1841.0,145.0153045654297,0.5888268351554871,10.0,5.216389656066895,3690.0,108.16653826391968,14.60786196302852,1
847,85.7121319130817,28.0239858245729,26.53470039367676,3140.0,262.5492553710937,0.5063722729682922,30.0,4.635933876037598,5785.646031343432,1168.4605256490267,15.21018728667534,1
105,85.90145383248989,27.63893790295222,41.54988098144531,1770.0,170.50621032714844,0.5614258646965027,30.0,4.343433856964111,9439.899363870358,108.16653826391968,14.85008647144395,1
206,85.5307935974324,27.8870951758079,33.31898880004883,1106.0,163.82261657714844,0.4834243953227997,30.0,5.103635787963867,782.3042886243179,42.42640687119285,14.206649256085852,1
bg_96,85.65482224381964,28.092384238841344,37.08524703979492,3680.0,226.74102783203125,0.480236679315567,30.0,4.347579002380371,10858.5496269069,6145.242061953296,15.462944668436068,0
1078,85.63218416135865,27.97143844942444,54.93156814575195,1417.0,180.0,0.8373779654502869,10.0,4.582652568817139,120.0,120.0,13.825791576101958,1
bg_512,85.59256899463016,27.926375574336056,29.753965377807617,2348.0,263.4960021972656,0.7162319421768188,10.0,5.441863059997559,3736.6562592778055,300.0,15.395665173778122,0
bg_907,85.51279859740033,28.11151835439309,19.852096557617188,5056.0,113.79827880859375,-0.07416621595621109,60.0,4.169457912445068,10351.78245521031,6925.063176607127,16.529566118807455,0
bg_1051,85.99788885082488,27.83959831789011,27.738615036010742,3276.0,299.506591796875,0.6597912907600403,10.0,4.383127212524414,11518.788998848795,1480.0675660252812,16.329813651642507,0
1386,85.52861112828417,28.017299941563607,32.2575798034668,2427.0,122.58970642089844,0.6416769027709961,10.0,4.726099014282227,9363.893421008166,241.86773244895647,15.157668748118333,1
bg_46,85.55376177435619,27.839328823304875,24.653770446777344,1092.0,23.50699234008789,0.43485087156295776,10.0,4.967405796051025,591.6924876994806,134.1640786499874,15.22825707594172,0
bg_215,85.46806249625118,28.096696152205116,22.262126922607422,4789.0,150.4556884765625,0.07073715329170227,60.0,4.169457912445068,7925.906888173743,8008.426811802678,16.275035970001362,0
bg_906,85.82649029461487,28.120411675705874,21.86036491394043,4541.0,113.79652404785156,0.207337886095047,100.0,3.67387318611145,9777.28489919364,626.4183905346331,16.132059729605267,0
bg_241,85.9642020276704,27.886759870306385,44.883304595947266,3229.0,287.0118408203125,0.7304254770278931,10.0,4.586504936218262,5160.087208565375,1652.1803775617236,14.986244466453396,0
587,85.76725385973802,27.913046637826778,42.04601287841797,1219.0,127.60955810546876,0.4725546836853027,60.0,4.774409770965576,0.0,276.5863337187866,14.120631391270107,1
576,85.73182840913925,27.883357537848227,42.64535140991211,1934.0,32.471981048583984,0.4514682590961456,10.0,4.696327209472656,2696.664606509308,161.55494421403512,14.58943011659355,1
bg_670,85.60227079969864,27.79270626005907,22.07207679748535,1228.0,263.1214904785156,0.4631771147251129,40.0,4.549545764923096,2596.6902010058884,0.0,14.693489161083908,0
bg_822,85.46455906664312,27.802408065127562,16.912220001220703,2113.0,142.9957733154297,0.8336790204048157,10.0,4.618796348571777,10626.81984414905,60.0,15.692765983689027,0
bg_410,85.97632928400601,27.900504094153415,34.60519027709961,2904.0,259.18212890625,0.7873107194900513,10.0,4.020069122314453,5341.095393269062,1818.158408940211,15.03861588291945,0
384,85.68045000022249,27.810787806831,46.89946746826172,1329.0,315.3963317871094,0.6592414379119873,10.0,4.6042256355285645,9154.916711800275,182.48287590894657,14.03585489423975,1
bg_869,85.79549841731276,27.85145607964049,20.99100112915039,1711.0,114.95484924316406,0.6791919469833374,10.0,5.7131733894348145,2394.3683927081897,192.09372712298546,15.305658579858909,0
bg_79,85.84158199138808,28.038485321794173,37.85540008544922,4187.0,178.64785766601562,0.23871669173240662,30.0,4.297876358032227,6061.188002363893,902.4965373894794,15.539233656282656,0
32,85.93579392933783,27.81339709157548,42.09333038330078,1850.0,256.5289306640625,0.6889795660972595,10.0,4.941662311553955,4262.640027025505,30.0,14.52745590334147,1
bg_431,85.54028704509439,28.156254455542243,16.394603729248047,5242.0,86.8459701538086,-0.06491727381944656,70.0,4.091997146606445,5820.0,2429.8148077579904,16.498062781074026,0
bg_108,85.48962206307006,27.87948351650502,26.459699630737305,2021.0,331.4227294921875,0.5969076156616211,10.0,4.607892036437988,5364.298649404225,216.33307652783935,15.21510487593139,0
bg_490,85.886048597952,27.712666368244022,23.4427490234375,1783.0,68.07992553710938,0.4496268630027771,10.0,4.370652198791504,4954.452542915312,30.0,15.012186153614449,0
931,85.64283608205879,27.91192941756724,33.85687255859375,1307.0,227.4979705810547,0.4569821357727051,30.0,4.625964164733887,1157.6268828944844,108.16653826391968,14.76180978355746,1
1188,85.91168303751613,27.871682621934124,25.91874313354492,1680.0,2.159458875656128,0.32019704580307,60.0,4.586504936218262,926.120942425988,60.0,15.054509991426713,1
bg_662,85.49123903058147,27.787855357524826,18.08573341369629,1683.0,340.3558044433594,0.746647298336029,10.0,4.618796348571777,8850.0,180.0,15.352369130196864,0
209,85.52050284669085,27.88589609060036,33.612327575683594,1201.0,176.8411102294922,0.3840043246746063,30.0,5.103635787963867,1931.4502323383847,0.0,14.410125655907564,1
bg_1032,85.5831366841469,27.793245249229543,13.352639198303223,981.0,207.5522918701172,0.8292827606201172,10.0,4.549545764923096,480.0,60.0,14.912230569844933,0
bg_88,85.5801722437093,27.749856621006572,14.520768165588379,821.0,-0.0,0.4905501902103424,10.0,4.508334636688232,1652.1803775617236,152.97058540778355,14.979476560113364,0
bg_433,85.72165690095812,27.75174308310322,16.0485782623291,1172.0,235.75494384765625,0.5126644968986511,40.0,4.136266231536865,5045.711049990873,270.0,15.221109741554338,0
bg_144,85.74106051109511,27.873015646459358,38.27072525024414,1745.0,93.52915954589844,0.7961254715919495,10.0,4.696327209472656,1470.0,108.16653826391968,14.526415422498584,0
bg_637,85.89952332721379,27.98485589933224,32.544342041015625,3657.0,239.5140380859375,0.6272401213645935,30.0,4.106739044189453,6137.768324073499,42.42640687119285,15.49097893976037,0
1124,85.673231618731,27.99088260909289,43.08504867553711,2003.0,218.84500122070312,0.4833728075027466,10.0,4.758371829986572,4377.2251484245135,60.0,14.718995469787862,1
568,85.76435427892787,28.03768707361241,27.73854637145996,2688.0,337.4409484863281,0.7378965020179749,10.0,4.903069972991943,524.785670536077,1047.8549517943788,15.308917079308618,1
1196,85.94746903576079,27.867968281018687,48.01089477539063,1837.0,30.725194931030277,0.3840739130973816,60.0,4.586504936218262,4061.095911204265,577.0615218501403,14.308135717864788,1
1390,85.50762791608128,28.022200814511404,21.25300025939941,3105.0,182.70236206054688,0.2833513617515564,30.0,4.541608810424805,10795.87421193856,1023.9628899525608,15.358424672658243,1
1287,85.70896133129015,27.74965720114756,40.44073486328125,1012.0,206.78802490234372,0.4536939263343811,30.0,4.136266231536865,5961.249868945271,270.0,13.987868416564275,1
704,85.97870235465051,27.81241749524862,38.272342681884766,2492.0,224.10076904296875,0.4833720028400421,30.0,4.383127212524414,8872.75041912033,134.1640786499874,15.107193405049191,1
887,85.66567767515647,27.889377950798504,31.200075149536133,1802.0,195.793701171875,0.6316779851913452,10.0,4.626403331756592,4602.531911893713,361.2478373637689,14.880755347769776,1
785,85.90004092038254,27.821525984657463,32.24636459350586,1759.0,320.3350524902344,0.5726807713508606,30.0,4.941662311553955,1739.4826817189069,120.0,14.724825025135502,1
275,85.5449782756327,27.882096492629284,59.89898300170898,1140.0,290.89129638671875,0.076358824968338,60.0,5.103635787963867,0.0,120.0,14.28478284118736,1
869,85.48721447586733,27.854166928397472,26.07418632507324,1449.0,283.3893737792969,0.741053581237793,10.0,4.607892036437988,5777.239825383745,123.69316876852982,14.902806107719272,1
bg_1101,85.51145112447416,27.936885863160253,35.4222526550293,1920.0,115.62212371826172,0.8125784397125244,10.0,4.496346950531006,4240.94329129735,300.0,14.918302690652414,0
bg_852,85.71060762296345,27.76279236109789,18.775115966796875,1223.0,-0.0,0.551345705986023,10.0,4.541873455047607,5864.213502252454,0.0,15.09113638970106,0
bg_47,85.828915745882,27.896731169960113,64.24385833740234,2415.0,160.914794921875,0.7226219177246094,10.0,4.945862293243408,6113.673200294566,342.05262752974136,14.362060570418652,0
bg_658,85.6591341571834,27.841754274571997,27.380767822265625,2250.0,194.3253173828125,0.4683670103549957,30.0,4.6042256355285645,6661.486320634458,60.0,15.28167721804342,0
bg_607,85.82002242456922,27.824506621116903,24.793153762817383,2377.0,314.49853515625,0.822496771812439,10.0,6.791383266448975,5068.846022518341,807.7747210701756,15.916579666720482,0
bg_845,85.55888217147567,27.96976420255903,33.7452392578125,2415.0,232.71524047851562,0.4651126563549042,30.0,4.987441062927246,3601.12482427366,30.0,15.09452894752985,0
1176,85.90237507844097,27.874582313303485,34.24985885620117,1459.0,356.91650390625,0.6857143044471741,10.0,4.586504936218262,276.5863337187866,335.4101966249685,14.33622454545234,1
bg_100,85.72030942803195,27.72533261375011,20.187559127807617,1378.0,165.60031127929688,0.7690021395683289,10.0,4.136266231536865,4337.672186784059,276.5863337187866,15.03120247453386,0
1343,85.59796429625287,28.01368356606953,24.075098037719727,2011.0,59.52074813842773,0.8598563075065613,10.0,4.835017204284668,5840.145546131535,840.0,15.321439387966011,1
132,85.96426439256877,27.78020741575961,32.93392562866211,1299.0,1.6185671091079712,0.8428637981414795,10.0,5.216389656066895,7179.031968169525,67.0820393249937,14.683925003238766,1
bg_746,85.56750599820322,27.767643263632138,40.412845611572266,1213.0,81.25161743164062,0.6507390737533569,30.0,4.549545764923096,1539.3829932801,90.0,14.15735594674718,0
669,85.74087473611583,28.015339789897045,49.55094528198242,3218.0,67.2679443359375,0.4452901482582092,30.0,4.635933876037598,4115.580153514204,1200.3749414245533,15.1238670771352,1
bg_58,85.82190888666587,28.119064202779693,32.69660568237305,4626.0,113.79674530029297,0.1023990660905838,70.0,3.67387318611145,9273.106275676992,540.8326913195983,15.720219906094242,0
bg_65,85.91488451857224,27.81157088102558,20.677724838256836,1273.0,313.3333435058594,0.6922219395637512,30.0,4.941662311553955,2118.1359729724622,295.4657340538831,15.013256630184966,0
bg_479,85.88119769541775,28.082682433772852,32.39387130737305,4983.0,305.9316101074219,-0.043755579739809036,60.0,3.7391419410705566,11619.918244118588,1893.8056922503956,15.775194730675732,0
bg_398,85.69928885038355,27.866008787243224,37.66047668457031,2414.0,94.81263732910156,0.7826312780380249,10.0,4.696327209472656,6120.0,295.4657340538831,14.991400411517171,0
bg_383,85.5470244097253,27.97811853470134,28.2711124420166,1924.0,246.96434020996094,0.8011608123779297,10.0,4.987441062927246,4601.847455098876,216.33307652783935,14.940689025193388,0
1094,85.59691680789409,28.02772661517284,42.824466705322266,2290.0,227.06382751464844,0.7175028324127197,10.0,4.835017204284668,7164.537668265832,655.2098900352466,14.72055703445668,1
1190,85.91623587493523,27.87966859614773,43.44743347167969,1325.0,16.858352661132812,0.6971881985664368,10.0,4.586504936218262,615.5485358604958,84.8528137423857,14.12009076486115,1
1324,85.76655996067275,28.056920891840907,37.67742156982422,3040.0,229.47276306152344,0.4514767825603485,30.0,4.903069972991943,558.0322571321483,750.0,15.004597553984857,1
bg_513,85.61601502354567,28.048456621447897,19.816978454589844,3584.0,188.78335571289062,0.6165289282798767,10.0,4.772528171539307,8412.044935685972,3416.577234601905,16.10842196532208,0
bg_536,85.93213217202732,27.860079906368036,29.68657112121582,2128.0,42.4143180847168,0.5610357522964478,30.0,4.586504936218262,3426.4413025761874,391.15214431215895,15.132068493788179,0
bg_630,85.92431682905548,28.01908171165719,34.0357666015625,4067.0,251.84600830078125,0.3321976065635681,100.0,4.106739044189453,5239.7041901237135,4188.197703069902,15.846842370236258,0
1088,85.61968656142595,28.00889009048064,56.831424713134766,2231.0,148.98190307617188,0.4111632406711578,60.0,4.772528171539307,4105.7277065095295,531.6013544000805,14.193329606026111,1
bg_901,85.89979282179902,27.72263766789775,22.999126434326172,1725.0,197.5526123046875,0.31293705105781555,30.0,4.780183792114258,4798.874868133154,360.0,15.25597206303176,0
bg_1068,85.88470112502581,27.956019978712,30.246370315551758,3180.0,250.54052734375,0.7184836864471436,10.0,3.8100929260253906,5783.1565775102445,536.6563145999496,15.386853453708921,0
bg_736,85.68877856155935,27.785968895428176,34.91646957397461,1203.0,213.39926147460938,0.7505577802658081,10.0,4.263062000274658,7806.747081851698,241.86773244895647,14.36461835912475,0
1053,85.62448493934264,27.919516639924137,36.28291320800781,1509.0,121.95265197753906,0.6871249079704285,10.0,4.625964164733887,335.4101966249685,60.0,14.277898242214794,1
bg_478,85.58987404877779,27.99240174771884,35.69387435913086,2528.0,22.50550079345703,0.8112464547157288,10.0,4.835017204284668,5208.781047423668,657.9513659838393,14.89626772117106,0
bg_298,85.51414607032652,27.807797956832278,26.065237045288086,1073.0,26.678199768066406,0.7799457907676697,10.0,4.804811000823975,6174.827932825335,150.0,14.59958513297059,0
871,85.48783702453791,27.850978060695084,34.4823112487793,1604.0,260.5037841796875,0.645548403263092,10.0,4.607892036437988,5816.364844127301,342.05262752974136,14.89901769777869,1
852,85.4659860041353,27.8626430831114,38.03919982910156,1917.0,186.719970703125,0.5926653742790222,10.0,4.607892036437988,7992.677899177471,67.0820393249937,14.825517531900276,1
528,85.75948720538207,27.91057683845581,14.493463516235352,1716.0,97.19495391845705,0.469548761844635,30.0,4.774409770965576,804.9844718999243,0.0,15.702776774377114,1
308,85.66258449829442,27.7988169901516,41.22751998901367,1273.0,118.70526123046876,0.3813053667545318,30.0,4.263062000274658,8052.583436388599,30.0,14.183391157533904,1
88,85.73843780302849,27.755169687014625,26.18452835083008,1470.0,342.686279296875,0.681929886341095,30.0,4.136266231536865,3228.451641267064,30.0,15.195537349225935,1
bg_885,85.78337116097714,27.709971422391664,30.943567276000977,957.0,23.35877799987793,0.7971269488334656,10.0,4.292092323303223,1236.9316876852981,67.0820393249937,13.887808482498404,0
517,85.72666355806642,27.88843047420489,34.80842971801758,1887.0,35.41912841796875,0.7798620462417603,10.0,4.696327209472656,3448.0429231667054,240.0,14.591814951984082,1
457,85.50587543959018,27.98950771433623,39.65283584594727,2531.0,174.92428588867188,0.4006426632404327,30.0,4.541608810424805,7939.294679000144,484.6648326421053,14.941275387819804,1
216,85.51868844297223,27.8914345027648,29.944398880004883,1460.0,229.73509216308597,0.5795574188232422,10.0,4.607892036437988,2130.0,30.0,14.743648665073486,1
1313,85.83235872689549,28.014380637851925,13.646114349365234,2915.0,137.17649841308594,0.5649976134300232,30.0,4.568583965301514,4686.149805543992,998.5990186255945,14.937097875298583,1
bg_962,85.6087386697443,27.911014382977612,29.50082015991211,1704.0,50.99130630493164,0.7642477750778198,10.0,5.441863059997559,1382.9316685939332,108.16653826391968,14.93572286678576,0
bg_574,85.91299805647559,27.800252108445676,21.993741989135742,1539.0,274.5976257324219,0.6848549246788025,30.0,5.2163896560668945,1470.3060905811415,150.0,15.202395291878384,0
bg_708,85.68150220775799,27.816421783559825,26.599746704101562,1230.0,260.69830322265625,0.7344305515289307,10.0,4.6042256355285645,9074.739665687386,60.0,14.572009084013747,0
bg_546,85.88389264127011,27.691915285180862,22.93817901611328,2050.0,65.11756896972656,0.8368874192237854,10.0,4.370652198791504,7113.543420827626,305.9411708155671,15.13177682178727,0
712,85.92060746451698,27.831458833304527,51.36983489990234,2609.0,154.89801025390625,0.2694161832332611,30.0,4.941662311553955,4118.859065323794,360.0,14.556394943721868,1
70,85.49176179383343,27.83785205972959,59.50204086303711,1661.0,117.85223388671876,0.6014082431793213,10.0,4.804811000823975,6039.246641759219,381.8376618407357,13.765828359640093,1
bg_187,85.75615220786831,27.83959831789011,22.84878158569336,1496.0,87.79829406738281,0.7875120043754578,10.0,5.8279619216918945,1373.7903770226374,60.0,15.094356006254676,0
1075,85.61739527329419,27.970087887214056,55.01522445678711,2004.0,126.09148406982422,0.4329974353313446,30.0,4.582652568817139,1770.0,421.07006542854594,14.2539515825639,1
bg_683,85.83107170256389,28.018812217071954,52.476078033447266,3183.0,103.66290283203125,0.34095197916030884,30.0,4.568583965301514,4884.475406837463,1291.394595001853,14.549459198126629,0
257,85.51911209718624,27.86795117966519,49.43511962890625,1112.0,133.8577117919922,0.5621734857559204,10.0,4.607892036437988,2070.0,150.0,13.811478651431148,1
322,85.66880930763996,27.829939986057862,40.11921691894531,1502.0,87.798095703125,0.658015251159668,10.0,4.6042256355285645,8316.008658004152,324.4996147917591,14.646689819000402,1
bg_439,85.82675978920011,27.673320158799587,30.298221588134766,1926.0,234.42384338378906,0.7211126685142517,10.0,4.813807010650635,7359.239091101743,60.0,14.937863476744973,0
bg_283,85.6507798250411,28.033634419259926,22.182109832763672,2366.0,244.10482788085938,0.8384515047073364,10.0,4.772528171539307,6709.813708293249,150.0,15.579834036775056,0
41,85.93420073792365,27.8016858198202,48.87138748168945,2053.0,128.46031188964844,0.3112154901027679,30.0,5.216389656066895,3815.783012698704,90.0,14.40696665666134,1
bg_713,85.73809607065752,27.77006871489926,25.757497787475586,1311.0,80.3431167602539,0.7404712438583374,10.0,4.541873455047607,2732.636089932211,296.98484809834997,15.004922057028457,0
790,85.89432613974091,27.826037129141703,42.569122314453125,1804.0,206.001953125,0.3747572898864746,10.0,4.941662311553955,1368.5393673548451,0.0,14.6125416661753,1
bg_1005,85.63919155787596,27.740693805108553,2.9706037044525146,1111.0,339.36260986328125,0.5773219466209412,10.0,3.9692416191101074,1462.942240828393,0.0,15.461052128282464,0
bg_628,85.662098597621,28.015039292878654,36.31809997558594,2713.0,266.2118835449219,0.8583142161369324,10.0,4.758371829986572,5253.427452625572,1214.9074038789952,15.125977509199956,0
1221,85.91115694516294,27.89874385208569,33.681270599365234,1423.0,157.3701629638672,0.3050776422023773,60.0,4.404165267944336,150.0,60.0,14.416791442287805,1
bg_462,85.78876105268185,28.04064127847606,31.521621704101562,2821.0,253.12225341796875,0.8275721669197083,10.0,4.903069972991943,402.49223594996215,684.7627326307996,15.3423671228249,0
bg_781,85.8251428216887,27.668469256265343,20.36729621887207,1891.0,259.95538330078125,0.4866163432598114,50.0,4.813807010650635,7661.050841757938,42.42640687119285,15.43976271397248,0
875,85.53689034849243,27.80020348257439,42.64111709594727,990.0,208.4856414794922,0.73481684923172,10.0,4.46352481842041,3780.119045744459,67.0820393249937,13.95534904825212,1
231,85.49317173455192,27.89499973385234,35.340858459472656,1659.0,196.5065155029297,0.4409918785095215,60.0,4.496346950531006,4950.0,60.0,14.654264770676994,1
1143,85.87339552885832,27.869151840638377,31.320878982543945,1358.0,133.7617645263672,0.4932378530502319,30.0,5.2028632164001465,349.85711369071805,174.92855684535903,14.504223977634542,1
530,85.7592798828699,27.91155573901069,45.74537658691406,1707.0,91.80763244628906,0.5391988754272461,30.0,4.774409770965576,840.0,60.0,14.38546032199228,1
bg_308,85.57693830868647,28.133077921211957,16.367246627807617,4432.0,228.59237670898438,0.1969577819108963,70.0,3.858997106552124,7056.8264822085575,150.0,16.53157623841982,0
804,85.88361815484204,27.84908218141845,47.44703674316406,1309.0,257.1197814941406,0.4912151098251343,10.0,4.586504936218262,60.0,331.36083051561786,14.007759674891044,1
897,85.6519233824232,27.896529145415407,39.986595153808594,1746.0,195.1926422119141,0.4853390455245971,60.0,4.625964164733887,2871.3933899763715,0.0,14.632493490284224,1
bg_1006,85.94048650416964,27.722368173312514,49.08677673339844,2248.0,273.21685791015625,0.7603249549865723,10.0,4.780183792114258,7815.503822531213,426.38011210655685,14.671659533329192,0
bg_815,85.50633072735468,27.96437431085431,34.79597091674805,2872.0,63.730224609375,0.7917585372924805,10.0,4.546175479888916,6124.9979591833335,1046.5658125507446,15.255429494163865,0
865,85.49783095343656,27.83558834550521,38.87267303466797,1802.0,267.6982421875,0.3387436866760254,10.0,4.804811000823975,5514.943336064297,60.0,14.619374991152522,1
bg_870,85.8898215221453,27.878136043578838,37.19606399536133,1266.0,146.2898712158203,0.5890195965766907,30.0,4.586504936218262,0.0,42.42640687119285,14.703495805344858,0
bg_290,85.96285455474421,27.978388029286577,41.280391693115234,2077.0,144.2241668701172,0.3229508101940155,30.0,3.8100929260253906,0.0,271.66155414412253,14.838245032159437,0
475,85.53331916052332,28.01954823078005,31.93870735168457,2119.0,109.7294464111328,0.2932376861572265,60.0,4.726099014282227,9444.474575115337,597.7457653551382,14.873698197498404,1
1422,85.97503217757493,27.870134616204503,42.68613815307617,2803.0,219.44403076171875,0.555763840675354,10.0,4.215697765350342,6795.778101144858,324.4996147917591,14.59220507522542,1
bg_407,85.65751718967199,27.718864743704447,28.859546661376953,692.0,229.74368286132812,0.4865047335624695,10.0,4.0218892097473145,0.0,30.0,14.132356128201701,0
bg_540,86.02968921188271,27.888646332403034,20.189287185668945,3757.0,165.5795440673828,0.5147657990455627,30.0,4.176967620849609,10964.49725249635,873.6131867136621,16.140851172045135,0
bg_415,85.96069859806234,27.80079109761615,21.5363712310791,1833.0,232.02772521972656,0.7559468746185303,10.0,5.2163896560668945,6780.597318820814,161.55494421403512,14.84562198990279,0
985,85.91006043990579,27.929270518801207,41.94011306762695,2601.0,136.10792541503906,0.4364360868930816,30.0,4.404165267944336,1851.5128949051368,666.1080993352356,14.994872378145631,1
bg_730,85.51199011364463,27.914248318000443,28.807952880859375,1792.0,34.49238586425781,0.6535775065422058,10.0,4.496346950531006,3481.6806286619685,174.92855684535903,14.805706695902051,0
735,85.76649211718912,27.719395297710577,34.85765838623047,863.0,54.47696304321289,0.6372681856155396,10.0,4.70947265625,301.4962686336267,247.38633753705963,14.28009480324528,1
138,85.93634844262179,27.781868883980263,45.66162872314453,1082.0,312.8577880859375,0.7597222328186035,10.0,5.216389656066895,4053.9980266398743,189.7366596101028,13.76492551816114,1
482,85.93199672831895,27.812148300221708,50.40088272094727,1730.0,305.1573791503906,0.6743764281272888,10.0,4.941662311553955,3827.4403979683343,67.0820393249937,14.17914414972148,1
bg_1062,85.57693830868647,27.862774852220394,20.399703979492188,1304.0,79.97294616699219,0.5498881340026855,10.0,5.267827987670898,1170.3845521878695,212.13203435596427,15.071619018055566,0
bg_516,85.71438054715676,28.164339293099317,11.0799560546875,5736.0,48.600711822509766,-0.0343053936958313,70.0,3.3097646236419678,6936.749959455076,10569.626294245223,16.383212207727546,0
1213,85.87500387833919,27.89181630150584,37.902000427246094,2208.0,200.66375732421875,0.117232546210289,60.0,5.2028632164001465,1950.0,108.16653826391968,14.95632788271073,1
721,85.92321918017267,27.81825052080688,49.82989883422852,1821.0,234.9745178222656,0.6738752126693726,10.0,4.941662311553955,3289.0728176797797,453.9823785126467,14.56223636518087,1
bg_1066,85.8582906556727,27.664426837486804,32.5610237121582,1859.0,236.1029815673828,0.38624587655067444,10.0,4.407373905181885,10020.0,0.0,14.693901106415108,0
104,85.57565468392582,27.969406466334743,41.6552619934082,2544.0,169.31349182128906,0.4535100758075714,60.0,4.808651447296143,4067.849554740195,60.0,14.922236940646174,1
1051,85.62761947470084,27.91946744188927,54.72692489624024,1305.0,126.54175567626952,0.6071963906288147,10.0,4.625964164733887,180.0,84.8528137423857,13.72994691787823,1
bg_719,85.79630690106846,27.959523408320067,40.036956787109375,1737.0,290.2916259765625,0.507043719291687,10.0,4.312197685241699,90.0,120.0,14.54429723630616,0
bg_1065,85.82918524046723,27.73180048379577,35.70512771606445,1479.0,215.82164001464844,0.3391416668891907,10.0,5.668778419494629,2070.217379890334,0.0,14.542759783216924,0
890,85.6711874525627,27.89094864874976,34.16684341430664,1964.0,149.15675354003906,0.4779101014137268,30.0,4.626403331756592,5015.117147186095,516.1395160225576,14.692865833786833,1
575,85.73256879237083,27.884191204125564,30.29973793029785,1853.0,36.54707717895508,0.746627151966095,10.0,4.696327209472656,2647.149410214693,150.0,14.979974986017169,1
bg_167,85.83780906719478,27.85711546593044,18.428258895874023,2300.0,337.3779296875,0.769858717918396,10.0,5.2028632164001465,4140.0,1140.3946685248927,15.344173345840517,0
bg_216,85.85343975313846,28.131999942871015,10.751242637634277,5255.0,255.18136596679688,-0.16211530566215515,70.0,3.346968173980713,10030.23429437219,3352.7600570276422,16.337840405762048,0
bg_521,85.5020188139909,28.094270700937994,44.347721099853516,4493.0,186.46722412109375,0.22797156870365143,60.0,4.169457912445068,10506.726416919782,7105.378244681981,15.395982308057475,0
14,85.61359881651256,28.00921429180124,51.2608642578125,2260.0,180.0,0.6150125861167908,30.0,4.772528171539307,4420.599506854245,722.4956747275378,14.409385566456674,1
458,85.50723531453913,27.98898665253984,32.53757858276367,2471.0,152.6297149658203,0.5890467166900635,30.0,4.541608810424805,7793.593522887885,323.10988842807024,14.915709927538073,1
329,85.65797765712668,27.812350397765105,34.71580505371094,1110.0,134.50167846679688,0.6551137566566467,10.0,4.6042256355285645,8506.309423010664,360.0,14.57416666419644,1
bg_1058,85.89278596258289,27.843640736668647,23.627119064331055,1888.0,177.6014862060547,0.6636022925376892,10.0,4.941662311553955,1080.0,384.1874542459709,15.280362327139134,0
1349,85.6626442193543,27.99913772205616,50.18375778198242,2074.0,203.4144592285156,0.642660915851593,10.0,4.758371829986572,3904.1516363993856,934.3446901438462,14.484599856229302,1
bg_82,85.66075112469483,27.888376837817802,33.732208251953125,1721.0,6.298835754394531,0.4918619692325592,10.0,4.626403331756592,4194.532155079992,0.0,14.761517011844084,0
bg_331,85.83161069173435,27.677632072163362,15.024399757385254,1884.0,72.44902801513672,0.6807228922843933,10.0,4.813807010650635,7174.2037885747295,30.0,15.76212490180945,0
bg_491,85.82029191915444,27.84741366086195,17.309940338134766,2228.0,267.02264404296875,0.6198437213897705,10.0,6.791383266448975,5073.194260029868,445.9820624195552,15.642730367989781,0
bg_964,85.98252765946644,27.867895249339874,39.95994567871094,2657.0,135.6278076171875,0.7795275449752808,10.0,4.215697765350342,7677.948944868023,94.86832980505139,14.991967537226593,0
bg_963,85.523847875395,28.15571546637177,28.79175567626953,5662.0,110.69944763183594,-0.04841713234782219,70.0,4.091997146606445,5910.532970891881,4207.386362101774,16.268373884987902,0
bg_341,85.7469893919703,28.150864563837523,19.257326126098633,4780.0,251.07383728027344,-0.048759736120700836,70.0,3.9751100540161133,8916.109016830156,7178.028977372549,16.51664815478109,0
824,85.55687255963632,27.89758745422579,42.17626190185547,1301.0,164.7624969482422,0.4299516975879669,30.0,5.221707344055176,1082.081327812286,67.0820393249937,13.853915335342151,1
bg_919,85.55187531225954,28.11017088146691,25.826215744018555,3813.0,279.6270751953125,0.3719782829284668,30.0,4.3097357749938965,10193.380204819203,2724.0594707164523,15.77925480343225,0
bg_459,85.87985022249157,27.95278604368917,31.502582550048828,3020.0,106.89070892333984,0.6431535482406616,10.0,3.8100929260253906,6072.314221118666,1113.642671596235,14.99954908431228,0
bg_1044,85.7876830743409,27.941467271109264,24.453508377075195,1501.0,297.5657043457031,0.7849332094192505,10.0,4.540307521820068,60.0,424.26406871192853,15.013470214211669,0
823,85.88124424936913,27.82811797744999,49.84670639038086,1477.0,210.6386260986328,0.375028520822525,30.0,4.941662311553955,432.6661530556787,67.0820393249937,13.869283488166,1
bg_578,85.5545702581119,28.133347415797193,33.88653564453125,4937.0,227.55665588378906,-0.04284733906388283,70.0,4.091997146606445,7691.826831124061,2071.955597979841,15.710692831746645,0
1054,85.62577021769351,27.92765702267174,37.812835693359375,1453.0,124.27783203125,0.6439790725708008,10.0,4.625964164733887,840.0,60.0,14.635285261864714,1
bg_389,85.71707549300912,28.013422325367237,28.004919052124023,3025.0,248.57632446289062,0.7164933681488037,10.0,4.635933876037598,6158.993424253675,818.8406438373709,15.481014034085216,0
199,85.48758470207204,27.894428221088912,26.665185928344727,1793.0,118.91546630859376,0.7075437903404236,10.0,4.496346950531006,5580.0,123.69316876852982,15.073819949651304,1
1099,85.61551962590876,28.000236295501992,39.5460319519043,1686.0,43.49842834472656,0.867875874042511,10.0,4.772528171539307,3470.2881724721365,123.69316876852982,14.533215039344697,1
bg_785,85.85640419357605,27.649335140713596,23.900068283081055,1904.0,189.49468994140625,0.5523329377174377,10.0,4.407373905181885,7978.872100742059,67.0820393249937,15.59999902365364,0
301,85.62250173447542,27.80399206096795,29.554821014404297,1426.0,115.35466766357422,0.7255859375,30.0,4.497191429138184,4860.0,216.33307652783932,14.733628296734189,1
381,85.68814438863224,27.85671603871751,46.13819122314453,2335.0,195.3041229248047,0.4414320588111877,30.0,4.626403331756592,7382.987200313975,60.0,14.652108180326607,1
bg_1046,85.99842783999534,27.80079109761615,28.861173629760742,2391.0,275.0550842285156,0.7238699197769165,10.0,4.674496173858643,13209.439806441453,360.0,15.86200205071669,0
1302,85.78779892561191,28.109771356153367,48.06087112426758,3557.0,98.36300659179688,0.2950981855392456,100.0,4.430944442749023,5743.256915722994,1129.690223025764,14.98366281104421,1
593,85.75115674997299,27.894142977838523,39.1927375793457,1200.0,153.30348205566406,0.4951718747615814,30.0,4.774409770965576,810.0,510.0,14.20686640527665,1
bg_239,85.49528144936001,28.073250123289597,39.81964111328125,4472.0,197.9425811767578,0.2111443728208542,100.0,4.169457912445068,11767.115194473112,4742.372823808773,15.281892172396446,0
1261,85.96810383820863,27.87166728809551,26.891321182250977,2481.0,171.69549560546875,0.5652454495429993,30.0,4.586504936218262,6006.0719276412265,30.0,15.40429432781235,1
905,85.65412309136684,27.829192322642548,38.6488037109375,1461.0,148.23263549804688,0.5206774473190308,30.0,4.497191429138184,7212.489168102785,339.4112549695428,14.34276062015097,1
bg_970,85.68150220775799,27.828818534480675,18.113550186157227,1253.0,243.5522003173828,0.6802650094032288,30.0,4.6042256355285645,8757.79081732374,0.0,15.196956560071111,0
514,85.73429875046479,27.88728796154032,38.59444808959961,1737.0,63.49946212768555,0.8219118118286133,10.0,4.696327209472656,2639.488586828896,94.8683298050514,14.337299123188362,1
bg_674,85.86017711776935,27.819925213167892,25.413331985473633,1586.0,8.86426067352295,0.7104647159576416,10.0,5.761692047119141,1273.1457104353767,192.09372712298546,14.95245211354361,0
898,85.65245676171898,27.8964443202352,30.5368595123291,1752.0,188.93101501464844,0.3870773017406463,50.0,4.625964164733887,2938.4689891166117,0.0,14.906702995673523,1
bg_137,85.57020094405557,27.94038929276832,33.177406311035156,1696.0,240.31863403320312,0.8448042869567871,10.0,4.808651447296143,1389.7481786280564,300.0,14.766371255645167,0
bg_94,85.77986773136907,27.99186275854837,50.5693244934082,2475.0,123.99183654785156,0.39003127813339233,10.0,4.903069972991943,840.0,1209.3386622447824,14.453361947382485,0
bg_656,85.76962693713011,27.889454816158743,40.84614562988281,1439.0,216.3802947998047,0.3148198425769806,30.0,5.343934535980225,810.0,120.0,14.316463804099044,0
bg_14,85.4734523879559,28.07055517743724,30.61383056640625,4235.0,64.04206085205078,0.3283272981643677,30.0,4.541608810424805,10792.872648187784,5135.172830587107,16.145505385426624,0
599,85.74174415468445,27.8942260465512,27.190160751342773,1623.0,192.3523712158203,0.4771306216716766,30.0,4.452770709991455,1860.0,0.0,15.637508256642,1
26,85.92300160498088,27.797025370153644,26.66371726989746,1846.0,177.9115753173828,0.26658695936203,30.0,5.216389656066895,2580.0,0.0,14.923754110794878,1
414,85.64634398475333,27.911620879572595,36.04234313964844,1454.0,244.99652099609372,0.2171079367399215,60.0,4.625964164733887,1421.442928857856,120.0,14.513694928754507,1
bg_168,85.59122152170397,28.027705538384737,43.71372604370117,2258.0,21.373010635375977,0.7646023035049438,10.0,4.835017204284668,7515.104789688565,67.0820393249937,14.88064244366389,0
bg_203,85.62625581778464,27.87085968977747,25.92694091796875,1609.0,60.0355110168457,0.42192214727401733,10.0,4.559855937957764,1794.4915714485817,30.0,15.010878561231786,0
bg_526,85.59930635926105,27.998600123179266,21.81764793395996,2356.0,55.52082824707031,0.8057662844657898,10.0,4.835017204284668,4610.63986882515,169.7056274847714,15.718915166568266,0
bg_917,85.80142729818795,27.72533261375011,43.9556999206543,1343.0,13.15566349029541,0.7032141089439392,10.0,5.668778419494629,947.2592042308166,234.30749027719963,14.095778055903017,0
386,85.71949327811006,27.83032783399567,43.25249862670898,1888.0,158.30372619628906,0.4817506074905395,10.0,4.7904558181762695,4989.92985922648,150.0,14.466111465746224,1
504,85.48837707110226,27.90232674376726,34.58476638793945,1979.0,153.15060424804688,0.6793407201766968,10.0,4.496346950531006,5537.011829497929,150.0,14.718054019478704,1
548,85.75222823166453,27.907202489181586,45.23017883300781,1505.0,78.88967895507812,0.4963536262512207,30.0,4.774409770965576,1064.048871058092,582.494635168428,14.21709544550779,1
258,85.51650612851815,27.866034761178028,39.7066650390625,1105.0,159.34075927734375,0.4653710126876831,10.0,4.607892036437988,2370.759372015641,108.16653826391968,14.055124688608624,1
1123,85.64479988788572,28.016198781756657,50.79015350341797,1912.0,221.1663055419922,0.6023716926574707,60.0,4.772528171539307,4690.469059699681,256.3201123595259,14.377067601530982,1
bg_118,85.71222459047488,27.979735502212755,35.56914520263672,3535.0,76.91679382324219,0.5356276035308838,10.0,4.318940162658691,8120.2524591295805,305.9411708155671,15.415282868547372,0
bg_808,85.72084841720242,27.946048679058272,34.04227828979492,2777.0,257.5462951660156,0.8215960264205933,10.0,4.318940162658691,6050.7850730297805,890.9545442950498,15.259538294781375,0
1257,85.95974598040067,27.86848072100836,36.50326919555664,2377.0,220.0407867431641,0.3914819061756134,30.0,4.586504936218262,5251.371249492841,150.0,15.28468829305853,1
1200,85.94127859411176,27.863706510913183,31.777400970458984,1912.0,353.2098999023437,0.79049152135849,10.0,4.586504936218262,3818.61231339344,445.9820624195552,15.062521187252642,1
108,85.89761467545966,27.639700878255464,43.04463958740234,1802.0,200.6199493408203,0.5345364212989807,10.0,4.343433856964111,9192.39359470644,0.0,14.47658149618806,1
1254,85.94775939056484,27.872384988569763,38.37654113769531,2087.0,196.11007690429688,0.4634709656238556,30.0,4.586504936218262,3877.434718986253,94.8683298050514,14.64086689186902,1
1357,85.52104603680806,27.976091542574576,40.15055465698242,2312.0,145.60226440429688,0.6150410175323486,10.0,4.987441062927246,5700.9472897054575,684.7627326307996,14.683304384115573,1
1385,85.5296465339668,28.017366917267086,42.39570617675781,2368.0,124.56753540039062,0.5846808552742004,30.0,4.726099014282227,9327.684600156676,283.0194339616981,14.91844189126294,1
bg_796,85.6847361427808,28.06866871534059,45.272682189941406,3966.0,225.12889099121094,0.34060993790626526,100.0,4.758371829986572,7260.0,4207.921101921946,15.184331344422532,0
bg_199,85.690665023656,28.022854635850493,39.33475875854492,3221.0,350.9883117675781,0.6273548603057861,10.0,4.758371829986572,7902.309788916149,2914.9442533262963,15.117083328841987,0
830,85.54406741511723,27.843244052985035,31.93476867675781,1162.0,92.97746276855467,0.6922792196273804,10.0,4.967405796051025,1021.7631819555842,108.16653826391968,14.438453399586194,1
bg_0,85.57047043864081,27.79351474381478,23.05780792236328,832.0,142.99801635742188,0.5964184999465942,10.0,4.549545764923096,212.13203435596427,60.0,14.963269413945149,0
1242,85.94454378789878,27.88334784759564,37.48200225830078,2439.0,193.8173675537109,0.1177231594920158,60.0,4.586504936218262,3156.707145111817,300.0,15.05102601306996,1
bg_349,85.51064264071844,27.817769256486006,22.74974822998047,1277.0,164.81785583496094,0.3383333384990692,40.0,4.804811000823975,5664.918357752386,60.0,15.019439126875524,0
bg_570,85.7839101501476,27.69002882308421,30.747886657714844,1747.0,209.45205688476562,0.7571644186973572,10.0,4.292092323303223,2516.068361551411,30.0,14.861766522788281,0
181,85.71430852369708,27.78767718210888,56.86922454833984,1374.0,104.68836975097656,0.5767800807952881,10.0,4.541873455047607,5400.0,94.8683298050514,13.888295132791733,1
1423,85.97159925063943,27.86876595886904,41.5295295715332,2540.0,194.36575317382807,0.2858942151069641,30.0,4.215697765350342,6470.270473480997,60.0,14.94723542242231,1
289,85.58578498642115,27.85076135449476,24.323827743530277,851.0,145.4550018310547,0.2817409336566925,30.0,5.267827987670898,90.0,120.0,14.11629743911622,1
bg_1108,85.54136502343533,27.98000499679799,27.044788360595703,1821.0,239.512939453125,0.8053781986236572,10.0,4.987441062927246,4953.907548592323,84.8528137423857,15.083771443043151,0
926,85.49878856434229,27.919024038683087,30.4186954498291,2185.0,93.16098022460938,0.5497850179672241,30.0,4.496346950531006,5031.779009455801,174.92855684535903,15.37903007291269,1
688,86.01157712654287,27.76340305828591,54.21980667114258,2675.0,216.39096069335935,0.2681725621223449,30.0,4.674496173858643,12036.731283866064,1049.571341072154,14.64043745619546,1
bg_361,85.62329137734704,27.978657523871814,40.75338363647461,1744.0,42.89528274536133,0.6905228495597839,10.0,4.582652568817139,1186.8024266911489,241.86773244895647,14.520811933533473,0
837,85.48555607222502,27.8494768470497,24.214378356933597,1565.0,322.363037109375,0.6944812536239624,10.0,4.607892036437988,6128.523476335879,318.9043743820395,15.05948460064312,1
bg_103,85.85209228021228,27.71212737907355,23.900400161743164,1421.0,189.5000457763672,0.5907159447669983,10.0,4.840806007385254,4710.0,30.0,14.603407085977942,0
bg_186,85.84508542099614,27.920446693460867,27.06123161315918,2658.0,156.76715087890625,0.8723822236061096,10.0,4.632851600646973,6342.002838220746,210.0,14.95191844738795,0
bg_894,85.98468361614832,27.866008787243224,31.608463287353516,2529.0,178.29495239257812,0.8071412444114685,10.0,4.215697765350342,7969.504376057523,108.16653826391968,14.98104321979622,0
bg_151,85.80762567364836,28.13685084540526,37.719120025634766,4763.0,256.6893310546875,-0.05067111551761627,60.0,3.67387318611145,9469.07598448761,3078.4736477676724,15.363900626019168,0
563,85.77367538986896,28.01646392044016,44.52534103393555,2310.0,68.7719497680664,0.7348942756652832,10.0,4.903069972991943,600.0,980.866963456309,14.42861366114555,1
bg_515,85.64000004163167,27.775728101189213,24.89853858947754,1122.0,131.50167846679688,0.5461118221282959,10.0,4.361113548278809,4542.796495552051,94.86832980505139,14.86876075164143,0
652,85.74942872255178,28.05437756711527,27.757862091064453,2907.0,70.2245864868164,0.6928251385688782,10.0,4.903069972991943,540.0,757.1657678474378,14.818184850335156,1
bg_32,85.84292946431427,27.661192902463974,16.216867446899414,1730.0,250.49160766601562,0.838787853717804,10.0,4.407373905181885,9389.61660559152,90.0,15.606371929518179,0
bg_956,85.93132368827162,27.927723047262237,41.39908981323242,1553.0,154.12371826171875,0.37937870621681213,30.0,4.404165267944336,0.0,150.0,14.510375557490036,0
bg_10,85.98818704575639,27.87732755982313,34.219905853271484,3293.0,135.56570434570312,0.8347562551498413,10.0,4.215697765350342,7838.5011322318505,993.1767214348109,16.021143768825763,0
938,85.68258825152746,27.920795516187265,46.91801834106445,2160.0,242.9890289306641,0.6702920794487,10.0,4.548963069915772,4952.544800403122,330.0,14.4890119535076,1
589,85.76822999374254,27.913929210283865,47.12380599975586,1165.0,121.7391357421875,0.6170648336410522,10.0,4.774409770965576,0.0,234.30749027719963,13.731057732368852,1
755,85.88833955875182,27.84581267982261,41.9361686706543,1710.0,273.09869384765625,0.5474649667739868,30.0,4.941662311553955,570.0,618.4658438426491,14.04244837307544,1
bg_669,85.7620810887435,28.09534867927894,33.633941650390625,4212.0,211.60684204101562,0.28550297021865845,100.0,4.430944442749023,2874.52604789033,1682.4089871371943,15.818851453513476,0
bg_555,85.886048597952,28.069477199096294,14.13613510131836,4802.0,251.25401306152344,-0.051012441515922546,60.0,4.106739044189453,11291.36395658204,1663.3099530754935,16.76334140320376,0
1258,85.96080881872878,27.866290828270824,23.9504451751709,2194.0,155.65475463867188,0.3790613710880279,30.0,4.586504936218262,5461.071323467585,318.9043743820395,15.423815558449428,1
bg_750,85.99842783999534,27.78758586293959,19.988828659057617,2000.0,220.83961486816406,0.4641547203063965,30.0,4.674496173858643,13170.034168520597,305.9411708155671,15.29097924996515,0
bg_41,85.71114661213393,28.01207485244106,25.77469253540039,3034.0,307.1158142089844,0.8538780808448792,10.0,4.635933876037598,6724.886616144543,1087.4741376235115,15.489805629497011,0
927,85.64544779805628,27.89825241330187,27.02655601501465,1625.0,190.3426971435547,0.4117818176746368,30.0,4.625964164733887,2156.038033059714,42.42640687119285,15.019936388966125,1
140,85.54399424820105,27.96571653613968,48.06268310546875,1853.0,171.47755432128906,0.5649769306182861,30.0,4.987441062927246,3360.2678464670043,228.4731931759173,14.262484628649458,1
bg_388,85.65751718967199,27.891880267425865,32.99871826171875,1748.0,229.5989990234375,0.27089959383010864,30.0,4.626403331756592,3684.0195439221006,30.0,14.909775826583257,0
877,85.5506896372733,27.797389423895066,37.07378387451172,911.0,189.76077270507807,0.1938497424125671,30.0,4.46352481842041,2250.0,30.0,14.217017951351735,1
bg_987,85.92862874241926,27.919907704290395,55.636924743652344,1408.0,126.70597839355469,0.4000000059604645,30.0,4.404165267944336,0.0,241.86773244895647,15.060972715978446,0
1373,85.54188739251923,28.007086855197887,33.61241912841797,2134.0,183.1624298095703,0.7951512932777405,10.0,4.726099014282227,7896.898125213468,150.0,15.446129131491688,1
bg_518,86.00085329126247,27.812918353951762,31.735490798950195,2643.0,220.6199493408203,0.6276922821998596,10.0,4.383127212524414,13115.902561394698,465.72524088780074,15.264678631132538,0
991,85.80063358903341,27.94024338082772,28.63304710388184,1998.0,42.1624870300293,0.590983510017395,60.0,4.312197685241699,1198.8744721612852,67.0820393249937,15.14889149950231,1
143,85.9393398343627,27.782373515213365,31.65534782409668,1097.0,19.053298950195312,0.8296296000480652,10.0,5.216389656066895,4381.643527262344,123.69316876852982,14.39528056352951,1
784,85.9008387765949,27.8221065691278,47.35895919799805,1801.0,312.1294250488281,0.5741410255432129,10.0,4.941662311553955,1863.866948041088,228.4731931759173,14.71501763350818,1
bg_883,85.87796376039492,27.739076837597135,24.626121520996094,1045.0,274.0501403808594,0.7876901626586914,10.0,5.7190961837768555,1892.1416437465773,516.1395160225576,14.8083434329007,0
bg_825,85.84858885060422,27.675476115481473,29.30136489868164,2008.0,348.7303771972656,0.8024590015411377,10.0,4.840806007385254,8454.306594866312,0.0,15.174046748843585,0
bg_1061,85.7011753124802,27.797826657178554,27.901987075805664,1564.0,11.967316627502441,0.7722935080528259,10.0,4.541873455047607,6840.0,90.0,15.193771067177211,0
757,85.88663199081076,27.843312427776663,48.62220764160156,1472.0,270.81707763671875,0.5914526581764221,10.0,4.941662311553955,390.0,658.6349520030045,14.091787454573184,1
429,85.68009690184145,27.946163282283447,39.19987106323242,2364.0,255.0469512939453,0.6206972002983093,10.0,4.595747470855713,4290.0,408.0441152620633,14.707483079266584,1
312,85.6619860852901,27.79501122344002,34.37202453613281,1312.0,98.16351318359376,0.2590644061565399,30.0,4.263062000274658,7785.274561632365,30.0,14.51011099111763,1
783,85.90094264348686,27.807334677132893,40.07454681396485,1043.0,149.97901916503906,0.5421521663665771,30.0,4.941662311553955,699.7142273814361,152.97058540778357,13.94802738267886,1
1177,85.90163520708303,27.87434301209208,46.79790878295898,1477.0,281.39849853515625,0.5587261319160461,60.0,4.586504936218262,201.24611797498108,323.10988842807024,13.72330972596445,1
962,85.91938456524709,27.92008268065212,44.10248947143555,1935.0,79.41270446777344,0.2896305024623871,30.0,4.404165267944336,429.5346318982906,216.33307652783932,14.466196573369464,1
1069,85.63182023997358,27.94788323467812,45.53242111206055,1719.0,107.5719985961914,0.7668393850326538,10.0,4.582652568817139,660.0,60.0,14.485302955527064,1
54,85.9827689232729,27.820792986544514,49.48912048339844,2759.0,110.22908020019533,0.4899901449680328,30.0,4.383127212524414,9502.615429448884,706.1161377563892,14.68165825294056,1
bg_264,85.96905293020464,27.794323227570487,36.23468780517578,1846.0,119.07627868652344,0.6189320683479309,10.0,4.674496173858643,7710.0,30.0,14.891372570478019,0
1087,85.62082444262842,28.01115901952346,53.24224853515625,2420.0,142.9425811767578,0.3238521516323089,60.0,4.772528171539307,4288.426284780933,750.5997601918082,14.513630557964058,1
1237,85.93168716944861,27.89801265577473,36.57036209106445,2174.0,242.7271270751953,0.6223495602607727,10.0,4.404165267944336,1425.2368224263644,60.0,14.8897868762732,1
1079,85.62449504670269,27.97413583311411,51.630008697509766,1765.0,163.9945068359375,0.4671262502670288,30.0,4.582652568817139,990.0,120.0,14.155900968604126,1
910,85.52497033734049,27.919435689062013,40.653804779052734,1280.0,182.44541931152344,0.7018842697143555,10.0,5.221707344055176,2340.0,400.24992192379,14.217278190707749,1
bg_110,85.50174931940566,27.87948351650502,30.457040786743164,1872.0,85.2627944946289,0.35228487849235535,30.0,4.607892036437988,4022.4619326974366,60.0,14.788946319160203,0
bg_17,85.54379047470246,27.8921497620111,33.255828857421875,1126.0,315.7140808105469,0.6858013868331909,10.0,5.103635787963867,270.0,30.0,14.085496232464626,0
5,85.74008102667753,27.89227066206497,30.66924095153809,1457.0,169.32093811035156,0.6223297119140625,10.0,4.696327209472656,2040.0,42.42640687119285,14.71317989545308,1
bg_993,85.69201249658218,27.725602108335345,33.18775177001953,1094.0,302.98907470703125,0.7706751823425293,10.0,4.0218892097473145,2715.2900397563426,379.47331922020555,14.224112723819468,0
1249,85.91554778051783,27.88339409803917,34.80803680419922,1265.0,215.4179534912109,0.3078961372375488,60.0,4.586504936218262,360.0,108.16653826391968,14.30694385784367,1
bg_897,85.64646791167732,27.759019436904588,35.42392349243164,1305.0,191.87306213378906,0.6786318421363831,30.0,4.361113548278809,3652.245884384018,30.0,14.467276502093428,0
bg_954,85.83161069173435,27.966799762121436,26.096460342407227,2630.0,256.6240539550781,0.824654757976532,10.0,4.312197685241699,3540.127116361784,218.40329667841553,15.497696107974098,0
307,85.66899819606184,27.78903811064572,31.86018943786621,1168.0,62.04051208496094,0.2682857811450958,30.0,4.263062000274658,7328.171668294896,30.0,14.30033350421159,1
bg_779,85.95719516845426,27.90131257790912,22.994375228881836,2470.0,304.90350341796875,0.8080424666404724,10.0,4.404165267944336,3476.5068675324087,750.0,15.339191439158567,0
729,85.90636771271376,27.81587903459828,54.713375091552734,1712.0,164.2164764404297,0.4432010948657989,30.0,4.941662311553955,1761.8456232031228,174.92855684535903,14.01101594361366,1
516,85.7277398829154,27.88839302986685,36.12735748291016,1834.0,37.02602767944336,0.818862795829773,10.0,4.696327209472656,3340.928014788705,201.24611797498108,14.893218896886694,1
1248,85.93058254904895,27.876117022469785,57.646629333496094,1434.0,213.83724975585935,0.4698731601238251,30.0,4.586504936218262,2024.2776489404805,212.1320343559643,13.72062927228326,1
1369,85.55646333730189,28.006004795566355,49.20476913452149,2654.0,208.3401336669922,0.6747400164604187,30.0,4.726099014282227,7650.0,429.5346318982906,15.26624877013043,1
bg_1083,85.61655401271614,27.77518911201874,10.822821617126465,1280.0,300.534423828125,0.6059165596961975,10.0,4.361113548278809,2334.0308481251914,42.42640687119285,15.560522983900675,0
1000,86.01020925863773,27.755204719428548,50.87569808959961,2571.0,265.4688415527344,1.0,10.0,4.183233737945557,12422.20994831435,391.15214431215895,14.34165862969299,1
811,85.8853753247686,27.85901806774333,44.09968948364258,1520.0,254.4978485107422,0.3787551522254944,30.0,4.586504936218262,618.4658438426491,720.6247289678588,14.286333564811176,1
bg_606,85.89467242467954,27.991323769377896,36.70308303833008,4146.0,162.83627319335938,0.2951699495315552,100.0,4.106739044189453,6937.333781792541,764.8529270389178,15.390459295239015,0
349,85.65171832602509,27.86785491378006,32.12165069580078,1626.0,277.4071350097656,0.8260743618011475,10.0,4.559855937957764,4102.547988750406,60.0,14.77198458965322,1
bg_256,85.77339986132341,27.81237936478129,26.3087158203125,1071.0,268.1237487792969,0.4506162405014038,10.0,5.8279619216918945,300.0,0.0,14.774580333417408,0
bg_765,85.88335365209964,27.85388153090761,48.540855407714844,1348.0,239.0131072998047,0.459122896194458,10.0,4.586504936218262,30.0,331.36083051561786,13.848090357297222,0
358,85.63162941843433,27.877641122246768,32.80287170410156,1266.0,21.67678451538086,0.3573782742023468,30.0,4.559855937957764,1634.6559270990333,510.8815909777921,14.741974157667284,1
177,85.76717860570484,27.77433037705996,37.00244140625,898.0,322.632568359375,0.6754854917526245,10.0,5.361922740936279,60.0,0.0,13.971711230284962,1
bg_39,85.633532171586,27.9312264768703,38.92549133300781,1348.0,86.55270385742188,0.8042688965797424,10.0,4.625964164733887,0.0,276.5863337187866,14.3214010200372,0
bg_104,85.72057892261718,27.674667631725764,31.868946075439453,918.0,88.50794982910156,0.7728658318519592,10.0,3.891842842102051,960.0,152.97058540778355,14.437281267487498,0
680,85.74059162974274,27.994991687609893,34.939735412597656,3514.0,130.44894409179688,0.4013442397117615,30.0,4.635933876037598,4724.880950881196,785.175139698144,15.431487364522464,1
bg_612,85.49528144936001,27.937963841501197,18.2002010345459,1981.0,46.42628479003906,0.7647436261177063,10.0,4.546175479888916,5957.851961907077,90.0,15.477280203388599,0
bg_579,85.94210347168105,27.9093974154662,9.71052360534668,1864.0,228.53334045410156,0.5800924897193909,30.0,4.404165267944336,1644.5364088398896,90.0,14.610287602276005,0
59,85.49275708552011,27.9288483156568,40.52910232543945,2176.0,56.695743560791016,0.8159648776054382,10.0,4.496346950531006,6012.362264534631,174.92855684535903,14.751115243674397,1
bg_759,85.87985022249157,27.71859524911921,48.729774475097656,1522.0,105.65960693359375,0.6913483738899231,10.0,4.780183792114258,4118.3127613137885,283.0194339616981,14.36395269498443,0
863,85.46753045476738,27.840336739978703,20.1308650970459,1612.0,228.5151824951172,0.6110206246376038,10.0,4.804811000823975,8335.682335597969,30.0,14.84300764198876,1
bg_714,85.50767820028085,28.058966910272098,39.67334747314453,3566.0,95.60004425048828,0.7453747391700745,10.0,4.541608810424805,14491.273235985856,3381.626827430845,15.270979167702812,0
994,85.81052313386142,27.93928482264493,19.45442771911621,1992.0,313.427001953125,0.7661663889884949,60.0,4.312197685241699,2229.910312097776,84.8528137423857,15.631669411616327,1
bg_268,85.81112910325643,27.72775806501723,45.991939544677734,1064.0,342.5237731933594,0.7048818469047546,10.0,5.668778419494629,1374.1178988718543,296.98484809834997,13.82605320969531,0
bg_6,85.85882964484318,27.64178929232699,22.874011993408203,1770.0,202.94363403320312,0.5560538172721863,10.0,4.407373905181885,7228.008024345298,94.86832980505139,15.25251274578462,0
bg_57,85.84373794806997,28.077562036653372,36.311737060546875,4818.0,238.0850067138672,-0.06197298318147659,60.0,3.896871328353882,7724.69416870338,1382.9316685939332,15.755364124752793,0
545,85.75571160389225,27.904498082886388,42.77909469604492,1301.0,58.343868255615234,0.725875735282898,10.0,4.774409770965576,591.6924876994806,240.0,14.218345899057388,1
1215,85.89703546822574,27.87908808830288,46.43839263916016,1233.0,157.47076416015625,0.3706701099872589,10.0,4.586504936218262,0.0,161.55494421403512,14.145093438055843,1
781,85.90058493479692,27.80677260713132,30.33544921875,1012.0,165.51109313964844,0.4625758528709411,30.0,4.941662311553955,617.7378084592201,210.0,14.236660540603417,1
461,85.51748166656621,27.997382928598785,31.95064353942871,2722.0,151.94415283203125,0.7019432783126831,10.0,4.541608810424805,7851.636772036771,752.3961722390673,15.545743860435213,1
588,85.76710229503277,27.914280389652323,63.82686233520508,1309.0,133.17361450195312,0.42548468708992,30.0,4.774409770965576,0.0,366.1966684720111,13.932257754813063,1
bg_819,85.52169191871312,28.072172144948656,37.00737762451172,4307.0,86.30596160888672,0.25999999046325684,100.0,4.726099014282227,14182.513881537363,5397.08254522756,15.525785319988161,0
365,85.6585397783051,27.89358234755473,34.65900802612305,1845.0,221.4750518798828,0.5763878226280212,10.0,4.548963069915772,3662.703919237808,60.0,14.753332998833988,1
23,85.9780776718157,27.80592321057497,44.264068603515625,2129.0,227.08042907714844,0.4045847058296203,30.0,4.383127212524414,8727.319176012757,108.16653826391968,14.629368609289449,1
815,85.88785542180737,27.809284711552102,42.28326416015625,952.0,221.61502075195312,0.1837115287780761,80.0,4.941662311553955,60.0,0.0,14.344636566739076,1
39,85.92242972155572,27.797965652229323,40.57289505004883,1891.0,250.10580444335935,0.5022915005683899,10.0,5.216389656066895,2520.0,30.0,14.60390996100854,1
1106,85.62159284049572,27.99862659758862,53.154075622558594,1679.0,229.07781982421875,0.5695546269416809,10.0,4.772528171539307,2978.472763011272,94.8683298050514,14.04197757931469,1
bg_988,85.80304426569936,28.02554958170285,24.83989906311035,3260.0,323.542724609375,0.5564219951629639,10.0,4.568583965301514,1770.0,1293.1357237351385,16.230710803199077,0
988,85.83777952054302,27.93281244777581,37.6693115234375,2818.0,256.6649475097656,0.5689342021942139,30.0,4.632851600646973,5336.459500455334,1086.64621657649,15.113195197668256,1
602,85.74387019755791,27.89266039524739,43.24998092651367,1369.0,191.22723388671875,0.5653905868530273,30.0,4.696327209472656,1620.0,295.4657340538831,14.125619156790316,1
469,85.52243042044891,28.00495546769012,53.8019905090332,2652.0,78.38142395019531,0.4557105898857116,10.0,4.726099014282227,8333.414666269764,958.5927185202274,15.321869289816412,1
1144,85.87066720038263,27.86921134554217,25.887828826904297,1453.0,140.1008758544922,0.2581314742565155,60.0,5.2028632164001465,591.6924876994806,30.0,14.916478058611055,1
bg_732,85.76342856166968,27.998061134008793,24.330514907836914,3292.0,333.5119323730469,0.8170585632324219,10.0,4.903069972991943,2232.9352879114076,189.73665961010278,15.693275993345525,0
615,85.75505880472987,27.91481651822897,40.11618423461914,1965.0,182.4922790527344,0.4110665619373321,30.0,4.774409770965576,1320.0,30.0,14.819517507164,1
895,85.64899519746089,27.896023534131043,41.36251449584961,1570.0,214.1720733642578,0.5834630727767944,30.0,4.625964164733887,2613.962509295036,30.0,14.332937621715256,1
bg_596,85.7831016663919,28.068399220755353,46.54325485229492,3960.0,310.1067199707031,0.35054996609687805,10.0,4.903069972991943,2686.1310466915047,1973.8540979515176,15.03386356221196,0
bg_1103,85.5470244097253,27.860079906368036,28.26383399963379,1007.0,252.4766387939453,0.7727081775665283,10.0,5.103635787963867,150.0,182.48287590894657,14.387896595783044,0
1340,85.63179473441565,27.99155994557817,35.3457145690918,1898.0,228.55499267578125,0.7712888717651367,10.0,4.772528171539307,1868.6893802876923,468.61498055439927,14.853643233735228,1
bg_90,85.54675491514006,28.099391098057477,2.971830368041992,3591.0,159.29978942871094,0.08237145841121674,60.0,4.3097357749938965,11516.913649064145,3000.5999400119968,16.97763423180637,0
288,85.58540593747404,27.850627929091065,32.30491256713867,866.0,150.51171875,0.4357246160507202,30.0,5.267827987670898,60.0,94.8683298050514,14.131548442165393,1
bg_725,85.45431827240415,27.836903372037753,26.655847549438477,1957.0,61.0716667175293,0.8332749605178833,10.0,4.804811000823975,9849.964466940984,42.42640687119285,15.370352776306751,0
bg_307,85.93536610705016,27.742580267205202,29.524675369262695,2297.0,237.1065673828125,0.7721943259239197,10.0,4.780183792114258,6039.470175437577,330.0,15.191448242894499,0
bg_18,85.8364615942686,28.10046907639842,29.58615493774414,4175.0,356.2936096191406,0.3008316457271576,100.0,3.896871328353882,8834.885398238055,990.4544411531506,15.971789810841793,0
921,85.523717308758,27.93506766435937,34.29389953613281,1975.0,226.5012664794922,0.6140813231468201,10.0,5.221707344055176,2970.6059987820668,150.0,15.014572444966824,1
bg_300,85.73162820061185,27.77330264992209,19.50027084350586,1370.0,34.63201141357422,0.5570967793464661,10.0,4.541873455047607,3450.0,42.42640687119285,15.31501966146806,0
565,85.7797661038932,28.02573266697924,50.67470550537109,2213.0,119.38493347167967,0.5156641602516174,30.0,4.903069972991943,90.0,442.944691807002,14.26598176669239,1
182,85.63360729469596,27.76230701925869,44.46030426025391,1055.0,147.27528381347656,0.4678790271282196,30.0,4.361113548278809,3012.723020790328,30.0,13.79832510966304,1
bg_553,85.72111791178766,27.81426582687794,36.37834548950195,1173.0,188.5727996826172,0.6047658324241638,10.0,4.7904558181762695,4666.904755831214,390.0,14.286591575227096,0
1204,85.90685479680162,27.87834365114036,40.25557708740234,1244.0,353.7918701171875,0.6876693964004517,10.0,4.586504936218262,120.0,84.8528137423857,14.09022149170321,1
bg_577,85.61817098022756,27.93446041189313,28.529531478881836,1848.0,162.341552734375,0.8389297723770142,10.0,4.625964164733887,1680.0,30.0,15.666030643584474,0
1056,85.62563966306446,27.93782794521324,37.46371841430664,1766.0,186.8663024902344,0.8547824621200562,10.0,4.582652568817139,872.066511224918,94.8683298050514,14.520664775271804,1
bg_202,85.84373794806997,27.900773588738648,50.84454345703125,2044.0,212.47618103027344,0.44065040349960327,10.0,4.632851600646973,4896.52938314476,192.09372712298546,14.430519922999986,0
747,85.88258961608234,27.86155359552517,40.980953216552734,1390.0,288.4685974121094,0.6110444068908691,30.0,4.586504936218262,390.0,420.0,14.546579285415852,1
bg_706,85.800349319847,28.084568895869502,26.299619674682617,3973.0,349.3023376464844,0.7805460691452026,10.0,4.129517078399658,5141.915985311312,540.8326913195983,15.771952451893277,0
816,85.91711757473455,27.85298073729744,44.2662239074707,2320.0,232.0852203369141,0.5941944718360901,10.0,4.586504936218262,3102.208890452092,67.0820393249937,14.728238488628074,1
bg_771,85.85263126938275,27.845796693350536,26.352245330810547,2052.0,93.74734497070312,0.7165883183479309,10.0,5.761692047119141,2082.786594925174,536.6563145999496,15.091358762714622,0
671,85.73815553100299,28.008454183863257,38.32786560058594,3306.0,30.680587768554688,0.4874857068061828,30.0,4.635933876037598,4585.193561890272,1008.4641788382966,15.499295748312433,1
658,85.75669880331282,28.048694326492768,44.29859924316406,2706.0,47.14459609985352,0.6897411942481995,10.0,4.903069972991943,254.5584412271571,618.4658438426491,14.7397595858072,1
bg_649,85.59795888633487,27.82477611570214,21.05425262451172,1381.0,233.9336700439453,0.5914804339408875,10.0,4.647837162017822,2130.0,189.73665961010278,15.09226326810968,0
bg_707,85.95315274967572,27.880292000260724,31.353179931640625,2671.0,208.74549865722656,0.6737136244773865,10.0,4.586504936218262,4165.573189850348,390.0,15.253681796407108,0
21,85.9729208502281,27.804735385027733,48.02769088745117,2091.0,124.6034698486328,0.8348909616470337,30.0,4.383127212524414,8147.913843432562,234.30749027719963,14.630927400892922,1
152,85.92323607511017,27.709967873638515,31.08910179138184,1979.0,256.0180053710937,0.4326750338077545,30.0,4.370652198791504,7386.155969108694,30.0,15.066837262362451,1
bg_237,85.68123271317275,28.056002469834503,42.697818756103516,3728.0,-0.0,0.5507385730743408,100.0,4.758371829986572,7686.676785191374,3799.4736477570154,15.624568344189456,0
bg_170,85.69470744243453,27.73180048379577,22.93770980834961,1010.0,208.38343811035156,0.5752089023590088,10.0,4.0218892097473145,3426.4413025761874,254.5584412271571,14.679979720153696,0
bg_1091,85.62760329071081,27.995905177326907,34.54790115356445,1851.0,212.17733764648438,0.4475330114364624,30.0,4.772528171539307,2423.324163210527,0.0,14.575994892151538,0
1163,85.84564413763086,27.88560181108046,49.08282852172852,2046.0,147.33566284179688,0.630174458026886,30.0,5.2028632164001465,3902.537635949204,212.1320343559643,14.7109296822239,1
1225,85.86032778391555,27.88902250863785,36.37876510620117,1857.0,188.57861328125,0.4945926368236542,60.0,5.2028632164001465,2658.006772000402,241.86773244895647,14.855291352055389,1
295,85.58078780916063,27.850878251940287,24.322389602661133,1041.0,158.61952209472656,0.175361156463623,30.0,5.267827987670898,313.20919526731655,0.0,14.646257332401516,1
230,85.57642720491006,27.83680086797774,37.42109680175781,889.0,111.07942962646484,0.2578637599945068,30.0,4.647837162017822,0.0,0.0,13.854492169131047,1
bg_30,85.57451285741935,28.096157163034647,12.626054763793945,4191.0,115.69581604003906,0.4807843267917633,70.0,4.263921737670898,11173.942903022193,30.0,16.436150931279144,0
1238,85.93141861133095,27.89678003662564,52.2466049194336,2078.0,239.9061584472656,0.491308331489563,30.0,4.404165267944336,1464.7866738880443,0.0,14.38058254417301,1
833,85.5053843703777,27.830752051590007,34.293312072753906,1801.0,143.8072967529297,0.3990178108215332,30.0,4.804811000823975,5094.173141933831,30.0,14.776009298150054,1
bg_884,85.53813108841251,27.91451781258568,12.252076148986816,1298.0,111.88325500488281,0.4497418701648712,30.0,5.221707344055176,870.0,60.0,15.229092213041657,0
723,85.91951017591104,27.82340664001788,51.09342956542969,2009.0,124.17987060546876,0.5199677348136902,10.0,4.941662311553955,3407.080861969672,268.3281572999748,14.800215224398016,1
220,85.51700543549823,27.89100352096508,29.723125457763672,1383.0,200.6636199951172,0.6065999269485474,30.0,4.607892036437988,2310.0,0.0,14.775547902552416,1
346,85.65547497962804,27.865912147265107,31.87886619567871,1818.0,238.62998962402344,0.7890068292617798,10.0,4.626403331756592,4569.660818922997,67.0820393249937,14.663871015332331,1
573,85.7568532000794,28.04316950500178,28.1778564453125,2813.0,45.97148132324219,0.5591588020324707,30.0,4.903069972991943,724.9827584156743,1068.2696288858915,15.251711080921334,1
bg_936,85.78903054726709,27.971920159240916,60.42717361450195,1906.0,86.84056091308594,0.3656958043575287,30.0,4.540307521820068,644.1273166075166,1370.8391590555036,13.835169494704532,0
323,85.66794677634589,27.82921700835482,33.41560363769531,1556.0,87.18730926513672,0.5759243369102478,10.0,4.6042256355285645,8318.281072433174,276.5863337187866,14.85484252812353,1
bg_971,85.8041222440403,28.033095430089457,36.805381774902344,3041.0,174.37368774414062,0.7094252705574036,10.0,4.568583965301514,1890.0,1381.9551367537224,15.216946895491837,0
bg_981,85.51333758657081,28.127149040336768,34.482242584228516,4852.0,61.87609100341797,-0.0590205118060112,70.0,3.683410167694092,9384.679003567464,6349.590537979595,15.83130916844028,0
bg_861,85.57397386824887,27.864661314317043,27.97661781311035,1374.0,111.45049285888672,0.5839598774909973,10.0,5.267827987670898,1519.0786681406596,123.69316876852982,15.639734624368637,0
595,85.7422317388701,27.895410763622262,34.87793731689453,1673.0,176.9875030517578,0.372976541519165,30.0,4.452770709991455,1800.0,30.0,14.598953069299426,1
bg_287,85.69228199116742,27.714283335755436,19.350475311279297,1227.0,236.41746520996094,0.3828350901603699,40.0,4.0218892097473145,1884.0382161729099,30.0,15.019419633276035,0
1356,85.52145765471812,27.97420590590029,43.64289855957031,2202.0,131.4496307373047,0.8113997578620911,10.0,4.987441062927246,5503.426205555954,474.3416490252569,14.664650404595486,1
551,85.7511857160385,27.90944527912685,52.65692901611328,1508.0,82.9052734375,0.5318095684051514,30.0,4.774409770965576,1350.0,737.9024325749307,14.450124598477364,1
197,85.48493878438704,27.893129874628407,34.80924606323242,1849.0,132.47052001953125,0.6041111350059509,10.0,4.496346950531006,5880.0,228.4731931759173,14.707124554989964,1
bg_134,85.63218469865983,27.85657647675997,17.270061492919922,1770.0,242.05532836914062,0.39404964447021484,30.0,4.559855937957764,3378.43158877015,150.0,15.176608860832987,0
bg_86,85.7650455291811,27.878405538164074,29.568601608276367,1257.0,295.3394470214844,0.3054213523864746,10.0,5.343934535980225,300.0,531.6013544000805,14.609500785826944,0
20,85.68340716776686,27.994752481171734,47.84456253051758,2482.0,333.3764343261719,0.7416716814041138,10.0,4.758371829986572,5589.749547162199,510.8815909777921,14.825803092513476,1
bg_426,85.54325148553198,27.908319437125254,7.685127258300781,1148.0,32.88806915283203,0.5506364107131958,40.0,5.221707344055176,300.0,134.1640786499874,16.381451066639997,0
1359,85.56301368555641,27.98686451829776,46.44257354736328,2695.0,157.45059204101562,0.7199937701225281,10.0,4.726099014282227,5546.350151225578,180.0,14.794467242086654,1
bg_1093,85.64619841709208,28.0379463326237,34.53700637817383,2443.0,253.60548400878906,0.8603078126907349,10.0,4.772528171539307,7089.464013590872,60.0,14.973305078661305,0
624,85.77091613897652,27.923436889441604,35.06955337524414,1325.0,117.4631576538086,0.5707810521125793,10.0,4.774409770965576,30.0,161.55494421403512,14.401768958818128,1
bg_430,85.9288982370045,27.78030950913822,38.488128662109375,1297.0,3.9585819244384766,0.7185148000717163,10.0,5.2163896560668945,3259.93864972947,60.0,14.299158270790606,0
786,85.89930489481729,27.819987694995607,22.95809555053711,1730.0,294.8567199707031,0.5399187803268433,10.0,4.941662311553955,1580.9174551506478,30.0,14.709673085010168,1
bg_843,85.73674859773134,27.900773588738648,27.15178680419922,2108.0,145.1494903564453,0.6924444437026978,10.0,4.452770709991455,2401.6869071550523,180.0,15.195365616623713,0
bg_743,85.84104300221762,27.812918353951762,11.181617736816406,2205.0,10.671441078186035,0.7936703562736511,10.0,5.761692047119141,3386.945526577007,551.5432893255071,15.692668601545645,0
1265,85.4892068780708,27.864232272043623,33.96693801879883,1634.0,204.0610198974609,0.7112513184547424,10.0,4.607892036437988,5406.745786515212,30.0,14.691969592234654,1
bg_890,85.90167928389567,27.909127920880962,20.67204475402832,2026.0,112.71371459960938,0.7501001358032227,10.0,4.404165267944336,1315.9027319676786,212.13203435596427,16.220020378187797,0
bg_395,85.88389264127011,28.030939473407567,22.356822967529297,4278.0,10.274057388305664,0.1005832627415657,100.0,4.106739044189453,9902.408797863276,391.15214431215895,16.159604673786788,0
1202,85.90023980685919,27.86520436200604,42.34184646606445,1697.0,31.49626350402832,0.1994120478630066,60.0,4.586504936218262,1080.4165863221465,408.0441152620633,14.443981140883215,1
bg_1048,85.81813596247257,28.06031438319828,11.182475090026855,4370.0,349.3046875,0.0843949019908905,30.0,4.568583965301514,4290.104893822528,284.60498941515414,17.457003843260114,0
328,85.66731886740764,27.82815905659112,41.27545547485352,1601.0,63.72947692871094,0.7257443070411682,10.0,4.6042256355285645,8363.276869744299,201.24611797498108,14.4264022441486,1
bg_523,85.771782893812,27.945509689887803,42.881473541259766,2118.0,192.53616333007812,0.48656198382377625,30.0,4.540307521820068,1210.826164236634,67.0820393249937,14.890366808224195,0
934,85.64080157338091,27.91237371325528,27.63519287109375,1256.0,216.49871826171875,0.3579244613647461,30.0,4.625964164733887,993.6297097007516,30.0,14.69155083245456,1
bg_844,85.8281072621263,27.66550481582775,28.8809871673584,1858.0,183.79981994628906,0.4567243754863739,30.0,4.39320707321167,8115.374298207077,0.0,15.182092422387258,0
266,85.488048887164,27.88739299693835,42.35527038574219,1918.0,128.4220428466797,0.4875066578388214,10.0,4.607892036437988,5520.0815211371655,30.0,14.743886501744411,1
30,85.92636134985838,27.79890723669247,29.64963722229004,1950.0,174.46548461914062,0.3867499232292175,30.0,5.216389656066895,2940.0,42.42640687119285,14.443335425982449,1
bg_983,85.9650105114261,27.89538369703393,23.006912231445312,3138.0,319.6819152832031,0.7887462973594666,10.0,4.404165267944336,4568.084937914356,1812.456896039186,15.819318245964222,0
bg_690,85.62436935568797,28.01584777663436,29.1878604888916,2886.0,79.98685455322266,0.838590681552887,10.0,4.772528171539307,4666.2297414508,1318.9768762188364,15.452259559713607,0
510,85.73973888315827,27.877809772676724,38.86662673950195,2020.0,91.1509017944336,0.7756343483924866,10.0,4.696327209472656,1653.2694880145823,94.8683298050514,14.732416080116954,1
bg_1081,85.92027441027695,28.00479849863969,15.357504844665527,3318.0,152.14105224609375,0.5318253636360168,10.0,4.106739044189453,5505.143049912509,2635.9059163786555,16.3127862295798,0
bg_279,85.90679968101516,27.689759328498972,28.106698989868164,2299.0,263.03668212890625,0.7758620977401733,10.0,4.370652198791504,8246.235504762157,134.1640786499874,15.12799080482132,0
270,85.566714454023,27.79676185140085,31.86162376403809,985.0,117.95779418945312,0.5203067660331726,30.0,4.549545764923096,450.0,0.0,14.140627497044385,1
44,85.93417320020193,27.79983349104638,50.50620651245117,1931.0,140.69554138183594,0.6618013381958008,30.0,5.216389656066895,3810.0,67.0820393249937,14.282241673028672,1
bg_584,85.86933993366738,27.826932072384025,28.214731216430664,981.0,35.44932556152344,0.6036520004272461,10.0,5.761692047119141,180.0,0.0,14.461240275899046,0
886,85.66512068742162,27.88920737952841,25.561498641967773,1785.0,191.03810119628903,0.5512532591819763,30.0,4.626403331756592,4549.42853554158,342.05262752974136,14.89348684297396,1
1316,85.82962509320556,28.018827369666667,32.692142486572266,3305.0,90.0,0.4421370327472687,30.0,4.568583965301514,4736.010979717003,1113.642671596235,14.791205215833498,1
bg_289,85.66398505971765,27.806180989320865,31.94060707092285,1019.0,28.013866424560547,0.76751309633255,10.0,4.6042256355285645,8637.082840867048,216.33307652783935,14.456645393209966,0
543,85.75744893170999,27.89128968032427,43.61986923217773,1124.0,91.94694519042967,0.3709118366241455,30.0,5.343934535980225,120.0,0.0,14.42323935707017,1
bg_797,85.69282098033788,27.81749976190077,35.630802154541016,1593.0,264.8168029785156,0.5775753259658813,10.0,4.6042256355285645,7836.66383099339,30.0,14.707936467316108,0
bg_1071,85.78364065556238,27.712396873658786,34.90169906616211,900.0,28.149442672729492,0.7379475235939026,10.0,4.292092323303223,1101.4535850411492,0.0,14.304090548277907,0
bg_1090,85.662098597621,27.78354344416105,16.01531982421875,1359.0,296.8189392089844,0.781895637512207,10.0,4.263062000274658,6571.9175283930645,120.0,15.492561888293896,0
821,85.88860212949308,27.86532209899133,27.84248352050781,1691.0,18.18023109436035,0.4709517955780029,10.0,4.586504936218262,618.4658438426491,725.6031973468694,14.974233527774173,1
1334,85.62757235562523,27.97441756736801,40.95886993408203,1739.0,126.63858795166016,0.8129917979240417,10.0,4.582652568817139,660.0,0.0,14.50216333705932,1
761,85.89106712951798,27.841355288993327,40.00984191894531,1711.0,226.0314178466797,0.6731380224227905,10.0,4.941662311553955,872.066511224918,702.9224708315988,14.528702710701072,1
bg_946,85.57316538449317,27.980543985968463,25.811185836791992,2687.0,209.51779174804688,0.6140291094779968,10.0,4.808651447296143,5085.508824100102,296.98484809834997,15.390004663171535,0
bg_109,85.828915745882,27.75578550188176,18.42588996887207,751.0,157.39691162109375,0.3429771363735199,50.0,5.668778419494629,30.0,0.0,14.930161168376934,0
bg_49,85.5343581642192,27.888376837817802,25.164255142211914,1091.0,177.76580810546875,0.7232630848884583,10.0,5.103635787963867,360.0,42.42640687119285,14.669209195802237,0
bg_306,85.7973848794094,27.80079109761615,15.712206840515137,1461.0,337.02630615234375,0.38714343309402466,10.0,6.054154872894287,3094.802093834111,90.0,15.647653150854422,0
bg_857,85.86664498781502,28.05115156730026,12.92209243774414,3670.0,286.39263916015625,0.5175718665122986,30.0,4.297876358032227,8981.280532307184,234.30749027719963,16.590070035433016,0
bg_418,85.84481592641092,27.95413351661535,35.145851135253906,3134.0,206.26516723632812,0.7115635275840759,10.0,4.01486349105835,5212.839916974241,1578.923684032892,15.217913382226888,0
bg_830,85.77124390464152,27.784621422501996,31.255966186523438,1118.0,295.25994873046875,0.6290030479431152,10.0,5.361922740936279,540.0,42.42640687119285,14.880178212866182,0
bg_882,85.85721267733176,27.9950966935712,29.2785701751709,3391.0,251.48292541503906,0.6804018020629883,10.0,4.297876358032227,6444.974786607005,161.55494421403512,15.615862288343202,0
bg_191,85.52842928334401,28.08349091752856,37.435367584228516,3975.0,224.0319366455078,0.3432680666446686,100.0,4.3097357749938965,13746.22129896067,5019.69122556358,15.599380472082121,0
bg_1015,85.52842928334401,28.090497776744694,32.03672790527344,4287.0,94.45101928710938,0.34211474657058716,100.0,4.3097357749938965,13204.431074453756,5100.0,15.522575340977086,0
937,85.69364081736684,27.910905613634448,42.047760009765625,2721.0,243.33932495117188,0.7291960716247559,10.0,4.548963069915772,6367.495583037337,630.7138812488591,14.985537905604946,1
bg_494,85.63245419324505,27.77518911201874,42.938140869140625,1368.0,109.30159759521484,0.6092920899391174,10.0,4.361113548278809,3882.5378298221385,67.0820393249937,14.232406996688164,0
200,85.48580976973697,27.90757297936178,37.33665466308594,2271.0,175.86871337890625,0.694915235042572,10.0,4.496346950531006,5938.560431619771,60.0,14.998296277575964,1
bg_595,85.86853144991167,27.64771817320218,23.637767791748047,1795.0,118.73873138427734,0.4126547574996948,30.0,4.407373905181885,8200.323164363708,90.0,15.223167984424034,0
1199,85.96157165224233,27.85187230843655,37.12496948242188,2730.0,340.2077331542969,0.6706444025039673,30.0,4.586504936218262,6404.701398191801,740.9453421137081,14.939081981197956,1
bg_634,85.98576159448926,27.787046873769118,41.68555450439453,1817.0,358.8226318359375,0.8319679498672485,10.0,4.674496173858643,9570.0,123.69316876852982,14.526684799651964,0
bg_77,85.66263758679148,27.957097957052945,36.96101379394531,2235.0,222.99447631835938,0.8705403208732605,10.0,4.595747470855713,2370.0,632.8506932918697,14.890307888646658,0
960,85.923901485784,27.917289111403267,31.28137588500977,1679.0,115.23294067382812,0.432824969291687,30.0,4.404165267944336,90.0,323.10988842807024,14.845491771527582,1
bg_620,85.95234426592002,27.85199506881096,30.336101531982422,2595.0,345.50531005859375,0.7926530838012695,10.0,4.586504936218262,5642.71211386865,872.066511224918,15.127184988693406,0
bg_916,85.80196628735841,28.190210773281958,42.56267166137695,6185.0,170.79339599609375,-0.07339563965797424,70.0,3.266342878341675,13231.22443313543,8741.12692963556,16.06096522717873,0
1080,85.62638349901773,27.973464321306302,37.0750732421875,1718.0,189.77638244628903,0.7689810991287231,10.0,4.582652568817139,780.0,60.0,14.738573738987611,1
bg_810,85.72246538471383,28.103433516836013,29.645244598388672,4752.0,91.62989807128906,-0.07430590689182281,100.0,4.176478385925293,4747.68364573715,4817.686166615671,15.935299286733729,0
1125,85.67428848280187,27.99083922463052,39.62285232543945,2059.0,216.7146759033203,0.5525004267692566,10.0,4.758371829986572,4486.880876510986,60.0,14.721472898524889,1
bg_775,85.82864625129676,27.826123588628317,15.378475189208984,2447.0,93.37413024902344,0.8265676498413086,10.0,6.791383266448975,4245.291509425471,0.0,15.132856632585018,0
180,85.6791950193381,27.76328237207557,39.8960189819336,1102.0,259.9639587402344,0.7064896821975708,10.0,4.263062000274658,5092.317743424894,60.0,14.088466618108235,1
115,85.78192469682324,27.75000221202761,39.15792465209961,920.0,322.6664123535156,0.6582998037338257,10.0,4.70947265625,330.0,134.1640786499874,13.923590381132868,1
bg_986,85.49258650350765,27.98512539391747,38.704280853271484,3228.0,43.34017562866211,0.5628709197044373,10.0,4.541608810424805,8682.914257321674,351.14099732158877,15.252802397489994,0
586,85.76522178233623,27.912781150380123,50.89117813110352,1354.0,107.6180648803711,0.5219752788543701,10.0,4.774409770965576,180.0,276.5863337187866,13.924183312487152,1
bg_26,85.97902422985837,27.87544109772648,34.00387191772461,3064.0,288.1765441894531,0.752897322177887,10.0,4.215697765350342,7095.4915263144385,1020.441081101697,15.364812495348458,0
bg_141,85.74213848943604,28.09373171176752,38.70154571533203,3348.0,138.38009643554688,0.5699373483657837,30.0,4.176478385925293,2694.3273743181244,2595.9969183340727,15.247533707878269,0
bg_892,85.89871484345808,27.9093974154662,58.75604248046875,2279.0,104.79354095458984,0.31012988090515137,30.0,4.404165267944336,1632.7277789025334,540.0,14.528879843781015,0
bg_766,85.52169191871312,27.860618895538508,38.94667434692383,1285.0,274.5950622558594,0.6770592331886292,10.0,5.103635787963867,1899.7368238785077,210.0,14.41406366055355,0
127,85.98441506579829,27.76130874527655,39.333099365234375,1676.0,8.990274429321289,0.8766321539878845,10.0,4.674496173858643,9735.91290018558,436.8065933568311,14.364426292253668,1
bg_336,85.65724769508675,27.890532794499688,25.082460403442383,1684.0,231.49920654296875,0.30855098366737366,30.0,4.626403331756592,3736.6562592778055,0.0,15.197676771750091,0
bg_334,85.8087036519893,28.134425394138137,46.300357818603516,4885.0,285.2467346191406,-0.06956750899553299,60.0,3.67387318611145,9338.8703813684,2787.418160233588,15.34274768451962,0
bg_539,85.48746610638817,28.08807232547757,35.33341979980469,5025.0,214.71006774902344,0.07753141969442368,100.0,4.169457912445068,9924.87783300127,6470.896383036897,15.767930101033377,0
703,85.9767200503514,27.81282801542947,39.15444564819336,2424.0,203.86529541015625,0.6318195462226868,10.0,4.383127212524414,8670.415214970964,42.42640687119285,15.055654964579247,1
749,85.88261315750846,27.85837387493977,25.913312911987305,1346.0,281.5314636230469,0.4129190444946289,60.0,4.586504936218262,390.0,436.8065933568311,14.783666761998797,1
bg_834,85.55672621479378,27.996983155667852,33.796756744384766,2724.0,322.9462585449219,0.8381875157356262,10.0,4.726099014282227,6630.0,90.0,15.136359388090883,0
bg_587,85.82056141373968,27.70053911190841,26.03057861328125,1802.0,311.5213317871094,0.8320610523223877,10.0,4.813807010650635,4353.412454615344,247.38633753705963,15.343612727936097,0
bg_34,85.60739119681813,27.88514290279497,22.968297958374023,1223.0,114.84355926513672,0.50030118227005,10.0,5.267827987670898,241.86773244895647,94.86832980505139,15.15066277548589,0
62,85.654337526867,27.89490543518357,35.07222366333008,1695.0,211.4501037597656,0.3997491896152496,30.0,4.625964164733887,3194.1195970094795,42.42640687119285,14.85918782434238,1
179,85.62198039893185,27.77794183623643,33.08961486816406,1336.0,186.44847106933597,0.3143834769725799,30.0,4.361113548278809,3013.171087077533,0.0,14.366576465086316,1
465,85.52809852890493,27.986098252301748,33.971920013427734,1813.0,155.91490173339844,0.7812737226486206,10.0,4.726099014282227,6174.827932825335,30.0,14.79848830926776,1
bg_45,85.99788885082488,27.772763660751618,33.747623443603516,2552.0,194.26756286621094,0.8426138758659363,10.0,4.674496173858643,13336.240099818238,335.4101966249685,15.157525520915542,0
248,85.48870281248466,27.87285210188904,46.13848114013672,2082.0,195.30625915527344,0.3981677293777466,10.0,4.607892036437988,5460.0,120.0,14.337539055650772,1
bg_1053,85.59903686467581,28.019351206242426,46.183834075927734,2009.0,260.1624450683594,0.8593140840530396,10.0,4.835017204284668,6246.487012713626,900.0,14.570826111640613,0
bg_573,85.63407116075648,27.832591458673978,22.547746658325195,1859.0,159.34661865234375,0.7177350521087646,10.0,4.497191429138184,5136.925150320959,42.42640687119285,15.310795210876531,0
bg_13,85.7650455291811,28.135233877893846,32.26854705810547,4976.0,253.61953735351562,-0.07099324464797974,70.0,3.9751100540161133,7274.737108652106,4711.910440575033,16.020367899557662,0
bg_147,85.75022332699312,28.113674311074977,44.679718017578125,3870.0,280.3736877441406,0.45170730352401733,80.0,4.430944442749023,4770.0,3834.0187792967317,15.178303865978455,0
10,85.72544838528468,27.889435394823177,34.29833984375,1841.0,36.20747375488281,0.8132522702217102,10.0,4.696327209472656,3595.6223383442257,192.09372712298543,14.807072980342427,1
1260,85.96894597758103,27.86911476784257,42.99940490722656,2519.0,239.7728729248047,0.5129274129867554,30.0,4.215697765350342,6177.159541407362,30.0,14.870505576837976,1
bg_999,85.62086592607992,27.80914542975846,19.361331939697266,1594.0,123.55949401855469,0.466126412153244,40.0,4.497191429138184,4680.0,84.8528137423857,15.276219591759917,0
1338,85.58559752161331,28.00440073381087,26.48147773742676,2812.0,135.63229370117188,0.3666341006755829,60.0,4.835017204284668,6251.88771492259,182.48287590894657,15.540315649320668,1
526,85.7604644132059,27.91053667688668,47.25248336791992,1645.0,92.5727310180664,0.6260135173797607,30.0,4.774409770965576,690.0,120.0,14.23469216440487,1
bg_566,85.84346845348473,28.169729184804034,17.665239334106445,5269.0,203.80422973632812,-0.06678306311368942,70.0,2.95767879486084,8954.535163815037,6432.184698840667,16.592941697414627,0
296,85.59004084064186,27.844749863305104,25.07676315307617,1066.0,231.4873962402344,0.1835159361362457,30.0,4.647837162017822,323.10988842807024,442.944691807002,13.986879073802012,1
bg_218,85.83592260509813,28.046839653936484,23.943519592285156,4643.0,128.29678344726562,-0.026489585638046265,100.0,4.297876358032227,5530.587672209889,394.58839313897715,15.804298045679918,0
1100,85.6151869881589,27.981573800707658,36.24941253662109,2070.0,205.15110778808597,0.7717971205711365,30.0,4.582652568817139,2173.499482401595,30.0,14.59737557924193,1
bg_961,85.74052152192463,28.117716729853512,22.582195281982422,3816.0,236.98094177246094,0.47598254680633545,30.0,3.7445425987243652,5324.55631954438,4969.597569220268,16.23959112450223,0
1083,85.62799021328287,27.975863597937145,42.575809478759766,1736.0,94.04132843017578,0.3600000143051147,30.0,4.582652568817139,611.8823416311342,30.0,14.441406429344328,1
bg_486,85.59634191882346,27.809414924343695,20.122238159179688,1183.0,272.5322570800781,0.3757977783679962,30.0,4.647837162017822,1950.0,0.0,14.833154389128055,0
bg_1050,85.51225960822987,28.04899561061837,27.595172882080078,2951.0,44.57550048828125,0.8505114316940308,60.0,4.541608810424805,13272.48281219456,2681.2683565805196,15.564101588978165,0
744,85.88131149504288,27.86839493735476,43.314208984375,1072.0,262.1051025390625,0.5585200190544128,10.0,4.586504936218262,0.0,42.42640687119285,13.4757821992566,1
395,85.73813938856053,27.851840932501524,33.612300872802734,1352.0,3.157896041870117,0.7241665124893188,60.0,4.696327209472656,1950.0,492.0365840057018,14.491965072972164,1
171,85.92485586213385,27.76285659610925,45.12316131591797,1960.0,357.9122314453125,0.7962003350257874,10.0,5.216389656066895,3603.1236448392942,361.2478373637689,14.538689077053258,1
bg_678,85.8108596086712,28.083221422943325,21.841379165649414,4154.0,316.6336975097656,0.37253034114837646,30.0,4.129517078399658,5558.102194094672,30.0,16.454260147906854,0
306,85.66419874279768,27.780063520110183,33.475223541259766,1335.0,120.93605041503906,0.6257520914077759,10.0,4.263062000274658,6249.367968042849,123.69316876852982,14.862886325331258,1
bg_525,85.83888704553573,27.93068748769983,24.762317657470703,2973.0,320.5402526855469,0.7665995955467224,10.0,4.632851600646973,5550.0,1347.3306943731372,15.675966160959495,0
bg_212,85.91919643193602,27.96760824587714,13.519049644470215,3284.0,246.1734161376953,0.3707242012023926,30.0,3.8100929260253906,3327.2961996191443,954.829827770373,16.216357250127192,0
bg_904,85.52061394037217,28.089958787574222,31.663131713867188,3994.0,199.10366821289062,0.28546231985092163,100.0,4.3097357749938965,12622.729498804925,5969.396954467009,15.925474961135814,0
bg_329,86.03211466314983,27.905624491272896,27.400400161743164,3484.0,25.090869903564453,0.7003542184829712,10.0,4.051556587219238,10223.619711237307,60.0,15.72239241385081,0
178,85.68039718815184,27.71637257710023,44.42247772216797,1162.0,261.4508972167969,0.5116869807243347,10.0,4.0218892097473145,1081.6653826391969,127.27922061357854,13.770638552121437,1
bg_860,85.56022964440184,27.86627828182846,18.746843338012695,1358.0,256.20306396484375,0.36688122153282166,40.0,5.103635787963867,1458.012345626744,210.0,15.140437745842322,0
547,85.75234152970114,27.90604412967581,43.33524703979492,1479.0,76.10186767578125,0.4379457831382751,30.0,4.774409770965576,975.8073580374356,465.7252408878008,14.05552628525935,1
bg_867,85.6507798250411,27.745544707642797,32.92089080810547,1317.0,325.5968322753906,0.6544128656387329,10.0,3.9692416191101074,2280.0,42.42640687119285,14.654074720230998,0
bg_902,85.62409986110275,27.85900192802709,42.7755012512207,1481.0,242.94142150878906,0.6353244781494141,10.0,4.559855937957764,2524.460338369371,313.20919526731655,14.289957855036763,0
bg_693,85.50147982482044,28.071633155778184,29.20309829711914,4198.0,58.580726623535156,0.4343593716621399,100.0,4.541608810424805,12327.225965317582,4591.862367275396,15.6668646174075,0
762,85.89272335112993,27.84005998674588,54.73297882080078,1719.0,215.63162231445312,0.609398365020752,10.0,4.941662311553955,1070.7940978544848,611.8823416311342,14.028055253504808,1
1074,85.61559975666879,27.96955035889194,43.93971633911133,2039.0,187.6510009765625,0.8076403141021729,10.0,4.582652568817139,1980.0,480.0,14.589739223000208,1
bg_1049,85.55214480684477,27.946048679058272,18.071962356567383,1361.0,287.316650390625,0.8237704634666443,10.0,4.987441062927246,989.5453501482385,84.8528137423857,14.80142333524736,0
628,85.77243113551249,27.925826552674323,47.25843811035156,1411.0,134.67559814453125,0.4135942757129669,30.0,4.774409770965576,90.0,445.9820624195552,13.979309595758115,1
bg_989,85.56831448195892,28.05869741568686,42.070167541503906,4108.0,52.427833557128906,0.5676077008247375,30.0,4.835017204284668,11803.465592782486,2197.3848092675985,15.330404098265308,0
bg_850,85.7876830743409,28.04576167559554,41.14597702026367,2616.0,309.0424499511719,0.8379355072975159,10.0,4.903069972991943,680.147042925278,954.829827770373,15.081280710931457,0
1164,85.84635254514377,27.885880076770707,41.61831665039063,2019.0,133.82020568847656,0.6051291227340698,30.0,5.2028632164001465,3869.0696556149,150.0,14.650782059969156,1
564,85.7737809966622,28.026853989289528,34.367618560791016,2815.0,151.1400604248047,0.4287276566028595,30.0,4.903069972991943,635.6886030125128,1100.6361796706483,14.677289346461908,1
bg_734,85.67719029439421,28.115021784001154,19.396150588989258,4025.0,97.92823028564453,0.6099249720573425,30.0,4.347579002380371,9477.151470774328,8895.088532443058,16.25175463328773,0
bg_625,85.56265509566897,28.087533336307096,40.82520294189453,4585.0,69.14501953125,0.002200220013037324,70.0,4.3097357749938965,12308.704237246096,1578.923684032892,15.48429337915976,0
bg_1008,85.93051520451591,27.721020700386333,30.03225326538086,2278.0,78.6961898803711,0.8450753688812256,10.0,4.780183792114258,7035.687599659325,234.30749027719963,15.292951907228435,0
bg_62,85.70467874208826,27.89430571869299,34.72856903076172,2981.0,102.13284301757812,0.7429763674736023,10.0,4.452770709991455,5927.562736909665,618.4658438426491,15.201660364315526,0
174,85.91917746004373,27.765945071109925,37.32160186767578,1687.0,24.07481575012207,0.5877929925918579,10.0,5.216389656066895,2887.8019322661307,30.0,14.770445827053909,1
bg_425,85.76181159415827,27.830166007406856,55.4850959777832,1386.0,56.17988204956055,0.795322597026825,10.0,5.8279619216918945,553.1726674375732,276.5863337187866,13.819433370635295,0
bg_877,85.48962206307006,28.04387521349889,28.447635650634766,4152.0,51.13671112060547,0.3144104778766632,100.0,4.541608810424805,13865.875378063947,1664.1213898030396,16.11806152079256,0
bg_260,85.71761448217958,27.924489112239407,31.26270866394043,3445.0,316.04693603515625,0.7743661999702454,10.0,4.452770709991455,5289.026375430548,30.0,15.478071090203663,0
464,85.52321752289903,27.986888882057155,35.603660583496094,1963.0,185.8778076171875,0.5647858381271362,10.0,4.726099014282227,6525.396539674812,349.85711369071805,14.70819482774222,1
bg_1064,85.60173181052816,27.947396151984453,18.99410629272461,2522.0,147.834228515625,0.8316131830215454,10.0,4.808651447296143,3681.331280936287,94.86832980505139,14.641874452250297,0
1197,85.9514362281984,27.865010800438057,40.254032135009766,1930.0,327.27105712890625,0.5718181729316711,30.0,4.586504936218262,4618.148979840299,458.91175622335066,14.32439886466884,1
bg_1045,85.77717278551671,27.934190917307895,34.20290756225586,1445.0,94.09732818603516,0.5064508318901062,10.0,4.774409770965576,90.0,360.0,14.566749848925392,0
787,85.89617982920909,27.82222853772257,40.06954956054688,1788.0,286.7780456542969,0.6078431606292725,10.0,4.941662311553955,1451.2063946937387,0.0,14.426260175918792,1
bg_685,85.99573289414299,27.787316368354354,6.529707908630371,1956.0,253.56947326660156,0.7480719685554504,10.0,4.674496173858643,13470.133629626695,90.0,16.65689314872174,0
bg_263,85.67018343517807,27.819925213167892,33.336326599121094,1284.0,126.20159912109375,0.7661354541778564,10.0,4.6042256355285645,9242.97030180234,241.86773244895647,14.587366211103076,0
537,85.75198944476077,27.870150583707645,60.545040130615234,1043.0,109.77010345458984,0.7749733924865723,10.0,5.343934535980225,270.0,150.0,13.844060205628915,1
bg_240,85.8146325328645,27.776806079530157,33.54477310180664,1553.0,230.59446716308594,0.46512675285339355,10.0,6.054154872894287,2531.4027731674787,0.0,14.405575705969255,0
226,85.49946860673622,27.89358436374912,30.82438087463379,1555.0,167.59230041503906,0.4934008419513702,30.0,4.496346950531006,4260.0,0.0,14.536750822293772,1
bg_38,85.88874354380435,27.81157088102558,35.83271789550781,1094.0,254.39434814453125,0.6814720630645752,10.0,4.941662311553955,180.0,210.0,14.190190681900225,0
725,85.91102778680441,27.816261592670223,34.74373245239258,1698.0,163.12513732910156,0.3530718088150024,30.0,4.941662311553955,2178.669318643837,432.6661530556787,14.782102971172664,1
bg_821,85.67045292976331,27.792975754644306,25.063894271850586,1036.0,78.01335144042969,0.5620161890983582,10.0,4.263062000274658,7778.335297478505,42.42640687119285,14.805186018239581,0
237,85.50492633119929,27.861645147803763,41.84220123291016,1226.0,163.3645477294922,0.793186366558075,10.0,4.607892036437988,3704.119328531413,216.33307652783932,14.048493717639069,1
338,85.65050722536061,27.86728629205243,39.5212516784668,1633.0,40.06830978393555,0.7430469393730164,10.0,4.559855937957764,4035.7527178953865,30.0,14.503050749955005,1
903,85.64965779504088,27.83708203655696,37.145503997802734,1919.0,131.48561096191406,0.6628448367118835,10.0,4.497191429138184,6241.874718383893,174.92855684535903,14.929929974967148,1
462,85.5183341838261,27.997476005043595,29.277727127075195,2705.0,143.9429931640625,0.8055095672607422,10.0,4.541608810424805,7804.90230560255,750.0,15.3895347739192,1
146,86.01533440380645,27.75001132338484,29.262916564941406,2736.0,78.33258056640625,0.7541447877883911,30.0,4.0183281898498535,12064.663277522504,1132.0777358467924,15.40314210473374,1
242,85.50386358181946,27.86112688515545,47.45101547241211,1226.0,146.31455993652344,0.136376291513443,60.0,4.607892036437988,3832.140394087878,201.24611797498108,13.946687407269978,1
996,85.82103340248291,27.948906942135896,54.52316665649414,2335.0,191.29730224609372,0.4727436304092407,10.0,4.312197685241699,3019.7350877187887,715.6116265125938,14.183640933471972,1
bg_330,85.85856015025794,27.852264563396197,18.260543823242188,1867.0,92.81209564208984,0.649350643157959,40.0,5.2028632164001465,1845.6706098326429,120.0,15.54710119172163,0
bg_624,85.93752206373205,27.965991278365728,9.423819541931152,2721.0,192.75904846191406,0.843855082988739,10.0,3.8100929260253906,1434.0502083260544,216.33307652783935,15.224904277641276,0
bg_586,85.85155329104181,28.083221422943325,31.107927322387695,4774.0,173.01409912109375,-0.011941448785364628,100.0,3.896871328353882,8798.801054689213,1693.0741271426955,16.004437722505294,0
bg_598,85.5583431823052,28.091575755085636,43.33997344970703,4327.0,229.31846618652344,0.12630319595336914,60.0,4.3097357749938965,11969.69924434194,1832.9484444468153,15.283097377249552,0
bg_1047,85.69443794784931,27.733956440477655,38.434234619140625,1117.0,200.2243194580078,0.7860558032989502,10.0,4.0218892097473145,3590.111418883821,123.69316876852982,14.154671027713764,0
bg_44,85.5448684530434,28.079717993335258,31.34681510925293,3185.0,226.29409790039062,0.0014409221475943923,60.0,4.3097357749938965,13651.582325869775,3156.9922394583105,15.464806038057153,0
bg_552,85.74321646777699,28.00021709069068,35.084678649902344,3242.0,62.55355453491211,0.7623847126960754,10.0,4.635933876037598,4231.808124194668,1205.9850745345068,15.765166588271404,0
bg_650,85.62248289359133,27.80591149473563,21.42338752746582,1466.0,171.9563751220703,0.6040551066398621,10.0,4.497191429138184,4860.0,256.3201123595259,15.132255407109874,0
1057,85.6304051951941,27.93781885136953,43.05921936035156,1625.0,106.09156799316406,0.4975196421146393,30.0,4.582652568817139,335.4101966249685,30.0,14.169188444265329,1
bg_480,85.5553787418676,28.089689292988986,42.36430358886719,3883.0,315.2351379394531,0.19952018558979034,100.0,4.3097357749938965,12253.852455452528,2217.7691493931466,15.334009866476135,0
763,85.87998802903236,27.852739563464954,36.59333419799805,1084.0,236.9716644287109,0.5949240922927856,10.0,4.586504936218262,0.0,84.8528137423857,14.19921609612297,1
2,85.88764172041945,27.86256773330516,38.27856063842773,1724.0,315.88604736328125,0.6453143358230591,10.0,4.586504936218262,657.9513659838393,666.1080993352356,14.396695358888715,1
832,85.5293902940251,27.838264621647102,35.30226516723633,1633.0,68.54476165771484,0.6234830021858215,60.0,4.967405796051025,2567.5864152935533,67.0820393249937,14.655788982218592,1
bg_527,85.84212098055855,27.881100484016432,24.614093780517578,2340.0,126.91870880126953,0.7159068584442139,10.0,5.2028632164001465,4002.4992192379004,807.2174428244226,15.727674714930627,0
bg_182,85.91569300232794,27.674937126311,26.462337493896484,2084.0,262.5255126953125,0.8136094808578491,10.0,4.370652198791504,10169.69026076999,30.0,15.708739564211756,0
bg_1007,85.88092820083251,27.710510411562137,12.140109062194824,1870.0,301.7871398925781,0.5917590856552124,30.0,4.370652198791504,5021.12537186635,42.42640687119285,16.3398867233069,0
bg_411,85.66856646766666,28.122837126972996,36.080108642578125,4272.0,181.44337463378906,0.27742907404899597,30.0,3.9022998809814453,8637.603834397592,9788.00286064527,15.585634790415053,0
bg_744,85.6831191752694,28.14978658549658,40.91164016723633,5658.0,77.0465087890625,-0.02072080969810486,70.0,3.9022998809814453,6066.976182580578,11582.37022374954,14.900620740546374,0
bg_27,85.628950763637,27.890532794499688,11.426496505737305,1315.0,265.40618896484375,0.38845595717430115,40.0,4.559855937957764,930.0,152.97058540778355,15.682478133415295,0
bg_1036,85.91111159437894,27.66469633207204,5.015911102294922,2277.0,123.59449005126953,0.7899497747421265,10.0,4.343433856964111,10956.737653152055,0.0,16.962134764608884,0
bg_522,85.63407116075648,27.87085968977747,12.057414054870605,1587.0,9.872499465942383,0.39571845531463623,30.0,4.559855937957764,2412.902816111747,84.8528137423857,15.826552413154587,0
bg_889,85.92728126949308,27.938233336086434,36.66646194458008,1984.0,65.5978775024414,0.7711823582649231,10.0,3.8100929260253906,666.1080993352356,361.2478373637689,14.926369265899044,0
791,85.89503736848445,27.826567536495432,34.95746612548828,1857.0,198.31211853027344,0.4542867243289947,10.0,4.941662311553955,1475.8048651498614,0.0,14.788588936430283,1
814,85.88981519444927,27.80991734314273,50.06911087036133,1049.0,211.3896942138672,0.3415948152542114,30.0,4.941662311553955,180.0,201.24611797498108,13.828651272339007,1
bg_148,85.67314787561567,28.13226943745625,37.296905517578125,4926.0,177.23739624023438,-0.07206180691719055,60.0,3.9022998809814453,7654.645648232189,10594.036058084757,15.714043003783008,0
362,85.61977013601754,27.8871326627151,33.87938690185547,1025.0,214.9457244873047,0.4340991675853729,30.0,4.559855937957764,60.0,30.0,14.241640416667584,1
776,85.88392164075111,27.82273573594954,31.89715576171875,1191.0,250.23731994628903,0.4319612681865692,10.0,4.941662311553955,256.3201123595259,30.0,14.449290252667328,1
bg_325,85.74052152192463,28.0198901954129,39.56940460205078,3470.0,218.4125213623047,0.3514713943004608,30.0,4.635933876037598,3810.4724116571165,1145.5129855222071,15.093900864076947,0
bg_370,85.87634679288351,27.76926023114355,35.28920364379883,1080.0,190.42465209960938,0.7675525546073914,10.0,6.045157432556152,300.0,30.0,14.22767918625238,0
843,85.47923579734999,27.87216682600122,16.91593360900879,1932.0,217.0219268798828,0.5799737572669983,10.0,4.607892036437988,6510.0,30.0,15.283909943832963,1
bg_173,85.49501195477477,28.002103552787332,43.075889587402344,3571.0,148.03245544433594,0.2630457878112793,30.0,4.541608810424805,9767.292357659824,212.13203435596427,15.710219449292964,0
bg_659,85.71114661213393,27.954942000371055,48.6474494934082,2762.0,232.21876525878906,0.8707597851753235,10.0,4.318940162658691,7446.1063650743,1320.340865079923,14.982015401991594,0
1216,85.90049253801283,27.8793508181366,44.07170486450195,1201.0,162.3822479248047,0.2766330540180206,60.0,4.586504936218262,0.0,216.33307652783932,14.053888169657307,1
bg_197,85.6726088864452,27.727488570431994,24.400297164916992,757.0,357.68951416015625,0.5621436834335327,10.0,4.0218892097473145,1655.1737068960467,108.16653826391968,14.085570852627386,0
bg_291,85.95584769552808,27.979735502212755,46.42112731933594,2515.0,149.6126708984375,0.5373199582099915,10.0,3.8100929260253906,752.3961722390673,492.0365840057018,14.674380673796993,0
bg_299,85.79010852560803,27.87975301109025,28.99860954284668,2064.0,247.68692016601562,0.6932562589645386,10.0,5.7131733894348145,3090.0,90.0,15.221930071674258,0
bg_387,85.83780906719478,27.68625589889091,11.411626815795898,1979.0,195.7657012939453,0.784627377986908,10.0,4.840806007385254,6765.448987317841,30.0,15.95340116629003,0
bg_929,85.77905924761336,27.90858893171049,17.688133239746094,1474.0,300.5036315917969,0.6286976933479309,10.0,4.774409770965576,930.0,296.98484809834997,15.152146951575418,0
bg_420,85.82244787583633,28.010188390344407,30.554162979125977,3119.0,119.5772933959961,0.33051928877830505,30.0,4.568583965301514,3563.818177180199,958.5927185202274,15.547509750602762,0
bg_554,85.86960942825262,28.088880809233277,5.590056419372559,4605.0,228.58067321777344,0.040968190878629684,60.0,3.896871328353882,10821.520225920201,1925.8504614844842,15.987048840007077,0
bg_245,85.8935944463386,28.102625033080304,30.508516311645508,5566.0,274.7274475097656,-0.046285565942525864,70.0,3.7391419410705566,9452.095005870393,4455.883750727795,16.057342067997244,0
bg_1055,85.6499713412854,27.963026837928133,22.53762435913086,1842.0,206.2088623046875,0.27621036767959595,30.0,4.582652568817139,961.8731725128839,30.0,14.916146192341136,0
bg_1070,85.84858885060422,27.7245241299944,16.858261108398438,1759.0,221.59280395507812,0.5820895433425903,10.0,5.7190961837768555,3330.0,150.0,15.582851112709207,0
bg_534,85.75642170245355,27.778153552456335,20.083959579467773,925.0,71.94589233398438,0.47386816143989563,30.0,5.361922740936279,690.0,189.73665961010278,15.0972321196253,0
1329,85.59380158540561,28.024054410603032,35.327857971191406,2137.0,79.47211456298828,0.8350401520729065,10.0,4.835017204284668,7041.888951126679,276.5863337187866,14.468500673119271,1
932,85.64378695590904,27.91180875277872,36.946510314941406,1348.0,221.12045288085935,0.4924701452255249,30.0,4.625964164733887,1248.5191228010888,152.97058540778357,14.94318271389434,1
bg_488,85.80277477111412,27.93257394979648,23.509159088134766,2405.0,345.3614501953125,0.8465366959571838,10.0,4.945862293243408,1830.9833423600553,67.0820393249937,15.524869860787561,0
bg_710,85.59310798380062,27.958175935393886,29.866060256958008,2806.0,59.50783920288086,0.7900463342666626,10.0,4.808651447296143,4498.99988886419,169.7056274847714,15.47200067209054,0
bg_613,85.57073993322605,28.133347415797193,33.8004035949707,4588.0,45.47355651855469,-0.0718289315700531,70.0,3.858997106552124,7130.792382337323,375.89892258425004,15.741779787278658,0
bg_74,85.79388144980133,28.14520517754757,33.184078216552734,4921.0,171.9313507080078,-0.06542833149433136,70.0,3.67387318611145,9395.317982910423,4659.957081347424,16.16231104170864,0
1337,85.59291126148415,28.007104897349755,56.66658020019531,2494.0,134.64364624023438,0.7462319731712341,10.0,4.835017204284668,5762.811813689564,510.0,14.826163084776972,1
618,85.75716792159287,27.91342624561592,46.870452880859375,1860.0,137.99032592773438,0.6287634968757629,10.0,4.774409770965576,1080.0,0.0,14.37749647751976,1
bg_569,85.57451285741935,27.93661636857502,22.558185577392578,1826.0,236.93687438964844,0.8456342220306396,10.0,5.441863059997559,1830.0,0.0,14.770510145154327,0
bg_648,85.74106051109511,27.79728766800808,11.833001136779785,1240.0,308.178466796875,0.570753812789917,10.0,4.541873455047607,2400.0,212.13203435596427,15.579674512133044,0
bg_814,85.72030942803195,28.014500303708182,18.34929847717285,3229.0,250.02288818359375,0.3696710169315338,10.0,4.635933876037598,5814.894668005603,624.2595614005444,16.51392098961394,0
110,85.89081297498255,27.658027762825725,40.78704452514648,1970.0,275.3829040527344,0.654955267906189,10.0,4.343433856964111,10937.664284480485,241.86773244895647,14.641499456979872,1
1266,85.48939698736523,27.864139682058948,32.913841247558594,1640.0,198.13038635253903,0.8097524642944336,10.0,4.607892036437988,5376.783425060005,0.0,14.737814282637116,1
656,85.7544580369249,28.04714991913884,39.15278625488281,2857.0,121.1259765625,0.5335478186607361,10.0,4.903069972991943,558.0322571321483,924.1753080449618,15.066030776393744,1
1066,85.62622651700786,27.946173040457133,44.22660446166992,2072.0,86.18568420410156,0.8191866278648376,10.0,4.582652568817139,1279.1403363196705,84.8528137423857,14.997402116987528,1
bg_375,85.77690329093147,27.948474130325398,37.8126335144043,2216.0,104.49620056152344,0.6005690693855286,10.0,4.540307521820068,780.0,30.0,14.505841711363,0
bg_772,85.91299805647559,27.923950123068934,45.18736267089844,2164.0,123.14749908447266,0.39746683835983276,30.0,4.404165267944336,1188.696765369537,174.92855684535903,14.581484941379067,0
1301,85.78751784846087,28.108260734398343,42.36675643920898,3523.0,135.23016357421875,0.2288367003202438,30.0,4.430944442749023,5588.139225180418,960.4686356149272,15.516874867350648,1
247,85.48551961279519,27.87152446299307,40.0894660949707,1891.0,180.0,0.793894350528717,10.0,4.607892036437988,5820.0,90.0,14.270777523654042,1
454,85.55172669971057,27.941011882485284,35.32144927978516,1251.0,214.6734161376953,0.4312668442726135,10.0,4.987441062927246,516.1395160225576,0.0,13.91289313985044,1
1073,85.6249195432286,27.96893339101411,46.87703704833984,1805.0,42.02433013916016,0.6899213790893555,10.0,4.582652568817139,930.0,108.16653826391968,14.347309155961064,1
459,85.51551012822465,27.99716565779933,38.22506332397461,2791.0,160.98162841796875,0.552484929561615,60.0,4.541608810424805,7938.387745631981,759.5393340703298,15.076378728143856,1
bg_1024,85.63865256870548,27.90400752376148,16.706979751586914,1291.0,282.45843505859375,0.372714102268219,30.0,4.625964164733887,1194.361754243663,108.16653826391968,15.069644026404376,0
1281,85.66321470889696,27.966840804512263,38.38935089111328,2260.0,203.15773010253903,0.7424242496490479,10.0,4.595747470855713,2482.941803587028,0.0,14.943893004648707,1
bg_376,85.6839276590251,27.85334254173714,32.11547088623047,1966.0,211.6715850830078,0.8070860505104065,10.0,4.626403331756592,7852.954857886297,123.69316876852982,14.884724785781177,0
1203,85.90174579441691,27.86761088009401,43.06591033935547,1534.0,31.935470581054688,0.4614583253860473,60.0,4.586504936218262,865.8521813797087,429.5346318982906,14.308395456566892,1
bg_461,85.74779787572601,27.936885863160253,32.74684143066406,2398.0,94.33048248291016,0.7990880608558655,10.0,4.774409770965576,2898.0683221759973,509.1168824543142,15.19222128955041,0
bg_786,85.5591516660609,28.116908246097807,56.051490783691406,4306.0,225.77732849121094,0.2559858560562134,100.0,4.3097357749938965,9224.012142229649,1988.617610301186,15.149235206246688,0
941,85.68016728209912,27.90394839745364,23.774009704589844,2428.0,352.8338623046875,0.7068498730659485,30.0,4.548963069915772,5130.789412946121,859.0692637965813,15.522423955875484,1
bg_642,85.81409354369403,28.171615646900687,62.202308654785156,6293.0,244.1997833251953,0.01928640343248844,70.0,3.266342878341675,12091.191008333299,6407.721904077923,15.183048946914635,0
579,85.75134983249276,27.901508509425778,45.58121109008789,1656.0,118.41661071777344,0.5194346308708191,30.0,4.774409770965576,800.49984384758,30.0,14.33495937561838,1
916,85.53357652099265,27.937996398104783,36.05815887451172,2123.0,137.19671630859375,0.6836400032043457,10.0,4.987441062927246,2095.0656314301946,361.2478373637689,14.884260632236828,1
bg_754,85.58232820039119,27.813187848536998,16.117067337036133,955.0,153.6809844970703,0.347648561000824,30.0,4.647837162017822,400.24992192379,30.0,14.620856770928679,0
240,85.50364640704828,27.860934238572604,38.98755645751953,1209.0,151.6376495361328,0.136376291513443,60.0,4.607892036437988,3832.140394087878,201.24611797498108,13.946687407269978,1
bg_979,85.69470744243453,28.021237668339076,27.06460189819336,3259.0,156.74778747558594,0.5231053829193115,30.0,4.758371829986572,7587.687394720476,2700.0,15.659963155766686,0
bg_687,85.59176051087444,27.837711855793458,13.796637535095215,1202.0,8.574633598327637,0.609808087348938,40.0,4.647837162017822,960.0,60.0,15.346828258620636,0
439,85.90338964943668,27.83921076712796,25.0728816986084,2140.0,281.981689453125,0.6805093884468079,60.0,4.941662311553955,2269.9118925632333,60.0,15.053111680738112,1
483,85.93159063575398,27.811489150486903,49.48145294189453,1749.0,312.6799011230469,0.6966249346733093,10.0,4.941662311553955,3767.7181423243433,84.8528137423857,14.06561661319745,1
bg_589,85.79280347146039,27.940658787353556,34.89566421508789,1793.0,251.03944396972656,0.48919951915740967,60.0,4.312197685241699,618.4658438426491,0.0,14.626257949408085,0
453,85.55714517970074,27.939964709890827,47.26144409179688,1442.0,217.55535888671875,0.3748712241649627,10.0,4.987441062927246,300.0,67.0820393249937,14.238369685974458,1
bg_413,85.74914534865218,27.90400752376148,28.152952194213867,1725.0,83.05025482177734,0.4324050545692444,10.0,4.774409770965576,1114.8542505637226,313.20919526731655,14.985268959730693,0
bg_53,85.63892206329072,27.900504094153415,27.399169921875,1448.0,357.974853515625,0.6541041135787964,10.0,4.625964164733887,1429.0206436577464,60.0,14.730228625550065,0
bg_386,85.9116505835494,27.891341278255396,28.881244659423828,1322.0,95.0508804321289,0.7559769153594971,10.0,4.586504936218262,90.0,240.0,14.666768045171548,0
bg_918,85.91757946442459,27.795131711326192,16.88315773010254,1582.0,295.2578430175781,0.5795860290527344,30.0,5.2163896560668945,1980.0,30.0,15.392337097895847,0
bg_43,85.8154410166202,28.01827322790148,25.693906784057617,3530.0,262.26568603515625,0.6078999042510986,10.0,4.568583965301514,3212.3822935634544,295.4657340538831,16.00089053265967,0
bg_258,85.69605491536072,28.013152830782,39.00324249267578,2487.0,147.08657836914062,0.8313987851142883,10.0,4.758371829986572,7805.075271898408,1800.9997223764362,14.936063720696259,0
73,85.51018113529346,27.89855712452836,53.4424057006836,1845.0,169.83013916015625,0.5423411130905151,10.0,4.496346950531006,3074.6707140765498,120.0,14.274720049355242,1
bg_953,85.65428325464916,27.91829073677898,14.412514686584473,1581.0,266.3885498046875,0.5519596338272095,30.0,4.625964164733887,1913.6614120580473,60.0,15.840542703338265,0
bg_71,85.65266628713775,28.05681095359021,34.41172790527344,2487.0,131.4277801513672,0.39948099851608276,10.0,4.772528171539307,9278.927739776833,2240.1785643113367,15.095563200162081,0
569,85.76338242277278,28.037462659294004,31.660329818725582,2696.0,13.76442527770996,0.7018836736679077,30.0,4.903069972991943,618.4658438426491,1110.0,15.295608559975022,1
441,85.57017066636662,27.968613986350125,48.49820709228516,2381.0,150.8892059326172,0.4561124145984649,10.0,4.808651447296143,3721.9349806249975,42.42640687119285,14.53070039420817,1
900,85.66961332391594,27.8563466386001,37.84767150878906,2245.0,180.0,0.2895911931991577,10.0,4.626403331756592,6449.4418363142095,150.0,14.74987142937793,1
928,85.64587853082205,27.898335868507264,28.62886428833008,1637.0,222.1515045166016,0.3546797931194305,30.0,4.625964164733887,2181.5590755237413,30.0,14.914856631391435,1
1368,85.55313749597622,28.01163742891151,43.05875015258789,2864.0,221.84817504882807,0.6231220364570618,30.0,4.726099014282227,8281.35858419378,991.8165152889924,15.13597762974054,1
1081,85.62709801468132,27.97209105848404,48.01808547973633,1634.0,210.74951171875,0.5447350144386292,30.0,4.582652568817139,690.0,67.0820393249937,13.976089690364123,1
383,85.68873765387595,27.83103175014068,24.80179214477539,1721.0,240.63119506835935,0.3693189024925232,30.0,4.6042256355285645,7933.851523692639,30.0,15.170993128479266,1
1262,85.95816669815751,27.909025098722225,34.22376251220703,2685.0,224.4427490234375,0.5594485998153687,10.0,4.404165267944336,3086.5028754239,349.85711369071805,14.89821923867548,1
bg_166,85.87904173873586,27.684638931379492,18.719398498535156,2234.0,103.81909942626953,0.7912179231643677,10.0,4.370652198791504,7825.458453023695,301.4962686336267,16.23255122755516,0
529,85.75899988354419,27.91113877133138,36.66073226928711,1746.0,114.40754699707033,0.6551470756530762,30.0,4.774409770965576,870.0,30.0,15.438382260727582,1
953,85.91447035768165,27.91144816586125,42.26933670043945,1736.0,288.6972045898437,0.8135472536087036,10.0,4.404165267944336,270.0,458.91175622335066,14.692688319212277,1
1241,85.94231438525446,27.88261627895314,43.07381057739258,2405.0,218.8170166015625,0.5054977536201477,10.0,4.586504936218262,2906.441122747888,342.05262752974136,14.89934787088346,1
bg_872,85.74267747860652,27.882986946113082,28.294889450073242,1671.0,15.792820930480957,0.45138511061668396,10.0,4.696327209472656,1572.9272074701996,300.0,15.051098234908133,0
241,85.56659195687534,27.841065482044343,33.318119049072266,1038.0,196.1708526611328,0.5622542500495911,10.0,4.647837162017822,0.0,30.0,14.47611148172076,1
201,85.48859168365857,27.90781789901673,40.78850936889648,2316.0,186.09353637695312,0.7178757190704346,10.0,4.496346950531006,5624.419970094694,30.0,14.807842053950043,1
bg_470,85.78660509599997,28.143049220865684,23.026803970336914,5006.0,220.3831329345703,-0.11587220430374146,70.0,3.9751100540161133,8821.479467753694,4811.330377348868,16.419940974436614,0
836,85.48714646158366,27.84883913309666,23.91954040527344,1616.0,308.347900390625,0.6997302174568176,10.0,4.607892036437988,5977.457653551383,436.8065933568311,15.016179549922882,1
bg_391,85.93428812870921,27.96841672963285,41.27511978149414,2988.0,127.48804473876953,0.4938575029373169,30.0,3.8100929260253906,1860.9674903124987,666.1080993352356,15.15083961831507,0
bg_20,85.74941484323742,27.7883943466953,18.8265438079834,848.0,216.18202209472656,0.5601039528846741,10.0,5.361922740936279,1470.0,0.0,14.75066324369622,0
1267,85.49010649365654,27.86450967534231,25.948904037475582,1667.0,164.72840881347656,0.7203431129455566,10.0,4.607892036437988,5315.420961692497,0.0,14.946636128568386,1
bg_476,85.76100311040256,27.835555899111572,26.070514678955078,1567.0,103.39158630371094,0.6279301643371582,30.0,5.8279619216918945,956.7131231461185,0.0,14.98101151820756,0
bg_846,85.57774679244218,27.83717286662299,9.746249198913574,822.0,286.4233703613281,0.38461539149284363,80.0,4.647837162017822,0.0,30.0,14.946517055010688,0
38,85.92569347830828,27.80176923123647,39.41980743408203,2010.0,290.7616882324219,0.7042016983032227,10.0,5.216389656066895,2887.6461001999533,134.1640786499874,14.849192164943666,1
912,85.51961111980606,27.9088544381919,46.51063537597656,1782.0,76.68299102783203,0.8071942329406738,10.0,4.496346950531006,2472.589735479786,466.6904755831213,14.783867360980445,1
bg_369,85.73809607065752,27.957097957052945,47.01494216918945,3178.0,128.21290588378906,0.7616314888000488,10.0,4.318940162658691,4884.843907434505,948.6832980505138,15.26013483730883,0
bg_281,85.90733867018564,27.711588389903078,26.890613555908203,1612.0,188.29246520996094,0.5766270160675049,30.0,4.370652198791504,6276.886170705981,161.55494421403512,15.004512751159716,0
bg_1030,85.48288469843915,28.06139236153922,21.977691650390625,4233.0,90.0,0.39082932472229004,100.0,4.541608810424805,15926.157728717873,3746.6384933697564,15.755854250136172,0
bg_254,85.82945473505247,27.97084218089997,27.552898406982422,2772.0,221.8722686767578,0.4448641240596771,30.0,4.312197685241699,3300.0,394.58839313897715,15.483902381929957,0
bg_932,85.92108289403266,27.761175393586477,19.657926559448242,2109.0,17.894149780273438,0.7968184947967529,10.0,5.2163896560668945,3437.586362551492,84.8528137423857,15.587249361393187,0
283,85.6202482781522,27.7775944322304,34.159523010253906,1361.0,149.1831512451172,0.1794255822896957,30.0,4.361113548278809,2808.0064102490933,0.0,14.503538285132816,1
bg_952,85.52438686456549,28.11286582731927,33.236026763916016,4616.0,78.60166931152344,-0.0309570524841547,100.0,4.3097357749938965,11237.79337770543,5707.337382703076,15.768765648070863,0
717,85.91392976335419,27.823387431094872,27.505130767822266,2194.0,150.51788330078125,0.4188799858093261,30.0,4.941662311553955,2949.321955975644,30.0,15.251974143101496,1
bg_188,85.51091213530368,27.88891582698827,36.29863357543945,1298.0,63.84751510620117,0.7576736807823181,10.0,4.607892036437988,2970.0,60.0,14.452509658852122,0
bg_959,85.63649661202359,28.062200845294928,41.29071807861328,3173.0,232.53607177734375,0.6409569382667542,10.0,4.772528171539307,9720.0,2855.678553338943,15.040634599642027,0
774,85.88427509400489,27.824467945708868,37.15336990356445,1254.0,237.71934509277344,0.4619829058647156,10.0,4.941662311553955,436.8065933568311,67.0820393249937,14.331820445187097,1
bg_419,85.6478153846035,28.033903913845162,23.608186721801758,2291.0,202.18826293945312,0.8144927620887756,10.0,4.772528171539307,6673.364968289985,108.16653826391968,15.50478367435653,0
bg_158,85.58933505960732,27.756593985637465,27.191783905029297,943.0,67.78337860107422,0.6564173102378845,10.0,4.508334636688232,690.0,94.86832980505139,14.447599008922433,0
bg_790,85.77339986132341,27.820194707753128,26.731855392456055,985.0,258.8809814453125,0.5652714967727661,10.0,5.8279619216918945,300.0,30.0,14.47585056696226,0
655,85.75407271312133,28.046602024389088,31.26193046569824,2866.0,122.22747802734376,0.3858119249343872,30.0,4.903069972991943,618.4658438426491,984.0731680114036,14.563314799298986,1
229,85.50256438539242,27.893020730216268,38.01754379272461,1444.0,162.2679443359375,0.5601710677146912,30.0,4.496346950531006,3900.0,60.0,14.577528044102465,1
bg_697,85.61385906686378,28.115021784001154,20.7364559173584,4959.0,340.16314697265625,-0.05977563187479973,60.0,4.257054328918457,8550.0,3840.117185711915,16.388457467854767,0
1219,85.90889977507572,27.88514182249381,57.010372161865234,1259.0,139.16513061523438,0.3978930413722992,60.0,4.586504936218262,0.0,254.5584412271571,13.65629751097413,1
bg_938,85.57424336283411,27.799443624689967,2.7974884510040283,770.0,131.49551391601562,0.10691642761230469,80.0,4.549545764923096,0.0,180.0,17.555194386295494,0
1374,85.54236259656503,28.007281917574613,27.399200439453125,2147.0,182.0271453857422,0.7222599387168884,10.0,4.726099014282227,7915.964881175258,189.7366596101028,15.5172507225552,1
549,85.75028204689295,27.90742536243644,42.00209426879883,1636.0,77.54197692871094,0.7859480381011963,10.0,4.774409770965576,1231.0970717209916,684.1052550594827,14.410992470978378,1
884,85.66576774118009,27.89064355031873,39.148048400878906,1901.0,166.9981231689453,0.5132128000259399,30.0,4.626403331756592,4535.063395367258,457.9301256742124,14.661760417338463,1
25,85.92416213677018,27.78429225921749,46.01110076904297,1055.0,144.34750366210938,0.5238922834396362,30.0,5.216389656066895,2700.0,84.8528137423857,13.66580463548293,1
533,85.76069122292067,27.912689318918137,20.83766746520996,1641.0,50.3604736328125,0.7346982359886169,10.0,4.774409770965576,690.0,30.0,14.47169612170655,1
bg_75,85.94264246085153,27.724793624579636,38.12711715698242,2320.0,309.74505615234375,0.7958396077156067,10.0,4.780183792114258,7864.464380998873,228.47319317591726,14.899040136511505,0
1198,85.94952474425756,27.86591986466731,33.76151657104492,1844.0,19.19053268432617,0.5065034627914429,10.0,4.586504936218262,4393.2334333609,547.4486277268397,14.3962498632611,1
bg_106,85.5020188139909,28.130113480774362,18.374094009399414,5193.0,50.68634033203125,-0.04689042270183563,70.0,3.683410167694092,8145.92536179899,7353.611357693579,16.602627101228045,0
bg_406,85.63461014992694,27.745814202228033,16.365785598754883,966.0,7.155829429626465,0.44593140482902527,40.0,3.9692416191101074,1771.016657177453,84.8528137423857,15.126485058396934,0
906,85.63970518424946,27.829679160848176,49.29734420776367,1513.0,154.83999633789062,0.7067241668701172,10.0,4.497191429138184,5806.375805956758,0.0,14.084615768689506,1
bg_576,85.84400744265521,27.867356260169405,34.32651138305664,2398.0,74.88394927978516,0.7848474979400635,10.0,5.2028632164001465,3451.173713390852,624.2595614005444,15.028557449864818,0
156,85.93282355230203,27.7474577144302,48.55644607543945,2403.0,279.8761901855469,0.3643383681774139,30.0,4.780183792114258,5414.397473403666,0.0,14.604459047890815,1
bg_1026,85.67287838103043,28.029053011310918,43.19506072998047,3372.0,144.1288299560547,0.541456401348114,10.0,4.758371829986572,7214.0487938466285,2659.360825461637,15.18349260670847,0
bg_373,85.82244787583633,27.772224671581146,14.321781158447266,1199.0,134.2244415283203,0.5524845719337463,40.0,6.054154872894287,1730.9246084101987,241.86773244895647,15.363906442212173,0
375,85.58694504736818,27.94874496515648,37.90381240844727,2309.0,200.67367553710935,0.7287505269050598,10.0,4.808651447296143,3459.5086356302104,150.0,14.911957079557007,1
bg_129,85.83673108885384,27.862774852220394,35.14139175415039,2493.0,153.7540283203125,0.8949301838874817,10.0,5.2028632164001465,4260.0,1143.5471131527552,15.247192141406536,0
540,85.74947886087858,27.8733743482652,38.69068145751953,1262.0,136.6893768310547,0.5535815358161926,10.0,5.343934535980225,540.0,408.0441152620633,14.273734298516482,1
bg_1060,85.80762567364836,27.811301386440345,47.186668395996094,1647.0,222.70504760742188,0.6788710951805115,10.0,6.791383266448975,4110.0,331.36083051561786,14.27686850431279,0
bg_529,85.50902567320703,27.981891458894644,43.459388732910156,2631.0,7.7822065353393555,0.8196125030517578,10.0,4.546175479888916,7064.283403148546,695.8448102845921,15.127140036516002,0
1388,85.50994964018184,28.01932698236141,56.70688629150391,2862.0,91.82757568359376,0.3051194548606872,60.0,4.541608810424805,10376.748045510212,635.6886030125128,15.05241711920622,1
bg_21,85.6507798250411,27.759288931489824,29.179893493652344,1287.0,141.50746154785156,0.5900207757949829,10.0,4.361113548278809,3810.0,0.0,14.646654229951285,0
bg_185,85.95072729840861,27.79674867883761,35.24488830566406,1737.0,150.52391052246094,0.7666417360305786,10.0,5.2163896560668945,5670.0,212.13203435596427,14.712035931674922,0
1063,85.62296660740842,27.943199016303897,49.40230941772461,2152.0,177.29962158203125,0.7413021326065063,10.0,4.582652568817139,1343.3167906342867,42.42640687119285,14.769665139205246,1
